Id,ship_ref,seq,from_loc,to_loc,veh,drv,START,END,Amount,Status
MV700001,SH100001,1,L-246,L-222,VIN209,D3001,2025-01-06 11:26,2025-01-06 19:03,220.60,DONE
MV700002,SH100002,1,L-244,L-231,VIN121,D3074,2025-06-01 09:15,2025-06-01 20:15,55.86,DONE
MV700003,SH100002,2,L-231,L-229,VIN147,D3062,2025-06-02 17:50,2025-06-02 11:53,55.04,DONE
MV700004,SH100004,1,L-241,L-216,VIN115,D3071,2025-01-15 06:21,,275.46,ABORTED
MV700005,SH100006,1,L-241,L-205,VIN167,D3069,2026-03-19 20:13,2026-03-19 10:05,208.94,DONE
MV700006,SH100006,2,L-205,L-258,VIN106,D3014,2026-03-20 13:26,2026-03-21 07:29,236.21,DONE
MV700007,SH100007,1,L-216,L-214,VIN101,D3103,2025-03-06 14:16,2025-03-07 18:14,60.45,DONE
MV700008,SH100008,1,L-241,L-229,VIN110,D3078,2025-07-28 12:53,2025-07-29 11:42,79.32,DONE
MV700009,SH100009,1,L-206,L-211,VIN172,D3007,2025-09-04 20:59,2025-09-04 10:36,280.39,DONE
MV700010,SH100009,2,L-211,L-251,VIN121,D3119,2025-09-05 09:21,2025-09-06 09:34,187.46,DONE
MV700011,SH100010,1,L-215,L-206,VIN213,D3088,2025-01-19 09:55,2025-01-19 16:49,249.28,DONE
MV700012,SH100011,1,L-202,L-246,VIN131,D3038,2025-08-26 09:57,2025-08-27 21:31,263.32,DONE
MV700013,SH100011,2,L-246,L-209,VIN164,D3027,2025-08-27 19:50,2025-08-28 10:16,403.53,DONE
MV700014,SH100012,1,L-204,L-252,VIN138,D3032,2025-05-19 18:11,2025-05-19 12:38,160.06,DONE
MV700015,SH100013,1,L-259,L-206,VIN131,D3035,2025-07-01 14:07,2025-07-01 06:21,129.13,DONE
MV700016,SH100015,1,L-201,L-225,VIN161,D3087,2026-02-18 14:00,2026-02-18 06:18,117.98,DONE
MV700017,SH100015,2,L-225,L-231,VIN203,D3032,2026-02-18 20:17,,41.73,PLANNED
MV700018,SH100017,1,L-221,L-237,VIN215,D3060,2026-02-09 08:22,2026-02-09 11:29,286.61,DONE
MV700019,SH100018,1,L-244,L-231,VIN186,D3067,2025-09-21 17:37,2025-09-21 20:09,353.16,DONE
MV700020,SH100020,1,L-215,L-251,VIN212,D3045,2025-03-12 06:02,2025-03-12 07:27,295.57,DONE
MV700021,SH100021,1,L-240,L-218,VIN162,D3000,2026-03-26 14:33,,348.44,PLANNED
MV700022,SH100022,1,L-238,L-208,VIN197,D3063,2025-02-07 11:16,2025-02-07 10:22,249.61,DONE
MV700023,SH100023,1,L-213,L-251,VIN138,D3034,2025-01-12 19:00,2025-01-13 07:46,320.88,DONE
MV700024,SH100024,1,L-259,L-226,VIN116,D3067,2025-07-19 11:40,2025-07-20 15:18,256.91,DONE
MV700025,SH100025,1,L-251,L-211,VIN145,D3113,2025-02-26 13:57,2025-02-26 18:02,228.63,DONE
MV700026,SH100025,2,L-211,L-220,VIN107,D3019,2025-02-27 07:28,2025-02-27 12:51,358.33,DONE
MV700027,SH100027,1,L-217,L-201,VIN163,D3087,2025-04-14 21:24,2025-04-14 19:43,198.05,DONE
MV700028,SH100027,2,L-201,L-206,VIN209,D3009,2025-04-14 07:28,2025-04-14 15:10,219.24,DONE
MV700029,SH100028,1,L-232,L-254,VIN199,D3115,2025-06-12 21:17,,95.12,ABORTED
MV700030,SH100029,1,L-216,L-245,VIN130,D3077,2025-01-17 19:41,2025-01-17 16:04,305.35,DONE
MV700031,SH100029,2,L-245,L-226,VIN141,D3019,2025-01-18 06:40,2025-01-18 08:34,153.72,DONE
MV700032,SH100031,1,L-251,L-248,VIN146,D3050,2025-04-27 18:26,2025-04-27 21:03,390.55,DONE
MV700033,SH100032,1,L-238,L-231,VIN160,D3016,2025-01-08 20:53,2025-01-08 07:03,371.19,DONE
MV700034,SH100033,1,L-203,L-204,VIN214,D3055,2025-12-28 07:31,2025-12-28 18:44,166.46,DONE
MV700035,SH100035,1,L-260,L-206,VIN160,D3016,2025-10-05 11:34,2025-10-06 12:28,256.80,DONE
MV700036,SH100036,1,L-256,L-201,VIN148,D3081,2025-12-16 14:18,2025-12-16 09:18,99.61,DONE
MV700037,SH100037,1,L-240,L-229,VIN144,D3004,2025-01-22 07:57,2025-01-23 17:07,344.60,DONE
MV700038,SH100038,1,L-236,L-225,VIN217,D3106,2025-05-03 11:52,2025-05-03 13:20,73.40,DONE
MV700039,SH100038,2,L-225,L-220,VIN113,D3112,2025-05-04 11:05,2025-05-04 20:48,273.27,DONE
MV700040,SH100039,1,L-203,L-202,VIN162,D3033,2025-09-16 09:36,,289.33,PLANNED
MV700041,SH100040,1,L-238,L-211,VIN156,D3039,2025-04-24 14:14,2025-04-24 12:37,169.87,DONE
MV700042,SH100040,2,L-211,L-214,VIN191,D3089,2025-04-24 11:38,2025-04-24 10:33,126.61,DONE
MV700043,SH100042,1,L-211,L-224,VIN166,D3082,2025-04-02 09:04,2025-04-03 06:27,400.80,DONE
MV700044,SH100043,1,L-253,L-256,VIN192,D3085,2025-03-13 07:18,2025-03-13 20:22,156.35,DONE
MV700045,SH100044,1,L-212,L-208,VIN123,D3032,2025-01-07 15:51,2025-01-07 11:33,203.29,DONE
MV700046,SH100045,1,L-260,L-250,VIN123,D3048,2026-02-10 11:08,2026-02-10 11:18,183.29,DONE
MV700047,SH100046,1,L-242,L-226,VIN101,D3017,2025-10-25 13:43,2025-10-25 17:27,256.10,DONE
MV700048,SH100047,1,L-208,L-211,VIN175,D3010,2026-02-09 09:28,2026-02-09 16:22,251.85,DONE
MV700049,SH100047,2,L-211,L-201,VIN144,D3018,2026-02-09 13:57,2026-02-10 20:24,180.62,DONE
MV700050,SH100048,1,L-220,L-251,VIN101,D3055,2025-09-06 17:27,2025-09-07 07:27,165.32,DONE
MV700051,SH100048,2,L-251,L-224,VIN146,D3064,2025-09-07 15:24,2025-09-07 06:48,116.28,DONE
MV700052,SH100049,1,L-215,L-203,VIN118,D3102,2025-10-10 06:48,2025-10-10 17:54,207.14,DONE
MV700053,SH100050,1,L-217,L-241,VIN190,D3064,2025-12-09 14:32,2025-12-09 14:48,383.15,DONE
MV700054,SH100051,1,L-247,L-246,VIN148,D3104,2026-03-01 08:41,2026-03-02 20:40,204.53,DONE
MV700055,SH100051,2,L-246,L-220,VIN146,D3103,2026-03-01 16:03,2026-03-01 09:04,182.37,DONE
MV700056,SH100051,3,L-220,L-225,VIN170,D3064,2026-03-02 06:34,2026-03-02 15:18,76.45,DONE
MV700057,SH100054,1,L-211,L-201,VIN145,D3060,2025-09-06 17:07,2025-09-06 08:32,300.13,DONE
MV700058,SH100055,1,L-228,L-240,VIN128,D3011,2025-02-17 11:52,2025-02-17 15:47,272.11,DONE
MV700059,SH100056,1,L-251,L-236,VIN216,D3078,2025-03-27 10:59,2025-03-28 14:52,346.45,DONE
MV700060,SH100056,2,L-236,L-260,VIN126,D3080,2025-03-28 19:15,2025-03-28 12:26,188.94,DONE
MV700061,SH100056,3,L-260,L-216,VIN211,D3106,2025-03-29 10:48,2025-03-30 12:30,112.67,DONE
MV700062,SH100057,1,L-227,L-210,VIN193,D3086,2025-10-17 15:39,2025-10-17 08:15,330.00,DONE
MV700063,SH100058,1,L-246,L-205,VIN212,D3066,2025-11-28 11:42,2025-11-29 17:38,98.58,DONE
MV700064,SH100058,2,L-205,L-240,VIN190,D3016,2025-11-29 09:59,2025-11-29 21:31,55.99,DONE
MV700065,SH100060,1,L-210,L-227,VIN164,D3113,2025-01-21 17:28,2025-01-22 10:42,291.38,DONE
MV700066,SH100061,1,L-251,L-207,VIN138,D3021,2025-06-19 07:05,2025-06-20 12:37,161.06,DONE
MV700067,SH100062,1,L-229,L-258,VIN172,D3077,2026-04-04 16:02,2026-04-05 09:59,37.83,DONE
MV700068,SH100063,1,L-247,L-240,VIN107,D3060,2025-12-15 14:31,2025-12-15 21:03,110.35,DONE
MV700069,SH100064,1,L-258,L-212,VIN169,D3114,2025-12-13 10:36,,127.33,ABORTED
MV700070,SH100065,1,L-216,L-248,VIN203,D3116,2025-12-08 10:02,2025-12-08 19:06,164.99,DONE
MV700071,SH100066,1,L-211,L-253,VIN164,D3084,2026-01-20 07:26,2026-01-21 11:07,78.79,DONE
MV700072,SH100067,1,L-207,L-203,VIN172,D3082,2026-04-20 08:18,2026-04-20 11:37,132.31,DONE
MV700073,SH100068,1,L-215,L-256,VIN149,D3069,2025-09-26 07:30,2025-09-26 21:03,158.73,DONE
MV700074,SH100068,2,L-256,L-205,VIN158,D3037,2025-09-27 07:19,2025-09-27 06:35,42.11,DONE
MV700075,SH100069,1,L-226,L-231,VIN117,D3105,2025-11-29 11:42,2025-11-30 10:39,43.13,DONE
MV700076,SH100070,1,L-250,L-252,VIN169,D3117,2026-05-07 19:31,,387.15,ABORTED
MV700077,SH100071,1,L-204,L-260,VIN169,D3063,2025-07-19 06:04,2025-07-19 09:35,317.01,DONE
MV700078,SH100072,1,L-256,L-235,VIN169,D3092,2025-09-05 11:49,,281.52,PLANNED
MV700079,SH100074,1,L-215,L-256,VIN107,D3091,2025-07-28 17:44,2025-07-28 13:41,168.29,DONE
MV700080,SH100074,2,L-256,L-256,VIN177,D3072,2025-07-28 10:37,2025-07-28 08:29,103.28,DONE
MV700081,SH100076,1,L-241,L-215,VIN193,D3112,2025-04-17 10:23,2025-04-18 06:58,60.24,DONE
MV700082,SH100077,1,L-220,L-242,VIN108,D3112,2025-04-10 20:50,2025-04-11 15:14,380.81,DONE
MV700083,SH100078,1,L-255,L-210,VIN201,D3115,2025-02-27 13:53,2025-02-27 14:19,322.85,DONE
MV700084,SH100079,1,L-232,L-204,VIN159,D3119,2025-03-26 07:58,2025-03-26 14:18,377.23,DONE
MV700085,SH100080,1,L-201,L-238,VIN133,D3020,2025-01-07 08:22,,346.37,ABORTED
MV700086,SH100081,1,L-212,L-236,VIN213,D3079,2026-04-19 14:20,2026-04-19 10:12,266.04,DONE
MV700087,SH100082,1,L-249,L-242,VIN164,D3013,2025-05-03 09:30,2025-05-03 07:15,360.40,DONE
MV700088,SH100083,1,L-229,L-204,VIN193,D3086,2025-06-23 20:55,2025-06-23 15:33,256.80,DONE
MV700089,SH100084,1,L-254,L-216,VIN104,D3112,2025-01-24 09:40,2025-01-25 13:34,165.88,DONE
MV700090,SH100085,1,L-213,L-238,VIN146,D3072,2025-07-18 06:05,2025-07-18 14:46,160.14,DONE
MV700091,SH100086,1,L-224,L-255,VIN191,D3074,2025-03-03 13:09,2025-03-03 08:25,399.33,DONE
MV700092,SH100087,1,L-248,L-253,VIN125,D3107,2025-02-07 07:25,2025-02-07 11:44,101.79,DONE
MV700093,SH100088,1,L-208,L-230,VIN191,D3057,2025-10-22 15:13,2025-10-22 12:00,235.64,DONE
MV700094,SH100088,2,L-230,L-228,VIN171,D3035,2025-10-23 06:17,2025-10-24 13:05,294.50,DONE
MV700095,SH100089,1,L-226,L-241,VIN169,D3066,2025-09-04 18:53,2025-09-05 13:31,324.93,DONE
MV700096,SH100089,2,L-241,L-205,VIN213,D3043,2025-09-05 16:16,2025-09-05 11:47,132.39,DONE
MV700097,SH100090,1,L-231,L-258,VIN150,D3099,2025-10-29 14:11,2025-10-30 21:14,264.46,DONE
MV700098,SH100091,1,L-255,L-249,VIN212,D3090,2025-01-19 12:14,2025-01-19 13:00,371.36,DONE
MV700099,SH100092,1,L-244,L-258,VIN148,D3041,2025-05-15 20:48,2025-05-15 08:10,368.78,DONE
MV700100,SH100093,1,L-247,L-238,VIN142,D3086,2026-03-31 20:49,2026-03-31 18:12,373.88,DONE
MV700101,SH100094,1,L-224,L-256,VIN177,D3068,2025-05-07 14:20,2025-05-07 15:03,377.75,DONE
MV700102,SH100095,1,L-234,L-220,VIN155,D3107,2025-12-17 13:45,2025-12-18 20:58,251.23,DONE
MV700103,SH100095,2,L-220,L-246,VIN204,D3062,2025-12-18 18:03,2025-12-19 07:45,193.75,DONE
MV700104,SH100097,1,L-237,L-260,VIN154,D3066,2025-05-16 07:01,2025-05-16 19:18,402.49,DONE
MV700105,SH100097,2,L-260,L-230,VIN117,D3097,2025-05-17 10:57,,79.31,PLANNED
MV700106,SH100098,1,L-202,L-241,VIN155,D3059,2025-02-21 18:59,2025-02-21 15:41,61.29,DONE
MV700107,SH100099,1,L-251,L-230,VIN175,D3019,2025-09-21 17:34,2025-09-22 06:27,340.13,DONE
MV700108,SH100099,2,L-230,L-242,VIN159,D3005,2025-09-21 12:04,,90.46,ABORTED
MV700109,SH100100,1,L-206,L-245,VIN192,D3051,2026-01-26 13:13,2026-01-27 06:21,62.62,DONE
MV700110,SH100101,1,L-251,L-253,VIN155,D3060,2025-03-18 21:48,2025-03-18 12:08,392.74,DONE
MV700111,SH100102,1,L-207,L-230,VIN140,D3018,2025-09-14 15:37,,400.83,PLANNED
MV700112,SH100104,1,L-201,L-221,VIN164,D3031,2025-07-09 17:01,2025-07-09 11:26,268.11,DONE
MV700113,SH100105,1,L-256,L-205,VIN176,D3069,2026-03-01 12:24,2026-03-02 11:27,88.69,DONE
MV700114,SH100107,1,L-231,L-205,VIN181,D3018,2025-01-26 20:38,2025-01-26 08:08,188.38,DONE
MV700115,SH100108,1,L-236,L-207,VIN107,D3052,2025-02-04 07:34,2025-02-04 07:27,382.62,DONE
MV700116,SH100109,1,L-257,L-211,VIN179,D3119,2026-03-28 08:15,,45.25,PLANNED
MV700117,SH100111,1,L-229,L-239,VIN124,D3083,2025-11-30 12:33,2025-11-30 11:12,250.80,DONE
MV700118,SH100112,1,L-224,L-216,VIN119,D3056,2025-07-10 13:10,2025-07-10 21:09,321.60,DONE
MV700119,SH100112,2,L-216,L-216,VIN140,D3098,2025-07-11 07:19,2025-07-12 11:31,365.58,DONE
MV700120,SH100113,1,L-207,L-217,VIN148,D3058,2026-01-31 15:41,2026-01-31 12:47,265.75,DONE
MV700121,SH100114,1,L-251,L-211,VIN162,D3066,2025-03-01 14:42,2025-03-02 10:38,292.03,DONE
MV700122,SH100114,2,L-211,L-243,VIN165,D3003,2025-03-02 20:43,,92.86,ABORTED
MV700123,SH100115,1,L-232,L-222,VIN152,D3076,2025-04-24 07:07,2025-04-24 08:27,243.16,DONE
MV700124,SH100116,1,L-246,L-260,VIN211,D3065,2026-05-11 13:08,2026-05-12 15:25,368.02,DONE
MV700125,SH100117,1,L-260,L-236,VIN130,D3090,2025-07-07 21:34,,145.95,ABORTED
MV700126,SH100118,1,L-246,L-226,VIN133,D3107,2025-06-27 15:40,2025-06-28 16:39,294.36,DONE
MV700127,SH100120,1,L-247,L-246,VIN204,D3015,2025-12-19 06:33,2025-12-19 10:48,197.88,DONE
MV700128,SH100120,2,L-246,L-206,VIN122,D3119,2025-12-20 15:27,2025-12-20 14:36,404.11,DONE
MV700129,SH100122,1,L-243,L-224,VIN175,D3023,2025-12-15 14:20,2025-12-16 10:38,51.40,DONE
MV700130,SH100124,1,L-248,L-253,VIN110,D3009,2025-01-11 11:12,2025-01-11 20:35,369.10,DONE
MV700131,SH100125,1,L-218,L-225,VIN126,D3099,2025-08-26 21:45,2025-08-27 17:14,374.57,DONE
MV700132,SH100125,2,L-225,L-236,VIN166,D3053,2025-08-26 21:33,2025-08-26 21:54,77.90,DONE
MV700133,SH100126,1,L-239,L-215,VIN107,D3017,2025-04-19 07:15,,260.36,ABORTED
MV700134,SH100127,1,L-250,L-256,VIN144,D3070,2025-04-04 07:53,2025-04-05 12:20,106.97,DONE
MV700135,SH100127,2,L-256,L-236,VIN113,D3082,2025-04-05 20:12,,131.87,ABORTED
MV700136,SH100128,1,L-228,L-208,VIN163,D3025,2025-10-16 14:10,2025-10-17 06:49,108.42,DONE
MV700137,SH100129,1,L-249,L-203,VIN142,D3049,2025-07-29 19:47,2025-07-30 12:50,359.95,DONE
MV700138,SH100130,1,L-246,L-201,VIN212,D3097,2026-01-27 06:40,2026-01-27 15:15,63.62,DONE
MV700139,SH100131,1,L-245,L-231,VIN102,D3010,2025-05-02 12:50,2025-05-02 12:29,229.01,DONE
MV700140,SH100132,1,L-203,L-235,VIN119,D3046,2025-05-23 15:40,2025-05-23 09:32,53.29,DONE
MV700141,SH100132,2,L-235,L-241,VIN188,D3070,2025-05-23 09:36,2025-05-23 06:59,289.48,DONE
MV700142,SH100132,3,L-241,L-201,VIN101,D3086,2025-05-24 20:34,2025-05-25 17:34,83.49,DONE
MV700143,SH100133,1,L-211,L-218,VIN186,D3023,2026-05-19 18:27,2026-05-19 09:46,316.23,DONE
MV700144,SH100135,1,L-248,L-232,VIN135,D3070,2025-09-29 09:01,2025-09-29 08:17,290.74,DONE
MV700145,SH100136,1,L-256,L-202,VIN189,D3029,2025-05-06 21:49,2025-05-06 13:24,229.89,DONE
MV700146,SH100137,1,L-246,L-219,VIN125,D3049,2025-07-23 11:07,2025-07-23 19:11,354.80,DONE
MV700147,SH100138,1,L-210,L-214,VIN118,D3014,2026-03-01 10:18,2026-03-02 06:06,267.69,DONE
MV700148,SH100141,1,L-214,L-208,VIN140,D3032,2025-09-30 16:40,2025-09-30 10:18,82.43,DONE
MV700149,SH100142,1,L-253,L-214,VIN116,D3054,2025-02-11 17:54,2025-02-11 06:50,254.97,DONE
MV700150,SH100143,1,L-208,L-226,VIN188,D3014,2025-07-27 11:43,2025-07-28 20:41,222.49,DONE
MV700151,SH100144,1,L-235,L-230,VIN176,D3095,2025-12-06 10:34,2025-12-06 21:52,397.03,DONE
MV700152,SH100145,1,L-236,L-224,VIN106,D3036,2025-04-05 10:00,2025-04-06 15:23,157.84,DONE
MV700153,SH100146,1,L-226,L-209,VIN186,D3115,2025-05-02 07:00,2025-05-03 06:00,104.33,DONE
MV700154,SH100147,1,L-227,L-257,VIN162,D3026,2026-05-14 13:49,2026-05-14 11:53,54.07,DONE
MV700155,SH100148,1,L-242,L-252,VIN117,D3110,2025-08-17 21:02,2025-08-17 06:49,144.77,DONE
MV700156,SH100149,1,L-256,L-205,VIN145,D3064,2025-03-04 12:52,2025-03-05 06:02,203.48,DONE
MV700157,SH100150,1,L-242,L-230,VIN175,D3039,2025-12-28 13:56,2025-12-28 13:49,220.05,DONE
MV700158,SH100150,2,L-230,L-247,VIN149,D3112,2025-12-29 21:56,2025-12-29 21:17,314.36,DONE
MV700159,SH100151,1,L-224,L-220,VIN119,D3091,2025-05-28 15:07,2025-05-28 20:52,205.32,DONE
MV700160,SH100151,2,L-220,L-239,VIN115,D3095,2025-05-28 21:30,2025-05-29 13:23,148.27,DONE
MV700161,SH100152,1,L-238,L-218,VIN177,D3111,2025-09-15 08:04,2025-09-15 15:23,340.43,DONE
MV700162,SH100153,1,L-255,L-206,VIN107,D3095,2026-01-25 15:17,2026-01-25 14:30,219.70,DONE
MV700163,SH100154,1,L-250,L-203,VIN178,D3000,2025-08-31 09:53,2025-09-01 11:03,167.56,DONE
MV700164,SH100155,1,L-211,L-254,VIN126,D3029,2025-10-15 13:45,2025-10-15 21:47,181.65,DONE
MV700165,SH100156,1,L-245,L-246,VIN126,D3015,2025-02-17 20:53,2025-02-18 18:19,169.21,DONE
MV700166,SH100156,2,L-246,L-256,VIN140,D3012,2025-02-18 14:24,2025-02-18 16:13,262.48,DONE
MV700167,SH100157,1,L-205,L-211,VIN192,D3021,2025-05-16 07:37,2025-05-16 09:22,160.37,DONE
MV700168,SH100158,1,L-225,L-251,VIN108,D3035,2025-06-15 11:11,2025-06-15 20:27,126.26,DONE
MV700169,SH100159,1,L-211,L-202,VIN123,D3023,2025-10-26 11:21,2025-10-26 08:29,409.47,DONE
MV700170,SH100160,1,L-247,L-237,VIN130,D3106,2025-07-01 11:04,2025-07-02 12:18,322.34,DONE
MV700171,SH100161,1,L-243,L-237,VIN115,D3109,2025-09-13 08:12,2025-09-13 14:14,94.08,DONE
MV700172,SH100162,1,L-255,L-247,VIN209,D3028,2025-08-25 11:42,2025-08-25 16:20,398.90,DONE
MV700173,SH100163,1,L-221,L-210,VIN214,D3107,2025-12-12 14:59,2025-12-13 18:15,263.73,DONE
MV700174,SH100163,2,L-210,L-220,VIN174,D3051,2025-12-13 14:10,2025-12-13 21:43,386.41,DONE
MV700175,SH100163,3,L-220,L-252,VIN167,D3020,2025-12-14 19:34,2025-12-15 07:42,72.57,DONE
MV700176,SH100164,1,L-214,L-254,VIN126,D3072,2025-04-03 13:02,2025-04-03 15:37,84.82,DONE
MV700177,SH100165,1,L-230,L-237,VIN160,D3011,2025-03-26 07:11,2025-03-26 08:01,292.70,DONE
MV700178,SH100166,1,L-254,L-234,VIN137,D3084,2026-01-08 06:03,2026-01-09 06:16,30.56,DONE
MV700179,SH100167,1,L-252,L-227,VIN117,D3010,2025-09-14 17:10,2025-09-15 13:47,243.29,DONE
MV700180,SH100169,1,L-225,L-256,VIN151,D3118,2026-04-14 07:47,2026-04-14 16:15,350.73,DONE
MV700181,SH100169,2,L-256,L-237,VIN180,D3063,2026-04-15 11:06,2026-04-15 19:06,35.66,DONE
MV700182,SH100170,1,L-256,L-247,VIN126,D3079,2026-05-15 10:00,2026-05-16 18:04,56.37,DONE
MV700183,SH100172,1,L-226,L-241,VIN112,D3057,2025-06-22 11:50,2025-06-23 09:45,113.07,DONE
MV700184,SH100173,1,L-216,L-213,VIN196,D3040,2025-12-25 10:43,2025-12-25 16:27,335.22,DONE
MV700185,SH100174,1,L-252,L-206,VIN178,D3069,2025-09-07 19:54,2025-09-07 12:08,59.35,DONE
MV700186,SH100175,1,L-224,L-240,VIN197,D3002,2026-03-01 12:23,2026-03-01 21:49,383.25,DONE
MV700187,SH100175,2,L-240,L-236,VIN218,D3019,2026-03-01 13:21,2026-03-02 14:01,52.16,DONE
MV700188,SH100175,3,L-236,L-226,VIN155,D3105,2026-03-02 15:15,2026-03-02 09:51,238.34,DONE
MV700189,SH100176,1,L-256,L-260,VIN103,D3117,2026-05-13 07:23,2026-05-13 21:34,227.75,DONE
MV700190,SH100177,1,L-212,L-216,VIN154,D3070,2025-09-25 11:29,2025-09-25 17:27,170.45,DONE
MV700191,SH100177,2,L-216,L-211,VIN112,D3056,2025-09-26 19:31,2025-09-26 12:02,136.02,DONE
MV700192,SH100178,1,L-250,L-210,VIN215,D3070,2025-05-01 15:26,2025-05-02 20:51,232.77,DONE
MV700193,SH100179,1,L-255,L-247,VIN131,D3033,2025-10-19 15:17,2025-10-19 12:53,392.57,DONE
MV700194,SH100180,1,L-243,L-238,VIN175,D3015,2025-11-01 20:38,2025-11-01 08:48,276.76,DONE
MV700195,SH100181,1,L-235,L-252,VIN198,D3111,2025-04-03 21:41,2025-04-03 16:54,31.55,DONE
MV700196,SH100182,1,L-242,L-222,VIN201,D3083,2025-01-26 06:22,2025-01-26 21:05,56.94,DONE
MV700197,SH100183,1,L-221,L-241,VIN179,D3053,2025-02-10 19:38,2025-02-11 10:02,42.41,DONE
MV700198,SH100183,2,L-241,L-206,VIN209,D3059,2025-02-11 08:13,2025-02-11 12:25,182.52,DONE
MV700199,SH100183,3,L-206,L-248,VIN203,D3117,2025-02-12 17:34,2025-02-13 12:14,184.06,DONE
MV700200,SH100184,1,L-231,L-214,VIN122,D3117,2025-05-30 18:24,2025-05-30 14:19,370.65,DONE
MV700201,SH100185,1,L-251,L-235,VIN152,D3030,2025-12-30 08:22,2025-12-30 18:24,290.35,DONE
MV700202,SH100186,1,L-256,L-251,VIN207,D3057,2026-04-10 17:33,2026-04-10 15:16,282.38,DONE
MV700203,SH100187,1,L-201,L-231,VIN173,D3084,2025-10-12 14:09,2025-10-12 14:54,58.86,DONE
MV700204,SH100188,1,L-239,L-256,VIN142,D3082,2025-02-23 09:02,2025-02-23 21:20,266.19,DONE
MV700205,SH100188,2,L-256,L-248,VIN216,D3106,2025-02-24 10:36,2025-02-25 15:20,408.40,DONE
MV700206,SH100190,1,L-209,L-215,VIN149,D3035,2026-04-07 07:33,2026-04-08 14:55,131.30,DONE
MV700207,SH100192,1,L-241,L-226,VIN202,D3090,2025-09-27 15:41,2025-09-27 16:18,194.11,DONE
MV700208,SH100192,2,L-226,L-231,VIN197,D3053,2025-09-28 09:14,2025-09-28 17:19,145.59,DONE
MV700209,SH100194,1,L-211,L-243,VIN152,D3038,2026-02-04 12:49,,318.12,PLANNED
MV700210,SH100196,1,L-252,L-215,VIN110,D3074,2025-09-07 17:24,2025-09-07 09:17,405.53,DONE
MV700211,SH100197,1,L-247,L-208,VIN176,D3036,2025-08-04 16:10,2025-08-04 11:48,240.74,DONE
MV700212,SH100198,1,L-217,L-256,VIN159,D3036,2025-05-17 09:50,2025-05-17 19:46,366.59,DONE
MV700213,SH100198,2,L-256,L-236,VIN131,D3001,2025-05-17 15:37,,311.16,PLANNED
MV700214,SH100199,1,L-213,L-218,VIN209,D3000,2025-04-30 08:23,2025-05-01 13:48,251.94,DONE
MV700215,SH100200,1,L-210,L-253,VIN216,D3059,2026-04-13 09:37,2026-04-13 12:53,145.93,DONE
MV700216,SH100201,1,L-219,L-204,VIN217,D3076,2025-07-18 20:33,2025-07-18 20:18,209.74,DONE
MV700217,SH100202,1,L-237,L-249,VIN154,D3020,2025-05-09 14:42,2025-05-09 20:54,315.34,DONE
MV700218,SH100203,1,L-209,L-260,VIN131,D3108,2026-02-07 19:00,2026-02-08 21:13,179.96,DONE
MV700219,SH100203,2,L-260,L-204,VIN205,D3021,2026-02-08 19:40,2026-02-09 08:50,195.59,DONE
MV700220,SH100204,1,L-250,L-212,VIN170,D3083,2025-08-24 09:34,2025-08-24 18:59,60.94,DONE
MV700221,SH100205,1,L-206,L-226,VIN128,D3080,2025-06-07 18:35,2025-06-07 18:41,40.30,DONE
MV700222,SH100206,1,L-248,L-260,VIN176,D3090,2025-09-02 20:59,2025-09-02 13:32,44.34,DONE
MV700223,SH100206,2,L-260,L-251,VIN120,D3108,2025-09-02 18:14,,50.78,ABORTED
MV700224,SH100207,1,L-246,L-221,VIN173,D3116,2025-07-15 10:58,2025-07-15 16:41,249.49,DONE
MV700225,SH100207,2,L-221,L-254,VIN102,D3096,2025-07-15 14:53,2025-07-15 17:55,297.15,DONE
MV700226,SH100208,1,L-256,L-230,VIN206,D3099,2025-10-30 07:24,2025-10-31 09:00,325.61,DONE
MV700227,SH100209,1,L-228,L-240,VIN129,D3018,2025-10-15 17:44,2025-10-16 07:54,144.15,DONE
MV700228,SH100211,1,L-245,L-224,VIN112,D3030,2025-09-10 19:26,2025-09-10 18:53,52.89,DONE
MV700229,SH100212,1,L-215,L-239,VIN156,D3031,2025-09-26 07:04,2025-09-26 09:21,171.31,DONE
MV700230,SH100213,1,L-260,L-253,VIN195,D3082,2026-03-27 15:52,2026-03-27 20:05,358.22,DONE
MV700231,SH100214,1,L-245,L-207,VIN171,D3105,2025-06-13 10:20,2025-06-13 18:23,166.40,DONE
MV700232,SH100215,1,L-216,L-216,VIN118,D3016,2025-01-18 17:13,2025-01-18 15:39,86.30,DONE
MV700233,SH100215,2,L-216,L-258,VIN202,D3077,2025-01-19 10:56,2025-01-19 20:08,164.79,DONE
MV700234,SH100216,1,L-245,L-260,VIN178,D3087,2025-06-06 10:01,2025-06-07 16:59,57.39,DONE
MV700235,SH100217,1,L-247,L-250,VIN164,D3036,2025-01-28 07:14,2025-01-28 15:18,313.27,DONE
MV700236,SH100218,1,L-248,L-250,VIN174,D3046,2025-06-14 21:18,,263.09,ABORTED
MV700237,SH100219,1,L-205,L-250,VIN118,D3037,2025-01-22 13:10,2025-01-23 20:55,255.63,DONE
MV700238,SH100220,1,L-213,L-251,VIN214,D3072,2025-03-30 21:13,2025-03-30 19:18,360.29,DONE
MV700239,SH100221,1,L-222,L-201,VIN118,D3103,2025-10-02 18:32,,29.23,ABORTED
MV700240,SH100222,1,L-213,L-246,VIN160,D3057,2025-08-17 12:16,2025-08-17 06:17,273.71,DONE
MV700241,SH100222,2,L-246,L-247,VIN144,D3100,2025-08-18 07:46,2025-08-19 06:58,165.76,DONE
MV700242,SH100223,1,L-226,L-251,VIN201,D3039,2025-11-07 21:28,2025-11-07 11:26,390.28,DONE
MV700243,SH100224,1,L-245,L-201,VIN214,D3047,2026-03-08 15:37,,396.32,ABORTED
MV700244,SH100225,1,L-234,L-244,VIN208,D3007,2025-12-20 14:22,2025-12-20 09:35,159.69,DONE
MV700245,SH100226,1,L-205,L-204,VIN130,D3112,2025-05-23 09:34,2025-05-24 06:01,223.78,DONE
MV700246,SH100227,1,L-239,L-219,VIN175,D3070,2025-05-16 17:58,2025-05-17 14:59,130.16,DONE
MV700247,SH100228,1,L-251,L-230,VIN106,D3054,2025-12-05 12:56,2025-12-05 09:57,117.82,DONE
MV700248,SH100229,1,L-224,L-207,VIN184,D3027,2025-02-15 19:07,2025-02-15 07:50,209.70,DONE
MV700249,SH100230,1,L-254,L-258,VIN158,D3005,2025-10-31 12:09,2025-10-31 20:56,45.62,DONE
MV700250,SH100231,1,L-235,L-208,VIN115,D3063,2025-07-27 06:48,2025-07-27 19:56,293.89,DONE
MV700251,SH100232,1,L-237,L-213,VIN195,D3102,2025-08-26 14:58,2025-08-27 10:06,134.30,DONE
MV700252,SH100233,1,L-228,L-203,VIN120,D3088,2025-05-06 09:46,2025-05-07 10:39,342.50,DONE
MV700253,SH100234,1,L-212,L-241,VIN147,D3032,2025-07-27 06:13,2025-07-28 10:07,246.69,DONE
MV700254,SH100234,2,L-241,L-229,VIN131,D3080,2025-07-27 20:46,2025-07-27 07:06,379.17,DONE
MV700255,SH100235,1,L-206,L-259,VIN132,D3038,2026-05-12 06:23,2026-05-12 19:34,148.91,DONE
MV700256,SH100236,1,L-221,L-251,VIN177,D3106,2025-06-14 20:31,2025-06-14 16:03,212.27,DONE
MV700257,SH100236,2,L-251,L-232,VIN130,D3029,2025-06-14 19:11,2025-06-14 15:06,28.11,DONE
MV700258,SH100237,1,L-220,L-241,VIN166,D3066,2025-10-25 18:16,2025-10-25 10:05,266.22,DONE
MV700259,SH100238,1,L-255,L-221,VIN165,D3035,2025-05-28 12:39,2025-05-28 10:04,325.89,DONE
MV700260,SH100238,2,L-221,L-220,VIN136,D3031,2025-05-28 16:43,2025-05-28 15:32,351.93,DONE
MV700261,SH100238,3,L-220,L-252,VIN130,D3063,2025-05-29 20:08,2025-05-30 19:18,323.87,DONE
MV700262,SH100239,1,L-225,L-247,VIN181,D3111,2026-01-16 13:24,2026-01-16 20:02,291.28,DONE
MV700263,SH100240,1,L-217,L-260,VIN111,D3077,2025-07-29 09:39,2025-07-29 06:43,292.99,DONE
MV700264,SH100240,2,L-260,L-237,VIN182,D3060,2025-07-30 07:24,2025-07-30 16:47,396.18,DONE
MV700265,SH100241,1,L-210,L-235,VIN132,D3063,2026-01-10 20:35,2026-01-10 11:21,268.46,DONE
MV700266,SH100242,1,L-251,L-257,VIN102,D3045,2026-02-16 08:07,2026-02-16 10:37,246.69,DONE
MV700267,SH100244,1,L-250,L-221,VIN102,D3097,2026-04-20 08:44,2026-04-20 17:49,88.69,DONE
MV700268,SH100245,1,L-221,L-252,VIN146,D3059,2025-11-23 18:41,2025-11-23 11:28,354.29,DONE
MV700269,SH100246,1,L-228,L-239,VIN208,D3050,2026-03-31 14:44,2026-04-01 09:26,155.63,DONE
MV700270,SH100248,1,L-233,L-201,VIN169,D3074,2026-01-31 18:52,2026-02-01 13:02,91.98,DONE
MV700271,SH100250,1,L-202,L-231,VIN114,D3012,2025-03-26 10:06,2025-03-26 06:40,32.14,DONE
MV700272,SH100251,1,L-256,L-258,VIN130,D3043,2025-04-08 20:20,,101.37,PLANNED
MV700273,SH100252,1,L-242,L-226,VIN128,D3090,2026-05-19 13:35,,232.50,ABORTED
MV700274,SH100253,1,L-217,L-251,VIN189,D3012,2026-04-24 06:06,2026-04-24 13:23,195.79,DONE
MV700275,SH100253,2,L-251,L-205,VIN185,D3054,2026-04-25 19:49,2026-04-25 07:14,346.42,DONE
MV700276,SH100253,3,L-205,L-219,VIN166,D3099,2026-04-26 19:23,2026-04-26 08:43,281.92,DONE
MV700277,SH100254,1,L-225,L-216,VIN155,D3065,2025-06-06 09:54,2025-06-06 08:39,123.05,DONE
MV700278,SH100255,1,L-239,L-245,VIN122,D3046,2025-08-23 21:21,2025-08-23 17:33,230.69,DONE
MV700279,SH100255,2,L-245,L-209,VIN115,D3060,2025-08-24 18:47,2025-08-24 15:40,382.07,DONE
MV700280,SH100256,1,L-207,L-201,VIN206,D3000,2026-05-07 19:03,,62.00,PLANNED
MV700281,SH100257,1,L-222,L-219,VIN109,D3098,2025-11-14 15:33,2025-11-14 19:54,307.20,DONE
MV700282,SH100258,1,L-215,L-221,VIN161,D3014,2026-04-23 20:17,2026-04-23 09:17,98.38,DONE
MV700283,SH100258,2,L-221,L-227,VIN149,D3034,2026-04-24 11:37,2026-04-24 06:54,66.72,DONE
MV700284,SH100259,1,L-241,L-214,VIN215,D3013,2026-01-02 11:14,2026-01-03 08:24,50.23,DONE
MV700285,SH100260,1,L-253,L-248,VIN109,D3052,2026-01-16 10:44,2026-01-16 09:18,42.51,DONE
MV700286,SH100261,1,L-227,L-255,VIN132,D3015,2025-11-03 10:33,2025-11-04 16:33,104.40,DONE
MV700287,SH100261,2,L-255,L-231,VIN101,D3079,2025-11-04 16:01,2025-11-05 06:45,109.01,DONE
MV700288,SH100262,1,L-251,L-239,VIN208,D3027,2026-03-30 18:52,2026-03-31 17:53,353.59,DONE
MV700289,SH100263,1,L-214,L-204,VIN212,D3111,2026-02-17 18:07,2026-02-17 07:33,211.96,DONE
MV700290,SH100264,1,L-242,L-226,VIN189,D3029,2025-12-01 08:21,2025-12-02 11:25,194.48,DONE
MV700291,SH100265,1,L-212,L-215,VIN107,D3048,2026-04-14 11:04,2026-04-14 19:08,249.58,DONE
MV700292,SH100265,2,L-215,L-235,VIN211,D3050,2026-04-15 11:45,2026-04-15 19:50,153.05,DONE
MV700293,SH100265,3,L-235,L-227,VIN195,D3043,2026-04-16 13:30,2026-04-16 12:38,271.86,DONE
MV700294,SH100266,1,L-249,L-243,VIN108,D3008,2025-08-02 10:40,2025-08-02 13:10,34.06,DONE
MV700295,SH100267,1,L-222,L-215,VIN187,D3093,2025-04-14 08:03,2025-04-15 07:17,108.08,DONE
MV700296,SH100267,2,L-215,L-213,VIN157,D3082,2025-04-15 17:11,2025-04-16 18:44,309.05,DONE
MV700297,SH100268,1,L-256,L-210,VIN124,D3013,2025-01-17 06:51,2025-01-17 17:38,175.60,DONE
MV700298,SH100269,1,L-217,L-213,VIN164,D3112,2025-05-02 09:52,2025-05-03 21:53,381.07,DONE
MV700299,SH100270,1,L-208,L-231,VIN206,D3075,2025-02-07 09:59,2025-02-07 10:47,227.81,DONE
MV700300,SH100271,1,L-243,L-255,VIN130,D3033,2025-12-12 19:37,2025-12-12 18:34,211.28,DONE
MV700301,SH100272,1,L-215,L-203,VIN106,D3028,2026-04-12 16:27,2026-04-13 15:15,379.78,DONE
MV700302,SH100273,1,L-228,L-242,VIN173,D3003,2026-03-04 15:55,2026-03-04 18:43,46.79,DONE
MV700303,SH100274,1,L-225,L-225,VIN198,D3009,2025-12-21 14:48,2025-12-21 08:32,286.61,DONE
MV700304,SH100274,2,L-225,L-208,VIN196,D3089,2025-12-21 12:54,2025-12-22 15:07,102.43,DONE
MV700305,SH100275,1,L-240,L-255,VIN203,D3042,2025-02-10 11:59,2025-02-10 18:31,297.35,DONE
MV700306,SH100275,2,L-255,L-219,VIN121,D3025,2025-02-11 13:38,2025-02-11 09:37,401.97,DONE
MV700307,SH100276,1,L-249,L-210,VIN154,D3008,2025-09-27 17:18,2025-09-27 06:04,69.40,DONE
MV700308,SH100277,1,L-221,L-214,VIN188,D3102,2025-03-13 06:59,2025-03-13 07:44,94.03,DONE
MV700309,SH100278,1,L-232,L-259,VIN130,D3005,2025-04-01 06:10,,286.54,PLANNED
MV700310,SH100279,1,L-225,L-226,VIN166,D3055,2025-08-13 19:26,2025-08-13 07:18,196.40,DONE
MV700311,SH100279,2,L-226,L-206,VIN178,D3053,2025-08-13 18:50,2025-08-13 10:57,401.70,DONE
MV700312,SH100279,3,L-206,L-251,VIN103,D3052,2025-08-13 16:38,2025-08-14 15:34,70.71,DONE
MV700313,SH100280,1,L-212,L-251,VIN211,D3051,2025-02-08 15:08,2025-02-08 19:16,205.30,DONE
MV700314,SH100280,2,L-251,L-207,VIN119,D3020,2025-02-09 11:32,2025-02-09 13:13,271.78,DONE
MV700315,SH100281,1,L-243,L-211,VIN215,D3080,2025-06-03 12:26,2025-06-03 06:07,202.90,DONE
MV700316,SH100282,1,L-203,L-233,VIN180,D3068,2025-12-08 06:11,2025-12-09 15:16,314.83,DONE
MV700317,SH100283,1,L-211,L-201,VIN137,D3088,2025-07-19 08:13,2025-07-20 20:44,134.55,DONE
MV700318,SH100285,1,L-243,L-225,VIN123,D3026,2025-03-23 21:24,2025-03-24 09:35,258.56,DONE
MV700319,SH100285,2,L-225,L-226,VIN215,D3117,2025-03-24 19:55,2025-03-24 19:01,256.54,DONE
MV700320,SH100286,1,L-231,L-235,VIN182,D3041,2025-01-12 20:56,2025-01-12 16:46,35.16,DONE
MV700321,SH100287,1,L-253,L-236,VIN149,D3051,2025-12-28 13:53,2025-12-29 15:33,114.55,DONE
MV700322,SH100288,1,L-219,L-260,VIN113,D3006,2026-01-07 10:01,2026-01-07 14:59,304.12,DONE
MV700323,SH100290,1,L-209,L-250,VIN142,D3049,2025-07-05 06:53,2025-07-06 16:54,199.70,DONE
MV700324,SH100290,2,L-250,L-210,VIN194,D3095,2025-07-06 19:16,2025-07-07 07:19,34.01,DONE
MV700325,SH100290,3,L-210,L-207,VIN129,D3040,2025-07-06 19:39,2025-07-06 09:08,45.91,DONE
MV700326,SH100291,1,L-226,L-230,VIN189,D3065,2026-04-11 17:26,2026-04-11 16:46,184.04,DONE
MV700327,SH100292,1,L-244,L-258,VIN190,D3030,2025-06-29 15:10,2025-06-29 20:22,158.81,DONE
MV700328,SH100293,1,L-255,L-231,VIN185,D3012,2025-11-19 06:31,2025-11-19 20:18,159.81,DONE
MV700329,SH100293,2,L-231,L-253,VIN135,D3012,2025-11-20 09:08,2025-11-20 15:02,175.12,DONE
MV700330,SH100294,1,L-214,L-235,VIN112,D3112,2026-01-16 13:23,2026-01-16 11:10,261.71,DONE
MV700331,SH100295,1,L-226,L-252,VIN152,D3030,2025-01-23 21:27,2025-01-24 18:37,167.66,DONE
MV700332,SH100296,1,L-254,L-209,VIN169,D3118,2025-04-06 09:26,2025-04-06 16:28,307.25,DONE
MV700333,SH100297,1,L-257,L-256,VIN113,D3100,2025-08-24 10:31,2025-08-24 19:12,278.63,DONE
MV700334,SH100298,1,L-241,L-220,VIN215,D3082,2025-05-27 18:21,2025-05-28 21:34,78.39,DONE
MV700335,SH100299,1,L-256,L-211,VIN133,D3011,2025-05-18 17:55,2025-05-18 20:22,178.10,DONE
MV700336,SH100300,1,L-238,L-243,VIN102,D3105,2025-07-25 20:00,2025-07-26 18:25,209.88,DONE
MV700337,SH100301,1,L-247,L-242,VIN159,D3119,2025-06-21 10:01,2025-06-21 21:52,171.39,DONE
MV700338,SH100302,1,L-214,L-207,VIN143,D3019,2025-09-11 15:28,2025-09-11 20:54,390.66,DONE
MV700339,SH100303,1,L-236,L-213,VIN116,D3001,2026-01-16 14:29,2026-01-16 11:54,71.13,DONE
MV700340,SH100305,1,L-238,L-206,VIN192,D3072,2025-02-21 13:49,2025-02-21 19:41,54.05,DONE
MV700341,SH100306,1,L-253,L-203,VIN205,D3010,2026-02-19 14:45,2026-02-19 09:25,214.42,DONE
MV700342,SH100307,1,L-260,L-219,VIN137,D3027,2025-09-08 13:48,2025-09-08 09:41,284.41,DONE
MV700343,SH100308,1,L-254,L-202,VIN161,D3081,2025-11-19 17:23,2025-11-19 15:23,331.72,DONE
MV700344,SH100309,1,L-240,L-213,VIN156,D3010,2025-12-03 15:22,2025-12-03 18:22,265.39,DONE
MV700345,SH100310,1,L-216,L-230,VIN175,D3066,2026-04-30 11:08,2026-04-30 08:15,226.33,DONE
MV700346,SH100311,1,L-220,L-242,VIN203,D3041,2025-01-16 10:17,2025-01-16 10:25,324.09,DONE
MV700347,SH100312,1,L-245,L-206,VIN100,D3090,2025-04-07 21:37,2025-04-08 21:24,80.31,DONE
MV700348,SH100312,2,L-206,L-201,VIN179,D3046,2025-04-08 11:06,2025-04-08 13:51,341.39,DONE
MV700349,SH100313,1,L-231,L-237,VIN174,D3053,2026-04-26 20:10,,354.33,PLANNED
MV700350,SH100314,1,L-215,L-255,VIN121,D3016,2025-02-10 08:48,2025-02-11 08:12,134.34,DONE
MV700351,SH100315,1,L-256,L-228,VIN140,D3077,2025-08-27 14:44,2025-08-28 20:11,365.54,DONE
MV700352,SH100316,1,L-237,L-244,VIN154,D3104,2026-03-27 19:33,2026-03-27 17:14,385.22,DONE
MV700353,SH100317,1,L-210,L-241,VIN122,D3098,2026-05-04 09:23,2026-05-05 11:35,168.65,DONE
MV700354,SH100318,1,L-218,L-238,VIN163,D3067,2025-04-23 11:13,2025-04-23 15:37,91.49,DONE
MV700355,SH100319,1,L-232,L-230,VIN153,D3055,2025-11-13 15:41,2025-11-13 16:53,329.91,DONE
MV700356,SH100320,1,L-234,L-257,VIN154,D3019,2025-03-27 19:46,2025-03-28 06:26,398.78,DONE
MV700357,SH100321,1,L-214,L-216,VIN147,D3018,2025-11-29 16:21,2025-11-30 10:57,160.03,DONE
MV700358,SH100322,1,L-201,L-217,VIN176,D3045,2026-04-21 14:13,2026-04-22 18:27,45.79,DONE
MV700359,SH100324,1,L-218,L-226,VIN199,D3075,2026-02-22 18:46,2026-02-23 18:13,405.08,DONE
MV700360,SH100324,2,L-226,L-205,VIN191,D3077,2026-02-22 06:55,2026-02-23 09:32,324.15,DONE
MV700361,SH100324,3,L-205,L-260,VIN108,D3089,2026-02-23 19:29,2026-02-23 19:02,50.05,DONE
MV700362,SH100325,1,L-245,L-228,VIN182,D3058,2025-08-21 12:28,2025-08-21 13:18,95.68,DONE
MV700363,SH100327,1,L-216,L-243,VIN117,D3107,2026-03-29 08:53,2026-03-30 14:28,154.04,DONE
MV700364,SH100328,1,L-248,L-240,VIN182,D3054,2025-05-27 10:45,2025-05-28 21:58,57.39,DONE
MV700365,SH100329,1,L-219,L-206,VIN130,D3002,2025-04-29 12:20,2025-04-30 13:40,165.72,DONE
MV700366,SH100330,1,L-235,L-258,VIN119,D3026,2025-01-11 11:29,2025-01-11 17:19,201.72,DONE
MV700367,SH100331,1,L-259,L-224,VIN129,D3073,2025-11-27 07:46,2025-11-28 09:29,387.01,DONE
MV700368,SH100332,1,L-222,L-216,VIN114,D3013,2026-01-13 16:18,2026-01-14 10:18,253.82,DONE
MV700369,SH100333,1,L-243,L-235,VIN197,D3099,2025-11-04 13:28,2025-11-04 11:09,407.36,DONE
MV700370,SH100333,2,L-235,L-231,VIN103,D3050,2025-11-05 15:23,2025-11-05 15:53,197.77,DONE
MV700371,SH100333,3,L-231,L-230,VIN166,D3054,2025-11-06 08:52,,340.99,ABORTED
MV700372,SH100334,1,L-240,L-236,VIN149,D3073,2026-03-14 20:51,2026-03-15 07:33,303.06,DONE
MV700373,SH100335,1,L-234,L-216,VIN204,D3026,2025-10-08 06:17,2025-10-09 18:08,237.12,DONE
MV700374,SH100336,1,L-238,L-203,VIN142,D3085,2025-01-06 14:16,2025-01-06 21:20,230.32,DONE
MV700375,SH100338,1,L-247,L-216,VIN180,D3006,2026-03-02 12:47,2026-03-02 19:52,316.18,DONE
MV700376,SH100339,1,L-242,L-205,VIN155,D3087,2025-03-13 14:42,2025-03-13 14:28,78.80,DONE
MV700377,SH100340,1,L-245,L-257,VIN180,D3056,2025-10-20 14:40,2025-10-20 20:31,371.59,DONE
MV700378,SH100342,1,L-253,L-207,VIN105,D3053,2025-09-17 21:59,2025-09-18 18:55,161.04,DONE
MV700379,SH100343,1,L-214,L-211,VIN202,D3109,2025-10-02 16:21,2025-10-03 16:34,177.48,DONE
MV700380,SH100344,1,L-238,L-240,VIN115,D3047,2025-12-12 08:11,2025-12-12 21:47,94.72,DONE
MV700381,SH100344,2,L-240,L-232,VIN121,D3022,2025-12-13 16:38,2025-12-14 13:29,172.97,DONE
MV700382,SH100345,1,L-249,L-243,VIN102,D3096,2026-05-03 21:34,2026-05-04 10:05,269.68,DONE
MV700383,SH100346,1,L-230,L-245,VIN164,D3109,2025-06-11 17:36,2025-06-11 09:56,402.85,DONE
MV700384,SH100346,2,L-245,L-225,VIN190,D3074,2025-06-12 21:09,2025-06-12 19:30,196.53,DONE
MV700385,SH100347,1,L-244,L-220,VIN121,D3005,2025-04-28 21:14,2025-04-29 08:49,114.68,DONE
MV700386,SH100348,1,L-212,L-219,VIN121,D3050,2026-03-05 13:05,2026-03-05 16:09,214.32,DONE
MV700387,SH100349,1,L-242,L-228,VIN103,D3017,2025-12-14 07:07,2025-12-14 08:24,140.66,DONE
MV700388,SH100350,1,L-226,L-241,VIN141,D3040,2026-03-06 18:33,2026-03-07 18:54,246.11,DONE
MV700389,SH100350,2,L-241,L-203,VIN131,D3040,2026-03-06 19:42,2026-03-06 18:51,212.63,DONE
MV700390,SH100351,1,L-244,L-219,VIN117,D3044,2025-07-25 12:20,2025-07-25 14:33,262.39,DONE
MV700391,SH100353,1,L-232,L-234,VIN161,D3041,2025-08-18 20:57,2025-08-18 20:24,283.73,DONE
MV700392,SH100354,1,L-245,L-220,VIN164,D3010,2025-01-15 20:28,2025-01-15 09:34,159.58,DONE
MV700393,SH100354,2,L-220,L-214,VIN147,D3072,2025-01-16 12:38,2025-01-16 14:24,304.24,DONE
MV700394,SH100355,1,L-202,L-256,VIN212,D3058,2025-07-17 14:07,2025-07-17 09:24,243.30,DONE
MV700395,SH100356,1,L-219,L-202,VIN205,D3075,2025-01-28 12:19,2025-01-29 15:18,130.04,DONE
MV700396,SH100357,1,L-242,L-247,VIN120,D3046,2025-11-11 18:20,2025-11-11 10:37,194.17,DONE
MV700397,SH100358,1,L-217,L-205,VIN181,D3061,2026-04-24 17:54,2026-04-24 14:15,327.45,DONE
MV700398,SH100358,2,L-205,L-233,VIN157,D3056,2026-04-25 08:15,2026-04-25 17:43,160.07,DONE
MV700399,SH100359,1,L-257,L-252,VIN164,D3003,2026-01-10 13:31,2026-01-10 06:07,112.38,DONE
MV700400,SH100360,1,L-216,L-239,VIN119,D3093,2025-07-31 10:52,2025-07-31 07:33,182.55,DONE
MV700401,SH100361,1,L-209,L-226,VIN199,D3030,2026-05-04 06:44,2026-05-04 15:39,390.53,DONE
MV700402,SH100361,2,L-226,L-215,VIN126,D3070,2026-05-05 07:08,2026-05-06 12:18,315.93,DONE
MV700403,SH100361,3,L-215,L-212,VIN154,D3055,2026-05-05 16:40,,98.75,ABORTED
MV700404,SH100362,1,L-238,L-209,VIN190,D3109,2025-09-05 10:28,2025-09-05 06:19,288.28,DONE
MV700405,SH100363,1,L-247,L-260,VIN112,D3071,2026-02-01 13:37,,45.57,PLANNED
MV700406,SH100364,1,L-225,L-201,VIN174,D3066,2026-01-16 11:14,2026-01-17 13:57,268.94,DONE
MV700407,SH100365,1,L-222,L-235,VIN195,D3112,2025-11-21 18:24,2025-11-21 17:12,227.57,DONE
MV700408,SH100365,2,L-235,L-214,VIN202,D3022,2025-11-22 17:17,2025-11-22 21:18,161.53,DONE
MV700409,SH100366,1,L-259,L-229,VIN208,D3101,2025-08-27 18:36,2025-08-27 21:19,347.87,DONE
MV700410,SH100368,1,L-244,L-259,VIN168,D3028,2026-04-08 13:57,2026-04-08 20:56,45.58,DONE
MV700411,SH100369,1,L-245,L-214,VIN159,D3087,2026-05-16 09:21,2026-05-16 14:30,206.76,DONE
MV700412,SH100370,1,L-227,L-231,VIN100,D3015,2026-03-14 10:12,2026-03-15 20:04,386.05,DONE
MV700413,SH100370,2,L-231,L-216,VIN106,D3038,2026-03-15 12:24,2026-03-15 07:00,191.42,DONE
MV700414,SH100370,3,L-216,L-203,VIN185,D3025,2026-03-16 08:08,2026-03-17 16:13,292.25,DONE
MV700415,SH100371,1,L-225,L-236,VIN106,D3069,2025-04-24 16:48,2025-04-25 11:26,191.29,DONE
MV700416,SH100371,2,L-236,L-218,VIN204,D3067,2025-04-25 21:53,2025-04-25 15:08,246.76,DONE
MV700417,SH100372,1,L-252,L-255,VIN159,D3081,2025-11-30 17:22,2025-11-30 10:13,251.68,DONE
MV700418,SH100374,1,L-204,L-240,VIN195,D3061,2025-11-15 07:17,2025-11-15 14:22,220.04,DONE
MV700419,SH100374,2,L-240,L-226,VIN121,D3083,2025-11-16 11:34,2025-11-16 16:36,185.29,DONE
MV700420,SH100375,1,L-225,L-241,VIN121,D3048,2025-07-27 09:32,2025-07-27 09:24,204.89,DONE
MV700421,SH100376,1,L-209,L-218,VIN157,D3000,2025-07-06 10:01,2025-07-06 17:45,355.39,DONE
MV700422,SH100377,1,L-217,L-255,VIN139,D3097,2025-04-18 17:01,2025-04-19 16:06,66.85,DONE
MV700423,SH100377,2,L-255,L-210,VIN218,D3019,2025-04-19 09:39,2025-04-20 16:00,383.62,DONE
MV700424,SH100377,3,L-210,L-257,VIN216,D3035,2025-04-19 10:27,2025-04-19 06:59,28.69,DONE
MV700425,SH100378,1,L-237,L-257,VIN205,D3002,2025-02-01 08:29,2025-02-01 12:23,316.07,DONE
MV700426,SH100380,1,L-250,L-240,VIN199,D3068,2026-01-04 19:55,2026-01-05 17:33,198.29,DONE
MV700427,SH100382,1,L-220,L-241,VIN167,D3082,2025-07-25 20:36,2025-07-26 08:24,39.80,DONE
MV700428,SH100383,1,L-236,L-206,VIN163,D3100,2025-08-04 12:57,2025-08-05 08:54,316.31,DONE
MV700429,SH100383,2,L-206,L-217,VIN162,D3051,2025-08-05 21:58,2025-08-06 06:36,88.35,DONE
MV700430,SH100384,1,L-201,L-241,VIN163,D3084,2025-07-09 07:12,2025-07-10 10:05,126.87,DONE
MV700431,SH100385,1,L-237,L-242,VIN105,D3069,2025-08-27 07:02,2025-08-27 11:07,160.15,DONE
MV700432,SH100386,1,L-203,L-225,VIN158,D3119,2026-01-15 12:45,,69.99,ABORTED
MV700433,SH100387,1,L-215,L-255,VIN205,D3002,2026-05-06 09:03,2026-05-06 15:40,326.21,DONE
MV700434,SH100388,1,L-233,L-207,VIN152,D3083,2025-10-17 12:03,2025-10-18 07:01,119.80,DONE
MV700435,SH100389,1,L-230,L-216,VIN181,D3058,2025-10-05 13:20,2025-10-05 07:22,290.76,DONE
MV700436,SH100389,2,L-216,L-215,VIN102,D3028,2025-10-06 21:01,2025-10-06 18:14,393.45,DONE
MV700437,SH100390,1,L-203,L-238,VIN178,D3119,2025-05-01 20:02,2025-05-02 06:25,219.02,DONE
MV700438,SH100391,1,L-227,L-256,VIN193,D3006,2025-09-29 14:22,2025-09-29 15:55,225.55,DONE
MV700439,SH100391,2,L-256,L-225,VIN193,D3062,2025-09-30 21:14,2025-10-01 16:46,133.28,DONE
MV700440,SH100392,1,L-253,L-225,VIN198,D3013,2025-08-16 15:54,2025-08-16 16:41,352.00,DONE
MV700441,SH100392,2,L-225,L-251,VIN160,D3076,2025-08-17 18:30,2025-08-17 14:37,48.00,DONE
MV700442,SH100393,1,L-219,L-246,VIN100,D3116,2025-03-22 12:18,2025-03-23 09:48,211.09,DONE
MV700443,SH100395,1,L-216,L-222,VIN150,D3041,2026-02-20 13:02,2026-02-20 21:02,72.92,DONE
MV700444,SH100396,1,L-211,L-201,VIN121,D3054,2025-11-23 15:35,2025-11-24 20:42,354.08,DONE
MV700445,SH100397,1,L-206,L-206,VIN207,D3077,2026-02-11 09:54,2026-02-12 07:30,67.44,DONE
MV700446,SH100397,2,L-206,L-255,VIN209,D3024,2026-02-12 10:49,2026-02-12 20:58,97.74,DONE
MV700447,SH100397,3,L-255,L-207,VIN164,D3013,2026-02-12 15:37,2026-02-12 09:44,155.33,DONE
MV700448,SH100398,1,L-256,L-217,VIN198,D3057,2025-07-13 06:49,,65.18,ABORTED
MV700449,SH100399,1,L-225,L-260,VIN138,D3040,2025-06-11 15:46,2025-06-11 21:37,373.08,DONE
MV700450,SH100400,1,L-232,L-246,VIN157,D3001,2025-10-17 10:06,2025-10-18 20:04,170.91,DONE
MV700451,SH100400,2,L-246,L-216,VIN161,D3082,2025-10-18 18:35,2025-10-19 13:01,34.55,DONE
MV700452,SH100400,3,L-216,L-226,VIN158,D3005,2025-10-19 13:26,2025-10-19 06:38,90.00,DONE
MV700453,SH100401,1,L-211,L-224,VIN104,D3037,2025-12-09 17:33,2025-12-09 11:07,286.67,DONE
MV700454,SH100402,1,L-250,L-221,VIN210,D3080,2025-09-28 16:54,,338.26,PLANNED
MV700455,SH100403,1,L-241,L-245,VIN100,D3021,2026-01-06 08:36,2026-01-07 10:12,325.88,DONE
MV700456,SH100403,2,L-245,L-218,VIN178,D3003,2026-01-06 12:37,2026-01-06 08:14,125.73,DONE
MV700457,SH100404,1,L-203,L-207,VIN121,D3007,2026-01-16 06:17,2026-01-16 17:34,317.36,DONE
MV700458,SH100405,1,L-257,L-201,VIN197,D3084,2025-04-13 10:31,2025-04-13 11:51,76.66,DONE
MV700459,SH100406,1,L-260,L-260,VIN209,D3077,2025-12-10 19:35,2025-12-10 21:51,200.97,DONE
MV700460,SH100406,2,L-260,L-233,VIN163,D3025,2025-12-11 10:01,2025-12-11 19:00,96.06,DONE
MV700461,SH100407,1,L-256,L-202,VIN130,D3025,2025-01-23 14:16,2025-01-23 19:12,38.65,DONE
MV700462,SH100408,1,L-204,L-240,VIN185,D3017,2025-01-20 20:20,,65.68,ABORTED
MV700463,SH100409,1,L-218,L-260,VIN159,D3117,2025-05-03 21:56,2025-05-04 06:50,155.09,DONE
MV700464,SH100410,1,L-212,L-204,VIN204,D3025,2025-01-28 20:22,2025-01-28 15:56,285.87,DONE
MV700465,SH100411,1,L-213,L-214,VIN164,D3039,2025-06-02 19:49,2025-06-02 14:25,299.35,DONE
MV700466,SH100412,1,L-226,L-232,VIN182,D3060,2025-05-29 20:58,2025-05-29 08:18,313.49,DONE
MV700467,SH100413,1,L-244,L-208,VIN178,D3037,2025-03-12 13:45,2025-03-13 12:20,94.97,DONE
MV700468,SH100414,1,L-239,L-205,VIN216,D3061,2025-02-12 16:50,2025-02-13 11:48,52.54,DONE
MV700469,SH100414,2,L-205,L-206,VIN111,D3071,2025-02-13 15:10,2025-02-14 16:50,233.36,DONE
MV700470,SH100414,3,L-206,L-243,VIN168,D3092,2025-02-14 14:38,,296.59,ABORTED
MV700471,SH100415,1,L-243,L-236,VIN210,D3112,2026-05-17 06:39,,404.88,PLANNED
MV700472,SH100416,1,L-237,L-243,VIN105,D3000,2025-09-02 21:39,2025-09-03 15:12,144.82,DONE
MV700473,SH100417,1,L-248,L-215,VIN188,D3007,2025-01-31 14:04,2025-02-01 10:28,263.23,DONE
MV700474,SH100418,1,L-220,L-225,VIN185,D3023,2025-04-10 17:26,2025-04-10 10:01,370.30,DONE
MV700475,SH100419,1,L-228,L-255,VIN168,D3096,2025-10-23 06:51,2025-10-24 19:18,91.19,DONE
MV700476,SH100420,1,L-227,L-240,VIN214,D3055,2025-10-28 15:45,2025-10-29 18:28,107.18,DONE
MV700477,SH100420,2,L-240,L-258,VIN164,D3116,2025-10-29 21:09,2025-10-29 13:28,391.01,DONE
MV700478,SH100421,1,L-242,L-211,VIN128,D3098,2025-11-09 10:19,2025-11-09 10:10,329.20,DONE
MV700479,SH100421,2,L-211,L-206,VIN167,D3054,2025-11-09 15:21,2025-11-09 07:04,78.90,DONE
MV700480,SH100421,3,L-206,L-232,VIN128,D3093,2025-11-10 18:39,2025-11-10 08:40,36.60,DONE
MV700481,SH100422,1,L-214,L-208,VIN152,D3061,2025-01-27 09:20,2025-01-27 20:46,225.82,DONE
MV700482,SH100423,1,L-206,L-219,VIN140,D3071,2025-02-21 06:01,2025-02-22 17:37,279.49,DONE
MV700483,SH100424,1,L-253,L-258,VIN203,D3119,2025-08-13 21:32,2025-08-13 09:34,373.36,DONE
MV700484,SH100425,1,L-247,L-240,VIN212,D3075,2025-12-08 16:06,2025-12-08 07:49,307.36,DONE
MV700485,SH100427,1,L-245,L-242,VIN171,D3099,2025-03-11 15:57,2025-03-11 14:44,40.69,DONE
MV700486,SH100428,1,L-212,L-240,VIN146,D3078,2025-08-09 09:58,2025-08-10 15:09,301.10,DONE
MV700487,SH100430,1,L-246,L-257,VIN172,D3016,2025-02-09 21:02,,361.68,ABORTED
MV700488,SH100431,1,L-246,L-234,VIN167,D3002,2025-01-08 13:37,2025-01-08 07:01,98.05,DONE
MV700489,SH100432,1,L-253,L-251,VIN142,D3097,2025-10-29 13:49,2025-10-30 15:57,85.51,DONE
MV700490,SH100432,2,L-251,L-210,VIN199,D3081,2025-10-30 20:20,2025-10-30 14:56,156.02,DONE
MV700491,SH100432,3,L-210,L-216,VIN152,D3091,2025-10-31 10:21,2025-10-31 11:51,301.05,DONE
MV700492,SH100433,1,L-204,L-231,VIN193,D3013,2026-03-22 09:49,2026-03-22 12:55,50.35,DONE
MV700493,SH100435,1,L-222,L-217,VIN154,D3035,2025-02-10 12:48,2025-02-10 21:28,152.05,DONE
MV700494,SH100436,1,L-210,L-235,VIN200,D3049,2025-08-25 13:06,2025-08-25 21:21,319.53,DONE
MV700495,SH100437,1,L-256,L-231,VIN147,D3026,2025-06-07 17:59,2025-06-08 06:59,224.23,DONE
MV700496,SH100438,1,L-208,L-230,VIN152,D3057,2025-10-05 18:15,2025-10-05 18:19,199.32,DONE
MV700497,SH100438,2,L-230,L-245,VIN184,D3088,2025-10-06 12:42,2025-10-06 19:27,131.35,DONE
MV700498,SH100439,1,L-234,L-203,VIN148,D3046,2026-03-01 10:28,2026-03-02 21:24,389.33,DONE
MV700499,SH100440,1,L-247,L-201,VIN161,D3052,2026-04-06 19:30,2026-04-07 18:34,285.61,DONE
MV700500,SH100440,2,L-201,L-217,VIN110,D3095,2026-04-07 07:35,2026-04-07 21:05,134.03,DONE
MV700501,SH100441,1,L-217,L-260,VIN149,D3095,2025-01-19 09:44,2025-01-19 12:07,79.38,DONE
MV700502,SH100441,2,L-260,L-218,VIN174,D3088,2025-01-20 18:03,2025-01-21 15:33,385.17,DONE
MV700503,SH100442,1,L-212,L-226,VIN213,D3112,2025-11-18 14:54,2025-11-18 08:49,153.73,DONE
MV700504,SH100443,1,L-247,L-215,VIN194,D3027,2026-02-20 09:54,2026-02-20 14:41,199.18,DONE
MV700505,SH100444,1,L-225,L-260,VIN181,D3022,2025-12-27 17:35,2025-12-28 06:33,104.00,DONE
MV700506,SH100446,1,L-239,L-207,VIN188,D3039,2025-01-26 07:11,2025-01-26 16:56,283.63,DONE
MV700507,SH100447,1,L-225,L-251,VIN101,D3049,2026-03-30 11:12,2026-03-31 20:05,167.75,DONE
MV700508,SH100448,1,L-201,L-257,VIN166,D3114,2025-09-06 20:38,2025-09-06 15:28,365.38,DONE
MV700509,SH100449,1,L-256,L-257,VIN114,D3040,2025-07-22 21:46,2025-07-22 11:27,76.07,DONE
MV700510,SH100450,1,L-246,L-206,VIN200,D3072,2025-10-17 07:05,2025-10-17 14:40,133.07,DONE
MV700511,SH100450,2,L-206,L-212,VIN175,D3105,2025-10-17 10:34,2025-10-18 20:36,293.57,DONE
MV700512,SH100451,1,L-219,L-254,VIN113,D3077,2025-10-10 14:47,2025-10-10 17:20,389.05,DONE
MV700513,SH100452,1,L-212,L-226,VIN217,D3005,2026-03-08 12:49,2026-03-08 08:25,315.03,DONE
MV700514,SH100452,2,L-226,L-254,VIN151,D3118,2026-03-09 20:45,2026-03-09 15:12,344.29,DONE
MV700515,SH100453,1,L-225,L-239,VIN125,D3073,2025-04-10 07:23,,150.41,PLANNED
MV700516,SH100454,1,L-242,L-222,VIN201,D3091,2025-03-21 10:51,2025-03-21 12:08,92.25,DONE
MV700517,SH100455,1,L-227,L-253,VIN156,D3110,2025-12-15 13:20,2025-12-15 10:43,127.10,DONE
MV700518,SH100456,1,L-233,L-231,VIN124,D3090,2026-02-21 20:11,2026-02-21 15:10,282.59,DONE
MV700519,SH100457,1,L-231,L-252,VIN147,D3074,2025-12-30 14:02,2025-12-31 17:25,168.67,DONE
MV700520,SH100458,1,L-255,L-244,VIN172,D3086,2026-02-22 15:20,2026-02-22 12:57,262.34,DONE
MV700521,SH100459,1,L-249,L-210,VIN112,D3041,2026-01-29 10:30,2026-01-29 14:49,78.07,DONE
MV700522,SH100460,1,L-238,L-209,VIN150,D3076,2025-08-29 08:29,2025-08-29 11:55,320.80,DONE
MV700523,SH100461,1,L-205,L-232,VIN175,D3087,2026-05-01 19:34,2026-05-02 15:14,346.82,DONE
MV700524,SH100462,1,L-205,L-215,VIN140,D3077,2026-03-04 21:36,2026-03-04 15:43,283.78,DONE
MV700525,SH100462,2,L-215,L-208,VIN160,D3097,2026-03-05 10:23,2026-03-05 08:33,293.17,DONE
MV700526,SH100463,1,L-215,L-251,VIN111,D3117,2025-10-22 11:13,2025-10-23 19:14,173.31,DONE
MV700527,SH100463,2,L-251,L-236,VIN118,D3022,2025-10-23 13:36,2025-10-23 21:14,78.74,DONE
MV700528,SH100465,1,L-231,L-215,VIN122,D3076,2025-01-02 17:29,2025-01-02 13:14,362.74,DONE
MV700529,SH100465,2,L-215,L-245,VIN172,D3093,2025-01-03 21:15,2025-01-04 11:28,33.94,DONE
MV700530,SH100466,1,L-241,L-228,VIN126,D3020,2025-12-24 12:23,2025-12-24 21:48,106.38,DONE
MV700531,SH100467,1,L-250,L-210,VIN123,D3098,2025-06-21 12:30,2025-06-22 16:41,316.20,DONE
MV700532,SH100467,2,L-210,L-235,VIN179,D3013,2025-06-22 11:14,2025-06-22 20:54,105.07,DONE
MV700533,SH100467,3,L-235,L-212,VIN109,D3049,2025-06-23 06:16,2025-06-24 16:50,237.41,DONE
MV700534,SH100469,1,L-207,L-260,VIN142,D3050,2025-12-29 06:42,2025-12-29 21:46,44.81,DONE
MV700535,SH100470,1,L-256,L-229,VIN162,D3069,2025-06-28 16:35,2025-06-28 20:22,243.49,DONE
MV700536,SH100471,1,L-218,L-246,VIN135,D3006,2025-01-14 15:47,2025-01-15 12:02,389.40,DONE
MV700537,SH100471,2,L-246,L-235,VIN150,D3043,2025-01-15 13:58,2025-01-15 17:33,365.16,DONE
MV700538,SH100472,1,L-241,L-238,VIN138,D3011,2025-06-22 14:24,2025-06-23 06:52,79.99,DONE
MV700539,SH100473,1,L-233,L-235,VIN205,D3083,2025-09-12 11:36,2025-09-12 07:16,338.35,DONE
MV700540,SH100474,1,L-215,L-218,VIN214,D3097,2026-01-10 12:24,2026-01-10 12:22,57.55,DONE
MV700541,SH100475,1,L-257,L-252,VIN215,D3114,2025-06-03 17:15,2025-06-03 14:20,309.72,DONE
MV700542,SH100476,1,L-232,L-220,VIN103,D3117,2025-01-04 08:21,2025-01-04 12:13,371.03,DONE
MV700543,SH100476,2,L-220,L-221,VIN143,D3035,2025-01-04 08:41,2025-01-05 21:31,405.84,DONE
MV700544,SH100477,1,L-254,L-215,VIN203,D3002,2026-01-28 21:29,2026-01-28 19:24,398.01,DONE
MV700545,SH100477,2,L-215,L-259,VIN196,D3046,2026-01-29 16:25,2026-01-30 07:37,175.07,DONE
MV700546,SH100478,1,L-217,L-247,VIN176,D3041,2025-08-23 08:49,2025-08-24 08:55,60.16,DONE
MV700547,SH100479,1,L-252,L-235,VIN212,D3042,2025-11-14 17:22,2025-11-14 14:12,321.00,DONE
MV700548,SH100480,1,L-209,L-222,VIN198,D3022,2025-11-21 20:22,2025-11-21 21:34,160.27,DONE
MV700549,SH100481,1,L-216,L-222,VIN131,D3099,2026-03-08 11:47,,247.36,PLANNED
MV700550,SH100482,1,L-249,L-225,VIN120,D3067,2025-04-13 06:38,2025-04-14 10:44,376.81,DONE
MV700551,SH100483,1,L-234,L-249,VIN150,D3045,2025-12-04 17:45,,338.96,PLANNED
MV700552,SH100484,1,L-204,L-241,VIN128,D3002,2025-07-24 15:27,2025-07-24 13:48,109.15,DONE
MV700553,SH100485,1,L-245,L-237,VIN192,D3034,2026-02-12 07:32,2026-02-13 09:56,107.95,DONE
MV700554,SH100486,1,L-250,L-220,VIN180,D3104,2025-01-13 19:47,2025-01-14 14:36,33.97,DONE
MV700555,SH100490,1,L-206,L-208,VIN196,D3040,2025-09-09 15:34,2025-09-10 16:36,150.14,DONE
MV700556,SH100491,1,L-250,L-230,VIN130,D3013,2026-01-15 20:43,2026-01-15 10:48,85.78,DONE
MV700557,SH100491,2,L-230,L-228,VIN170,D3010,2026-01-16 17:38,2026-01-16 09:09,124.48,DONE
MV700558,SH100492,1,L-244,L-206,VIN135,D3111,2025-05-18 13:20,2025-05-18 14:58,186.13,DONE
MV700559,SH100493,1,L-205,L-208,VIN126,D3036,2025-04-23 15:56,2025-04-23 09:51,285.18,DONE
MV700560,SH100494,1,L-209,L-254,VIN102,D3087,2025-03-03 17:18,2025-03-03 07:05,41.27,DONE
MV700561,SH100495,1,L-212,L-246,VIN164,D3055,2025-08-17 15:25,2025-08-17 09:40,200.41,DONE
MV700562,SH100495,2,L-246,L-203,VIN127,D3059,2025-08-17 10:16,2025-08-18 21:10,110.85,DONE
MV700563,SH100496,1,L-248,L-233,VIN122,D3114,2025-10-15 06:37,,297.32,ABORTED
MV700564,SH100497,1,L-239,L-222,VIN204,D3099,2026-01-29 09:57,2026-01-29 10:11,52.26,DONE
MV700565,SH100498,1,L-243,L-229,VIN133,D3017,2025-09-22 14:44,2025-09-22 18:39,215.91,DONE
MV700566,SH100499,1,L-245,L-258,VIN191,D3055,2025-05-06 06:36,2025-05-07 15:31,321.36,DONE
MV700567,SH100500,1,L-224,L-207,VIN115,D3111,2025-08-21 19:06,2025-08-21 20:45,41.35,DONE
MV700568,SH100501,1,L-207,L-250,VIN162,D3028,2025-03-14 14:30,2025-03-14 20:39,110.51,DONE
MV700569,SH100501,2,L-250,L-216,VIN154,D3078,2025-03-14 12:35,2025-03-15 13:32,319.96,DONE
MV700570,SH100502,1,L-257,L-211,VIN192,D3016,2025-01-11 07:52,2025-01-11 21:59,65.72,DONE
MV700571,SH100504,1,L-229,L-208,VIN165,D3033,2025-07-10 13:45,2025-07-10 11:34,367.82,DONE
MV700572,SH100505,1,L-226,L-251,VIN125,D3082,2025-02-13 20:11,2025-02-13 15:27,274.52,DONE
MV700573,SH100505,2,L-251,L-240,VIN214,D3048,2025-02-14 18:08,2025-02-14 18:07,212.61,DONE
MV700574,SH100505,3,L-240,L-233,VIN169,D3070,2025-02-15 18:59,2025-02-15 06:32,242.95,DONE
MV700575,SH100506,1,L-241,L-260,VIN141,D3085,2026-01-07 11:57,2026-01-07 10:10,361.70,DONE
MV700576,SH100506,2,L-260,L-254,VIN182,D3008,2026-01-07 17:45,2026-01-08 09:10,184.08,DONE
MV700577,SH100507,1,L-210,L-202,VIN171,D3105,2025-08-15 11:56,2025-08-15 18:43,42.66,DONE
MV700578,SH100508,1,L-212,L-222,VIN188,D3093,2025-08-08 13:01,2025-08-09 12:04,49.41,DONE
MV700579,SH100509,1,L-231,L-209,VIN155,D3044,2025-08-03 12:20,2025-08-03 12:21,295.85,DONE
MV700580,SH100510,1,L-230,L-208,VIN139,D3103,2025-10-24 21:46,2025-10-25 11:48,59.68,DONE
MV700581,SH100511,1,L-209,L-207,VIN176,D3059,2025-12-09 19:22,2025-12-10 19:37,212.58,DONE
MV700582,SH100512,1,L-250,L-249,VIN216,D3064,2026-02-01 07:47,2026-02-02 15:38,338.29,DONE
MV700583,SH100513,1,L-233,L-256,VIN114,D3088,2026-01-28 17:58,2026-01-28 18:24,355.33,DONE
MV700584,SH100514,1,L-205,L-216,VIN203,D3021,2026-05-10 21:59,2026-05-11 09:11,265.63,DONE
MV700585,SH100514,2,L-216,L-231,VIN126,D3006,2026-05-10 16:50,2026-05-10 14:32,190.08,DONE
MV700586,SH100514,3,L-231,L-253,VIN135,D3103,2026-05-11 13:39,2026-05-11 21:27,202.61,DONE
MV700587,SH100515,1,L-216,L-215,VIN121,D3068,2025-02-27 16:22,2025-02-27 20:07,59.92,DONE
MV700588,SH100515,2,L-215,L-242,VIN119,D3039,2025-02-27 18:15,2025-02-27 16:39,235.99,DONE
MV700589,SH100516,1,L-252,L-215,VIN178,D3066,2025-06-19 12:29,2025-06-19 17:50,57.39,DONE
MV700590,SH100516,2,L-215,L-249,VIN180,D3119,2025-06-19 19:58,2025-06-19 18:46,396.63,DONE
MV700591,SH100517,1,L-248,L-214,VIN142,D3075,2025-10-04 14:10,2025-10-05 13:54,201.49,DONE
MV700592,SH100518,1,L-260,L-255,VIN172,D3103,2025-07-06 14:34,2025-07-07 10:29,106.87,DONE
MV700593,SH100519,1,L-238,L-246,VIN212,D3033,2025-11-08 15:24,2025-11-08 06:04,98.03,DONE
MV700594,SH100520,1,L-258,L-205,VIN100,D3045,2025-12-08 18:42,2025-12-09 11:15,381.95,DONE
MV700595,SH100521,1,L-236,L-250,VIN122,D3030,2025-09-23 13:03,2025-09-23 06:10,219.74,DONE
MV700596,SH100521,2,L-250,L-226,VIN187,D3008,2025-09-24 12:47,,166.80,ABORTED
MV700597,SH100522,1,L-246,L-245,VIN183,D3062,2025-08-14 09:05,2025-08-14 17:35,33.55,DONE
MV700598,SH100522,2,L-245,L-226,VIN192,D3066,2025-08-15 21:39,2025-08-15 07:38,152.48,DONE
MV700599,SH100522,3,L-226,L-242,VIN151,D3114,2025-08-16 15:57,2025-08-16 08:35,323.53,DONE
MV700600,SH100523,1,L-216,L-212,VIN142,D3017,2025-04-30 15:49,2025-04-30 16:01,281.87,DONE
MV700601,SH100524,1,L-238,L-248,VIN203,D3027,2025-09-06 19:42,2025-09-06 14:21,43.73,DONE
MV700602,SH100525,1,L-220,L-226,VIN173,D3111,2025-05-02 12:14,2025-05-03 12:13,188.89,DONE
MV700603,SH100526,1,L-224,L-211,VIN121,D3097,2025-11-12 12:32,,42.27,ABORTED
MV700604,SH100527,1,L-237,L-211,VIN140,D3034,2026-01-23 07:34,2026-01-23 13:48,91.36,DONE
MV700605,SH100527,2,L-211,L-205,VIN131,D3065,2026-01-23 08:24,2026-01-24 20:35,189.07,DONE
MV700606,SH100527,3,L-205,L-229,VIN121,D3071,2026-01-23 10:52,2026-01-23 16:10,212.44,DONE
MV700607,SH100528,1,L-209,L-206,VIN203,D3003,2025-06-02 09:50,2025-06-03 10:21,396.23,DONE
MV700608,SH100529,1,L-227,L-257,VIN139,D3001,2026-01-20 06:22,2026-01-20 20:20,342.98,DONE
MV700609,SH100530,1,L-222,L-210,VIN218,D3104,2025-07-10 20:27,2025-07-11 20:43,78.93,DONE
MV700610,SH100530,2,L-210,L-206,VIN160,D3108,2025-07-11 20:26,2025-07-12 19:50,348.26,DONE
MV700611,SH100531,1,L-233,L-220,VIN162,D3096,2025-02-12 15:34,2025-02-12 18:42,386.84,DONE
MV700612,SH100532,1,L-235,L-227,VIN172,D3018,2025-11-26 14:55,2025-11-26 15:26,218.39,DONE
MV700613,SH100533,1,L-259,L-241,VIN202,D3073,2025-02-11 13:56,2025-02-12 19:33,104.35,DONE
MV700614,SH100534,1,L-241,L-225,VIN127,D3032,2025-02-09 07:25,,101.83,PLANNED
MV700615,SH100535,1,L-224,L-250,VIN154,D3096,2026-02-12 11:26,2026-02-12 12:22,201.33,DONE
MV700616,SH100535,2,L-250,L-226,VIN155,D3052,2026-02-13 21:27,2026-02-14 21:23,274.82,DONE
MV700617,SH100535,3,L-226,L-228,VIN150,D3019,2026-02-13 09:07,2026-02-13 13:30,184.94,DONE
MV700618,SH100536,1,L-217,L-211,VIN189,D3087,2025-12-03 08:17,2025-12-03 10:11,78.35,DONE
MV700619,SH100538,1,L-232,L-221,VIN100,D3054,2025-10-27 12:39,2025-10-27 07:39,229.93,DONE
MV700620,SH100538,2,L-221,L-241,VIN119,D3049,2025-10-28 11:11,2025-10-28 06:38,181.05,DONE
MV700621,SH100539,1,L-239,L-219,VIN158,D3069,2025-01-12 21:23,2025-01-13 17:58,379.71,DONE
MV700622,SH100540,1,L-254,L-208,VIN187,D3025,2025-09-04 19:10,2025-09-05 12:03,155.37,DONE
MV700623,SH100541,1,L-254,L-250,VIN124,D3062,2025-08-09 17:07,2025-08-10 14:38,347.06,DONE
MV700624,SH100541,2,L-250,L-215,VIN125,D3092,2025-08-09 14:28,2025-08-10 16:29,219.79,DONE
MV700625,SH100541,3,L-215,L-239,VIN157,D3086,2025-08-10 10:00,2025-08-11 09:44,279.23,DONE
MV700626,SH100542,1,L-205,L-252,VIN205,D3029,2025-09-05 19:41,2025-09-05 20:36,243.28,DONE
MV700627,SH100543,1,L-235,L-220,VIN184,D3027,2025-10-30 10:48,2025-10-31 13:11,130.97,DONE
MV700628,SH100543,2,L-220,L-241,VIN213,D3031,2025-10-30 10:04,2025-10-30 14:43,373.14,DONE
MV700629,SH100544,1,L-256,L-215,VIN115,D3004,2025-06-01 14:52,2025-06-02 21:58,144.23,DONE
MV700630,SH100545,1,L-251,L-246,VIN118,D3066,2025-01-21 17:25,2025-01-21 12:08,376.57,DONE
MV700631,SH100545,2,L-246,L-246,VIN115,D3045,2025-01-21 10:19,2025-01-21 07:40,349.62,DONE
MV700632,SH100546,1,L-230,L-260,VIN200,D3056,2025-02-08 16:18,2025-02-08 06:35,283.13,DONE
MV700633,SH100547,1,L-242,L-258,VIN126,D3000,2025-05-07 13:22,2025-05-08 14:41,273.35,DONE
MV700634,SH100548,1,L-207,L-210,VIN163,D3019,2025-05-31 15:23,,388.53,ABORTED
MV700635,SH100549,1,L-208,L-213,VIN100,D3026,2025-11-26 10:23,2025-11-27 17:24,225.35,DONE
MV700636,SH100550,1,L-229,L-259,VIN186,D3081,2025-09-21 20:45,2025-09-21 06:31,275.28,DONE
MV700637,SH100551,1,L-256,L-246,VIN174,D3116,2026-05-07 12:55,2026-05-08 10:37,112.47,DONE
MV700638,SH100551,2,L-246,L-255,VIN157,D3096,2026-05-08 20:50,2026-05-09 18:28,69.83,DONE
MV700639,SH100551,3,L-255,L-203,VIN182,D3072,2026-05-09 08:34,2026-05-10 11:44,331.27,DONE
MV700640,SH100552,1,L-258,L-256,VIN176,D3064,2025-04-25 17:36,2025-04-26 14:56,286.16,DONE
MV700641,SH100552,2,L-256,L-227,VIN108,D3057,2025-04-26 19:10,2025-04-26 10:17,226.92,DONE
MV700642,SH100553,1,L-211,L-216,VIN210,D3020,2025-06-21 20:28,2025-06-21 16:58,254.91,DONE
MV700643,SH100554,1,L-219,L-235,VIN106,D3070,2026-03-23 15:50,2026-03-23 08:31,294.64,DONE
MV700644,SH100555,1,L-257,L-209,VIN133,D3117,2025-08-12 14:26,2025-08-12 14:38,49.58,DONE
MV700645,SH100556,1,L-217,L-210,VIN199,D3114,2026-03-15 21:25,2026-03-15 18:54,242.17,DONE
MV700646,SH100557,1,L-236,L-213,VIN156,D3084,2025-04-07 17:21,,331.09,ABORTED
MV700647,SH100558,1,L-245,L-244,VIN219,D3014,2025-10-31 10:35,2025-10-31 06:47,130.21,DONE
MV700648,SH100559,1,L-244,L-245,VIN168,D3029,2025-05-09 12:48,2025-05-09 15:00,178.35,DONE
MV700649,SH100560,1,L-251,L-242,VIN129,D3092,2026-01-25 14:08,2026-01-25 21:23,314.14,DONE
MV700650,SH100561,1,L-210,L-243,VIN207,D3042,2025-06-12 10:13,2025-06-13 09:52,397.43,DONE
MV700651,SH100562,1,L-224,L-256,VIN171,D3051,2025-04-28 14:04,2025-04-29 11:59,114.87,DONE
MV700652,SH100562,2,L-256,L-257,VIN175,D3112,2025-04-29 19:14,2025-04-29 14:59,63.24,DONE
MV700653,SH100563,1,L-229,L-257,VIN181,D3049,2025-07-19 12:47,2025-07-19 08:20,98.35,DONE
MV700654,SH100564,1,L-224,L-242,VIN124,D3011,2026-04-30 13:19,2026-04-30 08:30,377.80,DONE
MV700655,SH100565,1,L-215,L-246,VIN178,D3074,2025-10-07 17:13,2025-10-07 15:24,403.65,DONE
MV700656,SH100565,2,L-246,L-250,VIN104,D3039,2025-10-08 20:56,2025-10-09 07:13,104.64,DONE
MV700657,SH100566,1,L-231,L-248,VIN185,D3045,2025-04-13 13:44,2025-04-13 11:22,356.23,DONE
MV700658,SH100567,1,L-209,L-201,VIN144,D3008,2025-11-19 21:29,2025-11-19 11:02,105.10,DONE
MV700659,SH100567,2,L-201,L-215,VIN140,D3016,2025-11-19 14:33,2025-11-19 10:49,102.92,DONE
MV700660,SH100568,1,L-235,L-244,VIN203,D3023,2025-03-08 11:39,2025-03-08 21:53,305.33,DONE
MV700661,SH100569,1,L-239,L-232,VIN218,D3011,2025-10-11 18:46,2025-10-11 19:59,312.83,DONE
MV700662,SH100570,1,L-251,L-212,VIN192,D3051,2025-05-02 10:26,2025-05-02 16:05,212.50,DONE
MV700663,SH100571,1,L-211,L-209,VIN103,D3060,2025-11-28 06:37,2025-11-28 08:21,82.20,DONE
MV700664,SH100572,1,L-228,L-209,VIN188,D3092,2025-02-14 15:40,2025-02-14 11:36,199.17,DONE
MV700665,SH100573,1,L-215,L-245,VIN188,D3001,2025-09-13 11:30,2025-09-13 07:15,32.23,DONE
MV700666,SH100574,1,L-242,L-208,VIN218,D3078,2026-04-18 12:37,2026-04-18 11:15,179.11,DONE
MV700667,SH100575,1,L-202,L-235,VIN109,D3115,2025-07-29 11:29,2025-07-29 08:39,61.74,DONE
MV700668,SH100575,2,L-235,L-218,VIN207,D3027,2025-07-30 11:23,2025-07-30 19:09,120.35,DONE
MV700669,SH100576,1,L-245,L-221,VIN182,D3014,2025-07-17 08:14,2025-07-17 21:37,327.71,DONE
MV700670,SH100576,2,L-221,L-248,VIN159,D3093,2025-07-18 10:02,,266.36,PLANNED
MV700671,SH100577,1,L-244,L-250,VIN115,D3117,2025-03-19 06:20,2025-03-20 12:02,176.50,DONE
MV700672,SH100578,1,L-226,L-221,VIN123,D3005,2025-12-26 06:22,,250.90,ABORTED
MV700673,SH100579,1,L-216,L-228,VIN198,D3017,2025-04-03 15:03,2025-04-03 19:21,223.76,DONE
MV700674,SH100580,1,L-254,L-240,VIN217,D3006,2025-02-20 09:07,2025-02-20 16:55,390.87,DONE
MV700675,SH100581,1,L-209,L-216,VIN208,D3116,2025-04-30 12:17,2025-04-30 14:32,296.72,DONE
MV700676,SH100581,2,L-216,L-205,VIN118,D3051,2025-05-01 14:33,2025-05-02 16:08,33.51,DONE
MV700677,SH100582,1,L-254,L-253,VIN139,D3049,2025-03-31 17:51,2025-03-31 08:41,213.23,DONE
MV700678,SH100583,1,L-219,L-214,VIN137,D3074,2025-12-30 17:52,2025-12-30 08:06,60.06,DONE
MV700679,SH100584,1,L-201,L-211,VIN161,D3072,2025-10-28 16:14,2025-10-29 15:46,169.67,DONE
MV700680,SH100585,1,L-249,L-245,VIN131,D3044,2026-03-07 07:01,2026-03-08 17:59,63.01,DONE
MV700681,SH100586,1,L-231,L-247,VIN195,D3116,2026-03-14 09:35,2026-03-15 14:02,56.73,DONE
MV700682,SH100587,1,L-209,L-240,VIN167,D3087,2025-06-09 11:00,2025-06-10 06:16,399.27,DONE
MV700683,SH100588,1,L-228,L-251,VIN100,D3063,2025-03-18 10:41,2025-03-19 14:27,171.29,DONE
MV700684,SH100589,1,L-226,L-255,VIN167,D3055,2025-12-30 18:34,2025-12-30 06:19,193.96,DONE
MV700685,SH100589,2,L-255,L-214,VIN162,D3093,2025-12-31 08:26,2025-12-31 18:56,221.05,DONE
MV700686,SH100590,1,L-253,L-216,VIN198,D3088,2025-01-19 14:13,,46.75,PLANNED
MV700687,SH100591,1,L-215,L-230,VIN130,D3052,2025-09-15 07:18,2025-09-15 13:06,73.78,DONE
MV700688,SH100591,2,L-230,L-205,VIN193,D3056,2025-09-16 16:17,2025-09-16 15:30,91.31,DONE
MV700689,SH100592,1,L-253,L-201,VIN157,D3017,2025-06-13 15:05,,47.86,ABORTED
MV700690,SH100593,1,L-245,L-252,VIN143,D3052,2025-09-26 09:45,2025-09-26 17:06,158.94,DONE
MV700691,SH100594,1,L-241,L-247,VIN216,D3029,2025-12-11 17:42,2025-12-11 08:41,171.86,DONE
MV700692,SH100595,1,L-224,L-245,VIN194,D3038,2025-08-21 13:17,2025-08-21 15:13,383.79,DONE
MV700693,SH100596,1,L-226,L-216,VIN157,D3047,2025-10-07 17:36,2025-10-08 15:05,191.46,DONE
MV700694,SH100597,1,L-209,L-201,VIN171,D3018,2025-06-01 06:16,2025-06-01 17:59,60.66,DONE
MV700695,SH100598,1,L-230,L-246,VIN119,D3117,2025-07-08 18:08,2025-07-08 12:22,287.81,DONE
MV700696,SH100598,2,L-246,L-250,VIN164,D3074,2025-07-08 09:47,2025-07-08 13:29,122.75,DONE
MV700697,SH100598,3,L-250,L-206,VIN112,D3041,2025-07-09 16:48,2025-07-10 21:09,408.12,DONE
MV700698,SH100599,1,L-256,L-201,VIN157,D3031,2026-02-28 10:46,2026-02-28 07:40,222.80,DONE
MV700699,SH100600,1,L-229,L-237,VIN110,D3093,2025-12-30 17:39,2025-12-30 08:06,61.17,DONE
MV700700,SH100601,1,L-218,L-234,VIN180,D3003,2025-10-05 08:21,2025-10-05 21:02,289.63,DONE
MV700701,SH100602,1,L-254,L-230,VIN167,D3082,2025-08-16 21:34,2025-08-16 06:31,248.78,DONE
MV700702,SH100602,2,L-230,L-232,VIN174,D3074,2025-08-16 09:50,2025-08-16 14:18,360.21,DONE
MV700703,SH100603,1,L-243,L-236,VIN163,D3095,2025-12-31 19:17,2026-01-01 16:35,230.00,DONE
MV700704,SH100604,1,L-215,L-221,VIN197,D3093,2025-08-10 10:32,2025-08-10 21:08,213.40,DONE
MV700705,SH100604,2,L-221,L-229,VIN170,D3035,2025-08-10 08:42,2025-08-11 20:46,40.01,DONE
MV700706,SH100606,1,L-216,L-260,VIN187,D3038,2026-05-04 06:08,2026-05-05 21:55,94.12,DONE
MV700707,SH100606,2,L-260,L-225,VIN116,D3056,2026-05-05 17:02,2026-05-05 18:17,210.48,DONE
MV700708,SH100606,3,L-225,L-215,VIN121,D3039,2026-05-06 18:30,2026-05-06 10:21,266.48,DONE
MV700709,SH100609,1,L-229,L-257,VIN217,D3019,2026-01-23 11:17,2026-01-23 06:44,84.73,DONE
MV700710,SH100610,1,L-210,L-245,VIN102,D3066,2025-03-20 17:02,2025-03-21 19:14,331.12,DONE
MV700711,SH100611,1,L-216,L-202,VIN129,D3028,2025-12-10 20:49,2025-12-10 08:19,132.46,DONE
MV700712,SH100612,1,L-215,L-247,VIN153,D3058,2025-02-03 09:31,2025-02-03 07:26,186.80,DONE
MV700713,SH100613,1,L-253,L-248,VIN218,D3065,2026-04-08 10:30,2026-04-08 12:32,31.98,DONE
MV700714,SH100614,1,L-243,L-230,VIN219,D3119,2025-02-01 08:01,2025-02-01 06:30,399.94,DONE
MV700715,SH100615,1,L-205,L-251,VIN184,D3048,2025-08-07 15:09,2025-08-08 09:41,334.68,DONE
MV700716,SH100616,1,L-247,L-236,VIN130,D3017,2025-09-30 10:26,2025-10-01 15:58,331.94,DONE
MV700717,SH100617,1,L-231,L-216,VIN174,D3017,2025-07-21 06:22,2025-07-21 08:24,101.04,DONE
MV700718,SH100618,1,L-248,L-205,VIN112,D3053,2025-09-08 13:43,2025-09-08 08:31,57.18,DONE
MV700719,SH100619,1,L-214,L-252,VIN109,D3034,2025-03-20 19:18,2025-03-20 06:12,88.16,DONE
MV700720,SH100620,1,L-245,L-213,VIN171,D3095,2025-01-06 20:12,2025-01-07 20:24,75.54,DONE
MV700721,SH100621,1,L-214,L-236,VIN149,D3027,2025-05-30 11:26,2025-05-30 20:47,349.36,DONE
MV700722,SH100622,1,L-207,L-226,VIN175,D3010,2026-03-29 21:27,2026-03-30 12:52,382.83,DONE
MV700723,SH100623,1,L-252,L-251,VIN102,D3019,2025-10-17 20:28,2025-10-18 09:56,115.54,DONE
MV700724,SH100623,2,L-251,L-243,VIN131,D3018,2025-10-18 06:28,2025-10-18 18:01,385.38,DONE
MV700725,SH100624,1,L-246,L-228,VIN160,D3042,2025-10-13 15:29,,351.62,PLANNED
MV700726,SH100625,1,L-231,L-251,VIN191,D3044,2025-10-25 09:59,,205.73,PLANNED
MV700727,SH100626,1,L-258,L-226,VIN101,D3111,2026-02-04 07:44,2026-02-05 20:49,299.80,DONE
MV700728,SH100627,1,L-238,L-202,VIN198,D3061,2026-02-20 18:06,2026-02-20 16:09,59.34,DONE
MV700729,SH100628,1,L-220,L-246,VIN213,D3063,2025-06-12 17:54,2025-06-13 07:42,54.15,DONE
MV700730,SH100629,1,L-224,L-219,VIN105,D3119,2025-03-30 12:36,2025-03-30 11:49,303.20,DONE
MV700731,SH100630,1,L-232,L-205,VIN198,D3093,2026-02-26 14:05,2026-02-26 18:29,396.40,DONE
MV700732,SH100630,2,L-205,L-209,VIN146,D3103,2026-02-27 11:59,2026-02-27 16:40,31.88,DONE
MV700733,SH100631,1,L-243,L-229,VIN190,D3048,2025-08-26 15:00,2025-08-26 17:48,135.36,DONE
MV700734,SH100632,1,L-257,L-233,VIN136,D3102,2026-04-30 07:40,,325.33,ABORTED
MV700735,SH100633,1,L-258,L-209,VIN123,D3002,2025-02-14 09:07,2025-02-15 17:16,265.19,DONE
MV700736,SH100634,1,L-237,L-256,VIN213,D3052,2025-05-17 10:16,2025-05-18 11:25,84.96,DONE
MV700737,SH100635,1,L-244,L-221,VIN158,D3038,2026-02-04 19:56,2026-02-05 10:56,178.36,DONE
MV700738,SH100636,1,L-258,L-236,VIN122,D3100,2025-04-22 11:33,,61.99,ABORTED
MV700739,SH100637,1,L-232,L-216,VIN148,D3024,2026-04-26 21:25,2026-04-26 10:44,113.53,DONE
MV700740,SH100637,2,L-216,L-239,VIN114,D3044,2026-04-26 10:25,2026-04-26 15:56,169.50,DONE
MV700741,SH100638,1,L-216,L-243,VIN129,D3064,2025-04-14 15:47,2025-04-15 21:24,343.30,DONE
MV700742,SH100639,1,L-258,L-202,VIN118,D3115,2025-10-29 20:24,,370.52,ABORTED
MV700743,SH100640,1,L-230,L-204,VIN126,D3014,2025-04-04 15:47,2025-04-05 09:26,346.84,DONE
MV700744,SH100641,1,L-234,L-240,VIN145,D3009,2026-05-05 18:03,2026-05-05 19:54,144.37,DONE
MV700745,SH100642,1,L-207,L-237,VIN209,D3014,2025-01-14 08:22,2025-01-14 16:47,401.91,DONE
MV700746,SH100643,1,L-236,L-218,VIN135,D3053,2025-09-20 14:59,2025-09-21 15:18,211.52,DONE
MV700747,SH100644,1,L-247,L-219,VIN136,D3070,2026-03-14 13:06,2026-03-14 17:20,77.87,DONE
MV700748,SH100645,1,L-211,L-241,VIN172,D3054,2025-07-05 13:47,2025-07-05 21:44,143.72,DONE
MV700749,SH100646,1,L-246,L-239,VIN169,D3061,2026-01-13 21:42,2026-01-14 21:27,169.18,DONE
MV700750,SH100647,1,L-242,L-249,VIN156,D3077,2025-08-12 12:30,2025-08-12 13:06,372.95,DONE
MV700751,SH100648,1,L-225,L-217,VIN142,D3006,2025-09-10 08:31,2025-09-11 09:21,182.14,DONE
MV700752,SH100649,1,L-260,L-232,VIN105,D3042,2026-04-18 21:15,2026-04-18 21:12,242.00,DONE
MV700753,SH100650,1,L-244,L-212,VIN150,D3063,2025-10-24 10:48,2025-10-24 08:24,46.69,DONE
MV700754,SH100651,1,L-215,L-245,VIN146,D3081,2026-04-16 07:56,2026-04-17 11:27,322.27,DONE
MV700755,SH100651,2,L-245,L-226,VIN174,D3097,2026-04-17 09:07,2026-04-17 18:24,149.16,DONE
MV700756,SH100651,3,L-226,L-236,VIN139,D3089,2026-04-18 11:48,2026-04-18 06:04,177.44,DONE
MV700757,SH100652,1,L-246,L-220,VIN141,D3087,2025-12-07 10:30,2025-12-07 20:58,159.38,DONE
MV700758,SH100652,2,L-220,L-235,VIN152,D3076,2025-12-08 07:21,2025-12-08 20:56,224.96,DONE
MV700759,SH100652,3,L-235,L-215,VIN217,D3067,2025-12-08 07:00,2025-12-08 19:47,35.76,DONE
MV700760,SH100653,1,L-207,L-260,VIN171,D3102,2025-10-07 16:54,2025-10-08 19:48,152.48,DONE
MV700761,SH100654,1,L-255,L-208,VIN182,D3092,2025-04-22 15:13,,229.17,ABORTED
MV700762,SH100655,1,L-214,L-246,VIN203,D3093,2025-05-13 10:00,2025-05-13 06:01,369.42,DONE
MV700763,SH100655,2,L-246,L-213,VIN118,D3006,2025-05-13 08:05,2025-05-13 07:48,128.32,DONE
MV700764,SH100656,1,L-255,L-238,VIN130,D3088,2025-10-09 13:15,2025-10-09 21:30,370.37,DONE
MV700765,SH100657,1,L-232,L-230,VIN167,D3079,2025-02-08 21:41,2025-02-09 20:06,49.56,DONE
MV700766,SH100658,1,L-202,L-233,VIN195,D3036,2026-05-08 15:52,2026-05-09 10:51,133.98,DONE
MV700767,SH100659,1,L-252,L-256,VIN179,D3056,2025-02-08 14:20,2025-02-08 09:10,340.49,DONE
MV700768,SH100660,1,L-243,L-221,VIN188,D3008,2026-02-05 08:07,2026-02-05 07:30,386.91,DONE
MV700769,SH100661,1,L-210,L-212,VIN155,D3086,2025-09-03 11:08,,166.97,PLANNED
MV700770,SH100662,1,L-257,L-220,VIN216,D3061,2025-05-18 10:45,2025-05-19 13:09,65.15,DONE
MV700771,SH100662,2,L-220,L-210,VIN207,D3027,2025-05-19 10:57,2025-05-20 16:30,364.50,DONE
MV700772,SH100663,1,L-228,L-237,VIN166,D3101,2026-03-21 12:12,2026-03-21 17:12,361.08,DONE
MV700773,SH100664,1,L-253,L-228,VIN120,D3078,2025-03-10 15:01,2025-03-10 11:28,401.09,DONE
MV700774,SH100665,1,L-258,L-222,VIN202,D3083,2025-08-13 17:34,2025-08-13 06:44,217.44,DONE
MV700775,SH100666,1,L-217,L-239,VIN219,D3022,2025-08-17 13:03,,154.58,PLANNED
MV700776,SH100669,1,L-220,L-240,VIN179,D3062,2025-08-22 15:12,2025-08-23 16:38,139.27,DONE
MV700777,SH100670,1,L-215,L-259,VIN214,D3038,2025-04-11 16:29,2025-04-11 13:39,332.65,DONE
MV700778,SH100671,1,L-257,L-245,VIN103,D3041,2025-11-23 07:10,2025-11-23 08:23,351.28,DONE
MV700779,SH100672,1,L-203,L-202,VIN178,D3073,2025-01-05 17:27,,318.85,ABORTED
MV700780,SH100673,1,L-220,L-251,VIN112,D3055,2025-12-25 21:34,2025-12-25 13:41,287.78,DONE
MV700781,SH100674,1,L-252,L-227,VIN188,D3072,2025-09-04 10:58,2025-09-05 17:33,89.25,DONE
MV700782,SH100675,1,L-260,L-245,VIN215,D3086,2025-04-25 09:33,2025-04-26 09:52,139.21,DONE
MV700783,SH100676,1,L-247,L-233,VIN208,D3039,2025-09-27 08:07,2025-09-28 18:45,50.76,DONE
MV700784,SH100677,1,L-258,L-234,VIN131,D3021,2025-08-09 10:29,2025-08-09 17:45,268.01,DONE
MV700785,SH100679,1,L-236,L-210,VIN101,D3022,2025-02-07 10:51,2025-02-08 12:07,125.67,DONE
MV700786,SH100680,1,L-260,L-241,VIN171,D3087,2026-02-26 17:00,2026-02-26 09:57,275.14,DONE
MV700787,SH100681,1,L-249,L-205,VIN192,D3082,2025-03-05 11:42,,301.78,PLANNED
MV700788,SH100682,1,L-225,L-248,VIN124,D3077,2025-07-18 18:24,2025-07-18 06:19,237.14,DONE
MV700789,SH100683,1,L-250,L-219,VIN144,D3032,2025-07-23 17:42,2025-07-24 17:11,29.50,DONE
MV700790,SH100684,1,L-209,L-238,VIN163,D3010,2026-04-19 08:07,2026-04-19 14:58,324.54,DONE
MV700791,SH100685,1,L-212,L-250,VIN208,D3076,2025-10-02 08:50,2025-10-03 16:18,45.33,DONE
MV700792,SH100686,1,L-253,L-240,VIN112,D3100,2025-04-04 18:47,2025-04-04 13:38,357.11,DONE
MV700793,SH100687,1,L-252,L-202,VIN219,D3072,2025-08-01 11:39,,323.50,PLANNED
MV700794,SH100688,1,L-250,L-216,VIN196,D3018,2025-01-12 21:00,2025-01-12 20:53,189.72,DONE
MV700795,SH100689,1,L-205,L-246,VIN180,D3010,2025-09-23 14:27,2025-09-23 09:41,168.34,DONE
MV700796,SH100689,2,L-246,L-230,VIN199,D3094,2025-09-23 08:34,2025-09-23 18:55,377.42,DONE
MV700797,SH100689,3,L-230,L-258,VIN207,D3089,2025-09-24 16:49,2025-09-25 13:22,67.94,DONE
MV700798,SH100690,1,L-204,L-231,VIN174,D3001,2026-01-18 13:31,2026-01-19 21:39,147.81,DONE
MV700799,SH100691,1,L-245,L-243,VIN151,D3002,2025-06-04 13:07,2025-06-04 10:54,30.90,DONE
MV700800,SH100692,1,L-215,L-221,VIN212,D3100,2026-02-13 16:21,,216.48,ABORTED
MV700801,SH100694,1,L-235,L-202,VIN141,D3117,2026-03-17 09:39,2026-03-18 17:48,230.52,DONE
MV700802,SH100695,1,L-220,L-226,VIN212,D3074,2025-04-06 09:40,2025-04-06 07:49,82.08,DONE
MV700803,SH100696,1,L-204,L-237,VIN185,D3096,2025-12-20 13:24,2025-12-20 15:26,118.74,DONE
MV700804,SH100697,1,L-215,L-241,VIN202,D3092,2025-01-14 09:38,2025-01-14 20:19,300.69,DONE
MV700805,SH100697,2,L-241,L-245,VIN166,D3119,2025-01-15 17:59,2025-01-15 20:19,208.13,DONE
MV700806,SH100698,1,L-257,L-237,VIN129,D3030,2026-01-05 10:54,2026-01-05 17:19,334.35,DONE
MV700807,SH100700,1,L-239,L-224,VIN184,D3111,2026-03-17 21:42,2026-03-17 09:56,63.55,DONE
MV700808,SH100701,1,L-248,L-215,VIN173,D3039,2025-08-16 08:45,2025-08-17 15:33,293.76,DONE
MV700809,SH100701,2,L-215,L-205,VIN150,D3026,2025-08-17 10:04,2025-08-17 19:52,109.28,DONE
MV700810,SH100702,1,L-231,L-253,VIN110,D3087,2025-10-04 13:50,2025-10-04 19:00,193.46,DONE
MV700811,SH100703,1,L-226,L-215,VIN139,D3010,2025-06-24 21:29,2025-06-25 12:55,372.26,DONE
MV700812,SH100704,1,L-244,L-248,VIN123,D3078,2025-04-19 12:59,2025-04-19 08:39,203.46,DONE
MV700813,SH100705,1,L-211,L-241,VIN134,D3059,2025-11-28 21:08,2025-11-28 07:19,156.48,DONE
MV700814,SH100706,1,L-245,L-230,VIN171,D3061,2025-06-10 12:37,2025-06-11 18:56,401.99,DONE
MV700815,SH100707,1,L-244,L-219,VIN197,D3096,2025-05-31 18:40,2025-05-31 13:05,315.82,DONE
MV700816,SH100708,1,L-215,L-241,VIN131,D3109,2026-02-09 10:30,2026-02-09 19:45,199.15,DONE
MV700817,SH100709,1,L-220,L-215,VIN149,D3061,2025-06-12 12:14,2025-06-13 10:29,238.23,DONE
MV700818,SH100710,1,L-209,L-225,VIN158,D3000,2026-01-20 07:15,2026-01-20 15:10,59.04,DONE
MV700819,SH100711,1,L-258,L-256,VIN183,D3114,2025-10-15 21:41,2025-10-15 07:28,308.66,DONE
MV700820,SH100712,1,L-245,L-251,VIN179,D3088,2025-10-20 12:18,2025-10-21 08:11,267.93,DONE
MV700821,SH100713,1,L-259,L-248,VIN116,D3018,2025-06-02 09:42,2025-06-02 11:23,151.67,DONE
MV700822,SH100714,1,L-250,L-256,VIN148,D3027,2025-09-26 21:30,2025-09-26 15:31,303.88,DONE
MV700823,SH100715,1,L-212,L-246,VIN193,D3014,2025-08-18 19:28,2025-08-18 09:51,84.87,DONE
MV700824,SH100716,1,L-209,L-226,VIN148,D3030,2025-04-13 09:55,2025-04-13 14:51,258.55,DONE
MV700825,SH100716,2,L-226,L-216,VIN217,D3038,2025-04-14 10:58,,366.01,PLANNED
MV700826,SH100718,1,L-253,L-237,VIN213,D3023,2026-01-12 14:01,2026-01-12 06:57,74.22,DONE
MV700827,SH100719,1,L-217,L-255,VIN120,D3099,2026-01-19 08:52,2026-01-20 17:31,339.19,DONE
MV700828,SH100720,1,L-205,L-211,VIN146,D3105,2025-10-16 06:41,2025-10-17 12:38,88.58,DONE
MV700829,SH100721,1,L-249,L-221,VIN116,D3075,2025-12-31 20:35,2025-12-31 11:04,196.87,DONE
MV700830,SH100723,1,L-254,L-229,VIN193,D3021,2026-04-13 15:59,,217.91,ABORTED
MV700831,SH100725,1,L-219,L-211,VIN109,D3061,2025-09-08 12:32,2025-09-09 16:24,285.00,DONE
MV700832,SH100726,1,L-238,L-229,VIN123,D3099,2025-01-29 10:21,2025-01-29 16:00,380.86,DONE
MV700833,SH100727,1,L-231,L-259,VIN177,D3043,2025-08-21 14:36,2025-08-21 15:22,224.25,DONE
MV700834,SH100728,1,L-248,L-244,VIN140,D3063,2026-03-03 09:23,2026-03-03 16:43,350.19,DONE
MV700835,SH100729,1,L-260,L-236,VIN149,D3028,2026-04-26 15:18,2026-04-26 08:30,292.97,DONE
MV700836,SH100730,1,L-242,L-216,VIN104,D3038,2025-04-16 21:10,2025-04-16 17:49,147.52,DONE
MV700837,SH100732,1,L-227,L-212,VIN141,D3021,2025-06-29 21:32,2025-06-29 16:33,100.94,DONE
MV700838,SH100733,1,L-257,L-214,VIN218,D3066,2025-06-04 11:04,2025-06-04 18:54,380.59,DONE
MV700839,SH100734,1,L-253,L-227,VIN150,D3062,2026-02-07 08:30,2026-02-07 20:34,333.65,DONE
MV700840,SH100735,1,L-207,L-213,VIN184,D3078,2025-07-02 18:52,2025-07-02 18:48,403.67,DONE
MV700841,SH100736,1,L-241,L-221,VIN218,D3024,2025-10-05 16:30,2025-10-05 14:28,365.50,DONE
MV700842,SH100737,1,L-258,L-257,VIN135,D3007,2025-05-11 18:07,2025-05-12 10:49,255.57,DONE
MV700843,SH100738,1,L-254,L-246,VIN128,D3049,2025-01-21 11:46,2025-01-21 16:57,393.00,DONE
MV700844,SH100738,2,L-246,L-218,VIN120,D3041,2025-01-22 20:10,2025-01-23 09:18,278.15,DONE
MV700845,SH100739,1,L-212,L-208,VIN115,D3081,2025-08-26 12:31,2025-08-26 19:02,212.31,DONE
MV700846,SH100740,1,L-212,L-211,VIN196,D3070,2025-11-27 08:58,,292.65,PLANNED
MV700847,SH100741,1,L-242,L-210,VIN117,D3028,2026-05-15 17:46,2026-05-15 09:37,100.95,DONE
MV700848,SH100742,1,L-229,L-207,VIN187,D3013,2025-09-21 06:21,2025-09-21 17:16,33.18,DONE
MV700849,SH100744,1,L-209,L-258,VIN150,D3084,2025-07-21 14:22,,112.23,PLANNED
MV700850,SH100745,1,L-259,L-228,VIN174,D3058,2025-06-18 14:26,2025-06-18 14:22,171.50,DONE
MV700851,SH100746,1,L-207,L-254,VIN116,D3091,2025-11-10 10:49,2025-11-10 06:14,86.82,DONE
MV700852,SH100747,1,L-233,L-224,VIN154,D3097,2026-01-21 14:48,2026-01-22 12:30,92.49,DONE
MV700853,SH100748,1,L-227,L-229,VIN169,D3117,2026-03-22 15:31,2026-03-22 08:15,405.75,DONE
MV700854,SH100749,1,L-254,L-225,VIN151,D3079,2025-05-19 07:15,,193.38,ABORTED
MV700855,SH100750,1,L-243,L-250,VIN195,D3024,2025-10-02 19:55,2025-10-02 06:17,244.98,DONE
MV700856,SH100750,2,L-250,L-234,VIN206,D3035,2025-10-02 18:59,2025-10-03 14:05,106.68,DONE
MV700857,SH100751,1,L-242,L-216,VIN142,D3086,2025-01-06 16:56,2025-01-06 15:54,379.62,DONE
MV700858,SH100752,1,L-228,L-214,VIN156,D3024,2025-08-25 20:54,2025-08-26 18:40,235.29,DONE
MV700859,SH100753,1,L-251,L-203,VIN213,D3118,2026-04-20 10:15,2026-04-20 13:05,104.92,DONE
MV700860,SH100755,1,L-232,L-237,VIN184,D3095,2026-03-05 09:43,2026-03-06 08:44,113.40,DONE
MV700861,SH100756,1,L-229,L-257,VIN212,D3069,2026-04-12 16:12,2026-04-12 12:45,261.85,DONE
MV700862,SH100757,1,L-254,L-226,VIN105,D3024,2026-03-09 19:10,2026-03-09 20:56,245.71,DONE
MV700863,SH100757,2,L-226,L-208,VIN191,D3043,2026-03-10 20:23,,152.82,PLANNED
MV700864,SH100758,1,L-255,L-241,VIN117,D3023,2025-01-12 10:35,2025-01-12 20:32,274.48,DONE
MV700865,SH100760,1,L-245,L-235,VIN216,D3111,2026-01-23 08:36,2026-01-24 07:04,403.71,DONE
MV700866,SH100760,2,L-235,L-254,VIN140,D3091,2026-01-24 19:47,2026-01-25 09:50,147.26,DONE
MV700867,SH100761,1,L-224,L-231,VIN211,D3030,2025-10-23 11:31,2025-10-23 14:38,356.67,DONE
MV700868,SH100761,2,L-231,L-215,VIN112,D3110,2025-10-23 10:20,2025-10-24 17:40,201.07,DONE
MV700869,SH100763,1,L-242,L-226,VIN212,D3046,2026-01-30 13:42,2026-01-31 11:35,158.19,DONE
MV700870,SH100763,2,L-226,L-211,VIN194,D3043,2026-01-31 10:55,2026-02-01 19:38,366.56,DONE
MV700871,SH100764,1,L-206,L-256,VIN185,D3091,2025-12-18 18:44,2025-12-19 14:56,135.32,DONE
MV700872,SH100765,1,L-238,L-236,VIN183,D3046,2025-03-03 21:58,2025-03-04 20:52,212.52,DONE
MV700873,SH100766,1,L-220,L-236,VIN199,D3027,2025-05-08 15:50,2025-05-08 21:44,31.41,DONE
MV700874,SH100767,1,L-246,L-220,VIN206,D3092,2025-04-04 08:55,2025-04-04 17:20,289.23,DONE
MV700875,SH100767,2,L-220,L-229,VIN151,D3038,2025-04-05 14:43,2025-04-05 13:50,168.17,DONE
MV700876,SH100768,1,L-206,L-246,VIN107,D3001,2025-11-09 15:37,2025-11-09 07:28,173.76,DONE
MV700877,SH100769,1,L-204,L-245,VIN160,D3083,2025-11-11 14:01,2025-11-11 18:40,223.90,DONE
MV700878,SH100770,1,L-252,L-245,VIN159,D3011,2026-01-15 20:54,2026-01-15 21:38,304.54,DONE
MV700879,SH100770,2,L-245,L-217,VIN191,D3005,2026-01-16 17:27,,186.06,ABORTED
MV700880,SH100771,1,L-253,L-256,VIN114,D3045,2025-03-12 13:46,2025-03-13 09:51,54.82,DONE
MV700881,SH100771,2,L-256,L-251,VIN148,D3004,2025-03-13 17:47,2025-03-13 06:34,295.98,DONE
MV700882,SH100772,1,L-256,L-240,VIN168,D3075,2025-06-20 13:37,2025-06-20 16:49,211.56,DONE
MV700883,SH100773,1,L-258,L-219,VIN101,D3116,2025-01-06 12:48,2025-01-06 10:54,35.33,DONE
MV700884,SH100774,1,L-207,L-244,VIN134,D3006,2025-04-22 15:44,2025-04-22 19:07,248.21,DONE
MV700885,SH100775,1,L-250,L-244,VIN149,D3108,2026-01-12 09:01,2026-01-12 10:43,72.52,DONE
MV700886,SH100776,1,L-243,L-209,VIN204,D3058,2025-03-27 08:29,2025-03-28 19:03,99.76,DONE
MV700887,SH100777,1,L-251,L-202,VIN202,D3106,2026-05-08 09:33,2026-05-08 16:59,39.97,DONE
MV700888,SH100778,1,L-204,L-227,VIN140,D3041,2026-03-26 15:43,2026-03-26 11:52,284.77,DONE
MV700889,SH100779,1,L-222,L-240,VIN112,D3039,2025-12-03 14:17,2025-12-03 21:54,266.38,DONE
MV700890,SH100779,2,L-240,L-227,VIN140,D3029,2025-12-04 16:49,2025-12-04 08:07,346.00,DONE
MV700891,SH100780,1,L-236,L-226,VIN100,D3090,2025-05-24 14:47,2025-05-24 08:12,161.93,DONE
MV700892,SH100780,2,L-226,L-206,VIN202,D3084,2025-05-25 11:48,2025-05-25 18:22,384.43,DONE
MV700893,SH100780,3,L-206,L-245,VIN131,D3052,2025-05-26 08:53,2025-05-26 14:49,328.30,DONE
MV700894,SH100781,1,L-255,L-212,VIN198,D3086,2025-03-05 14:28,2025-03-06 06:30,176.34,DONE
MV700895,SH100782,1,L-239,L-206,VIN183,D3060,2026-01-03 18:47,2026-01-03 07:23,137.59,DONE
MV700896,SH100782,2,L-206,L-215,VIN152,D3045,2026-01-03 08:04,2026-01-03 11:45,140.25,DONE
MV700897,SH100783,1,L-202,L-203,VIN151,D3074,2025-03-04 10:16,2025-03-05 18:27,364.13,DONE
MV700898,SH100784,1,L-213,L-226,VIN184,D3069,2026-04-10 09:24,2026-04-11 19:28,157.26,DONE
MV700899,SH100785,1,L-236,L-216,VIN177,D3019,2026-03-11 06:05,2026-03-12 08:32,254.67,DONE
MV700900,SH100785,2,L-216,L-250,VIN199,D3010,2026-03-11 19:42,2026-03-11 14:46,128.63,DONE
MV700901,SH100786,1,L-214,L-238,VIN155,D3108,2026-01-04 12:53,2026-01-04 18:38,33.22,DONE
MV700902,SH100787,1,L-229,L-245,VIN109,D3074,2026-01-12 16:35,,112.44,ABORTED
MV700903,SH100788,1,L-242,L-253,VIN206,D3043,2025-01-16 20:25,2025-01-17 19:57,299.78,DONE
MV700904,SH100789,1,L-240,L-230,VIN199,D3084,2025-05-13 20:30,2025-05-14 16:44,329.29,DONE
MV700905,SH100789,2,L-230,L-204,VIN134,D3084,2025-05-13 07:49,2025-05-14 19:55,373.35,DONE
MV700906,SH100790,1,L-216,L-230,VIN115,D3001,2026-04-01 14:00,2026-04-02 15:48,50.17,DONE
MV700907,SH100791,1,L-232,L-253,VIN150,D3061,2026-01-11 19:10,,158.96,PLANNED
MV700908,SH100792,1,L-204,L-241,VIN196,D3053,2025-09-18 18:33,2025-09-18 09:57,249.69,DONE
MV700909,SH100792,2,L-241,L-207,VIN175,D3113,2025-09-18 19:05,2025-09-19 21:44,256.41,DONE
MV700910,SH100793,1,L-228,L-246,VIN192,D3081,2026-03-18 20:11,2026-03-18 09:40,247.95,DONE
MV700911,SH100794,1,L-230,L-244,VIN111,D3119,2025-10-11 20:02,2025-10-12 12:43,141.66,DONE
MV700912,SH100795,1,L-217,L-236,VIN156,D3057,2026-01-09 12:03,2026-01-09 19:29,330.12,DONE
MV700913,SH100795,2,L-236,L-235,VIN100,D3045,2026-01-09 14:59,2026-01-09 20:47,111.52,DONE
MV700914,SH100795,3,L-235,L-245,VIN198,D3063,2026-01-10 13:06,2026-01-10 12:46,87.69,DONE
MV700915,SH100796,1,L-242,L-241,VIN132,D3028,2026-02-13 21:06,2026-02-13 11:11,258.17,DONE
MV700916,SH100796,2,L-241,L-240,VIN137,D3029,2026-02-13 18:11,,54.99,ABORTED
MV700917,SH100797,1,L-254,L-215,VIN213,D3085,2025-06-11 14:09,2025-06-11 13:07,242.10,DONE
MV700918,SH100797,2,L-215,L-231,VIN198,D3067,2025-06-12 14:07,2025-06-12 08:31,185.88,DONE
MV700919,SH100798,1,L-255,L-241,VIN155,D3076,2025-07-25 09:00,2025-07-26 17:07,95.72,DONE
MV700920,SH100798,2,L-241,L-251,VIN150,D3071,2025-07-26 10:50,2025-07-26 21:53,209.37,DONE
MV700921,SH100799,1,L-219,L-254,VIN176,D3118,2025-04-22 06:42,2025-04-22 12:04,179.75,DONE
MV700922,SH100800,1,L-211,L-248,VIN131,D3088,2025-06-09 10:20,2025-06-10 06:34,176.65,DONE
MV700923,SH100801,1,L-242,L-220,VIN113,D3086,2025-10-02 16:26,2025-10-02 09:35,277.42,DONE
MV700924,SH100802,1,L-218,L-256,VIN106,D3087,2025-06-20 16:18,2025-06-20 17:06,364.94,DONE
MV700925,SH100803,1,L-213,L-225,VIN117,D3078,2025-12-21 08:06,2025-12-21 18:15,371.63,DONE
MV700926,SH100803,2,L-225,L-259,VIN200,D3057,2025-12-22 18:40,2025-12-22 16:01,358.64,DONE
MV700927,SH100804,1,L-202,L-226,VIN211,D3088,2025-01-10 11:37,2025-01-11 07:16,384.77,DONE
MV700928,SH100804,2,L-226,L-220,VIN123,D3095,2025-01-11 20:29,2025-01-12 12:03,80.45,DONE
MV700929,SH100805,1,L-251,L-241,VIN109,D3112,2026-05-15 17:29,2026-05-15 10:53,386.91,DONE
MV700930,SH100806,1,L-241,L-243,VIN185,D3114,2025-05-14 12:02,2025-05-14 21:59,386.47,DONE
MV700931,SH100807,1,L-236,L-227,VIN195,D3096,2025-06-18 19:52,,123.13,ABORTED
MV700932,SH100808,1,L-258,L-236,VIN202,D3015,2026-01-19 14:56,2026-01-19 08:11,253.82,DONE
MV700933,SH100808,2,L-236,L-205,VIN189,D3063,2026-01-19 20:23,2026-01-20 15:55,117.12,DONE
MV700934,SH100809,1,L-217,L-255,VIN143,D3029,2026-02-08 20:09,,280.32,PLANNED
MV700935,SH100810,1,L-228,L-227,VIN185,D3083,2025-07-22 12:31,2025-07-22 19:49,295.51,DONE
MV700936,SH100811,1,L-251,L-217,VIN110,D3090,2025-10-09 13:49,2025-10-09 07:01,270.20,DONE
MV700937,SH100813,1,L-244,L-214,VIN200,D3073,2026-01-19 15:19,2026-01-20 19:43,150.15,DONE
MV700938,SH100814,1,L-251,L-201,VIN115,D3036,2026-01-25 11:06,2026-01-25 13:44,294.52,DONE
MV700939,SH100814,2,L-201,L-256,VIN133,D3025,2026-01-26 19:59,2026-01-26 19:53,327.64,DONE
MV700940,SH100815,1,L-239,L-244,VIN159,D3065,2025-01-25 21:22,2025-01-25 09:54,123.60,DONE
MV700941,SH100816,1,L-250,L-241,VIN166,D3116,2025-04-10 07:14,2025-04-10 07:17,322.34,DONE
MV700942,SH100817,1,L-211,L-236,VIN122,D3021,2025-08-20 09:11,2025-08-20 12:33,402.83,DONE
MV700943,SH100817,2,L-236,L-206,VIN209,D3090,2025-08-20 10:34,,285.46,PLANNED
MV700944,SH100818,1,L-204,L-258,VIN188,D3103,2025-04-23 08:14,2025-04-23 20:02,131.38,DONE
MV700945,SH100819,1,L-235,L-250,VIN110,D3026,2025-11-18 19:20,,195.90,PLANNED
MV700946,SH100820,1,L-211,L-210,VIN160,D3117,2025-06-05 11:29,2025-06-06 17:38,71.21,DONE
MV700947,SH100821,1,L-207,L-244,VIN159,D3017,2026-03-17 10:35,,109.13,ABORTED
MV700948,SH100822,1,L-253,L-251,VIN206,D3065,2025-10-31 14:47,2025-11-01 08:30,376.43,DONE
MV700949,SH100822,2,L-251,L-236,VIN120,D3000,2025-11-01 16:56,2025-11-01 13:14,353.77,DONE
MV700950,SH100822,3,L-236,L-258,VIN192,D3014,2025-11-02 10:08,2025-11-02 10:37,66.01,DONE
MV700951,SH100823,1,L-257,L-203,VIN188,D3078,2026-04-26 15:50,2026-04-27 12:35,339.79,DONE
MV700952,SH100824,1,L-229,L-255,VIN196,D3077,2025-10-26 16:50,2025-10-27 20:28,305.94,DONE
MV700953,SH100825,1,L-204,L-202,VIN204,D3064,2025-02-25 11:02,2025-02-25 11:37,222.86,DONE
MV700954,SH100826,1,L-217,L-251,VIN208,D3116,2025-02-24 14:10,2025-02-24 10:01,33.84,DONE
MV700955,SH100826,2,L-251,L-208,VIN199,D3115,2025-02-24 19:32,2025-02-25 21:51,52.60,DONE
MV700956,SH100827,1,L-239,L-259,VIN188,D3086,2025-05-24 09:05,2025-05-24 08:19,28.20,DONE
MV700957,SH100828,1,L-207,L-238,VIN129,D3080,2025-08-29 21:48,2025-08-29 19:47,308.51,DONE
MV700958,SH100829,1,L-236,L-220,VIN208,D3098,2026-05-05 11:28,2026-05-06 14:32,183.45,DONE
MV700959,SH100830,1,L-233,L-225,VIN206,D3113,2025-07-04 11:06,2025-07-05 11:01,378.08,DONE
MV700960,SH100831,1,L-211,L-251,VIN206,D3020,2026-05-04 11:21,2026-05-04 06:47,372.35,DONE
MV700961,SH100832,1,L-235,L-255,VIN197,D3052,2025-12-05 17:37,2025-12-05 13:53,312.08,DONE
MV700962,SH100833,1,L-257,L-219,VIN201,D3052,2025-02-07 08:01,2025-02-08 12:48,149.62,DONE
MV700963,SH100834,1,L-212,L-232,VIN101,D3081,2025-08-05 18:17,2025-08-05 06:30,131.43,DONE
MV700964,SH100835,1,L-219,L-209,VIN105,D3083,2026-03-22 11:03,2026-03-22 08:51,240.97,DONE
MV700965,SH100836,1,L-204,L-246,VIN176,D3056,2025-04-20 18:41,2025-04-21 09:16,394.90,DONE
MV700966,SH100837,1,L-213,L-222,VIN200,D3098,2025-12-02 07:47,2025-12-02 18:39,179.60,DONE
MV700967,SH100838,1,L-220,L-252,VIN119,D3027,2025-07-14 15:16,2025-07-14 18:44,206.07,DONE
MV700968,SH100839,1,L-238,L-250,VIN129,D3099,2026-03-07 17:02,2026-03-07 17:20,378.49,DONE
MV700969,SH100840,1,L-203,L-257,VIN198,D3025,2026-03-09 11:10,2026-03-09 09:07,276.83,DONE
MV700970,SH100841,1,L-205,L-246,VIN209,D3072,2026-01-01 20:10,2026-01-01 10:02,338.12,DONE
MV700971,SH100841,2,L-246,L-236,VIN121,D3075,2026-01-01 14:39,2026-01-01 17:47,171.00,DONE
MV700972,SH100841,3,L-236,L-254,VIN107,D3064,2026-01-01 17:26,2026-01-01 15:02,63.59,DONE
MV700973,SH100842,1,L-234,L-252,VIN159,D3093,2025-09-09 08:24,2025-09-09 10:29,373.80,DONE
MV700974,SH100844,1,L-259,L-215,VIN174,D3055,2026-05-14 17:25,2026-05-15 08:52,355.12,DONE
MV700975,SH100844,2,L-215,L-247,VIN206,D3040,2026-05-14 10:37,2026-05-15 09:21,305.82,DONE
MV700976,SH100846,1,L-224,L-212,VIN185,D3080,2025-06-19 14:44,2025-06-19 18:47,46.75,DONE
MV700977,SH100847,1,L-222,L-259,VIN164,D3016,2026-04-05 18:01,2026-04-06 11:22,216.34,DONE
MV700978,SH100848,1,L-237,L-226,VIN197,D3096,2025-07-26 20:25,2025-07-26 18:14,400.49,DONE
MV700979,SH100848,2,L-226,L-256,VIN167,D3099,2025-07-27 17:02,2025-07-28 13:12,221.83,DONE
MV700980,SH100849,1,L-230,L-222,VIN180,D3060,2025-07-09 15:01,,335.57,PLANNED
MV700981,SH100851,1,L-220,L-225,VIN182,D3053,2025-03-19 21:01,2025-03-19 15:28,34.20,DONE
MV700982,SH100851,2,L-225,L-240,VIN169,D3024,2025-03-19 21:07,2025-03-19 19:37,57.99,DONE
MV700983,SH100851,3,L-240,L-244,VIN198,D3117,2025-03-20 19:21,2025-03-20 20:57,199.92,DONE
MV700984,SH100852,1,L-245,L-215,VIN211,D3114,2025-07-14 11:24,2025-07-15 19:23,196.39,DONE
MV700985,SH100852,2,L-215,L-211,VIN159,D3088,2025-07-15 06:28,2025-07-16 18:55,315.67,DONE
MV700986,SH100852,3,L-211,L-234,VIN126,D3114,2025-07-16 07:22,2025-07-16 10:51,312.51,DONE
MV700987,SH100853,1,L-210,L-254,VIN189,D3055,2025-08-20 07:20,2025-08-20 06:51,276.03,DONE
MV700988,SH100854,1,L-244,L-248,VIN172,D3115,2026-05-05 18:29,2026-05-05 12:00,252.10,DONE
MV700989,SH100856,1,L-205,L-203,VIN146,D3026,2026-04-11 07:48,2026-04-12 21:02,330.93,DONE
MV700990,SH100857,1,L-213,L-255,VIN207,D3023,2026-02-17 20:33,2026-02-17 18:56,248.21,DONE
MV700991,SH100858,1,L-228,L-203,VIN192,D3070,2025-11-10 19:20,,291.43,PLANNED
MV700992,SH100859,1,L-209,L-203,VIN202,D3108,2025-03-28 19:40,2025-03-28 09:00,225.39,DONE
MV700993,SH100860,1,L-248,L-207,VIN216,D3007,2026-05-14 11:30,2026-05-14 14:26,360.88,DONE
MV700994,SH100861,1,L-232,L-220,VIN169,D3095,2025-01-19 20:46,2025-01-19 08:41,242.20,DONE
MV700995,SH100862,1,L-243,L-251,VIN102,D3091,2026-05-13 06:11,2026-05-14 18:18,395.81,DONE
MV700996,SH100863,1,L-205,L-220,VIN185,D3054,2025-09-22 10:16,2025-09-22 13:28,221.99,DONE
MV700997,SH100864,1,L-222,L-255,VIN199,D3012,2025-02-08 14:34,2025-02-09 15:55,111.59,DONE
MV700998,SH100864,2,L-255,L-256,VIN134,D3002,2025-02-09 12:16,2025-02-09 09:19,259.80,DONE
MV700999,SH100865,1,L-224,L-215,VIN187,D3019,2025-12-17 17:03,2025-12-18 17:46,361.78,DONE
MV701000,SH100866,1,L-239,L-221,VIN207,D3027,2026-03-12 10:49,2026-03-13 21:05,52.72,DONE
MV701001,SH100866,2,L-221,L-229,VIN147,D3015,2026-03-13 18:51,,94.46,PLANNED
MV701002,SH100867,1,L-232,L-222,VIN125,D3084,2025-05-25 07:24,2025-05-25 11:39,174.32,DONE
MV701003,SH100868,1,L-257,L-206,VIN101,D3022,2025-04-26 14:33,2025-04-26 18:28,173.69,DONE
MV701004,SH100869,1,L-260,L-206,VIN193,D3022,2025-03-25 07:16,2025-03-26 07:41,277.39,DONE
MV701005,SH100869,2,L-206,L-227,VIN115,D3087,2025-03-26 10:51,2025-03-27 16:07,287.89,DONE
MV701006,SH100870,1,L-260,L-236,VIN202,D3053,2025-12-26 14:51,2025-12-26 19:30,249.87,DONE
MV701007,SH100870,2,L-236,L-240,VIN118,D3117,2025-12-26 14:26,2025-12-26 09:45,162.56,DONE
MV701008,SH100871,1,L-228,L-227,VIN192,D3055,2025-04-22 09:53,2025-04-22 15:35,229.27,DONE
MV701009,SH100872,1,L-249,L-243,VIN201,D3028,2025-02-27 15:35,2025-02-27 20:14,264.40,DONE
MV701010,SH100873,1,L-246,L-218,VIN146,D3012,2025-10-28 08:38,,175.98,ABORTED
MV701011,SH100874,1,L-246,L-210,VIN213,D3026,2026-04-20 19:35,2026-04-20 16:58,213.36,DONE
MV701012,SH100875,1,L-237,L-221,VIN116,D3077,2026-01-27 12:58,,43.94,PLANNED
MV701013,SH100876,1,L-217,L-234,VIN131,D3047,2026-05-15 10:39,2026-05-16 06:48,315.14,DONE
MV701014,SH100877,1,L-247,L-257,VIN161,D3064,2026-05-03 17:06,2026-05-04 08:27,367.70,DONE
MV701015,SH100878,1,L-249,L-240,VIN140,D3108,2025-08-27 21:57,2025-08-28 08:00,357.29,DONE
MV701016,SH100880,1,L-208,L-203,VIN110,D3030,2026-05-13 10:35,2026-05-13 20:27,399.37,DONE
MV701017,SH100881,1,L-230,L-213,VIN157,D3001,2026-05-14 20:09,2026-05-14 19:03,245.46,DONE
MV701018,SH100883,1,L-246,L-242,VIN192,D3113,2025-03-06 13:12,2025-03-07 10:37,266.64,DONE
MV701019,SH100884,1,L-237,L-203,VIN185,D3075,2026-01-30 07:46,2026-01-31 21:49,197.14,DONE
MV701020,SH100886,1,L-249,L-210,VIN124,D3055,2025-04-12 12:32,2025-04-12 19:11,209.79,DONE
MV701021,SH100886,2,L-210,L-246,VIN205,D3062,2025-04-12 08:52,2025-04-12 10:20,383.27,DONE
MV701022,SH100886,3,L-246,L-209,VIN188,D3083,2025-04-13 21:18,2025-04-14 13:41,362.87,DONE
MV701023,SH100887,1,L-236,L-211,VIN131,D3002,2025-01-24 18:32,2025-01-25 11:23,39.98,DONE
MV701024,SH100887,2,L-211,L-225,VIN162,D3051,2025-01-24 18:48,2025-01-25 21:11,338.61,DONE
MV701025,SH100888,1,L-203,L-251,VIN124,D3103,2025-03-04 11:00,2025-03-04 10:24,77.99,DONE
MV701026,SH100889,1,L-230,L-224,VIN172,D3114,2026-05-18 17:35,2026-05-18 18:17,127.62,DONE
MV701027,SH100890,1,L-211,L-252,VIN199,D3026,2025-11-04 15:22,2025-11-05 11:55,39.72,DONE
MV701028,SH100891,1,L-245,L-209,VIN133,D3046,2025-12-07 21:46,2025-12-07 21:40,333.46,DONE
MV701029,SH100892,1,L-201,L-209,VIN186,D3058,2025-09-21 18:21,2025-09-22 07:31,138.42,DONE
MV701030,SH100893,1,L-231,L-225,VIN112,D3057,2025-10-19 12:00,2025-10-19 15:07,290.05,DONE
MV701031,SH100894,1,L-229,L-236,VIN214,D3014,2025-09-04 18:04,2025-09-05 10:11,146.65,DONE
MV701032,SH100895,1,L-208,L-241,VIN135,D3066,2025-04-22 11:43,2025-04-22 12:17,80.10,DONE
MV701033,SH100895,2,L-241,L-256,VIN166,D3080,2025-04-22 07:08,2025-04-23 06:30,76.74,DONE
MV701034,SH100896,1,L-253,L-241,VIN110,D3075,2025-03-07 14:50,2025-03-07 20:49,352.85,DONE
MV701035,SH100897,1,L-247,L-216,VIN134,D3110,2025-02-01 12:07,2025-02-01 11:30,361.34,DONE
MV701036,SH100898,1,L-207,L-241,VIN194,D3111,2025-04-01 20:07,2025-04-01 09:27,289.17,DONE
MV701037,SH100899,1,L-202,L-244,VIN157,D3042,2025-01-18 12:57,2025-01-19 14:00,264.21,DONE
MV701038,SH100900,1,L-217,L-238,VIN143,D3025,2025-05-07 09:07,2025-05-08 06:29,370.41,DONE
MV701039,SH100901,1,L-228,L-248,VIN124,D3085,2025-08-14 14:18,2025-08-15 07:02,409.40,DONE
MV701040,SH100902,1,L-255,L-242,VIN217,D3053,2025-09-19 14:40,2025-09-20 12:56,313.66,DONE
MV701041,SH100903,1,L-233,L-213,VIN146,D3072,2025-07-18 19:10,2025-07-18 07:06,162.93,DONE
MV701042,SH100904,1,L-248,L-253,VIN100,D3113,2025-10-16 14:02,2025-10-16 19:42,168.95,DONE
MV701043,SH100905,1,L-255,L-258,VIN106,D3054,2026-03-27 14:00,2026-03-28 13:59,386.85,DONE
MV701044,SH100906,1,L-204,L-243,VIN184,D3089,2025-07-13 06:02,2025-07-14 18:45,264.72,DONE
MV701045,SH100907,1,L-226,L-215,VIN200,D3099,2025-06-12 07:37,,198.32,PLANNED
MV701046,SH100908,1,L-251,L-204,VIN203,D3035,2025-05-21 09:23,2025-05-21 17:16,123.14,DONE
MV701047,SH100909,1,L-228,L-242,VIN196,D3002,2025-03-08 21:13,2025-03-08 10:43,40.76,DONE
MV701048,SH100910,1,L-231,L-240,VIN166,D3048,2026-04-20 06:17,2026-04-20 13:57,375.60,DONE
MV701049,SH100910,2,L-240,L-226,VIN107,D3115,2026-04-20 20:17,2026-04-20 08:05,202.23,DONE
MV701050,SH100911,1,L-214,L-216,VIN140,D3092,2025-01-13 11:25,2025-01-13 08:19,209.97,DONE
MV701051,SH100912,1,L-251,L-203,VIN147,D3003,2026-03-16 12:37,2026-03-16 08:26,300.05,DONE
MV701052,SH100913,1,L-205,L-221,VIN146,D3008,2025-02-10 19:55,2025-02-11 09:32,290.94,DONE
MV701053,SH100914,1,L-240,L-209,VIN195,D3025,2025-05-10 14:05,2025-05-10 16:37,224.59,DONE
MV701054,SH100916,1,L-251,L-227,VIN188,D3003,2025-11-24 14:58,2025-11-24 11:54,194.59,DONE
MV701055,SH100917,1,L-253,L-235,VIN161,D3118,2025-01-08 07:31,2025-01-08 21:40,39.26,DONE
MV701056,SH100918,1,L-229,L-256,VIN122,D3111,2025-07-09 10:38,2025-07-10 20:41,352.75,DONE
MV701057,SH100918,2,L-256,L-228,VIN184,D3067,2025-07-09 18:41,2025-07-09 17:58,112.26,DONE
MV701058,SH100920,1,L-258,L-255,VIN117,D3004,2026-04-30 11:58,2026-05-01 09:10,140.67,DONE
MV701059,SH100921,1,L-203,L-252,VIN114,D3084,2025-05-07 12:41,2025-05-08 21:25,151.69,DONE
MV701060,SH100922,1,L-255,L-232,VIN159,D3089,2025-08-25 21:43,,213.28,ABORTED
MV701061,SH100923,1,L-220,L-255,VIN109,D3106,2025-02-04 06:37,2025-02-04 09:16,142.49,DONE
MV701062,SH100924,1,L-212,L-260,VIN189,D3077,2025-12-17 10:10,,245.02,PLANNED
MV701063,SH100925,1,L-205,L-211,VIN164,D3013,2025-11-06 07:07,2025-11-07 16:55,110.01,DONE
MV701064,SH100926,1,L-255,L-221,VIN168,D3040,2025-04-17 19:00,2025-04-17 09:25,253.79,DONE
MV701065,SH100927,1,L-257,L-256,VIN116,D3029,2025-06-18 09:56,2025-06-19 10:04,241.99,DONE
MV701066,SH100928,1,L-231,L-220,VIN192,D3117,2025-08-04 06:46,2025-08-04 17:38,329.19,DONE
MV701067,SH100928,2,L-220,L-236,VIN132,D3098,2025-08-05 20:39,2025-08-05 19:31,196.81,DONE
MV701068,SH100929,1,L-244,L-216,VIN215,D3057,2025-12-18 19:59,2025-12-19 17:57,308.13,DONE
MV701069,SH100930,1,L-220,L-231,VIN157,D3005,2026-01-11 19:11,2026-01-12 21:02,291.41,DONE
MV701070,SH100931,1,L-231,L-253,VIN192,D3094,2025-05-28 17:05,2025-05-28 21:12,56.07,DONE
MV701071,SH100933,1,L-254,L-242,VIN103,D3086,2025-07-08 15:28,2025-07-08 14:07,152.14,DONE
MV701072,SH100934,1,L-249,L-253,VIN135,D3103,2025-05-11 18:35,2025-05-11 17:58,237.25,DONE
MV701073,SH100935,1,L-236,L-257,VIN193,D3021,2025-06-25 13:46,2025-06-25 08:10,286.94,DONE
MV701074,SH100936,1,L-206,L-249,VIN179,D3057,2025-11-01 14:51,2025-11-01 20:40,225.33,DONE
MV701075,SH100937,1,L-210,L-219,VIN166,D3113,2025-10-20 20:55,,99.14,ABORTED
MV701076,SH100939,1,L-231,L-217,VIN115,D3114,2025-05-11 15:05,2025-05-11 07:30,73.54,DONE
MV701077,SH100941,1,L-239,L-230,VIN134,D3000,2025-12-27 08:20,2025-12-27 18:52,86.94,DONE
MV701078,SH100942,1,L-220,L-212,VIN212,D3084,2025-05-15 18:18,2025-05-16 11:08,306.95,DONE
MV701079,SH100943,1,L-225,L-240,VIN123,D3084,2026-03-24 21:35,2026-03-24 18:03,230.76,DONE
MV701080,SH100943,2,L-240,L-220,VIN149,D3015,2026-03-24 18:10,2026-03-24 19:44,95.80,DONE
MV701081,SH100944,1,L-242,L-210,VIN117,D3005,2025-12-08 20:59,2025-12-08 19:19,396.18,DONE
MV701082,SH100945,1,L-244,L-226,VIN199,D3011,2026-05-16 18:51,2026-05-17 18:28,210.82,DONE
MV701083,SH100945,2,L-226,L-236,VIN175,D3026,2026-05-16 20:47,2026-05-17 18:46,299.42,DONE
MV701084,SH100946,1,L-204,L-205,VIN165,D3080,2026-01-31 11:44,2026-01-31 19:39,102.18,DONE
MV701085,SH100946,2,L-205,L-240,VIN161,D3034,2026-02-01 10:59,,236.76,PLANNED
MV701086,SH100947,1,L-259,L-252,VIN109,D3096,2026-01-14 08:25,2026-01-15 15:02,179.62,DONE
MV701087,SH100948,1,L-222,L-236,VIN104,D3017,2025-06-18 18:37,2025-06-18 10:10,98.60,DONE
MV701088,SH100948,2,L-236,L-255,VIN121,D3072,2025-06-19 12:21,2025-06-19 07:11,171.08,DONE
MV701089,SH100949,1,L-207,L-206,VIN111,D3031,2026-01-02 08:27,2026-01-02 19:13,344.04,DONE
MV701090,SH100950,1,L-237,L-204,VIN169,D3114,2026-03-13 18:41,2026-03-14 16:57,283.74,DONE
MV701091,SH100951,1,L-242,L-232,VIN106,D3029,2026-01-01 18:29,,354.25,PLANNED
MV701092,SH100952,1,L-212,L-218,VIN120,D3118,2025-02-26 12:08,2025-02-26 20:16,194.24,DONE
MV701093,SH100953,1,L-257,L-244,VIN189,D3009,2026-04-18 12:35,2026-04-18 12:08,168.79,DONE
MV701094,SH100954,1,L-202,L-236,VIN197,D3079,2025-05-19 06:51,2025-05-19 13:08,164.22,DONE
MV701095,SH100954,2,L-236,L-255,VIN148,D3083,2025-05-20 17:55,2025-05-20 20:16,110.36,DONE
MV701096,SH100954,3,L-255,L-221,VIN185,D3119,2025-05-21 19:19,2025-05-22 15:39,282.31,DONE
MV701097,SH100955,1,L-253,L-213,VIN128,D3059,2025-06-03 10:41,2025-06-04 06:58,398.92,DONE
MV701098,SH100956,1,L-211,L-231,VIN219,D3117,2026-02-03 17:50,2026-02-03 13:22,175.33,DONE
MV701099,SH100957,1,L-257,L-229,VIN197,D3064,2025-03-19 15:27,2025-03-19 11:25,54.40,DONE
MV701100,SH100959,1,L-249,L-234,VIN101,D3051,2025-07-16 08:53,2025-07-16 10:48,393.34,DONE
MV701101,SH100960,1,L-218,L-241,VIN100,D3002,2025-09-14 09:27,2025-09-14 16:03,292.24,DONE
MV701102,SH100962,1,L-210,L-251,VIN215,D3057,2025-06-30 06:03,,179.23,PLANNED
MV701103,SH100963,1,L-254,L-225,VIN143,D3045,2026-02-11 12:02,2026-02-12 16:22,58.07,DONE
MV701104,SH100964,1,L-244,L-230,VIN165,D3092,2025-06-19 09:46,2025-06-19 10:36,118.98,DONE
MV701105,SH100965,1,L-235,L-245,VIN151,D3119,2025-08-31 20:11,2025-08-31 15:06,379.72,DONE
MV701106,SH100966,1,L-244,L-260,VIN101,D3059,2025-06-03 17:58,2025-06-04 16:45,373.22,DONE
MV701107,SH100966,2,L-260,L-225,VIN110,D3033,2025-06-03 08:49,2025-06-03 19:53,90.68,DONE
MV701108,SH100966,3,L-225,L-226,VIN204,D3085,2025-06-04 13:03,,364.95,PLANNED
MV701109,SH100967,1,L-249,L-250,VIN138,D3073,2026-01-28 06:09,2026-01-29 10:33,263.09,DONE
MV701110,SH100967,2,L-250,L-220,VIN161,D3028,2026-01-28 13:20,2026-01-28 15:16,191.21,DONE
MV701111,SH100967,3,L-220,L-253,VIN160,D3040,2026-01-29 18:11,2026-01-29 21:13,398.51,DONE
MV701112,SH100969,1,L-236,L-225,VIN204,D3038,2025-11-05 10:41,2025-11-05 10:49,198.89,DONE
MV701113,SH100970,1,L-203,L-224,VIN168,D3088,2025-03-06 19:39,2025-03-06 15:18,94.81,DONE
MV701114,SH100971,1,L-237,L-249,VIN113,D3095,2026-01-01 16:57,2026-01-01 12:54,335.08,DONE
MV701115,SH100972,1,L-209,L-242,VIN164,D3095,2025-02-06 09:51,2025-02-06 21:03,167.17,DONE
MV701116,SH100973,1,L-226,L-233,VIN198,D3094,2025-07-19 10:36,2025-07-19 07:04,178.71,DONE
MV701117,SH100974,1,L-222,L-226,VIN117,D3008,2025-10-17 07:00,2025-10-17 17:19,242.06,DONE
MV701118,SH100975,1,L-255,L-256,VIN130,D3067,2025-08-31 20:25,2025-09-01 16:15,179.37,DONE
MV701119,SH100975,2,L-256,L-252,VIN208,D3043,2025-08-31 13:22,2025-09-01 10:34,400.17,DONE
MV701120,SH100976,1,L-227,L-256,VIN130,D3111,2026-04-11 16:19,2026-04-12 14:17,370.44,DONE
MV701121,SH100977,1,L-247,L-243,VIN155,D3113,2025-08-29 15:46,2025-08-30 07:13,227.93,DONE
MV701122,SH100978,1,L-207,L-253,VIN140,D3041,2026-03-01 10:36,2026-03-01 07:04,296.70,DONE
MV701123,SH100979,1,L-252,L-242,VIN196,D3030,2025-03-30 06:37,2025-03-31 19:34,185.03,DONE
MV701124,SH100980,1,L-256,L-225,VIN137,D3048,2025-12-09 07:23,2025-12-09 20:51,345.93,DONE
MV701125,SH100980,2,L-225,L-240,VIN111,D3062,2025-12-09 10:35,2025-12-09 06:54,120.07,DONE
MV701126,SH100981,1,L-247,L-245,VIN143,D3017,2025-05-21 10:59,2025-05-22 20:28,388.85,DONE
MV701127,SH100982,1,L-231,L-222,VIN142,D3109,2025-12-04 19:16,,206.78,ABORTED
MV701128,SH100983,1,L-229,L-256,VIN202,D3013,2025-03-28 08:07,2025-03-29 13:46,177.87,DONE
MV701129,SH100983,2,L-256,L-216,VIN117,D3061,2025-03-29 19:19,2025-03-30 11:31,390.60,DONE
MV701130,SH100983,3,L-216,L-230,VIN184,D3013,2025-03-30 19:16,2025-03-31 20:59,385.12,DONE
MV701131,SH100984,1,L-251,L-219,VIN112,D3110,2025-04-01 15:14,2025-04-01 12:50,244.06,DONE
MV701132,SH100985,1,L-235,L-221,VIN160,D3061,2025-01-26 19:45,2025-01-27 09:48,248.44,DONE
MV701133,SH100986,1,L-233,L-219,VIN208,D3017,2025-01-27 14:09,2025-01-28 13:20,326.23,DONE
MV701134,SH100987,1,L-233,L-226,VIN161,D3066,2026-01-03 16:30,,169.96,ABORTED
MV701135,SH100988,1,L-225,L-259,VIN201,D3070,2026-05-16 14:05,2026-05-16 19:46,253.23,DONE
MV701136,SH100989,1,L-258,L-247,VIN160,D3117,2025-08-17 15:39,2025-08-18 18:36,150.91,DONE
MV701137,SH100990,1,L-225,L-224,VIN180,D3114,2025-12-17 12:17,2025-12-18 10:14,369.33,DONE
MV701138,SH100992,1,L-227,L-228,VIN170,D3058,2025-12-01 07:17,2025-12-01 17:01,219.14,DONE
MV701139,SH100993,1,L-221,L-256,VIN165,D3000,2025-06-16 21:17,2025-06-16 11:09,408.67,DONE
MV701140,SH100994,1,L-227,L-225,VIN211,D3037,2025-07-11 07:18,2025-07-11 18:12,227.54,DONE
MV701141,SH100994,2,L-225,L-220,VIN190,D3009,2025-07-12 14:48,2025-07-13 11:32,336.84,DONE
MV701142,SH100995,1,L-219,L-216,VIN113,D3083,2025-11-12 20:08,2025-11-12 15:24,299.06,DONE
MV701143,SH100995,2,L-216,L-230,VIN189,D3075,2025-11-13 15:43,2025-11-13 15:57,112.54,DONE
MV701144,SH100996,1,L-201,L-242,VIN137,D3031,2025-08-09 08:47,2025-08-09 11:20,74.12,DONE
MV701145,SH100997,1,L-249,L-239,VIN105,D3106,2025-10-04 18:42,2025-10-04 07:27,325.62,DONE
MV701146,SH100999,1,L-230,L-226,VIN191,D3033,2025-05-19 10:16,2025-05-19 21:13,170.42,DONE
MV701147,SH100999,2,L-226,L-213,VIN185,D3060,2025-05-19 20:22,,401.15,PLANNED
MV701148,SH101000,1,L-236,L-205,VIN166,D3104,2025-01-09 10:18,2025-01-09 17:24,365.52,DONE
MV701149,SH101000,2,L-205,L-214,VIN120,D3061,2025-01-09 19:44,2025-01-09 13:50,272.27,DONE
MV701150,SH101001,1,L-218,L-204,VIN114,D3083,2025-01-15 12:00,2025-01-15 20:30,127.39,DONE
MV701151,SH101002,1,L-229,L-214,VIN218,D3055,2025-12-20 06:56,,308.50,PLANNED
MV701152,SH101003,1,L-221,L-225,VIN117,D3000,2025-12-25 16:25,2025-12-26 15:58,190.39,DONE
MV701153,SH101004,1,L-245,L-246,VIN127,D3052,2025-06-29 19:39,2025-06-30 06:08,215.32,DONE
MV701154,SH101005,1,L-208,L-255,VIN194,D3011,2025-11-27 09:33,2025-11-27 07:18,103.96,DONE
MV701155,SH101006,1,L-208,L-214,VIN154,D3025,2026-03-22 19:41,2026-03-22 18:58,62.25,DONE
MV701156,SH101008,1,L-208,L-215,VIN178,D3103,2025-11-17 07:42,2025-11-17 20:49,395.23,DONE
MV701157,SH101008,2,L-215,L-212,VIN116,D3091,2025-11-17 15:20,2025-11-18 13:42,147.15,DONE
MV701158,SH101009,1,L-226,L-221,VIN143,D3075,2025-03-10 09:35,2025-03-10 08:49,248.47,DONE
MV701159,SH101009,2,L-221,L-241,VIN131,D3018,2025-03-11 06:24,2025-03-11 13:14,221.43,DONE
MV701160,SH101010,1,L-250,L-235,VIN129,D3006,2025-10-24 13:16,2025-10-24 10:54,211.41,DONE
MV701161,SH101010,2,L-235,L-243,VIN154,D3022,2025-10-25 20:37,2025-10-25 07:39,327.84,DONE
MV701162,SH101011,1,L-209,L-250,VIN214,D3081,2025-12-04 06:48,2025-12-04 16:14,267.71,DONE
MV701163,SH101012,1,L-256,L-208,VIN212,D3099,2025-11-27 15:15,,292.36,ABORTED
MV701164,SH101014,1,L-220,L-231,VIN212,D3049,2025-07-11 18:24,2025-07-11 18:04,162.67,DONE
MV701165,SH101014,2,L-231,L-247,VIN169,D3118,2025-07-12 16:15,2025-07-12 12:20,53.04,DONE
MV701166,SH101015,1,L-236,L-225,VIN135,D3102,2025-12-02 09:52,2025-12-02 21:46,83.62,DONE
MV701167,SH101018,1,L-211,L-212,VIN125,D3009,2025-01-27 10:45,2025-01-27 07:11,269.93,DONE
MV701168,SH101019,1,L-246,L-212,VIN125,D3043,2025-04-15 07:36,2025-04-15 14:10,395.16,DONE
MV701169,SH101020,1,L-204,L-225,VIN182,D3108,2025-07-07 13:51,2025-07-07 14:11,222.23,DONE
MV701170,SH101021,1,L-237,L-247,VIN190,D3022,2025-12-21 17:11,2025-12-21 15:18,95.04,DONE
MV701171,SH101022,1,L-240,L-226,VIN183,D3113,2025-02-09 11:05,2025-02-09 14:45,308.64,DONE
MV701172,SH101022,2,L-226,L-224,VIN205,D3026,2025-02-10 07:45,2025-02-11 14:42,358.24,DONE
MV701173,SH101023,1,L-218,L-233,VIN141,D3015,2026-03-18 16:26,2026-03-19 13:34,370.76,DONE
MV701174,SH101024,1,L-210,L-203,VIN165,D3023,2025-03-24 20:01,2025-03-24 08:46,280.64,DONE
MV701175,SH101025,1,L-258,L-226,VIN213,D3119,2025-06-25 21:48,2025-06-25 19:25,42.15,DONE
MV701176,SH101026,1,L-222,L-220,VIN132,D3102,2025-03-13 10:03,2025-03-13 18:05,294.23,DONE
MV701177,SH101026,2,L-220,L-221,VIN170,D3074,2025-03-14 14:36,,231.44,PLANNED
MV701178,SH101028,1,L-241,L-206,VIN145,D3087,2026-03-27 06:56,2026-03-28 19:43,50.27,DONE
MV701179,SH101028,2,L-206,L-220,VIN131,D3006,2026-03-28 19:24,2026-03-29 09:56,220.07,DONE
MV701180,SH101030,1,L-225,L-215,VIN195,D3086,2025-02-20 19:50,2025-02-20 09:52,205.45,DONE
MV701181,SH101030,2,L-215,L-259,VIN219,D3030,2025-02-21 13:38,2025-02-21 06:38,145.03,DONE
MV701182,SH101031,1,L-215,L-216,VIN183,D3018,2025-04-05 10:11,2025-04-06 15:35,82.12,DONE
MV701183,SH101032,1,L-255,L-204,VIN187,D3057,2025-09-13 20:06,2025-09-13 09:45,82.93,DONE
MV701184,SH101033,1,L-217,L-220,VIN172,D3066,2025-12-28 21:02,2025-12-28 21:58,214.58,DONE
MV701185,SH101033,2,L-220,L-201,VIN144,D3054,2025-12-29 11:00,2025-12-29 20:16,367.60,DONE
MV701186,SH101033,3,L-201,L-229,VIN183,D3117,2025-12-30 19:57,2025-12-31 19:08,239.80,DONE
MV701187,SH101034,1,L-245,L-213,VIN200,D3062,2026-04-24 07:23,2026-04-24 13:53,317.81,DONE
MV701188,SH101035,1,L-235,L-203,VIN165,D3053,2026-04-21 19:56,2026-04-22 14:13,388.06,DONE
MV701189,SH101036,1,L-215,L-251,VIN204,D3069,2025-04-17 15:09,2025-04-17 12:41,70.17,DONE
MV701190,SH101037,1,L-238,L-250,VIN141,D3104,2025-08-07 06:28,2025-08-07 07:18,242.24,DONE
MV701191,SH101038,1,L-204,L-236,VIN219,D3077,2026-05-06 08:06,2026-05-06 09:51,255.55,DONE
MV701192,SH101038,2,L-236,L-259,VIN196,D3033,2026-05-07 08:05,,92.05,ABORTED
MV701193,SH101039,1,L-207,L-234,VIN205,D3092,2025-06-24 09:18,2025-06-24 13:41,274.60,DONE
MV701194,SH101040,1,L-209,L-226,VIN164,D3105,2025-01-18 12:35,2025-01-18 16:05,221.60,DONE
MV701195,SH101040,2,L-226,L-214,VIN190,D3045,2025-01-18 21:21,2025-01-18 13:22,309.76,DONE
MV701196,SH101041,1,L-232,L-260,VIN119,D3075,2025-06-28 10:02,2025-06-29 18:58,52.08,DONE
MV701197,SH101041,2,L-260,L-234,VIN161,D3023,2025-06-29 19:10,,319.13,ABORTED
MV701198,SH101042,1,L-204,L-256,VIN154,D3033,2025-04-23 12:05,2025-04-23 21:32,87.46,DONE
MV701199,SH101042,2,L-256,L-214,VIN131,D3119,2025-04-24 07:12,2025-04-24 08:23,279.19,DONE
MV701200,SH101043,1,L-231,L-209,VIN159,D3093,2025-11-22 08:33,2025-11-22 11:05,287.65,DONE
MV701201,SH101044,1,L-238,L-236,VIN198,D3079,2025-03-31 16:23,,127.13,ABORTED
MV701202,SH101045,1,L-240,L-226,VIN172,D3102,2025-06-15 17:24,2025-06-16 20:59,310.30,DONE
MV701203,SH101046,1,L-233,L-224,VIN140,D3013,2025-03-12 09:46,2025-03-13 18:19,160.19,DONE
MV701204,SH101047,1,L-232,L-201,VIN153,D3058,2025-05-10 16:00,2025-05-11 16:22,157.47,DONE
MV701205,SH101048,1,L-207,L-242,VIN110,D3045,2025-11-13 17:35,,343.40,ABORTED
MV701206,SH101049,1,L-217,L-203,VIN171,D3048,2025-09-19 06:21,2025-09-19 15:01,71.92,DONE
MV701207,SH101053,1,L-208,L-221,VIN176,D3035,2025-03-04 09:16,2025-03-04 19:53,63.12,DONE
MV701208,SH101054,1,L-213,L-245,VIN104,D3114,2026-04-05 12:39,2026-04-05 07:57,213.10,DONE
MV701209,SH101054,2,L-245,L-255,VIN126,D3090,2026-04-06 16:36,2026-04-06 19:41,379.01,DONE
MV701210,SH101054,3,L-255,L-238,VIN170,D3113,2026-04-07 10:53,2026-04-07 19:51,339.79,DONE
MV701211,SH101055,1,L-247,L-245,VIN127,D3013,2025-07-16 11:09,2025-07-17 20:38,217.69,DONE
MV701212,SH101056,1,L-236,L-240,VIN156,D3116,2025-07-09 19:59,,390.04,PLANNED
MV701213,SH101057,1,L-245,L-217,VIN211,D3013,2025-11-07 12:09,2025-11-08 20:25,322.76,DONE
MV701214,SH101058,1,L-212,L-236,VIN203,D3073,2025-08-16 12:05,2025-08-16 06:03,69.56,DONE
MV701215,SH101058,2,L-236,L-205,VIN173,D3025,2025-08-17 12:20,2025-08-18 08:00,44.04,DONE
MV701216,SH101059,1,L-234,L-240,VIN210,D3006,2025-08-09 07:36,2025-08-09 18:34,86.16,DONE
MV701217,SH101059,2,L-240,L-202,VIN207,D3048,2025-08-09 11:18,2025-08-09 10:11,339.16,DONE
MV701218,SH101060,1,L-254,L-252,VIN191,D3087,2025-01-07 17:50,,107.60,PLANNED
MV701219,SH101061,1,L-230,L-260,VIN135,D3079,2025-02-19 15:30,2025-02-19 12:50,400.77,DONE
MV701220,SH101061,2,L-260,L-232,VIN124,D3083,2025-02-19 08:13,2025-02-19 10:34,237.15,DONE
MV701221,SH101062,1,L-232,L-246,VIN201,D3099,2025-03-28 10:21,2025-03-28 11:44,340.23,DONE
MV701222,SH101063,1,L-207,L-228,VIN112,D3024,2026-02-25 19:55,2026-02-25 08:40,73.31,DONE
MV701223,SH101064,1,L-250,L-224,VIN205,D3048,2025-07-27 12:55,2025-07-28 12:48,31.82,DONE
MV701224,SH101065,1,L-219,L-206,VIN132,D3015,2025-12-30 20:45,2025-12-30 09:48,275.95,DONE
MV701225,SH101065,2,L-206,L-233,VIN149,D3043,2025-12-31 19:56,2026-01-01 14:20,65.01,DONE
MV701226,SH101066,1,L-247,L-229,VIN131,D3085,2025-10-19 21:30,,98.09,ABORTED
MV701227,SH101067,1,L-212,L-225,VIN213,D3081,2026-05-16 16:49,2026-05-16 18:36,408.26,DONE
MV701228,SH101068,1,L-207,L-208,VIN193,D3104,2025-11-12 10:41,2025-11-12 09:15,340.52,DONE
MV701229,SH101069,1,L-250,L-212,VIN122,D3105,2026-03-12 11:32,2026-03-12 10:20,249.15,DONE
MV701230,SH101070,1,L-244,L-208,VIN174,D3065,2025-10-14 16:55,2025-10-15 11:00,335.95,DONE
MV701231,SH101071,1,L-248,L-234,VIN178,D3051,2025-03-03 12:51,2025-03-03 06:41,43.10,DONE
MV701232,SH101072,1,L-250,L-259,VIN109,D3021,2026-01-21 20:50,2026-01-22 15:50,61.31,DONE
MV701233,SH101073,1,L-222,L-226,VIN135,D3084,2025-09-14 06:22,2025-09-14 14:07,249.77,DONE
MV701234,SH101074,1,L-221,L-238,VIN119,D3049,2025-01-08 16:40,2025-01-08 10:42,406.92,DONE
MV701235,SH101075,1,L-214,L-220,VIN149,D3033,2026-02-15 19:45,2026-02-15 10:29,132.90,DONE
MV701236,SH101076,1,L-253,L-235,VIN149,D3110,2026-03-14 20:06,2026-03-14 16:10,325.78,DONE
MV701237,SH101076,2,L-235,L-215,VIN122,D3086,2026-03-14 19:09,2026-03-14 17:00,386.79,DONE
MV701238,SH101077,1,L-247,L-204,VIN201,D3037,2026-04-14 12:16,,315.83,ABORTED
MV701239,SH101078,1,L-231,L-240,VIN106,D3076,2025-10-07 18:05,2025-10-07 18:21,120.96,DONE
MV701240,SH101079,1,L-202,L-234,VIN102,D3090,2025-06-17 18:37,2025-06-18 08:24,253.65,DONE
MV701241,SH101080,1,L-232,L-208,VIN111,D3113,2025-04-21 07:26,2025-04-22 06:48,312.15,DONE
MV701242,SH101081,1,L-255,L-205,VIN104,D3004,2026-04-14 18:41,2026-04-14 19:36,388.19,DONE
MV701243,SH101082,1,L-206,L-245,VIN126,D3085,2025-09-07 20:39,2025-09-07 06:24,190.18,DONE
MV701244,SH101082,2,L-245,L-240,VIN188,D3038,2025-09-08 14:36,,398.35,PLANNED
MV701245,SH101083,1,L-243,L-236,VIN129,D3073,2025-11-06 10:22,2025-11-07 06:55,314.51,DONE
MV701246,SH101084,1,L-248,L-246,VIN127,D3011,2026-02-20 06:25,2026-02-20 15:03,36.38,DONE
MV701247,SH101085,1,L-239,L-233,VIN156,D3079,2026-05-06 13:53,2026-05-06 07:56,389.37,DONE
MV701248,SH101086,1,L-247,L-226,VIN135,D3078,2025-06-21 13:53,2025-06-21 21:04,223.80,DONE
MV701249,SH101087,1,L-252,L-203,VIN134,D3003,2025-06-26 13:11,2025-06-27 19:43,325.50,DONE
MV701250,SH101088,1,L-215,L-226,VIN144,D3022,2026-01-31 11:00,2026-02-01 08:02,351.14,DONE
MV701251,SH101089,1,L-234,L-235,VIN186,D3078,2026-04-20 11:13,2026-04-20 16:35,92.43,DONE
MV701252,SH101090,1,L-218,L-258,VIN193,D3113,2025-05-05 08:41,2025-05-05 18:33,328.03,DONE
MV701253,SH101091,1,L-212,L-225,VIN154,D3113,2025-04-29 06:12,2025-04-29 20:43,376.58,DONE
MV701254,SH101092,1,L-233,L-260,VIN144,D3053,2025-02-18 07:34,2025-02-18 09:38,316.93,DONE
MV701255,SH101092,2,L-260,L-225,VIN170,D3107,2025-02-19 21:00,2025-02-20 13:58,152.49,DONE
MV701256,SH101093,1,L-254,L-245,VIN208,D3089,2025-05-01 21:20,2025-05-01 19:29,258.64,DONE
MV701257,SH101094,1,L-208,L-236,VIN152,D3108,2025-06-15 21:28,2025-06-15 10:50,181.04,DONE
MV701258,SH101095,1,L-202,L-254,VIN139,D3048,2026-04-09 06:35,2026-04-09 12:44,186.52,DONE
MV701259,SH101096,1,L-214,L-216,VIN198,D3093,2026-02-03 06:22,2026-02-03 10:06,171.12,DONE
MV701260,SH101097,1,L-251,L-236,VIN142,D3064,2026-04-07 07:19,2026-04-07 13:57,81.05,DONE
MV701261,SH101097,2,L-236,L-239,VIN112,D3045,2026-04-08 16:56,,356.63,ABORTED
MV701262,SH101098,1,L-216,L-234,VIN109,D3017,2025-07-09 19:45,2025-07-10 06:28,56.95,DONE
MV701263,SH101099,1,L-240,L-227,VIN161,D3041,2026-04-20 09:22,2026-04-21 19:45,343.66,DONE
MV701264,SH101100,1,L-235,L-241,VIN108,D3007,2026-01-05 19:55,2026-01-06 15:11,321.28,DONE
MV701265,SH101100,2,L-241,L-253,VIN149,D3086,2026-01-05 19:37,2026-01-06 17:52,385.19,DONE
MV701266,SH101101,1,L-216,L-244,VIN212,D3068,2025-04-14 13:33,2025-04-15 12:11,225.04,DONE
MV701267,SH101102,1,L-257,L-249,VIN194,D3093,2025-12-20 18:12,2025-12-20 17:39,384.38,DONE
MV701268,SH101103,1,L-205,L-242,VIN151,D3113,2026-01-20 09:34,2026-01-21 16:25,296.60,DONE
MV701269,SH101104,1,L-212,L-235,VIN167,D3021,2025-04-16 13:57,2025-04-16 14:31,217.59,DONE
MV701270,SH101105,1,L-215,L-232,VIN172,D3092,2025-08-13 15:01,,73.50,PLANNED
MV701271,SH101106,1,L-234,L-242,VIN159,D3045,2025-02-07 07:15,2025-02-07 19:26,184.51,DONE
MV701272,SH101107,1,L-246,L-231,VIN119,D3113,2025-01-05 15:48,2025-01-06 07:42,29.47,DONE
MV701273,SH101108,1,L-254,L-239,VIN184,D3088,2025-07-09 21:20,2025-07-09 10:41,212.11,DONE
MV701274,SH101109,1,L-245,L-215,VIN126,D3051,2025-08-09 08:12,2025-08-09 13:43,229.54,DONE
MV701275,SH101109,2,L-215,L-211,VIN166,D3029,2025-08-10 11:29,2025-08-10 16:52,294.04,DONE
MV701276,SH101110,1,L-206,L-230,VIN178,D3105,2026-04-02 15:26,2026-04-02 07:39,196.21,DONE
MV701277,SH101110,2,L-230,L-260,VIN183,D3011,2026-04-03 18:59,2026-04-03 08:33,293.06,DONE
MV701278,SH101110,3,L-260,L-219,VIN131,D3113,2026-04-03 19:34,2026-04-03 07:19,80.35,DONE
MV701279,SH101111,1,L-249,L-245,VIN192,D3091,2026-04-24 15:34,2026-04-24 13:04,154.64,DONE
MV701280,SH101112,1,L-259,L-228,VIN182,D3045,2025-12-15 11:19,2025-12-15 20:20,238.82,DONE
MV701281,SH101113,1,L-213,L-205,VIN102,D3024,2026-05-07 15:08,2026-05-08 16:54,134.60,DONE
MV701282,SH101113,2,L-205,L-235,VIN108,D3084,2026-05-08 15:12,2026-05-08 08:56,305.44,DONE
MV701283,SH101113,3,L-235,L-219,VIN140,D3076,2026-05-09 14:44,2026-05-10 06:34,179.46,DONE
MV701284,SH101114,1,L-206,L-208,VIN212,D3071,2025-10-08 18:17,2025-10-08 06:34,97.45,DONE
MV701285,SH101115,1,L-253,L-236,VIN185,D3024,2025-11-20 21:33,2025-11-20 12:43,90.85,DONE
MV701286,SH101116,1,L-243,L-225,VIN162,D3052,2025-01-25 15:18,2025-01-25 14:43,69.11,DONE
MV701287,SH101117,1,L-211,L-225,VIN133,D3057,2025-08-24 11:38,2025-08-25 15:11,134.23,DONE
MV701288,SH101117,2,L-225,L-208,VIN200,D3099,2025-08-25 16:08,2025-08-25 17:14,151.66,DONE
MV701289,SH101118,1,L-206,L-232,VIN177,D3077,2025-08-30 08:53,2025-08-30 15:45,150.00,DONE
MV701290,SH101120,1,L-225,L-250,VIN165,D3107,2025-03-12 12:44,2025-03-12 15:29,182.44,DONE
MV701291,SH101122,1,L-209,L-230,VIN203,D3037,2026-01-15 06:42,2026-01-15 11:24,247.87,DONE
MV701292,SH101123,1,L-228,L-255,VIN192,D3100,2026-01-25 20:59,2026-01-25 13:12,192.28,DONE
MV701293,SH101124,1,L-255,L-210,VIN216,D3034,2025-04-30 18:50,2025-04-30 07:17,286.18,DONE
MV701294,SH101125,1,L-224,L-221,VIN155,D3012,2025-03-22 11:13,2025-03-22 07:50,360.31,DONE
MV701295,SH101126,1,L-222,L-221,VIN141,D3047,2026-04-23 06:55,2026-04-23 18:49,346.42,DONE
MV701296,SH101126,2,L-221,L-250,VIN172,D3075,2026-04-24 08:04,2026-04-24 13:40,88.89,DONE
MV701297,SH101128,1,L-227,L-204,VIN174,D3118,2025-11-26 07:41,2025-11-27 20:46,110.54,DONE
MV701298,SH101129,1,L-241,L-250,VIN203,D3061,2025-07-18 20:12,2025-07-18 13:18,170.67,DONE
MV701299,SH101130,1,L-244,L-201,VIN150,D3103,2025-07-15 19:16,2025-07-15 09:51,274.27,DONE
MV701300,SH101131,1,L-219,L-251,VIN103,D3114,2025-04-30 06:56,2025-05-01 12:35,335.19,DONE
MV701301,SH101131,2,L-251,L-235,VIN157,D3055,2025-04-30 13:29,2025-04-30 21:13,242.70,DONE
MV701302,SH101132,1,L-216,L-258,VIN115,D3020,2025-06-06 09:39,2025-06-07 09:11,160.71,DONE
MV701303,SH101133,1,L-256,L-239,VIN127,D3023,2026-03-24 10:00,2026-03-24 16:20,248.00,DONE
MV701304,SH101134,1,L-225,L-244,VIN121,D3054,2025-11-25 07:34,2025-11-25 14:40,223.81,DONE
MV701305,SH101135,1,L-232,L-238,VIN182,D3102,2025-09-21 06:50,2025-09-22 15:55,401.19,DONE
MV701306,SH101136,1,L-241,L-211,VIN115,D3002,2026-01-29 19:55,2026-01-29 14:22,239.59,DONE
MV701307,SH101136,2,L-211,L-209,VIN218,D3116,2026-01-30 19:32,2026-01-31 16:16,79.85,DONE
MV701308,SH101137,1,L-255,L-217,VIN108,D3100,2025-02-16 21:27,,54.55,PLANNED
MV701309,SH101138,1,L-260,L-250,VIN198,D3048,2025-08-23 13:14,2025-08-23 20:28,167.86,DONE
MV701310,SH101139,1,L-212,L-241,VIN117,D3050,2025-07-02 09:09,2025-07-02 06:19,354.44,DONE
MV701311,SH101139,2,L-241,L-231,VIN180,D3109,2025-07-02 18:41,2025-07-02 21:28,324.11,DONE
MV701312,SH101140,1,L-214,L-247,VIN122,D3009,2025-07-10 19:59,2025-07-10 11:29,213.11,DONE
MV701313,SH101141,1,L-248,L-212,VIN130,D3029,2025-09-03 11:39,2025-09-04 18:49,48.47,DONE
MV701314,SH101142,1,L-203,L-212,VIN136,D3066,2025-09-05 07:01,2025-09-05 14:20,226.52,DONE
MV701315,SH101143,1,L-221,L-251,VIN205,D3003,2025-08-25 14:49,2025-08-25 17:21,285.11,DONE
MV701316,SH101144,1,L-240,L-252,VIN137,D3057,2025-07-14 17:11,2025-07-14 20:00,388.80,DONE
MV701317,SH101145,1,L-247,L-246,VIN170,D3088,2025-07-16 15:02,2025-07-16 15:36,348.20,DONE
MV701318,SH101146,1,L-221,L-231,VIN151,D3109,2025-07-03 06:08,2025-07-03 12:59,57.16,DONE
MV701319,SH101147,1,L-235,L-235,VIN116,D3063,2025-10-24 16:29,2025-10-24 12:03,386.72,DONE
MV701320,SH101147,2,L-235,L-237,VIN131,D3010,2025-10-24 07:28,2025-10-25 06:38,313.10,DONE
MV701321,SH101148,1,L-242,L-222,VIN165,D3042,2025-05-20 13:39,2025-05-21 08:28,84.66,DONE
MV701322,SH101149,1,L-225,L-207,VIN191,D3062,2025-05-13 09:50,2025-05-14 10:19,324.11,DONE
MV701323,SH101150,1,L-254,L-240,VIN124,D3105,2025-05-01 21:44,2025-05-01 14:44,62.57,DONE
MV701324,SH101151,1,L-231,L-249,VIN169,D3119,2025-06-04 17:18,2025-06-05 12:29,381.35,DONE
MV701325,SH101152,1,L-219,L-206,VIN133,D3034,2026-01-10 12:05,2026-01-10 20:03,231.31,DONE
MV701326,SH101153,1,L-244,L-216,VIN152,D3081,2025-05-11 13:12,2025-05-11 19:38,76.26,DONE
MV701327,SH101154,1,L-207,L-204,VIN106,D3044,2025-04-05 07:29,2025-04-05 09:34,72.39,DONE
MV701328,SH101155,1,L-250,L-209,VIN142,D3119,2026-01-25 10:05,2026-01-26 15:29,390.75,DONE
MV701329,SH101156,1,L-225,L-208,VIN135,D3063,2026-01-21 15:23,,404.60,ABORTED
MV701330,SH101157,1,L-236,L-212,VIN203,D3080,2025-07-14 15:46,2025-07-14 10:00,93.79,DONE
MV701331,SH101158,1,L-240,L-225,VIN116,D3095,2025-07-28 17:31,2025-07-29 15:10,133.06,DONE
MV701332,SH101160,1,L-255,L-202,VIN193,D3044,2025-11-30 11:27,2025-12-01 20:43,159.35,DONE
MV701333,SH101161,1,L-238,L-205,VIN195,D3093,2025-09-10 19:30,2025-09-11 08:53,66.79,DONE
MV701334,SH101161,2,L-205,L-231,VIN192,D3074,2025-09-11 13:16,2025-09-11 07:23,117.50,DONE
MV701335,SH101161,3,L-231,L-203,VIN159,D3118,2025-09-12 06:18,2025-09-13 17:14,111.50,DONE
MV701336,SH101162,1,L-227,L-225,VIN119,D3119,2025-01-25 09:43,2025-01-25 20:41,148.38,DONE
MV701337,SH101162,2,L-225,L-246,VIN107,D3068,2025-01-26 07:26,2025-01-27 16:12,271.73,DONE
MV701338,SH101163,1,L-259,L-212,VIN217,D3077,2026-02-19 14:10,2026-02-19 06:53,339.08,DONE
MV701339,SH101164,1,L-212,L-245,VIN171,D3114,2025-03-17 13:37,2025-03-18 10:53,44.38,DONE
MV701340,SH101165,1,L-247,L-249,VIN153,D3006,2025-05-28 17:39,2025-05-29 15:07,139.53,DONE
MV701341,SH101167,1,L-213,L-219,VIN214,D3073,2026-04-23 13:52,2026-04-23 09:28,238.94,DONE
MV701342,SH101168,1,L-226,L-220,VIN143,D3088,2025-08-21 06:18,2025-08-21 19:28,172.92,DONE
MV701343,SH101169,1,L-201,L-260,VIN110,D3064,2025-08-27 10:39,2025-08-27 18:56,96.03,DONE
MV701344,SH101170,1,L-214,L-252,VIN112,D3016,2025-07-02 09:37,2025-07-03 15:30,63.66,DONE
MV701345,SH101172,1,L-207,L-231,VIN192,D3090,2026-03-16 08:13,2026-03-16 18:45,154.68,DONE
MV701346,SH101173,1,L-211,L-207,VIN116,D3117,2025-05-12 19:19,2025-05-12 11:02,329.10,DONE
MV701347,SH101174,1,L-249,L-240,VIN110,D3045,2025-09-02 08:00,2025-09-03 14:36,403.68,DONE
MV701348,SH101175,1,L-232,L-253,VIN200,D3105,2026-03-06 11:42,2026-03-07 19:49,114.06,DONE
MV701349,SH101176,1,L-249,L-255,VIN101,D3011,2025-03-15 14:00,,375.14,ABORTED
MV701350,SH101177,1,L-259,L-221,VIN193,D3090,2025-10-23 07:12,2025-10-23 18:58,42.80,DONE
MV701351,SH101178,1,L-239,L-238,VIN190,D3079,2025-06-05 18:57,2025-06-06 14:09,212.04,DONE
MV701352,SH101179,1,L-254,L-222,VIN172,D3033,2025-04-22 21:34,2025-04-22 06:09,41.03,DONE
MV701353,SH101180,1,L-241,L-211,VIN169,D3016,2026-02-20 15:21,2026-02-20 20:29,66.82,DONE
MV701354,SH101180,2,L-211,L-216,VIN172,D3000,2026-02-21 09:42,2026-02-21 21:04,132.43,DONE
MV701355,SH101181,1,L-260,L-236,VIN144,D3062,2026-03-06 21:15,,292.01,PLANNED
MV701356,SH101182,1,L-259,L-221,VIN122,D3089,2026-01-04 08:20,2026-01-04 19:04,393.60,DONE
MV701357,SH101183,1,L-247,L-214,VIN172,D3079,2025-07-07 15:51,2025-07-08 11:59,399.21,DONE
MV701358,SH101184,1,L-226,L-211,VIN210,D3098,2026-05-20 13:15,2026-05-21 10:54,71.77,DONE
MV701359,SH101184,2,L-211,L-227,VIN123,D3010,2026-05-21 12:36,2026-05-22 12:20,347.42,DONE
MV701360,SH101185,1,L-222,L-218,VIN119,D3018,2025-02-16 14:25,2025-02-17 16:40,311.42,DONE
MV701361,SH101186,1,L-208,L-249,VIN159,D3006,2025-01-31 15:23,,394.08,PLANNED
MV701362,SH101187,1,L-242,L-236,VIN112,D3013,2025-01-06 11:59,2025-01-07 10:52,155.15,DONE
MV701363,SH101188,1,L-231,L-258,VIN130,D3054,2025-05-09 09:41,,230.74,PLANNED
MV701364,SH101189,1,L-239,L-260,VIN190,D3010,2025-11-10 21:23,2025-11-10 07:20,381.77,DONE
MV701365,SH101189,2,L-260,L-215,VIN198,D3030,2025-11-10 17:17,2025-11-10 17:37,104.49,DONE
MV701366,SH101190,1,L-237,L-201,VIN150,D3032,2025-08-22 13:13,2025-08-22 12:57,239.86,DONE
MV701367,SH101191,1,L-236,L-224,VIN112,D3003,2025-10-27 14:14,,218.10,ABORTED
MV701368,SH101192,1,L-247,L-211,VIN140,D3089,2025-06-03 16:28,2025-06-03 18:54,74.28,DONE
MV701369,SH101192,2,L-211,L-229,VIN111,D3041,2025-06-04 20:28,2025-06-04 06:25,229.53,DONE
MV701370,SH101193,1,L-210,L-211,VIN216,D3106,2026-03-05 06:18,2026-03-05 20:03,113.42,DONE
MV701371,SH101195,1,L-242,L-256,VIN172,D3058,2025-05-08 13:21,2025-05-08 20:25,255.93,DONE
MV701372,SH101196,1,L-238,L-250,VIN188,D3089,2025-02-22 17:57,2025-02-23 11:10,284.06,DONE
MV701373,SH101197,1,L-226,L-252,VIN147,D3020,2026-02-20 10:21,2026-02-20 12:28,78.49,DONE
MV701374,SH101198,1,L-238,L-251,VIN100,D3021,2026-04-22 19:02,2026-04-22 19:15,90.70,DONE
MV701375,SH101199,1,L-204,L-207,VIN175,D3027,2025-07-15 08:15,2025-07-15 13:32,385.30,DONE
MV701376,SH101200,1,L-215,L-232,VIN190,D3074,2025-02-11 20:20,2025-02-11 06:02,217.54,DONE
MV701377,SH101201,1,L-207,L-231,VIN180,D3035,2026-02-03 11:28,2026-02-03 07:46,380.48,DONE
MV701378,SH101201,2,L-231,L-230,VIN116,D3112,2026-02-04 09:29,2026-02-04 15:41,238.13,DONE
MV701379,SH101201,3,L-230,L-253,VIN165,D3067,2026-02-04 21:21,2026-02-04 21:35,100.08,DONE
MV701380,SH101202,1,L-228,L-206,VIN218,D3114,2025-09-12 17:35,2025-09-12 12:38,403.34,DONE
MV701381,SH101203,1,L-255,L-217,VIN184,D3106,2026-02-16 09:34,,82.12,ABORTED
MV701382,SH101204,1,L-230,L-209,VIN172,D3110,2025-10-30 20:55,2025-10-30 07:54,124.72,DONE
MV701383,SH101205,1,L-255,L-213,VIN217,D3100,2025-06-18 21:48,2025-06-18 17:57,282.38,DONE
MV701384,SH101206,1,L-202,L-237,VIN213,D3047,2025-12-06 17:18,2025-12-06 19:31,355.46,DONE
MV701385,SH101207,1,L-229,L-230,VIN180,D3108,2026-03-31 07:59,2026-03-31 07:47,114.09,DONE
MV701386,SH101208,1,L-236,L-201,VIN139,D3002,2025-05-22 06:19,2025-05-22 08:00,189.12,DONE
MV701387,SH101209,1,L-218,L-219,VIN124,D3117,2025-06-03 07:35,2025-06-04 16:58,189.50,DONE
MV701388,SH101210,1,L-218,L-238,VIN176,D3016,2025-12-16 09:41,2025-12-16 11:49,409.44,DONE
MV701389,SH101211,1,L-212,L-216,VIN212,D3037,2025-01-18 14:17,2025-01-18 07:40,138.19,DONE
MV701390,SH101211,2,L-216,L-257,VIN160,D3054,2025-01-18 10:21,2025-01-19 11:46,331.67,DONE
MV701391,SH101212,1,L-219,L-248,VIN215,D3025,2025-08-16 07:08,2025-08-17 16:40,31.88,DONE
MV701392,SH101213,1,L-225,L-251,VIN116,D3084,2025-09-11 12:49,2025-09-11 17:28,342.96,DONE
MV701393,SH101215,1,L-221,L-216,VIN111,D3049,2025-04-25 07:53,2025-04-25 06:32,103.50,DONE
MV701394,SH101215,2,L-216,L-232,VIN127,D3067,2025-04-25 17:09,2025-04-25 16:08,57.18,DONE
MV701395,SH101216,1,L-250,L-221,VIN146,D3037,2026-05-02 20:22,2026-05-03 15:52,142.20,DONE
MV701396,SH101219,1,L-238,L-235,VIN201,D3063,2025-04-01 08:36,2025-04-01 12:58,374.08,DONE
MV701397,SH101219,2,L-235,L-209,VIN169,D3078,2025-04-01 15:37,2025-04-01 17:24,202.57,DONE
MV701398,SH101220,1,L-230,L-245,VIN186,D3022,2025-07-30 12:38,2025-07-30 18:12,229.67,DONE
MV701399,SH101222,1,L-221,L-255,VIN181,D3069,2025-05-11 15:14,2025-05-11 15:40,287.82,DONE
MV701400,SH101223,1,L-204,L-247,VIN150,D3063,2025-05-01 13:40,2025-05-02 10:07,143.78,DONE
MV701401,SH101224,1,L-213,L-256,VIN215,D3054,2025-08-25 10:56,2025-08-25 11:27,368.29,DONE
MV701402,SH101225,1,L-220,L-256,VIN167,D3033,2025-02-22 07:08,2025-02-22 19:45,241.21,DONE
MV701403,SH101225,2,L-256,L-211,VIN171,D3094,2025-02-23 20:39,2025-02-23 14:21,281.19,DONE
MV701404,SH101225,3,L-211,L-206,VIN134,D3116,2025-02-24 14:52,2025-02-24 12:25,219.27,DONE
MV701405,SH101226,1,L-213,L-250,VIN133,D3091,2025-02-03 16:06,2025-02-03 12:04,186.36,DONE
MV701406,SH101226,2,L-250,L-259,VIN207,D3051,2025-02-04 07:54,2025-02-05 15:02,270.94,DONE
MV701407,SH101227,1,L-237,L-206,VIN114,D3016,2026-03-10 09:26,2026-03-11 17:03,272.98,DONE
MV701408,SH101228,1,L-245,L-205,VIN204,D3036,2025-09-22 16:41,2025-09-22 15:35,345.00,DONE
MV701409,SH101228,2,L-205,L-240,VIN152,D3052,2025-09-23 15:15,,371.02,ABORTED
MV701410,SH101229,1,L-249,L-241,VIN105,D3100,2025-02-03 20:29,2025-02-04 11:22,198.95,DONE
MV701411,SH101229,2,L-241,L-211,VIN163,D3034,2025-02-04 18:24,2025-02-04 19:30,282.46,DONE
MV701412,SH101229,3,L-211,L-203,VIN214,D3055,2025-02-04 15:56,,107.06,PLANNED
MV701413,SH101230,1,L-257,L-240,VIN100,D3078,2025-07-30 20:00,2025-07-30 10:19,298.47,DONE
MV701414,SH101231,1,L-239,L-229,VIN139,D3117,2025-02-16 12:11,2025-02-16 08:23,409.31,DONE
MV701415,SH101232,1,L-208,L-235,VIN179,D3086,2025-12-24 08:05,2025-12-24 08:30,202.98,DONE
MV701416,SH101233,1,L-257,L-247,VIN188,D3065,2026-04-10 16:04,2026-04-10 13:49,193.87,DONE
MV701417,SH101234,1,L-248,L-228,VIN110,D3018,2025-08-24 08:41,2025-08-24 13:21,406.54,DONE
MV701418,SH101235,1,L-259,L-210,VIN161,D3048,2025-02-10 08:20,,296.00,PLANNED
MV701419,SH101236,1,L-247,L-239,VIN124,D3049,2026-01-22 13:02,2026-01-22 20:23,298.70,DONE
MV701420,SH101237,1,L-207,L-248,VIN167,D3049,2025-03-12 21:52,2025-03-12 20:14,217.63,DONE
MV701421,SH101238,1,L-233,L-253,VIN105,D3035,2026-01-20 10:30,2026-01-20 21:00,212.59,DONE
MV701422,SH101240,1,L-201,L-253,VIN200,D3103,2025-11-04 11:49,,115.25,PLANNED
MV701423,SH101241,1,L-241,L-213,VIN125,D3116,2025-04-27 12:25,2025-04-27 12:47,140.03,DONE
MV701424,SH101242,1,L-231,L-226,VIN136,D3008,2025-03-01 06:30,2025-03-01 11:46,39.50,DONE
MV701425,SH101243,1,L-244,L-251,VIN144,D3060,2025-07-14 15:34,,137.96,PLANNED
MV701426,SH101244,1,L-231,L-246,VIN130,D3104,2025-05-24 20:11,2025-05-24 20:54,204.36,DONE
MV701427,SH101244,2,L-246,L-226,VIN210,D3010,2025-05-25 11:16,,325.81,PLANNED
MV701428,SH101245,1,L-227,L-235,VIN101,D3049,2025-01-11 13:13,2025-01-12 12:18,390.80,DONE
MV701429,SH101246,1,L-215,L-236,VIN148,D3068,2026-04-14 10:22,2026-04-14 07:35,373.82,DONE
MV701430,SH101247,1,L-243,L-212,VIN101,D3112,2025-09-26 18:19,2025-09-26 13:06,308.26,DONE
MV701431,SH101248,1,L-257,L-209,VIN197,D3023,2025-06-07 14:51,2025-06-07 17:36,34.62,DONE
MV701432,SH101249,1,L-249,L-247,VIN147,D3051,2026-02-08 16:55,2026-02-08 11:41,315.50,DONE
MV701433,SH101250,1,L-227,L-232,VIN172,D3098,2025-12-19 18:55,2025-12-20 06:01,203.39,DONE
MV701434,SH101252,1,L-215,L-210,VIN174,D3034,2025-10-21 18:23,2025-10-22 15:50,87.44,DONE
MV701435,SH101253,1,L-255,L-220,VIN188,D3063,2025-09-10 10:54,2025-09-10 09:12,405.31,DONE
MV701436,SH101253,2,L-220,L-215,VIN106,D3079,2025-09-10 07:23,2025-09-11 18:18,32.09,DONE
MV701437,SH101253,3,L-215,L-213,VIN106,D3114,2025-09-11 13:19,2025-09-12 13:35,124.48,DONE
MV701438,SH101254,1,L-236,L-213,VIN155,D3021,2025-11-11 15:30,2025-11-12 08:52,355.57,DONE
MV701439,SH101255,1,L-251,L-230,VIN142,D3024,2025-01-18 18:27,2025-01-18 21:45,85.08,DONE
MV701440,SH101256,1,L-226,L-251,VIN175,D3029,2025-09-16 08:17,2025-09-16 17:17,322.53,DONE
MV701441,SH101256,2,L-251,L-259,VIN100,D3118,2025-09-16 12:43,2025-09-16 10:36,33.69,DONE
MV701442,SH101257,1,L-233,L-251,VIN201,D3099,2025-07-10 20:24,2025-07-11 21:11,137.77,DONE
MV701443,SH101257,2,L-251,L-242,VIN102,D3044,2025-07-11 15:17,2025-07-11 15:40,81.35,DONE
MV701444,SH101258,1,L-257,L-240,VIN122,D3099,2025-06-03 20:57,2025-06-03 21:17,223.25,DONE
MV701445,SH101258,2,L-240,L-241,VIN168,D3047,2025-06-04 14:20,2025-06-04 16:18,335.20,DONE
MV701446,SH101258,3,L-241,L-230,VIN138,D3004,2025-06-05 11:49,2025-06-06 18:43,34.75,DONE
MV701447,SH101259,1,L-201,L-212,VIN197,D3037,2025-07-06 15:40,,343.53,PLANNED
MV701448,SH101260,1,L-238,L-220,VIN202,D3112,2025-09-07 09:17,2025-09-07 07:01,32.11,DONE
MV701449,SH101260,2,L-220,L-245,VIN115,D3079,2025-09-08 13:21,2025-09-08 16:11,317.22,DONE
MV701450,SH101260,3,L-245,L-212,VIN194,D3014,2025-09-09 18:14,2025-09-09 10:23,367.34,DONE
MV701451,SH101262,1,L-227,L-206,VIN195,D3024,2025-03-07 15:17,2025-03-07 16:55,380.15,DONE
MV701452,SH101262,2,L-206,L-257,VIN183,D3001,2025-03-08 19:47,,285.83,PLANNED
MV701453,SH101263,1,L-246,L-231,VIN142,D3074,2025-09-27 15:43,2025-09-28 19:48,48.11,DONE
MV701454,SH101263,2,L-231,L-214,VIN159,D3077,2025-09-27 19:07,2025-09-27 19:07,55.58,DONE
MV701455,SH101264,1,L-257,L-217,VIN159,D3053,2025-05-06 07:39,2025-05-06 19:02,44.86,DONE
MV701456,SH101265,1,L-256,L-231,VIN184,D3057,2025-11-30 06:10,2025-11-30 20:22,297.28,DONE
MV701457,SH101266,1,L-202,L-212,VIN133,D3104,2025-03-05 06:51,2025-03-05 06:00,124.92,DONE
MV701458,SH101267,1,L-250,L-257,VIN138,D3040,2025-04-03 21:14,2025-04-03 12:19,178.11,DONE
MV701459,SH101268,1,L-235,L-255,VIN187,D3078,2025-03-02 20:21,2025-03-03 19:54,244.93,DONE
MV701460,SH101269,1,L-218,L-239,VIN216,D3045,2026-02-03 20:21,2026-02-03 16:09,405.38,DONE
MV701461,SH101270,1,L-228,L-240,VIN138,D3113,2025-08-25 15:36,2025-08-26 17:05,375.57,DONE
MV701462,SH101270,2,L-240,L-246,VIN190,D3111,2025-08-26 21:22,2025-08-26 21:07,331.67,DONE
MV701463,SH101270,3,L-246,L-216,VIN111,D3048,2025-08-26 21:15,2025-08-27 10:03,171.91,DONE
MV701464,SH101271,1,L-217,L-207,VIN118,D3086,2025-07-21 08:29,2025-07-21 16:54,373.91,DONE
MV701465,SH101272,1,L-255,L-239,VIN193,D3037,2026-04-13 16:13,2026-04-13 11:06,307.78,DONE
MV701466,SH101273,1,L-230,L-248,VIN177,D3016,2025-10-17 19:05,2025-10-17 06:27,49.20,DONE
MV701467,SH101274,1,L-260,L-251,VIN107,D3017,2025-09-26 08:36,2025-09-26 17:35,129.05,DONE
MV701468,SH101274,2,L-251,L-203,VIN205,D3000,2025-09-27 19:16,2025-09-28 11:25,90.34,DONE
MV701469,SH101275,1,L-216,L-229,VIN113,D3025,2026-04-21 15:43,,75.17,ABORTED
MV701470,SH101276,1,L-253,L-256,VIN189,D3087,2026-05-16 12:01,2026-05-17 10:50,296.69,DONE
MV701471,SH101277,1,L-220,L-232,VIN133,D3059,2025-11-23 21:34,2025-11-24 15:06,163.77,DONE
MV701472,SH101278,1,L-247,L-235,VIN209,D3081,2025-08-01 17:18,,201.46,ABORTED
MV701473,SH101279,1,L-202,L-249,VIN144,D3080,2025-08-12 07:52,2025-08-12 07:25,294.98,DONE
MV701474,SH101280,1,L-243,L-211,VIN139,D3047,2025-10-20 06:05,2025-10-21 10:14,392.07,DONE
MV701475,SH101280,2,L-211,L-256,VIN219,D3001,2025-10-21 20:09,2025-10-22 14:29,147.49,DONE
MV701476,SH101280,3,L-256,L-206,VIN188,D3053,2025-10-22 14:15,2025-10-22 08:13,353.44,DONE
MV701477,SH101281,1,L-238,L-232,VIN110,D3010,2025-02-11 20:35,2025-02-11 12:10,112.16,DONE
MV701478,SH101282,1,L-231,L-204,VIN103,D3059,2025-05-07 14:34,2025-05-07 17:28,279.12,DONE
MV701479,SH101283,1,L-222,L-258,VIN189,D3060,2025-01-27 20:54,2025-01-27 17:59,360.32,DONE
MV701480,SH101284,1,L-201,L-204,VIN105,D3027,2025-08-13 11:07,2025-08-14 19:13,328.36,DONE
MV701481,SH101285,1,L-238,L-214,VIN215,D3015,2025-12-28 06:26,2025-12-29 13:06,361.85,DONE
MV701482,SH101286,1,L-239,L-209,VIN201,D3002,2025-08-12 14:32,,226.75,ABORTED
MV701483,SH101287,1,L-260,L-210,VIN140,D3033,2026-04-04 21:13,,95.15,PLANNED
MV701484,SH101288,1,L-229,L-243,VIN154,D3065,2025-07-03 13:09,2025-07-03 17:23,63.32,DONE
MV701485,SH101289,1,L-239,L-247,VIN135,D3115,2026-04-27 18:03,2026-04-28 14:38,29.59,DONE
MV701486,SH101290,1,L-203,L-256,VIN117,D3072,2025-02-24 11:10,2025-02-24 15:38,138.11,DONE
MV701487,SH101290,2,L-256,L-242,VIN111,D3024,2025-02-25 07:11,2025-02-26 15:50,34.30,DONE
MV701488,SH101291,1,L-260,L-221,VIN188,D3025,2026-02-01 08:13,2026-02-01 10:43,178.66,DONE
MV701489,SH101291,2,L-221,L-246,VIN142,D3097,2026-02-02 17:58,2026-02-02 14:04,43.61,DONE
MV701490,SH101292,1,L-250,L-202,VIN104,D3016,2026-01-14 06:16,2026-01-14 07:25,236.42,DONE
MV701491,SH101294,1,L-204,L-251,VIN102,D3062,2026-02-24 13:30,2026-02-24 18:21,233.67,DONE
MV701492,SH101294,2,L-251,L-225,VIN136,D3034,2026-02-24 17:01,2026-02-25 18:06,211.62,DONE
MV701493,SH101294,3,L-225,L-215,VIN144,D3030,2026-02-25 15:30,2026-02-25 12:17,229.38,DONE
MV701494,SH101295,1,L-225,L-249,VIN116,D3088,2025-03-09 19:31,2025-03-10 16:37,290.71,DONE
MV701495,SH101296,1,L-226,L-206,VIN188,D3098,2025-07-12 06:20,2025-07-13 19:26,302.77,DONE
MV701496,SH101296,2,L-206,L-260,VIN116,D3088,2025-07-12 11:09,2025-07-12 15:55,125.40,DONE
MV701497,SH101297,1,L-260,L-255,VIN112,D3050,2025-12-03 15:47,2025-12-03 07:46,107.11,DONE
MV701498,SH101297,2,L-255,L-225,VIN178,D3062,2025-12-03 08:14,2025-12-03 13:09,397.16,DONE
MV701499,SH101298,1,L-201,L-256,VIN154,D3008,2025-07-16 12:55,2025-07-16 17:38,367.94,DONE
MV701500,SH101299,1,L-230,L-234,VIN104,D3071,2025-04-21 09:32,2025-04-21 06:23,391.63,DONE
MV701501,SH101300,1,L-219,L-248,VIN210,D3091,2025-02-15 16:01,2025-02-16 15:15,167.03,DONE
MV701502,SH101301,1,L-222,L-212,VIN162,D3014,2025-04-28 15:03,2025-04-29 09:10,107.64,DONE
MV701503,SH101302,1,L-211,L-205,VIN155,D3095,2026-03-14 11:24,2026-03-14 21:33,364.88,DONE
MV701504,SH101303,1,L-249,L-251,VIN174,D3092,2025-09-19 11:10,2025-09-20 12:37,103.33,DONE
MV701505,SH101304,1,L-230,L-243,VIN130,D3097,2025-09-12 07:29,2025-09-12 16:29,400.68,DONE
MV701506,SH101305,1,L-241,L-209,VIN203,D3058,2025-05-02 18:05,2025-05-03 21:41,342.45,DONE
MV701507,SH101306,1,L-245,L-226,VIN159,D3044,2025-02-24 12:52,2025-02-24 19:41,74.94,DONE
MV701508,SH101307,1,L-210,L-249,VIN171,D3037,2025-12-11 08:47,2025-12-11 20:21,399.02,DONE
MV701509,SH101308,1,L-224,L-241,VIN116,D3061,2025-10-09 10:43,2025-10-09 10:25,53.37,DONE
MV701510,SH101309,1,L-204,L-241,VIN188,D3053,2025-12-15 11:06,2025-12-15 08:39,349.52,DONE
MV701511,SH101311,1,L-252,L-235,VIN104,D3004,2026-02-21 18:08,2026-02-21 07:39,348.34,DONE
MV701512,SH101312,1,L-229,L-244,VIN122,D3017,2025-02-23 06:50,2025-02-24 19:21,346.24,DONE
MV701513,SH101314,1,L-222,L-236,VIN111,D3076,2025-05-03 17:49,2025-05-03 07:13,115.50,DONE
MV701514,SH101315,1,L-230,L-239,VIN138,D3070,2026-03-30 06:19,2026-03-31 19:44,130.14,DONE
MV701515,SH101316,1,L-220,L-217,VIN208,D3050,2025-04-22 11:08,2025-04-22 18:21,104.94,DONE
MV701516,SH101317,1,L-254,L-252,VIN104,D3086,2025-03-02 06:26,2025-03-03 16:48,262.50,DONE
MV701517,SH101318,1,L-204,L-253,VIN214,D3103,2026-04-22 08:09,2026-04-22 17:44,152.95,DONE
MV701518,SH101320,1,L-212,L-203,VIN202,D3101,2025-06-12 18:34,2025-06-13 21:42,389.12,DONE
MV701519,SH101321,1,L-232,L-216,VIN148,D3042,2025-01-23 13:58,2025-01-24 09:05,103.28,DONE
MV701520,SH101322,1,L-244,L-201,VIN124,D3090,2025-10-03 12:56,2025-10-03 15:25,119.68,DONE
MV701521,SH101323,1,L-215,L-215,VIN135,D3074,2025-03-07 17:44,2025-03-07 15:38,358.85,DONE
MV701522,SH101323,2,L-215,L-256,VIN120,D3002,2025-03-08 08:19,2025-03-09 08:06,75.62,DONE
MV701523,SH101323,3,L-256,L-247,VIN176,D3042,2025-03-09 20:50,2025-03-09 07:42,122.67,DONE
MV701524,SH101324,1,L-234,L-229,VIN152,D3075,2026-03-11 13:41,2026-03-11 16:08,310.88,DONE
MV701525,SH101325,1,L-207,L-215,VIN196,D3108,2025-06-26 19:49,2025-06-26 10:00,79.25,DONE
MV701526,SH101325,2,L-215,L-230,VIN129,D3018,2025-06-27 06:55,2025-06-27 06:22,99.96,DONE
MV701527,SH101326,1,L-235,L-207,VIN152,D3086,2025-01-03 18:49,2025-01-03 16:36,380.54,DONE
MV701528,SH101327,1,L-249,L-209,VIN147,D3088,2026-01-28 13:29,2026-01-28 07:31,55.69,DONE
MV701529,SH101328,1,L-239,L-217,VIN185,D3011,2025-04-14 10:40,2025-04-14 14:05,147.24,DONE
MV701530,SH101329,1,L-240,L-247,VIN111,D3061,2026-05-16 15:13,2026-05-16 09:51,323.52,DONE
MV701531,SH101331,1,L-238,L-246,VIN141,D3028,2025-01-08 09:35,2025-01-09 21:57,97.25,DONE
MV701532,SH101331,2,L-246,L-243,VIN129,D3076,2025-01-09 07:32,2025-01-10 15:22,322.54,DONE
MV701533,SH101332,1,L-212,L-241,VIN188,D3000,2026-03-23 10:57,2026-03-23 17:25,61.77,DONE
MV701534,SH101332,2,L-241,L-243,VIN101,D3101,2026-03-23 16:34,2026-03-23 16:52,55.94,DONE
MV701535,SH101333,1,L-216,L-251,VIN219,D3024,2025-06-14 15:27,2025-06-14 13:41,280.00,DONE
MV701536,SH101334,1,L-203,L-225,VIN201,D3102,2025-11-05 19:54,2025-11-06 09:17,37.98,DONE
MV701537,SH101335,1,L-220,L-221,VIN129,D3046,2025-11-12 21:07,2025-11-12 13:39,35.64,DONE
MV701538,SH101336,1,L-219,L-216,VIN102,D3114,2026-01-22 21:10,2026-01-22 12:21,161.60,DONE
MV701539,SH101336,2,L-216,L-257,VIN127,D3001,2026-01-23 18:31,,121.47,ABORTED
MV701540,SH101337,1,L-230,L-221,VIN106,D3059,2025-08-25 16:24,2025-08-25 07:59,366.76,DONE
MV701541,SH101338,1,L-245,L-215,VIN118,D3090,2025-12-03 10:25,2025-12-04 18:21,180.60,DONE
MV701542,SH101339,1,L-235,L-255,VIN212,D3071,2026-03-06 13:30,2026-03-06 13:30,62.57,DONE
MV701543,SH101339,2,L-255,L-230,VIN169,D3024,2026-03-07 11:25,2026-03-07 10:21,205.68,DONE
MV701544,SH101340,1,L-257,L-260,VIN127,D3086,2025-08-12 08:17,2025-08-12 12:12,240.02,DONE
MV701545,SH101341,1,L-220,L-251,VIN189,D3008,2025-04-30 06:17,2025-04-30 18:57,49.23,DONE
MV701546,SH101341,2,L-251,L-258,VIN123,D3111,2025-05-01 19:43,,390.79,PLANNED
MV701547,SH101342,1,L-213,L-209,VIN135,D3039,2025-09-03 19:03,2025-09-03 06:37,105.42,DONE
MV701548,SH101344,1,L-247,L-216,VIN188,D3044,2025-06-19 20:35,2025-06-19 18:32,95.25,DONE
MV701549,SH101344,2,L-216,L-208,VIN209,D3076,2025-06-20 14:24,2025-06-20 09:09,271.42,DONE
MV701550,SH101345,1,L-255,L-239,VIN145,D3077,2025-04-23 09:39,,106.74,ABORTED
MV701551,SH101346,1,L-229,L-202,VIN104,D3008,2026-01-05 14:04,2026-01-06 11:13,277.10,DONE
MV701552,SH101348,1,L-246,L-235,VIN108,D3027,2026-04-23 18:44,2026-04-24 14:23,145.72,DONE
MV701553,SH101349,1,L-259,L-254,VIN146,D3095,2026-05-02 10:13,2026-05-02 08:27,360.43,DONE
MV701554,SH101350,1,L-257,L-222,VIN181,D3055,2025-01-11 16:46,2025-01-12 19:48,74.73,DONE
MV701555,SH101351,1,L-214,L-249,VIN119,D3003,2025-03-20 07:53,2025-03-20 17:15,146.57,DONE
MV701556,SH101353,1,L-258,L-244,VIN172,D3095,2025-09-13 10:23,,312.82,PLANNED
MV701557,SH101354,1,L-248,L-236,VIN147,D3008,2025-05-25 18:46,2025-05-26 21:50,135.04,DONE
MV701558,SH101354,2,L-236,L-251,VIN147,D3057,2025-05-26 20:16,2025-05-26 17:20,365.10,DONE
MV701559,SH101355,1,L-213,L-231,VIN111,D3044,2026-03-13 06:50,2026-03-13 19:46,271.32,DONE
MV701560,SH101356,1,L-247,L-233,VIN191,D3086,2025-05-29 18:59,2025-05-30 19:47,62.25,DONE
MV701561,SH101357,1,L-255,L-246,VIN110,D3055,2025-09-17 20:08,2025-09-17 12:32,151.74,DONE
MV701562,SH101358,1,L-217,L-242,VIN178,D3030,2025-10-29 11:35,2025-10-29 07:19,242.34,DONE
MV701563,SH101359,1,L-245,L-246,VIN203,D3114,2026-05-18 10:16,2026-05-18 19:19,226.66,DONE
MV701564,SH101361,1,L-243,L-246,VIN216,D3082,2025-02-20 11:04,,103.91,ABORTED
MV701565,SH101362,1,L-212,L-235,VIN181,D3019,2026-04-08 09:14,2026-04-08 16:15,351.63,DONE
MV701566,SH101363,1,L-249,L-213,VIN196,D3026,2025-11-13 18:26,2025-11-13 17:07,351.72,DONE
MV701567,SH101364,1,L-246,L-234,VIN105,D3058,2025-03-13 21:21,2025-03-13 07:22,68.21,DONE
MV701568,SH101365,1,L-201,L-240,VIN180,D3054,2026-01-30 11:05,,299.11,ABORTED
MV701569,SH101367,1,L-201,L-216,VIN185,D3075,2025-07-27 18:47,2025-07-28 21:24,64.45,DONE
MV701570,SH101368,1,L-255,L-239,VIN196,D3078,2026-01-18 18:27,2026-01-18 21:03,58.20,DONE
MV701571,SH101369,1,L-217,L-260,VIN109,D3023,2025-10-14 11:32,2025-10-14 10:20,229.15,DONE
MV701572,SH101369,2,L-260,L-233,VIN122,D3057,2025-10-15 07:42,2025-10-15 06:40,125.58,DONE
MV701573,SH101370,1,L-229,L-240,VIN123,D3083,2025-12-17 20:33,2025-12-18 12:30,44.10,DONE
MV701574,SH101371,1,L-216,L-213,VIN132,D3004,2025-01-23 20:54,2025-01-23 11:12,161.27,DONE
MV701575,SH101372,1,L-243,L-241,VIN181,D3011,2026-04-12 10:23,2026-04-12 06:16,169.92,DONE
MV701576,SH101372,2,L-241,L-234,VIN152,D3098,2026-04-13 18:11,2026-04-13 14:30,166.68,DONE
MV701577,SH101373,1,L-203,L-216,VIN112,D3002,2025-01-13 19:32,2025-01-14 16:43,170.68,DONE
MV701578,SH101374,1,L-218,L-245,VIN160,D3051,2025-11-24 11:12,2025-11-24 07:02,77.74,DONE
MV701579,SH101375,1,L-253,L-258,VIN208,D3046,2026-05-13 19:24,2026-05-13 21:22,186.34,DONE
MV701580,SH101376,1,L-210,L-204,VIN211,D3110,2025-05-15 11:28,2025-05-16 20:07,259.98,DONE
MV701581,SH101377,1,L-225,L-245,VIN188,D3041,2026-01-07 06:25,2026-01-07 20:00,229.64,DONE
MV701582,SH101377,2,L-245,L-258,VIN191,D3006,2026-01-08 07:22,2026-01-09 13:00,44.71,DONE
MV701583,SH101378,1,L-210,L-256,VIN212,D3033,2026-01-25 06:20,2026-01-25 11:55,204.31,DONE
MV701584,SH101379,1,L-224,L-204,VIN158,D3051,2025-12-20 13:49,2025-12-21 12:05,149.50,DONE
MV701585,SH101380,1,L-227,L-230,VIN128,D3057,2026-02-14 14:03,2026-02-14 15:54,311.48,DONE
MV701586,SH101380,2,L-230,L-205,VIN119,D3108,2026-02-14 11:37,2026-02-14 06:59,45.37,DONE
MV701587,SH101380,3,L-205,L-233,VIN170,D3074,2026-02-15 16:10,2026-02-16 18:49,88.64,DONE
MV701588,SH101381,1,L-250,L-221,VIN168,D3087,2025-01-27 07:58,2025-01-27 06:18,79.34,DONE
MV701589,SH101383,1,L-250,L-208,VIN164,D3016,2026-03-09 15:18,2026-03-10 11:47,233.38,DONE
MV701590,SH101384,1,L-201,L-225,VIN153,D3089,2026-04-28 20:11,2026-04-28 07:56,114.17,DONE
MV701591,SH101384,2,L-225,L-221,VIN196,D3019,2026-04-29 15:24,2026-04-29 20:21,255.15,DONE
MV701592,SH101384,3,L-221,L-242,VIN193,D3112,2026-04-29 21:45,2026-04-30 12:17,76.45,DONE
MV701593,SH101385,1,L-254,L-258,VIN166,D3029,2025-06-07 09:02,,323.91,PLANNED
MV701594,SH101387,1,L-246,L-201,VIN218,D3116,2026-04-06 06:50,2026-04-06 20:01,142.35,DONE
MV701595,SH101388,1,L-216,L-240,VIN101,D3110,2025-09-13 16:44,2025-09-13 13:44,277.03,DONE
MV701596,SH101389,1,L-254,L-246,VIN130,D3017,2025-03-26 13:07,2025-03-26 20:37,172.57,DONE
MV701597,SH101390,1,L-222,L-235,VIN102,D3040,2025-02-06 20:34,2025-02-06 06:41,376.30,DONE
MV701598,SH101391,1,L-236,L-245,VIN125,D3014,2025-12-01 19:08,2025-12-01 10:24,194.30,DONE
MV701599,SH101391,2,L-245,L-258,VIN143,D3023,2025-12-02 14:02,2025-12-02 06:50,311.51,DONE
MV701600,SH101392,1,L-203,L-252,VIN215,D3029,2025-01-24 08:16,2025-01-25 16:46,163.08,DONE
MV701601,SH101393,1,L-252,L-216,VIN197,D3089,2025-04-11 20:20,2025-04-11 21:25,293.61,DONE
MV701602,SH101394,1,L-226,L-252,VIN133,D3065,2026-04-09 07:39,2026-04-09 11:47,397.17,DONE
MV701603,SH101396,1,L-254,L-215,VIN119,D3085,2025-06-23 14:27,2025-06-24 20:19,144.42,DONE
MV701604,SH101397,1,L-205,L-221,VIN173,D3035,2026-04-24 11:30,2026-04-25 09:37,361.70,DONE
MV701605,SH101398,1,L-233,L-241,VIN188,D3015,2025-02-26 18:26,2025-02-26 11:42,341.91,DONE
MV701606,SH101398,2,L-241,L-250,VIN114,D3099,2025-02-26 11:07,,227.35,PLANNED
MV701607,SH101399,1,L-222,L-234,VIN121,D3052,2025-10-08 15:26,2025-10-08 19:12,239.34,DONE
MV701608,SH101402,1,L-209,L-232,VIN176,D3114,2026-03-21 19:10,2026-03-21 07:29,313.00,DONE
MV701609,SH101403,1,L-239,L-201,VIN131,D3096,2026-05-14 08:43,2026-05-14 12:07,172.87,DONE
MV701610,SH101404,1,L-222,L-211,VIN194,D3043,2025-05-25 20:21,2025-05-25 12:04,67.57,DONE
MV701611,SH101405,1,L-239,L-213,VIN155,D3086,2025-08-12 13:05,2025-08-12 13:28,263.61,DONE
MV701612,SH101406,1,L-260,L-222,VIN146,D3061,2025-07-03 18:56,,134.63,PLANNED
MV701613,SH101407,1,L-219,L-205,VIN146,D3089,2025-03-31 10:45,2025-03-31 21:22,190.72,DONE
MV701614,SH101407,2,L-205,L-225,VIN187,D3092,2025-03-31 10:20,2025-04-01 19:53,333.71,DONE
MV701615,SH101407,3,L-225,L-202,VIN143,D3091,2025-04-01 11:44,2025-04-01 06:46,360.89,DONE
MV701616,SH101408,1,L-253,L-240,VIN134,D3080,2025-08-01 20:58,2025-08-01 14:53,326.91,DONE
MV701617,SH101408,2,L-240,L-220,VIN203,D3111,2025-08-02 06:39,2025-08-02 16:18,313.87,DONE
MV701618,SH101409,1,L-224,L-208,VIN144,D3016,2025-04-25 12:34,2025-04-25 17:20,221.33,DONE
MV701619,SH101410,1,L-222,L-251,VIN174,D3068,2025-12-10 06:21,2025-12-10 16:27,202.83,DONE
MV701620,SH101411,1,L-227,L-203,VIN101,D3057,2025-03-04 09:16,2025-03-04 19:45,154.40,DONE
MV701621,SH101412,1,L-213,L-253,VIN175,D3024,2025-08-06 10:40,2025-08-07 13:12,71.66,DONE
MV701622,SH101413,1,L-214,L-248,VIN141,D3065,2025-04-28 17:36,2025-04-28 20:37,383.40,DONE
MV701623,SH101414,1,L-224,L-243,VIN142,D3017,2026-03-29 06:04,2026-03-30 07:35,154.47,DONE
MV701624,SH101415,1,L-234,L-215,VIN167,D3041,2025-04-16 13:21,2025-04-17 16:46,341.35,DONE
MV701625,SH101415,2,L-215,L-222,VIN209,D3078,2025-04-17 11:04,2025-04-18 10:41,141.25,DONE
MV701626,SH101416,1,L-225,L-247,VIN175,D3008,2025-09-28 13:22,2025-09-28 16:00,149.87,DONE
MV701627,SH101417,1,L-228,L-256,VIN184,D3025,2025-07-07 18:05,2025-07-07 07:43,381.73,DONE
MV701628,SH101418,1,L-215,L-235,VIN118,D3115,2026-02-03 14:17,2026-02-04 06:05,364.23,DONE
MV701629,SH101420,1,L-217,L-241,VIN178,D3103,2025-08-23 18:21,2025-08-24 10:44,186.53,DONE
MV701630,SH101421,1,L-215,L-250,VIN200,D3034,2025-09-21 06:13,2025-09-21 11:45,330.88,DONE
MV701631,SH101422,1,L-236,L-257,VIN155,D3103,2025-06-27 09:19,2025-06-27 11:33,117.64,DONE
MV701632,SH101423,1,L-209,L-256,VIN135,D3044,2025-10-18 12:16,2025-10-18 18:32,200.30,DONE
MV701633,SH101424,1,L-242,L-253,VIN149,D3042,2026-04-23 12:44,2026-04-23 17:54,140.36,DONE
MV701634,SH101425,1,L-213,L-237,VIN196,D3015,2026-04-09 15:33,2026-04-09 17:50,100.50,DONE
MV701635,SH101426,1,L-259,L-245,VIN214,D3076,2025-10-16 13:54,2025-10-16 16:59,296.14,DONE
MV701636,SH101427,1,L-256,L-202,VIN146,D3079,2025-10-08 16:23,2025-10-08 09:00,304.47,DONE
MV701637,SH101428,1,L-217,L-201,VIN127,D3011,2025-07-30 12:18,2025-07-31 18:16,292.54,DONE
MV701638,SH101428,2,L-201,L-235,VIN186,D3107,2025-07-31 15:14,2025-07-31 14:44,75.46,DONE
MV701639,SH101429,1,L-213,L-225,VIN122,D3021,2026-01-07 12:26,,335.89,ABORTED
MV701640,SH101430,1,L-260,L-217,VIN187,D3081,2026-03-07 10:02,2026-03-08 15:10,364.16,DONE
MV701641,SH101431,1,L-210,L-208,VIN207,D3072,2026-01-19 11:10,2026-01-19 13:49,55.75,DONE
MV701642,SH101432,1,L-230,L-222,VIN181,D3037,2025-05-31 09:54,2025-05-31 11:52,107.40,DONE
MV701643,SH101433,1,L-238,L-211,VIN105,D3119,2025-07-01 12:25,2025-07-01 07:50,270.85,DONE
MV701644,SH101434,1,L-203,L-216,VIN156,D3009,2026-05-11 14:45,2026-05-11 06:47,286.56,DONE
MV701645,SH101434,2,L-216,L-243,VIN170,D3002,2026-05-11 18:58,2026-05-11 21:05,83.56,DONE
MV701646,SH101435,1,L-237,L-235,VIN144,D3063,2026-05-02 20:18,2026-05-02 20:07,29.63,DONE
MV701647,SH101436,1,L-253,L-229,VIN137,D3001,2025-05-12 09:40,2025-05-13 18:39,267.06,DONE
MV701648,SH101437,1,L-207,L-240,VIN163,D3093,2025-06-16 19:21,2025-06-16 16:13,44.05,DONE
MV701649,SH101438,1,L-250,L-257,VIN138,D3035,2025-05-27 13:31,2025-05-27 17:58,308.34,DONE
MV701650,SH101439,1,L-212,L-211,VIN197,D3051,2025-12-05 21:51,2025-12-05 06:35,408.27,DONE
MV701651,SH101439,2,L-211,L-236,VIN162,D3005,2025-12-05 13:54,2025-12-06 18:50,208.10,DONE
MV701652,SH101440,1,L-209,L-259,VIN186,D3031,2026-01-02 13:39,2026-01-03 08:09,350.46,DONE
MV701653,SH101441,1,L-241,L-211,VIN185,D3037,2026-01-09 12:45,2026-01-09 18:20,138.88,DONE
MV701654,SH101441,2,L-211,L-206,VIN152,D3028,2026-01-10 21:18,2026-01-11 11:00,304.25,DONE
MV701655,SH101443,1,L-233,L-253,VIN133,D3084,2025-08-12 18:41,2025-08-12 12:35,68.92,DONE
MV701656,SH101444,1,L-260,L-222,VIN167,D3100,2025-12-07 14:27,2025-12-07 10:36,325.20,DONE
MV701657,SH101445,1,L-220,L-243,VIN205,D3043,2025-07-19 18:26,2025-07-19 21:20,366.37,DONE
MV701658,SH101446,1,L-217,L-233,VIN129,D3109,2025-12-27 20:59,2025-12-27 12:23,73.92,DONE
MV701659,SH101447,1,L-209,L-244,VIN145,D3077,2025-04-28 11:32,2025-04-28 06:20,133.27,DONE
MV701660,SH101448,1,L-231,L-208,VIN155,D3071,2025-03-22 14:14,2025-03-22 18:03,93.47,DONE
MV701661,SH101449,1,L-237,L-210,VIN169,D3064,2025-11-23 17:26,2025-11-24 17:18,280.48,DONE
MV701662,SH101450,1,L-240,L-201,VIN113,D3012,2026-01-29 18:37,2026-01-30 13:22,50.48,DONE
MV701663,SH101451,1,L-251,L-260,VIN207,D3043,2025-09-05 19:52,2025-09-06 17:45,266.66,DONE
MV701664,SH101452,1,L-217,L-237,VIN186,D3103,2025-07-15 14:27,2025-07-16 09:01,115.38,DONE
MV701665,SH101453,1,L-211,L-256,VIN127,D3038,2026-02-02 11:59,2026-02-02 18:24,67.16,DONE
MV701666,SH101454,1,L-238,L-233,VIN131,D3050,2025-01-15 12:35,2025-01-16 08:34,395.65,DONE
MV701667,SH101455,1,L-224,L-222,VIN211,D3024,2026-01-17 17:47,2026-01-18 07:55,288.99,DONE
MV701668,SH101456,1,L-253,L-242,VIN193,D3109,2025-02-08 16:57,,44.07,ABORTED
MV701669,SH101457,1,L-248,L-249,VIN103,D3058,2025-08-18 16:00,2025-08-18 16:54,309.44,DONE
MV701670,SH101458,1,L-201,L-255,VIN137,D3096,2025-02-27 13:07,2025-02-27 11:41,232.26,DONE
MV701671,SH101458,2,L-255,L-240,VIN135,D3072,2025-02-28 10:08,,159.41,PLANNED
MV701672,SH101459,1,L-229,L-237,VIN105,D3110,2026-02-05 11:44,2026-02-05 11:11,45.15,DONE
MV701673,SH101460,1,L-251,L-232,VIN206,D3046,2025-04-14 11:47,2025-04-15 14:22,187.51,DONE
MV701674,SH101461,1,L-245,L-219,VIN197,D3074,2025-04-27 10:11,2025-04-28 06:20,381.33,DONE
MV701675,SH101462,1,L-243,L-211,VIN161,D3104,2026-01-07 13:51,2026-01-07 09:22,397.68,DONE
MV701676,SH101463,1,L-232,L-211,VIN119,D3041,2026-03-10 20:28,2026-03-11 13:46,306.12,DONE
MV701677,SH101465,1,L-247,L-238,VIN142,D3107,2025-07-11 07:36,2025-07-11 14:50,288.24,DONE
MV701678,SH101466,1,L-206,L-235,VIN213,D3037,2025-11-08 13:29,2025-11-08 10:04,140.83,DONE
MV701679,SH101467,1,L-211,L-217,VIN171,D3102,2025-10-31 15:22,,365.47,ABORTED
MV701680,SH101468,1,L-234,L-227,VIN102,D3071,2025-11-16 11:41,2025-11-16 18:51,83.52,DONE
MV701681,SH101469,1,L-210,L-230,VIN201,D3119,2025-02-09 10:19,2025-02-10 21:08,360.13,DONE
MV701682,SH101470,1,L-251,L-248,VIN105,D3101,2025-04-26 21:04,2025-04-27 14:19,348.80,DONE
MV701683,SH101471,1,L-216,L-258,VIN173,D3056,2025-01-21 20:15,2025-01-21 11:43,289.64,DONE
MV701684,SH101472,1,L-206,L-247,VIN179,D3100,2025-12-27 14:08,2025-12-27 11:21,41.06,DONE
MV701685,SH101473,1,L-215,L-217,VIN161,D3061,2025-07-02 12:04,2025-07-02 10:33,215.56,DONE
MV701686,SH101474,1,L-225,L-228,VIN162,D3113,2026-04-24 20:58,2026-04-25 08:07,208.95,DONE
MV701687,SH101475,1,L-221,L-208,VIN124,D3023,2025-05-19 20:23,2025-05-20 20:28,116.88,DONE
MV701688,SH101476,1,L-251,L-236,VIN141,D3044,2025-01-28 09:15,2025-01-28 06:26,277.14,DONE
MV701689,SH101477,1,L-247,L-216,VIN117,D3004,2025-03-22 11:46,,330.04,PLANNED
MV701690,SH101479,1,L-240,L-245,VIN152,D3097,2026-02-17 09:07,2026-02-18 14:52,377.39,DONE
MV701691,SH101480,1,L-205,L-258,VIN178,D3080,2026-03-05 17:38,2026-03-06 06:22,163.68,DONE
MV701692,SH101481,1,L-229,L-244,VIN145,D3085,2025-02-15 06:16,2025-02-16 06:03,129.15,DONE
MV701693,SH101482,1,L-239,L-215,VIN163,D3110,2025-01-29 19:26,2025-01-30 21:19,339.63,DONE
MV701694,SH101482,2,L-215,L-211,VIN202,D3031,2025-01-29 20:04,,267.45,PLANNED
MV701695,SH101483,1,L-217,L-230,VIN160,D3048,2025-10-27 19:52,2025-10-27 13:56,147.90,DONE
MV701696,SH101484,1,L-214,L-260,VIN191,D3037,2025-01-16 10:11,2025-01-16 17:31,311.39,DONE
MV701697,SH101485,1,L-228,L-218,VIN124,D3037,2025-02-09 11:26,2025-02-09 19:58,394.58,DONE
MV701698,SH101486,1,L-238,L-248,VIN121,D3107,2026-04-07 16:38,2026-04-08 11:54,256.29,DONE
MV701699,SH101487,1,L-218,L-256,VIN190,D3086,2025-07-02 20:51,2025-07-02 16:25,96.49,DONE
MV701700,SH101487,2,L-256,L-253,VIN198,D3073,2025-07-03 10:15,2025-07-03 14:42,295.98,DONE
MV701701,SH101488,1,L-224,L-225,VIN145,D3082,2025-06-26 20:39,2025-06-27 17:56,238.75,DONE
MV701702,SH101488,2,L-225,L-228,VIN131,D3061,2025-06-26 08:18,2025-06-26 16:43,299.39,DONE
MV701703,SH101489,1,L-255,L-250,VIN145,D3015,2026-04-18 11:30,2026-04-18 06:01,375.56,DONE
MV701704,SH101489,2,L-250,L-227,VIN200,D3070,2026-04-19 06:59,2026-04-19 12:36,409.91,DONE
MV701705,SH101490,1,L-217,L-256,VIN103,D3023,2026-03-13 17:38,2026-03-14 09:56,327.25,DONE
MV701706,SH101491,1,L-232,L-236,VIN142,D3078,2025-10-10 16:24,2025-10-11 15:12,75.86,DONE
MV701707,SH101492,1,L-201,L-256,VIN111,D3046,2025-02-05 13:56,2025-02-06 09:03,133.99,DONE
MV701708,SH101492,2,L-256,L-259,VIN124,D3027,2025-02-06 19:12,2025-02-07 17:40,385.02,DONE
MV701709,SH101493,1,L-238,L-214,VIN197,D3096,2025-04-16 18:30,2025-04-17 17:38,88.34,DONE
MV701710,SH101494,1,L-252,L-243,VIN218,D3113,2025-01-15 12:55,2025-01-16 06:15,178.75,DONE
MV701711,SH101495,1,L-257,L-214,VIN181,D3027,2026-02-24 21:29,2026-02-24 09:34,375.42,DONE
MV701712,SH101496,1,L-201,L-226,VIN200,D3039,2025-06-18 17:36,2025-06-18 21:45,280.77,DONE
MV701713,SH101497,1,L-222,L-241,VIN118,D3109,2025-12-06 21:53,2025-12-07 17:12,178.24,DONE
MV701714,SH101497,2,L-241,L-251,VIN132,D3008,2025-12-06 20:28,2025-12-06 06:31,283.13,DONE
MV701715,SH101498,1,L-204,L-260,VIN180,D3000,2025-08-13 18:46,2025-08-14 17:39,386.18,DONE
MV701716,SH101499,1,L-252,L-250,VIN145,D3110,2026-04-16 11:27,2026-04-16 21:32,179.98,DONE
MV701717,SH101499,2,L-250,L-233,VIN153,D3102,2026-04-17 10:56,,312.39,PLANNED
MV701718,SH101500,1,L-260,L-203,VIN113,D3027,2025-01-24 17:08,2025-01-25 13:14,340.93,DONE
MV701719,SH101501,1,L-204,L-250,VIN173,D3007,2025-07-16 20:34,,271.27,PLANNED
MV701720,SH101502,1,L-204,L-212,VIN161,D3065,2025-07-14 08:10,2025-07-15 13:38,81.50,DONE
MV701721,SH101503,1,L-214,L-251,VIN200,D3049,2025-05-28 20:14,2025-05-29 11:08,361.82,DONE
MV701722,SH101504,1,L-237,L-221,VIN142,D3047,2026-03-29 10:08,2026-03-30 16:14,84.18,DONE
MV701723,SH101504,2,L-221,L-209,VIN202,D3110,2026-03-29 21:37,2026-03-29 06:55,391.88,DONE
MV701724,SH101505,1,L-258,L-231,VIN188,D3062,2025-01-20 07:19,2025-01-20 15:21,345.81,DONE
MV701725,SH101505,2,L-231,L-251,VIN187,D3073,2025-01-21 17:12,2025-01-21 06:56,36.44,DONE
MV701726,SH101505,3,L-251,L-232,VIN126,D3046,2025-01-22 09:19,2025-01-22 19:55,101.87,DONE
MV701727,SH101506,1,L-239,L-231,VIN185,D3076,2025-10-13 18:47,2025-10-13 07:50,87.44,DONE
MV701728,SH101506,2,L-231,L-251,VIN141,D3083,2025-10-14 07:12,2025-10-15 17:33,337.48,DONE
MV701729,SH101507,1,L-254,L-236,VIN180,D3028,2025-04-10 07:55,2025-04-10 16:22,314.71,DONE
MV701730,SH101508,1,L-258,L-234,VIN146,D3024,2025-11-02 13:21,2025-11-02 16:21,52.90,DONE
MV701731,SH101509,1,L-241,L-231,VIN158,D3056,2025-05-16 20:44,2025-05-16 11:29,275.92,DONE
MV701732,SH101510,1,L-209,L-246,VIN102,D3090,2025-01-09 21:05,2025-01-09 07:46,139.58,DONE
MV701733,SH101511,1,L-210,L-246,VIN148,D3105,2025-06-28 14:50,2025-06-29 19:30,184.79,DONE
MV701734,SH101511,2,L-246,L-249,VIN180,D3072,2025-06-28 16:54,2025-06-28 10:34,66.87,DONE
MV701735,SH101512,1,L-243,L-247,VIN178,D3109,2026-04-20 14:47,2026-04-20 07:20,170.66,DONE
MV701736,SH101513,1,L-252,L-222,VIN202,D3092,2025-06-28 20:56,2025-06-28 21:42,374.83,DONE
MV701737,SH101514,1,L-212,L-211,VIN154,D3099,2025-08-07 21:40,2025-08-07 08:31,337.66,DONE
MV701738,SH101515,1,L-247,L-258,VIN217,D3016,2025-04-18 17:16,2025-04-18 15:40,337.84,DONE
MV701739,SH101516,1,L-245,L-229,VIN194,D3046,2025-06-18 12:26,2025-06-18 09:56,336.94,DONE
MV701740,SH101517,1,L-225,L-250,VIN116,D3071,2026-05-03 13:13,2026-05-03 18:51,234.66,DONE
MV701741,SH101517,2,L-250,L-252,VIN112,D3072,2026-05-03 20:04,,314.71,ABORTED
MV701742,SH101518,1,L-219,L-247,VIN135,D3094,2026-04-03 18:26,2026-04-03 06:16,60.85,DONE
MV701743,SH101519,1,L-208,L-226,VIN108,D3076,2025-08-07 20:42,2025-08-07 13:24,51.65,DONE
MV701744,SH101520,1,L-254,L-212,VIN113,D3010,2025-06-16 14:40,2025-06-17 15:18,364.16,DONE
MV701745,SH101521,1,L-252,L-216,VIN108,D3006,2025-11-15 09:20,2025-11-15 16:18,378.13,DONE
MV701746,SH101521,2,L-216,L-207,VIN158,D3112,2025-11-16 16:19,2025-11-16 08:26,399.27,DONE
MV701747,SH101522,1,L-214,L-211,VIN141,D3041,2025-05-19 12:03,2025-05-19 06:59,197.51,DONE
MV701748,SH101525,1,L-225,L-226,VIN113,D3110,2025-09-05 10:41,2025-09-06 12:29,209.66,DONE
MV701749,SH101526,1,L-228,L-212,VIN109,D3004,2025-02-18 15:52,,61.90,ABORTED
MV701750,SH101527,1,L-230,L-217,VIN211,D3012,2026-03-02 21:34,2026-03-02 12:32,235.99,DONE
MV701751,SH101528,1,L-228,L-253,VIN123,D3026,2025-01-14 13:33,2025-01-15 11:35,400.51,DONE
MV701752,SH101530,1,L-252,L-225,VIN170,D3091,2025-07-31 10:06,2025-07-31 09:24,163.74,DONE
MV701753,SH101531,1,L-236,L-229,VIN122,D3006,2025-07-11 15:54,2025-07-11 06:25,180.24,DONE
MV701754,SH101532,1,L-229,L-218,VIN117,D3001,2025-03-17 21:26,2025-03-18 12:21,248.44,DONE
MV701755,SH101533,1,L-235,L-208,VIN149,D3114,2025-11-04 11:53,2025-11-04 16:20,123.67,DONE
MV701756,SH101534,1,L-205,L-222,VIN112,D3048,2026-02-16 12:17,2026-02-16 21:17,406.24,DONE
MV701757,SH101535,1,L-235,L-232,VIN105,D3082,2025-05-29 18:28,2025-05-30 16:56,205.49,DONE
MV701758,SH101536,1,L-260,L-206,VIN116,D3064,2025-03-12 16:48,,285.90,ABORTED
MV701759,SH101537,1,L-245,L-226,VIN150,D3107,2026-01-30 15:30,2026-01-30 13:41,237.05,DONE
MV701760,SH101538,1,L-246,L-238,VIN218,D3038,2025-06-25 19:11,2025-06-25 15:16,174.04,DONE
MV701761,SH101540,1,L-249,L-241,VIN135,D3083,2026-02-16 09:59,2026-02-16 08:59,368.71,DONE
MV701762,SH101540,2,L-241,L-239,VIN131,D3093,2026-02-17 19:51,2026-02-17 13:43,286.66,DONE
MV701763,SH101541,1,L-205,L-233,VIN158,D3065,2025-01-09 20:26,2025-01-09 06:29,213.89,DONE
MV701764,SH101542,1,L-216,L-210,VIN162,D3084,2025-01-24 06:21,2025-01-24 10:44,119.34,DONE
MV701765,SH101543,1,L-230,L-240,VIN166,D3113,2025-05-01 13:27,2025-05-02 17:50,85.59,DONE
MV701766,SH101543,2,L-240,L-201,VIN103,D3100,2025-05-02 19:06,2025-05-02 12:44,142.52,DONE
MV701767,SH101544,1,L-260,L-234,VIN122,D3093,2026-05-06 08:04,2026-05-06 07:05,378.64,DONE
MV701768,SH101545,1,L-208,L-243,VIN147,D3020,2025-07-12 19:01,2025-07-13 11:44,139.30,DONE
MV701769,SH101546,1,L-260,L-209,VIN118,D3038,2025-03-28 18:01,2025-03-28 17:04,251.34,DONE
MV701770,SH101547,1,L-219,L-227,VIN217,D3052,2026-05-06 08:29,2026-05-07 07:14,366.22,DONE
MV701771,SH101548,1,L-224,L-229,VIN163,D3021,2026-05-11 11:50,2026-05-12 08:54,98.42,DONE
MV701772,SH101549,1,L-227,L-215,VIN164,D3118,2026-02-18 11:25,2026-02-19 06:14,186.66,DONE
MV701773,SH101549,2,L-215,L-257,VIN164,D3064,2026-02-19 11:29,,114.70,ABORTED
MV701774,SH101550,1,L-241,L-242,VIN126,D3106,2025-08-15 12:12,2025-08-15 15:45,394.26,DONE
MV701775,SH101552,1,L-247,L-237,VIN144,D3114,2025-05-04 11:48,2025-05-05 13:39,372.15,DONE
MV701776,SH101553,1,L-228,L-216,VIN132,D3047,2026-01-11 10:17,2026-01-11 11:18,171.00,DONE
MV701777,SH101554,1,L-253,L-254,VIN214,D3002,2025-02-11 12:51,2025-02-11 11:46,398.14,DONE
MV701778,SH101555,1,L-233,L-212,VIN176,D3039,2025-04-25 15:44,2025-04-25 17:42,339.33,DONE
MV701779,SH101556,1,L-238,L-215,VIN150,D3065,2026-05-18 13:33,2026-05-18 06:52,318.46,DONE
MV701780,SH101556,2,L-215,L-211,VIN153,D3087,2026-05-18 16:18,2026-05-18 19:10,401.52,DONE
MV701781,SH101557,1,L-256,L-234,VIN115,D3094,2026-05-08 20:33,2026-05-09 13:42,63.35,DONE
MV701782,SH101559,1,L-250,L-259,VIN146,D3012,2025-03-30 13:35,2025-03-30 16:36,150.88,DONE
MV701783,SH101560,1,L-246,L-203,VIN192,D3097,2026-01-29 18:20,2026-01-29 11:09,155.81,DONE
MV701784,SH101561,1,L-241,L-260,VIN148,D3054,2025-09-17 06:53,2025-09-17 16:29,220.15,DONE
MV701785,SH101561,2,L-260,L-212,VIN121,D3075,2025-09-18 13:05,2025-09-19 16:49,357.31,DONE
MV701786,SH101562,1,L-203,L-229,VIN201,D3015,2026-04-09 21:13,2026-04-09 15:58,275.69,DONE
MV701787,SH101563,1,L-244,L-231,VIN165,D3045,2025-01-19 21:16,2025-01-19 06:10,91.59,DONE
MV701788,SH101564,1,L-240,L-225,VIN138,D3066,2025-02-24 19:06,2025-02-24 15:31,389.39,DONE
MV701789,SH101565,1,L-202,L-212,VIN176,D3000,2025-05-07 17:33,2025-05-07 21:41,250.96,DONE
MV701790,SH101566,1,L-213,L-215,VIN186,D3084,2025-10-05 19:15,2025-10-05 20:08,390.75,DONE
MV701791,SH101567,1,L-218,L-258,VIN149,D3089,2026-03-10 11:25,2026-03-10 16:56,398.61,DONE
MV701792,SH101568,1,L-212,L-211,VIN219,D3096,2025-11-27 18:24,,98.87,ABORTED
MV701793,SH101569,1,L-216,L-227,VIN116,D3005,2025-06-15 15:33,2025-06-15 20:27,359.46,DONE
MV701794,SH101570,1,L-213,L-218,VIN211,D3043,2026-04-22 18:59,2026-04-22 17:48,192.52,DONE
MV701795,SH101571,1,L-226,L-246,VIN118,D3048,2025-02-02 08:04,2025-02-02 07:59,162.53,DONE
MV701796,SH101571,2,L-246,L-225,VIN138,D3022,2025-02-03 20:47,2025-02-04 07:56,161.75,DONE
MV701797,SH101572,1,L-240,L-246,VIN215,D3049,2025-03-24 06:23,2025-03-24 19:04,260.42,DONE
MV701798,SH101573,1,L-250,L-235,VIN163,D3098,2025-01-30 08:01,2025-01-30 08:06,267.13,DONE
MV701799,SH101574,1,L-221,L-260,VIN104,D3115,2025-01-19 18:04,2025-01-19 19:30,218.05,DONE
MV701800,SH101575,1,L-243,L-260,VIN192,D3078,2025-06-26 08:20,2025-06-26 13:09,241.58,DONE
MV701801,SH101576,1,L-245,L-206,VIN156,D3096,2025-11-08 11:10,2025-11-09 16:43,167.72,DONE
MV701802,SH101577,1,L-208,L-216,VIN187,D3099,2026-04-07 08:37,2026-04-08 12:13,328.83,DONE
MV701803,SH101578,1,L-228,L-241,VIN175,D3032,2026-02-18 07:35,2026-02-19 08:42,373.03,DONE
MV701804,SH101578,2,L-241,L-220,VIN213,D3024,2026-02-19 06:49,2026-02-20 10:06,110.06,DONE
MV701805,SH101578,3,L-220,L-239,VIN119,D3019,2026-02-20 11:45,2026-02-20 11:14,276.02,DONE
MV701806,SH101579,1,L-229,L-225,VIN213,D3113,2025-11-06 17:21,2025-11-06 09:15,359.17,DONE
MV701807,SH101580,1,L-254,L-205,VIN195,D3076,2025-09-09 18:39,2025-09-09 06:28,80.38,DONE
MV701808,SH101580,2,L-205,L-237,VIN185,D3111,2025-09-10 13:51,2025-09-10 20:02,83.49,DONE
MV701809,SH101581,1,L-229,L-249,VIN124,D3011,2025-03-15 13:50,2025-03-16 11:42,39.87,DONE
MV701810,SH101582,1,L-248,L-205,VIN118,D3036,2025-01-11 20:24,2025-01-11 14:10,255.05,DONE
MV701811,SH101583,1,L-217,L-256,VIN154,D3100,2025-02-23 06:59,2025-02-23 11:11,229.04,DONE
MV701812,SH101584,1,L-251,L-217,VIN113,D3060,2025-06-07 06:45,2025-06-07 09:25,194.73,DONE
MV701813,SH101585,1,L-227,L-253,VIN195,D3115,2025-01-21 18:23,2025-01-21 18:04,348.40,DONE
MV701814,SH101586,1,L-229,L-259,VIN176,D3099,2025-01-30 07:13,2025-01-31 17:08,367.16,DONE
MV701815,SH101587,1,L-231,L-234,VIN144,D3075,2026-03-12 17:08,2026-03-12 17:07,211.21,DONE
MV701816,SH101588,1,L-218,L-232,VIN118,D3013,2026-01-07 10:01,2026-01-07 15:46,269.29,DONE
MV701817,SH101589,1,L-209,L-254,VIN123,D3100,2026-04-17 07:16,2026-04-17 21:10,35.60,DONE
MV701818,SH101590,1,L-233,L-211,VIN154,D3022,2025-10-08 11:36,2025-10-08 10:38,166.11,DONE
MV701819,SH101590,2,L-211,L-201,VIN193,D3111,2025-10-08 08:11,2025-10-09 09:05,334.03,DONE
MV701820,SH101590,3,L-201,L-225,VIN126,D3008,2025-10-09 15:17,2025-10-09 17:01,49.77,DONE
MV701821,SH101591,1,L-212,L-246,VIN131,D3011,2025-03-10 17:21,2025-03-11 18:08,213.79,DONE
MV701822,SH101591,2,L-246,L-245,VIN138,D3034,2025-03-11 15:46,2025-03-11 19:30,83.67,DONE
MV701823,SH101592,1,L-243,L-227,VIN124,D3072,2025-03-18 17:41,2025-03-19 08:30,341.80,DONE
MV701824,SH101594,1,L-222,L-229,VIN175,D3116,2025-04-13 19:29,2025-04-13 09:29,241.98,DONE
MV701825,SH101595,1,L-231,L-215,VIN217,D3051,2026-03-23 11:46,2026-03-23 16:12,69.79,DONE
MV701826,SH101595,2,L-215,L-235,VIN203,D3113,2026-03-24 16:33,,150.47,ABORTED
MV701827,SH101596,1,L-252,L-249,VIN210,D3007,2025-10-12 17:18,,183.13,PLANNED
MV701828,SH101597,1,L-240,L-206,VIN206,D3010,2025-09-24 07:49,2025-09-24 16:02,170.87,DONE
MV701829,SH101598,1,L-218,L-240,VIN158,D3022,2025-12-27 11:25,2025-12-28 18:01,49.93,DONE
MV701830,SH101598,2,L-240,L-225,VIN158,D3003,2025-12-28 17:52,2025-12-28 15:08,113.80,DONE
MV701831,SH101598,3,L-225,L-212,VIN172,D3113,2025-12-29 21:49,,301.57,PLANNED
MV701832,SH101599,1,L-225,L-237,VIN147,D3115,2025-06-24 20:53,2025-06-24 11:32,289.49,DONE
MV701833,SH101600,1,L-232,L-213,VIN127,D3032,2025-01-18 13:39,2025-01-18 06:52,71.47,DONE
MV701834,SH101601,1,L-203,L-236,VIN104,D3077,2026-01-08 07:17,2026-01-09 18:06,214.11,DONE
MV701835,SH101602,1,L-220,L-239,VIN151,D3105,2025-03-26 12:21,2025-03-26 06:02,229.99,DONE
MV701836,SH101603,1,L-226,L-243,VIN150,D3056,2025-10-11 18:35,2025-10-11 11:54,223.34,DONE
MV701837,SH101604,1,L-203,L-233,VIN150,D3062,2025-12-30 15:56,,169.73,PLANNED
MV701838,SH101605,1,L-226,L-201,VIN162,D3014,2025-11-18 09:55,2025-11-19 12:18,369.81,DONE
MV701839,SH101605,2,L-201,L-259,VIN128,D3112,2025-11-19 07:25,2025-11-19 14:26,51.62,DONE
MV701840,SH101606,1,L-241,L-225,VIN123,D3099,2025-10-04 13:20,2025-10-05 19:36,162.84,DONE
MV701841,SH101607,1,L-239,L-215,VIN106,D3018,2025-11-09 15:34,2025-11-10 16:31,238.37,DONE
MV701842,SH101607,2,L-215,L-215,VIN124,D3028,2025-11-09 10:37,2025-11-09 19:20,211.49,DONE
MV701843,SH101608,1,L-210,L-247,VIN140,D3048,2025-04-22 10:15,2025-04-23 11:05,402.13,DONE
MV701844,SH101609,1,L-246,L-255,VIN115,D3056,2025-10-09 20:17,2025-10-09 10:20,248.10,DONE
MV701845,SH101609,2,L-255,L-252,VIN142,D3078,2025-10-10 15:32,2025-10-10 15:37,254.91,DONE
MV701846,SH101610,1,L-204,L-238,VIN167,D3074,2025-04-22 19:34,2025-04-22 07:31,272.94,DONE
MV701847,SH101611,1,L-247,L-226,VIN203,D3065,2025-01-18 16:39,2025-01-18 20:11,197.62,DONE
MV701848,SH101611,2,L-226,L-230,VIN189,D3021,2025-01-18 15:52,,117.49,ABORTED
MV701849,SH101612,1,L-258,L-220,VIN153,D3064,2026-02-14 19:16,2026-02-14 14:51,197.15,DONE
MV701850,SH101613,1,L-242,L-251,VIN218,D3052,2025-08-21 13:49,,151.23,ABORTED
MV701851,SH101614,1,L-215,L-249,VIN159,D3042,2025-09-24 14:46,2025-09-25 17:21,170.28,DONE
MV701852,SH101615,1,L-207,L-244,VIN189,D3059,2026-01-18 10:42,2026-01-18 20:35,199.50,DONE
MV701853,SH101616,1,L-222,L-251,VIN158,D3066,2025-04-05 20:28,2025-04-05 19:35,348.76,DONE
MV701854,SH101616,2,L-251,L-252,VIN118,D3015,2025-04-06 09:04,2025-04-07 16:51,286.73,DONE
MV701855,SH101617,1,L-232,L-222,VIN156,D3077,2025-09-15 08:08,2025-09-15 15:22,344.54,DONE
MV701856,SH101618,1,L-225,L-258,VIN104,D3094,2026-01-29 07:14,2026-01-30 13:37,165.75,DONE
MV701857,SH101619,1,L-209,L-259,VIN134,D3111,2025-06-08 11:48,2025-06-08 17:22,66.01,DONE
MV701858,SH101620,1,L-260,L-250,VIN140,D3039,2025-05-14 13:40,2025-05-14 17:02,332.15,DONE
MV701859,SH101621,1,L-240,L-239,VIN117,D3006,2026-02-05 18:39,2026-02-05 13:53,340.36,DONE
MV701860,SH101622,1,L-207,L-230,VIN180,D3026,2025-01-12 17:11,2025-01-13 09:16,209.99,DONE
MV701861,SH101623,1,L-204,L-205,VIN152,D3007,2026-04-27 19:30,2026-04-27 12:53,149.45,DONE
MV701862,SH101623,2,L-205,L-234,VIN150,D3093,2026-04-28 12:19,2026-04-29 10:01,68.39,DONE
MV701863,SH101624,1,L-252,L-224,VIN101,D3029,2025-08-18 14:29,2025-08-18 19:57,211.03,DONE
MV701864,SH101626,1,L-222,L-231,VIN192,D3089,2025-05-01 15:11,2025-05-01 12:40,95.63,DONE
MV701865,SH101627,1,L-239,L-213,VIN112,D3025,2025-04-13 18:38,2025-04-14 17:01,331.09,DONE
MV701866,SH101628,1,L-231,L-211,VIN193,D3053,2026-02-03 13:58,2026-02-03 06:17,203.48,DONE
MV701867,SH101628,2,L-211,L-201,VIN137,D3076,2026-02-04 12:10,2026-02-04 06:50,271.36,DONE
MV701868,SH101628,3,L-201,L-204,VIN177,D3087,2026-02-05 16:00,2026-02-06 07:51,314.16,DONE
MV701869,SH101629,1,L-237,L-256,VIN185,D3101,2025-11-05 07:54,2025-11-06 06:55,67.17,DONE
MV701870,SH101630,1,L-228,L-209,VIN197,D3078,2025-06-08 10:36,2025-06-08 16:14,346.40,DONE
MV701871,SH101631,1,L-203,L-260,VIN205,D3025,2025-09-08 12:20,2025-09-08 15:05,256.08,DONE
MV701872,SH101631,2,L-260,L-208,VIN133,D3016,2025-09-09 21:30,2025-09-09 10:20,102.10,DONE
MV701873,SH101632,1,L-227,L-241,VIN113,D3092,2025-03-16 13:09,2025-03-16 21:31,136.44,DONE
MV701874,SH101632,2,L-241,L-239,VIN116,D3039,2025-03-17 06:25,,156.54,PLANNED
MV701875,SH101633,1,L-209,L-237,VIN140,D3105,2025-08-25 09:09,,380.82,ABORTED
MV701876,SH101634,1,L-255,L-226,VIN187,D3002,2025-02-27 19:21,2025-02-28 13:47,270.65,DONE
MV701877,SH101634,2,L-226,L-226,VIN118,D3028,2025-02-28 15:01,2025-03-01 10:36,242.43,DONE
MV701878,SH101636,1,L-229,L-227,VIN127,D3024,2025-07-15 14:40,2025-07-15 18:15,136.18,DONE
MV701879,SH101637,1,L-243,L-226,VIN106,D3100,2025-07-31 14:54,2025-07-31 11:04,309.19,DONE
MV701880,SH101637,2,L-226,L-260,VIN104,D3117,2025-08-01 09:00,2025-08-02 06:10,222.44,DONE
MV701881,SH101638,1,L-225,L-228,VIN128,D3085,2025-12-14 19:20,2025-12-14 15:46,259.72,DONE
MV701882,SH101639,1,L-248,L-227,VIN185,D3025,2025-05-18 18:42,2025-05-18 15:32,280.69,DONE
MV701883,SH101640,1,L-222,L-221,VIN157,D3061,2025-03-02 14:12,2025-03-02 08:31,319.72,DONE
MV701884,SH101640,2,L-221,L-231,VIN127,D3089,2025-03-03 21:51,2025-03-04 06:39,267.94,DONE
MV701885,SH101641,1,L-217,L-212,VIN209,D3101,2025-04-05 09:01,2025-04-05 17:29,292.29,DONE
MV701886,SH101642,1,L-239,L-235,VIN167,D3103,2026-05-11 10:57,2026-05-11 19:37,30.15,DONE
MV701887,SH101642,2,L-235,L-259,VIN212,D3082,2026-05-11 17:02,,398.93,PLANNED
MV701888,SH101643,1,L-230,L-242,VIN202,D3082,2025-10-21 07:54,2025-10-22 18:41,309.01,DONE
MV701889,SH101644,1,L-221,L-260,VIN142,D3116,2025-12-03 13:52,2025-12-03 13:32,254.35,DONE
MV701890,SH101644,2,L-260,L-217,VIN164,D3081,2025-12-03 10:08,2025-12-03 12:34,110.67,DONE
MV701891,SH101645,1,L-217,L-218,VIN206,D3053,2026-03-30 06:50,2026-03-30 12:43,321.40,DONE
MV701892,SH101646,1,L-257,L-256,VIN211,D3092,2026-02-26 11:10,2026-02-26 06:50,180.55,DONE
MV701893,SH101647,1,L-217,L-206,VIN130,D3038,2026-02-11 12:37,2026-02-11 19:12,299.12,DONE
MV701894,SH101649,1,L-232,L-216,VIN118,D3104,2025-04-11 21:02,2025-04-12 10:43,300.33,DONE
MV701895,SH101650,1,L-227,L-235,VIN109,D3110,2025-08-10 13:05,2025-08-11 08:51,33.07,DONE
MV701896,SH101651,1,L-207,L-215,VIN105,D3111,2025-05-04 19:07,2025-05-05 16:36,269.36,DONE
MV701897,SH101652,1,L-230,L-236,VIN166,D3096,2025-10-14 14:25,2025-10-15 16:53,385.21,DONE
MV701898,SH101653,1,L-210,L-209,VIN199,D3110,2025-08-08 21:02,2025-08-09 19:55,263.15,DONE
MV701899,SH101654,1,L-256,L-220,VIN122,D3019,2025-05-08 13:07,2025-05-09 08:13,135.31,DONE
MV701900,SH101655,1,L-207,L-201,VIN203,D3000,2026-04-27 11:14,2026-04-27 18:33,61.93,DONE
MV701901,SH101655,2,L-201,L-244,VIN162,D3112,2026-04-28 18:07,2026-04-29 18:43,285.08,DONE
MV701902,SH101656,1,L-253,L-226,VIN194,D3025,2026-02-17 20:31,2026-02-18 19:13,81.23,DONE
MV701903,SH101657,1,L-236,L-217,VIN161,D3010,2026-04-08 10:42,2026-04-08 12:29,81.42,DONE
MV701904,SH101659,1,L-242,L-228,VIN102,D3046,2026-03-09 15:31,2026-03-09 20:50,182.17,DONE
MV701905,SH101660,1,L-237,L-239,VIN215,D3040,2025-03-27 09:18,2025-03-28 21:26,150.31,DONE
MV701906,SH101661,1,L-227,L-260,VIN215,D3056,2025-07-02 09:05,2025-07-02 20:09,177.31,DONE
MV701907,SH101662,1,L-228,L-220,VIN134,D3085,2025-09-14 19:46,2025-09-15 09:14,392.02,DONE
MV701908,SH101663,1,L-236,L-238,VIN205,D3063,2026-02-10 20:18,2026-02-11 06:50,336.94,DONE
MV701909,SH101664,1,L-250,L-220,VIN192,D3052,2025-01-07 10:56,2025-01-07 09:43,308.73,DONE
MV701910,SH101664,2,L-220,L-250,VIN155,D3114,2025-01-07 13:44,2025-01-07 08:31,391.46,DONE
MV701911,SH101664,3,L-250,L-208,VIN218,D3066,2025-01-08 18:08,2025-01-08 14:44,113.70,DONE
MV701912,SH101665,1,L-258,L-228,VIN112,D3067,2025-11-02 12:24,,330.54,ABORTED
MV701913,SH101666,1,L-249,L-214,VIN154,D3105,2025-05-06 09:15,2025-05-06 18:24,173.31,DONE
MV701914,SH101667,1,L-242,L-248,VIN206,D3006,2026-04-19 20:53,,203.59,PLANNED
MV701915,SH101668,1,L-251,L-203,VIN130,D3029,2025-02-08 06:10,2025-02-08 10:32,60.89,DONE
MV701916,SH101669,1,L-244,L-253,VIN129,D3065,2025-04-22 17:53,2025-04-22 12:37,51.47,DONE
MV701917,SH101670,1,L-240,L-250,VIN216,D3108,2025-11-02 10:20,2025-11-02 08:50,327.14,DONE
MV701918,SH101670,2,L-250,L-221,VIN148,D3034,2025-11-02 06:36,2025-11-02 11:56,337.27,DONE
MV701919,SH101671,1,L-229,L-240,VIN185,D3056,2025-03-16 17:46,2025-03-16 10:26,341.42,DONE
MV701920,SH101671,2,L-240,L-260,VIN134,D3054,2025-03-16 06:38,2025-03-16 12:54,208.94,DONE
MV701921,SH101671,3,L-260,L-249,VIN101,D3060,2025-03-17 18:52,2025-03-17 19:46,315.78,DONE
MV701922,SH101672,1,L-233,L-247,VIN147,D3025,2025-12-23 08:24,2025-12-24 16:39,37.88,DONE
MV701923,SH101673,1,L-213,L-225,VIN186,D3032,2025-08-12 07:09,2025-08-13 19:01,52.87,DONE
MV701924,SH101675,1,L-231,L-221,VIN200,D3066,2026-03-02 21:58,2026-03-02 06:09,176.59,DONE
MV701925,SH101676,1,L-246,L-237,VIN208,D3025,2025-12-05 13:03,,101.70,PLANNED
MV701926,SH101677,1,L-255,L-226,VIN156,D3028,2025-10-09 09:19,2025-10-10 20:09,383.43,DONE
MV701927,SH101678,1,L-204,L-239,VIN102,D3065,2025-07-19 09:06,2025-07-19 16:17,328.94,DONE
MV701928,SH101679,1,L-203,L-260,VIN208,D3067,2025-03-25 14:33,2025-03-26 07:45,235.24,DONE
MV701929,SH101680,1,L-240,L-206,VIN211,D3049,2025-06-24 18:01,2025-06-24 14:22,33.05,DONE
MV701930,SH101680,2,L-206,L-209,VIN189,D3006,2025-06-25 10:30,2025-06-25 16:24,295.85,DONE
MV701931,SH101681,1,L-245,L-240,VIN196,D3008,2025-03-30 17:15,2025-03-30 20:49,249.44,DONE
MV701932,SH101682,1,L-241,L-214,VIN165,D3094,2025-07-26 16:15,,274.97,PLANNED
MV701933,SH101683,1,L-243,L-238,VIN188,D3118,2025-01-04 13:07,2025-01-04 08:27,128.43,DONE
MV701934,SH101684,1,L-257,L-201,VIN170,D3095,2025-11-24 07:52,2025-11-25 13:10,33.04,DONE
MV701935,SH101685,1,L-239,L-208,VIN214,D3019,2025-05-08 13:31,2025-05-08 06:11,366.52,DONE
MV701936,SH101686,1,L-242,L-250,VIN209,D3019,2025-09-20 15:32,2025-09-20 16:24,307.38,DONE
MV701937,SH101687,1,L-214,L-224,VIN187,D3037,2025-02-05 17:20,2025-02-05 16:04,218.55,DONE
MV701938,SH101688,1,L-226,L-242,VIN153,D3007,2025-05-24 14:10,2025-05-25 11:45,354.65,DONE
MV701939,SH101689,1,L-231,L-219,VIN128,D3047,2025-12-07 19:09,2025-12-08 07:31,29.06,DONE
MV701940,SH101690,1,L-206,L-235,VIN205,D3110,2025-05-25 19:41,2025-05-25 06:41,205.94,DONE
MV701941,SH101690,2,L-235,L-222,VIN197,D3013,2025-05-26 15:15,2025-05-26 07:04,82.29,DONE
MV701942,SH101691,1,L-232,L-216,VIN136,D3079,2026-04-13 16:35,2026-04-14 07:51,285.54,DONE
MV701943,SH101691,2,L-216,L-204,VIN208,D3007,2026-04-13 17:18,2026-04-14 21:29,91.72,DONE
MV701944,SH101692,1,L-206,L-238,VIN206,D3011,2025-10-04 17:43,2025-10-04 21:52,219.08,DONE
MV701945,SH101693,1,L-259,L-247,VIN129,D3101,2026-03-15 20:00,2026-03-15 15:00,57.21,DONE
MV701946,SH101694,1,L-215,L-247,VIN159,D3056,2026-03-15 11:48,,323.27,ABORTED
MV701947,SH101695,1,L-250,L-201,VIN156,D3112,2026-01-18 09:57,2026-01-18 16:05,356.05,DONE
MV701948,SH101697,1,L-224,L-204,VIN219,D3022,2026-03-02 13:53,2026-03-03 06:26,313.07,DONE
MV701949,SH101698,1,L-207,L-245,VIN204,D3059,2025-07-04 08:29,2025-07-04 21:32,115.29,DONE
MV701950,SH101699,1,L-226,L-224,VIN114,D3029,2025-11-27 14:21,2025-11-27 17:18,123.65,DONE
MV701951,SH101700,1,L-219,L-247,VIN190,D3004,2025-03-23 15:06,2025-03-23 18:47,266.99,DONE
MV701952,SH101701,1,L-245,L-231,VIN181,D3080,2025-08-18 07:06,2025-08-18 20:03,257.55,DONE
MV701953,SH101702,1,L-225,L-214,VIN110,D3059,2026-03-02 21:48,2026-03-02 14:05,57.36,DONE
MV701954,SH101703,1,L-207,L-230,VIN177,D3017,2025-01-25 06:07,2025-01-26 10:07,330.79,DONE
MV701955,SH101703,2,L-230,L-256,VIN153,D3094,2025-01-26 12:22,2025-01-27 20:15,304.90,DONE
MV701956,SH101703,3,L-256,L-220,VIN138,D3007,2025-01-27 19:03,2025-01-27 17:01,70.90,DONE
MV701957,SH101704,1,L-219,L-232,VIN103,D3087,2026-02-12 16:18,2026-02-13 18:12,407.69,DONE
MV701958,SH101705,1,L-205,L-231,VIN138,D3016,2026-04-24 21:07,2026-04-25 13:35,315.63,DONE
MV701959,SH101705,2,L-231,L-250,VIN176,D3093,2026-04-24 12:13,2026-04-24 17:24,265.44,DONE
MV701960,SH101705,3,L-250,L-238,VIN136,D3064,2026-04-25 20:12,2026-04-25 19:48,339.48,DONE
MV701961,SH101706,1,L-221,L-203,VIN153,D3075,2026-02-12 17:51,2026-02-12 14:23,177.82,DONE
MV701962,SH101708,1,L-235,L-215,VIN146,D3014,2026-01-19 15:39,2026-01-19 06:06,114.67,DONE
MV701963,SH101710,1,L-238,L-201,VIN112,D3115,2026-05-09 19:50,2026-05-10 21:47,260.54,DONE
MV701964,SH101711,1,L-211,L-205,VIN219,D3086,2025-08-31 07:54,,208.76,ABORTED
MV701965,SH101712,1,L-212,L-226,VIN193,D3091,2026-01-26 10:41,2026-01-27 08:50,188.66,DONE
MV701966,SH101713,1,L-253,L-257,VIN159,D3000,2025-01-08 17:02,2025-01-09 06:25,207.97,DONE
MV701967,SH101714,1,L-216,L-231,VIN164,D3070,2025-11-01 10:54,2025-11-02 18:06,364.80,DONE
MV701968,SH101715,1,L-228,L-236,VIN139,D3110,2026-05-18 12:11,2026-05-19 15:16,34.61,DONE
MV701969,SH101715,2,L-236,L-249,VIN146,D3043,2026-05-18 13:35,2026-05-19 10:11,266.05,DONE
MV701970,SH101716,1,L-254,L-235,VIN154,D3004,2025-02-13 08:47,2025-02-13 21:56,282.40,DONE
MV701971,SH101717,1,L-246,L-251,VIN177,D3034,2025-08-25 17:38,,252.28,PLANNED
MV701972,SH101718,1,L-211,L-211,VIN207,D3117,2026-02-03 08:00,2026-02-03 21:29,222.97,DONE
MV701973,SH101718,2,L-211,L-217,VIN145,D3095,2026-02-04 10:12,2026-02-04 14:04,367.78,DONE
MV701974,SH101720,1,L-249,L-235,VIN126,D3076,2025-10-06 20:53,2025-10-06 20:46,394.83,DONE
MV701975,SH101721,1,L-208,L-246,VIN125,D3096,2025-03-29 15:34,2025-03-30 21:18,397.33,DONE
MV701976,SH101722,1,L-211,L-221,VIN180,D3033,2025-09-14 14:23,2025-09-14 09:13,404.30,DONE
MV701977,SH101723,1,L-251,L-251,VIN130,D3094,2026-01-07 09:12,2026-01-07 15:45,307.59,DONE
MV701978,SH101723,2,L-251,L-242,VIN100,D3079,2026-01-07 18:42,,253.52,PLANNED
MV701979,SH101724,1,L-209,L-217,VIN154,D3059,2025-04-03 19:41,2025-04-03 19:11,160.42,DONE
MV701980,SH101725,1,L-202,L-246,VIN116,D3096,2026-03-10 21:16,2026-03-10 20:21,353.15,DONE
MV701981,SH101726,1,L-216,L-248,VIN110,D3076,2025-02-01 16:09,,188.24,ABORTED
MV701982,SH101727,1,L-203,L-245,VIN104,D3102,2026-02-19 18:10,2026-02-20 15:29,51.39,DONE
MV701983,SH101728,1,L-209,L-220,VIN213,D3101,2026-03-15 12:18,2026-03-15 20:35,324.41,DONE
MV701984,SH101729,1,L-214,L-204,VIN143,D3112,2025-01-05 19:26,2025-01-05 16:38,172.76,DONE
MV701985,SH101730,1,L-240,L-237,VIN183,D3111,2025-02-24 10:50,2025-02-25 10:37,165.71,DONE
MV701986,SH101731,1,L-249,L-226,VIN195,D3044,2025-01-19 08:52,2025-01-19 07:12,392.33,DONE
MV701987,SH101731,2,L-226,L-256,VIN128,D3111,2025-01-19 06:23,2025-01-19 12:39,367.15,DONE
MV701988,SH101732,1,L-254,L-260,VIN201,D3050,2026-03-17 20:48,2026-03-17 12:38,177.34,DONE
MV701989,SH101732,2,L-260,L-256,VIN209,D3086,2026-03-18 08:19,2026-03-18 21:56,339.91,DONE
MV701990,SH101733,1,L-255,L-212,VIN146,D3080,2025-03-13 09:40,2025-03-14 19:03,255.70,DONE
MV701991,SH101734,1,L-258,L-254,VIN156,D3078,2026-03-08 06:47,2026-03-08 13:09,171.54,DONE
MV701992,SH101735,1,L-240,L-218,VIN174,D3024,2025-07-27 15:33,2025-07-27 06:05,189.73,DONE
MV701993,SH101736,1,L-212,L-241,VIN200,D3004,2025-08-01 10:01,2025-08-01 16:54,302.93,DONE
MV701994,SH101736,2,L-241,L-203,VIN112,D3118,2025-08-02 21:28,2025-08-02 21:07,84.47,DONE
MV701995,SH101737,1,L-206,L-221,VIN189,D3089,2025-07-17 17:43,2025-07-17 17:48,153.43,DONE
MV701996,SH101737,2,L-221,L-212,VIN166,D3046,2025-07-18 21:56,2025-07-18 10:21,339.57,DONE
MV701997,SH101738,1,L-202,L-230,VIN147,D3059,2025-01-03 09:51,2025-01-04 11:27,340.86,DONE
MV701998,SH101738,2,L-230,L-245,VIN210,D3019,2025-01-04 15:44,2025-01-04 12:25,325.55,DONE
MV701999,SH101739,1,L-221,L-234,VIN177,D3013,2026-01-07 12:14,2026-01-07 07:57,274.84,DONE
MV702000,SH101740,1,L-244,L-255,VIN115,D3026,2025-12-12 10:08,2025-12-13 11:06,395.72,DONE
MV702001,SH101742,1,L-205,L-232,VIN113,D3051,2025-07-13 10:18,2025-07-13 15:14,125.30,DONE
MV702002,SH101743,1,L-224,L-207,VIN203,D3052,2025-06-18 18:46,2025-06-18 14:05,96.64,DONE
MV702003,SH101745,1,L-236,L-218,VIN168,D3102,2026-01-25 16:50,2026-01-26 14:26,390.12,DONE
MV702004,SH101746,1,L-250,L-260,VIN125,D3015,2025-06-13 19:04,2025-06-14 15:18,270.44,DONE
MV702005,SH101747,1,L-229,L-213,VIN166,D3084,2025-09-02 15:52,2025-09-02 20:51,172.78,DONE
MV702006,SH101748,1,L-226,L-216,VIN112,D3119,2026-03-09 09:17,2026-03-09 12:19,44.15,DONE
MV702007,SH101748,2,L-216,L-205,VIN203,D3017,2026-03-10 11:52,2026-03-11 13:45,367.09,DONE
MV702008,SH101748,3,L-205,L-234,VIN202,D3081,2026-03-11 12:54,2026-03-11 12:51,319.96,DONE
MV702009,SH101749,1,L-212,L-202,VIN213,D3061,2025-06-07 15:23,2025-06-08 15:39,238.32,DONE
MV702010,SH101750,1,L-234,L-244,VIN195,D3103,2025-07-24 19:19,2025-07-25 19:53,80.74,DONE
MV702011,SH101751,1,L-254,L-221,VIN109,D3063,2025-10-20 08:23,2025-10-21 10:31,160.31,DONE
MV702012,SH101751,2,L-221,L-256,VIN169,D3035,2025-10-21 08:08,2025-10-21 08:01,41.48,DONE
MV702013,SH101751,3,L-256,L-228,VIN176,D3052,2025-10-22 07:07,2025-10-22 07:17,68.65,DONE
MV702014,SH101752,1,L-213,L-245,VIN130,D3077,2025-09-05 08:39,2025-09-05 14:39,403.18,DONE
MV702015,SH101753,1,L-226,L-224,VIN207,D3039,2025-03-05 17:40,2025-03-05 10:18,31.47,DONE
MV702016,SH101754,1,L-245,L-215,VIN124,D3070,2025-06-13 09:34,2025-06-14 17:44,136.34,DONE
MV702017,SH101754,2,L-215,L-230,VIN110,D3095,2025-06-14 18:50,2025-06-14 17:32,236.19,DONE
MV702018,SH101755,1,L-248,L-219,VIN158,D3064,2026-01-07 12:20,2026-01-07 12:25,85.61,DONE
MV702019,SH101756,1,L-206,L-236,VIN177,D3026,2026-05-04 18:16,2026-05-05 21:18,218.88,DONE
MV702020,SH101757,1,L-247,L-228,VIN218,D3045,2025-11-24 07:39,2025-11-25 09:48,357.20,DONE
MV702021,SH101758,1,L-219,L-216,VIN150,D3024,2025-04-06 20:30,2025-04-06 20:47,139.78,DONE
MV702022,SH101759,1,L-204,L-258,VIN208,D3058,2025-07-23 14:38,,34.30,PLANNED
MV702023,SH101760,1,L-234,L-240,VIN187,D3089,2025-09-15 08:43,2025-09-15 06:35,167.25,DONE
MV702024,SH101760,2,L-240,L-230,VIN169,D3118,2025-09-16 19:10,2025-09-17 18:53,201.06,DONE
MV702025,SH101762,1,L-235,L-246,VIN213,D3009,2025-09-24 07:43,2025-09-25 14:15,318.89,DONE
MV702026,SH101763,1,L-228,L-238,VIN106,D3064,2026-02-20 12:05,2026-02-20 15:12,218.68,DONE
MV702027,SH101764,1,L-248,L-225,VIN140,D3108,2025-08-16 10:30,2025-08-16 07:08,98.21,DONE
MV702028,SH101765,1,L-258,L-228,VIN197,D3019,2025-09-17 09:34,2025-09-17 17:28,386.58,DONE
MV702029,SH101766,1,L-239,L-221,VIN213,D3013,2026-01-20 16:47,2026-01-20 18:05,318.97,DONE
MV702030,SH101766,2,L-221,L-251,VIN159,D3052,2026-01-21 21:14,2026-01-21 11:02,218.49,DONE
MV702031,SH101767,1,L-243,L-228,VIN186,D3062,2026-02-21 16:20,2026-02-22 12:12,382.66,DONE
MV702032,SH101768,1,L-216,L-241,VIN141,D3026,2025-12-19 08:09,2025-12-20 19:46,372.95,DONE
MV702033,SH101768,2,L-241,L-235,VIN121,D3051,2025-12-19 06:22,2025-12-19 06:05,191.23,DONE
MV702034,SH101769,1,L-253,L-226,VIN216,D3065,2026-01-10 06:42,2026-01-11 13:16,232.15,DONE
MV702035,SH101770,1,L-244,L-218,VIN184,D3029,2025-01-13 11:07,2025-01-13 08:47,267.75,DONE
MV702036,SH101771,1,L-248,L-254,VIN210,D3011,2025-08-27 19:12,2025-08-28 16:01,189.72,DONE
MV702037,SH101772,1,L-230,L-221,VIN143,D3038,2025-12-10 21:12,2025-12-10 11:36,217.75,DONE
MV702038,SH101773,1,L-247,L-240,VIN151,D3049,2025-01-05 19:20,2025-01-06 09:00,270.35,DONE
MV702039,SH101773,2,L-240,L-240,VIN137,D3048,2025-01-06 07:43,2025-01-07 17:42,369.37,DONE
MV702040,SH101774,1,L-239,L-233,VIN124,D3028,2025-10-03 10:08,2025-10-03 15:01,30.06,DONE
MV702041,SH101777,1,L-221,L-236,VIN164,D3056,2026-02-01 06:24,2026-02-01 13:20,252.09,DONE
MV702042,SH101778,1,L-213,L-204,VIN122,D3075,2026-01-29 18:14,2026-01-30 10:20,34.91,DONE
MV702043,SH101779,1,L-212,L-242,VIN140,D3102,2026-01-16 06:39,2026-01-17 19:17,266.77,DONE
MV702044,SH101780,1,L-226,L-216,VIN157,D3014,2026-03-28 21:00,2026-03-29 12:21,386.27,DONE
MV702045,SH101780,2,L-216,L-219,VIN168,D3001,2026-03-28 20:00,2026-03-28 08:57,119.27,DONE
MV702046,SH101781,1,L-226,L-208,VIN194,D3045,2025-12-13 12:19,2025-12-13 11:54,59.64,DONE
MV702047,SH101782,1,L-204,L-219,VIN132,D3080,2025-02-08 11:23,2025-02-08 13:18,393.19,DONE
MV702048,SH101783,1,L-246,L-216,VIN218,D3000,2025-03-28 06:21,2025-03-28 15:18,394.70,DONE
MV702049,SH101784,1,L-203,L-216,VIN199,D3001,2025-12-05 16:18,2025-12-05 14:25,179.97,DONE
MV702050,SH101787,1,L-249,L-219,VIN173,D3088,2025-05-06 21:57,2025-05-06 12:19,314.84,DONE
MV702051,SH101788,1,L-213,L-215,VIN130,D3038,2026-05-02 11:42,2026-05-03 12:57,144.71,DONE
MV702052,SH101788,2,L-215,L-207,VIN104,D3115,2026-05-03 19:22,2026-05-03 11:17,382.68,DONE
MV702053,SH101789,1,L-230,L-220,VIN206,D3066,2026-05-07 21:17,2026-05-08 14:12,323.01,DONE
MV702054,SH101789,2,L-220,L-210,VIN113,D3097,2026-05-08 14:22,2026-05-09 18:31,408.92,DONE
MV702055,SH101790,1,L-216,L-244,VIN172,D3101,2025-10-16 11:01,2025-10-16 13:49,408.58,DONE
MV702056,SH101791,1,L-249,L-216,VIN211,D3079,2025-06-25 19:36,,94.19,ABORTED
MV702057,SH101792,1,L-232,L-235,VIN114,D3096,2026-01-18 14:52,2026-01-19 12:02,164.47,DONE
MV702058,SH101793,1,L-222,L-218,VIN214,D3014,2025-07-24 19:15,2025-07-25 11:44,306.55,DONE
MV702059,SH101794,1,L-216,L-246,VIN139,D3117,2025-07-02 20:39,,85.17,PLANNED
MV702060,SH101795,1,L-230,L-237,VIN150,D3020,2025-10-08 12:59,2025-10-09 17:41,369.05,DONE
MV702061,SH101796,1,L-205,L-215,VIN155,D3002,2025-05-08 12:20,2025-05-08 16:11,382.13,DONE
MV702062,SH101796,2,L-215,L-206,VIN129,D3024,2025-05-08 09:21,2025-05-08 17:23,40.56,DONE
MV702063,SH101797,1,L-202,L-205,VIN213,D3059,2026-01-31 19:12,2026-01-31 11:29,318.94,DONE
MV702064,SH101798,1,L-243,L-206,VIN135,D3099,2025-06-27 14:53,2025-06-27 20:21,85.77,DONE
MV702065,SH101799,1,L-212,L-249,VIN168,D3004,2025-02-15 08:17,2025-02-15 14:13,358.08,DONE
MV702066,SH101800,1,L-254,L-220,VIN153,D3113,2026-03-23 17:13,2026-03-23 13:31,112.46,DONE
MV702067,SH101800,2,L-220,L-235,VIN132,D3084,2026-03-23 14:24,2026-03-23 14:07,195.03,DONE
MV702068,SH101801,1,L-260,L-210,VIN216,D3050,2025-10-14 06:11,2025-10-14 11:41,180.61,DONE
MV702069,SH101802,1,L-215,L-251,VIN214,D3035,2026-02-19 06:51,2026-02-19 17:50,262.36,DONE
MV702070,SH101803,1,L-231,L-218,VIN211,D3100,2025-05-20 15:44,,400.66,PLANNED
MV702071,SH101804,1,L-260,L-222,VIN195,D3103,2026-02-06 16:40,2026-02-06 11:05,236.74,DONE
MV702072,SH101805,1,L-204,L-230,VIN170,D3082,2026-02-03 21:31,2026-02-03 18:45,370.98,DONE
MV702073,SH101806,1,L-201,L-206,VIN110,D3067,2025-03-29 14:51,2025-03-29 10:14,356.65,DONE
MV702074,SH101806,2,L-206,L-230,VIN139,D3018,2025-03-29 16:21,2025-03-29 09:37,40.26,DONE
MV702075,SH101806,3,L-230,L-245,VIN145,D3081,2025-03-30 10:19,2025-03-31 10:29,376.02,DONE
MV702076,SH101807,1,L-260,L-239,VIN202,D3070,2025-12-21 18:25,2025-12-21 17:22,407.72,DONE
MV702077,SH101808,1,L-245,L-225,VIN111,D3049,2026-04-09 14:14,2026-04-09 12:25,42.42,DONE
MV702078,SH101809,1,L-260,L-225,VIN199,D3112,2025-06-30 08:44,2025-07-01 06:29,258.55,DONE
MV702079,SH101810,1,L-244,L-247,VIN200,D3050,2025-02-12 21:55,2025-02-13 19:16,368.42,DONE
MV702080,SH101811,1,L-207,L-206,VIN141,D3052,2026-01-06 07:23,2026-01-06 17:45,145.09,DONE
MV702081,SH101812,1,L-255,L-258,VIN218,D3105,2025-06-01 11:53,2025-06-02 06:35,235.70,DONE
MV702082,SH101813,1,L-216,L-217,VIN194,D3107,2025-01-09 07:22,2025-01-09 06:15,293.59,DONE
MV702083,SH101814,1,L-226,L-225,VIN217,D3037,2025-02-18 18:33,2025-02-18 12:59,152.20,DONE
MV702084,SH101815,1,L-237,L-206,VIN152,D3109,2025-12-14 21:23,2025-12-14 13:48,275.20,DONE
MV702085,SH101815,2,L-206,L-256,VIN104,D3035,2025-12-15 18:19,2025-12-15 13:38,260.06,DONE
MV702086,SH101815,3,L-256,L-250,VIN101,D3005,2025-12-16 11:06,,264.27,ABORTED
MV702087,SH101816,1,L-254,L-215,VIN136,D3106,2025-01-29 08:13,2025-01-30 08:58,375.85,DONE
MV702088,SH101816,2,L-215,L-230,VIN219,D3058,2025-01-29 21:28,2025-01-29 06:48,32.89,DONE
MV702089,SH101817,1,L-222,L-209,VIN116,D3061,2025-04-14 18:45,2025-04-15 17:50,53.17,DONE
MV702090,SH101818,1,L-217,L-221,VIN157,D3080,2025-10-21 21:13,2025-10-22 11:55,148.84,DONE
MV702091,SH101819,1,L-231,L-205,VIN171,D3089,2025-02-20 07:25,2025-02-21 07:27,177.15,DONE
MV702092,SH101819,2,L-205,L-205,VIN113,D3090,2025-02-20 20:19,2025-02-20 14:34,138.39,DONE
MV702093,SH101820,1,L-224,L-221,VIN117,D3105,2025-04-29 08:21,2025-04-30 12:32,276.23,DONE
MV702094,SH101820,2,L-221,L-246,VIN190,D3035,2025-04-29 15:46,2025-04-29 14:33,386.93,DONE
MV702095,SH101820,3,L-246,L-250,VIN193,D3113,2025-04-29 06:20,,359.72,PLANNED
MV702096,SH101821,1,L-208,L-241,VIN114,D3108,2025-12-15 10:15,2025-12-16 09:23,101.84,DONE
MV702097,SH101822,1,L-256,L-227,VIN132,D3011,2025-05-30 19:35,2025-05-30 13:18,245.83,DONE
MV702098,SH101823,1,L-215,L-216,VIN198,D3036,2026-01-06 11:52,2026-01-06 12:32,270.58,DONE
MV702099,SH101824,1,L-201,L-240,VIN159,D3010,2025-05-12 10:29,2025-05-13 21:18,33.63,DONE
MV702100,SH101824,2,L-240,L-245,VIN105,D3094,2025-05-12 07:06,,317.34,ABORTED
MV702101,SH101825,1,L-215,L-201,VIN196,D3097,2026-01-30 11:24,2026-01-31 17:06,269.37,DONE
MV702102,SH101826,1,L-238,L-220,VIN190,D3082,2025-09-13 09:20,2025-09-14 16:25,121.70,DONE
MV702103,SH101826,2,L-220,L-252,VIN106,D3112,2025-09-13 11:22,,340.03,ABORTED
MV702104,SH101827,1,L-219,L-205,VIN207,D3106,2026-03-02 06:08,2026-03-03 21:47,159.30,DONE
MV702105,SH101827,2,L-205,L-217,VIN197,D3074,2026-03-02 21:05,2026-03-02 10:49,149.50,DONE
MV702106,SH101828,1,L-216,L-247,VIN110,D3051,2025-07-22 11:46,2025-07-22 20:13,98.64,DONE
MV702107,SH101830,1,L-216,L-246,VIN147,D3029,2026-03-25 21:20,2026-03-26 10:13,232.37,DONE
MV702108,SH101831,1,L-230,L-231,VIN139,D3117,2025-02-08 17:10,2025-02-08 08:07,88.64,DONE
MV702109,SH101831,2,L-231,L-258,VIN135,D3085,2025-02-09 12:41,2025-02-09 15:24,316.91,DONE
MV702110,SH101832,1,L-206,L-221,VIN162,D3118,2025-01-15 14:38,2025-01-15 06:59,351.69,DONE
MV702111,SH101833,1,L-209,L-222,VIN187,D3078,2025-10-25 13:30,2025-10-25 14:02,160.43,DONE
MV702112,SH101834,1,L-234,L-233,VIN143,D3006,2025-12-03 06:26,2025-12-04 06:56,351.19,DONE
MV702113,SH101835,1,L-209,L-201,VIN203,D3105,2025-04-02 06:30,2025-04-02 08:52,79.53,DONE
MV702114,SH101836,1,L-247,L-210,VIN170,D3075,2026-02-01 21:09,2026-02-02 18:45,328.34,DONE
MV702115,SH101837,1,L-211,L-210,VIN122,D3004,2025-06-17 06:40,2025-06-17 09:27,275.64,DONE
MV702116,SH101838,1,L-243,L-211,VIN121,D3006,2025-11-12 06:13,2025-11-12 13:51,278.90,DONE
MV702117,SH101838,2,L-211,L-250,VIN130,D3000,2025-11-13 08:20,2025-11-14 13:07,140.45,DONE
MV702118,SH101840,1,L-207,L-221,VIN188,D3105,2025-12-22 16:54,2025-12-23 13:19,398.68,DONE
MV702119,SH101841,1,L-210,L-239,VIN178,D3089,2026-03-26 07:05,2026-03-26 15:02,203.52,DONE
MV702120,SH101843,1,L-237,L-230,VIN196,D3078,2026-01-31 11:19,2026-02-01 18:05,153.03,DONE
MV702121,SH101843,2,L-230,L-256,VIN145,D3080,2026-02-01 08:08,2026-02-01 12:52,221.07,DONE
MV702122,SH101843,3,L-256,L-230,VIN145,D3005,2026-02-01 06:59,2026-02-01 10:36,399.34,DONE
MV702123,SH101844,1,L-256,L-201,VIN200,D3046,2025-09-11 09:08,2025-09-11 11:08,149.49,DONE
MV702124,SH101846,1,L-204,L-230,VIN143,D3083,2026-01-20 16:27,,374.03,PLANNED
MV702125,SH101847,1,L-240,L-216,VIN208,D3073,2026-04-24 16:07,2026-04-25 21:28,358.19,DONE
MV702126,SH101848,1,L-215,L-255,VIN187,D3093,2025-12-05 19:57,2025-12-05 19:31,64.48,DONE
MV702127,SH101849,1,L-226,L-245,VIN104,D3097,2025-11-02 12:12,2025-11-03 17:27,254.29,DONE
MV702128,SH101850,1,L-242,L-206,VIN164,D3022,2025-01-28 06:00,2025-01-28 10:52,92.06,DONE
MV702129,SH101851,1,L-249,L-204,VIN177,D3073,2025-05-31 16:57,2025-05-31 10:39,327.92,DONE
MV702130,SH101852,1,L-254,L-248,VIN216,D3097,2026-04-14 15:42,2026-04-14 14:14,29.37,DONE
MV702131,SH101853,1,L-216,L-221,VIN219,D3071,2026-04-27 13:04,2026-04-28 07:07,253.02,DONE
MV702132,SH101853,2,L-221,L-233,VIN102,D3008,2026-04-28 12:18,2026-04-28 18:39,205.32,DONE
MV702133,SH101854,1,L-202,L-211,VIN190,D3015,2025-06-23 06:17,2025-06-24 14:54,403.69,DONE
MV702134,SH101855,1,L-237,L-255,VIN185,D3076,2025-07-09 19:39,2025-07-09 11:22,365.17,DONE
MV702135,SH101855,2,L-255,L-214,VIN149,D3048,2025-07-10 16:07,2025-07-10 17:55,157.30,DONE
MV702136,SH101856,1,L-218,L-256,VIN198,D3090,2025-09-14 19:53,2025-09-14 15:15,131.14,DONE
MV702137,SH101857,1,L-229,L-231,VIN151,D3016,2025-06-13 08:33,2025-06-14 12:34,272.97,DONE
MV702138,SH101857,2,L-231,L-258,VIN200,D3027,2025-06-13 12:24,2025-06-13 18:54,176.82,DONE
MV702139,SH101858,1,L-245,L-246,VIN209,D3022,2025-04-15 11:46,2025-04-15 18:32,169.21,DONE
MV702140,SH101858,2,L-246,L-217,VIN185,D3045,2025-04-16 20:00,2025-04-16 11:36,385.20,DONE
MV702141,SH101859,1,L-202,L-210,VIN192,D3023,2025-01-11 10:50,2025-01-11 14:09,122.05,DONE
MV702142,SH101860,1,L-214,L-246,VIN156,D3088,2025-10-27 06:59,,353.85,ABORTED
MV702143,SH101861,1,L-215,L-253,VIN147,D3087,2026-01-02 17:49,2026-01-02 18:41,352.52,DONE
MV702144,SH101862,1,L-205,L-247,VIN206,D3118,2026-01-11 18:49,2026-01-12 09:36,224.47,DONE
MV702145,SH101863,1,L-248,L-240,VIN186,D3036,2025-11-26 12:02,2025-11-26 19:54,179.50,DONE
MV702146,SH101863,2,L-240,L-256,VIN108,D3110,2025-11-27 15:47,2025-11-28 15:43,131.23,DONE
MV702147,SH101864,1,L-230,L-250,VIN114,D3099,2026-04-01 19:48,2026-04-01 18:37,263.92,DONE
MV702148,SH101865,1,L-244,L-247,VIN101,D3074,2025-05-05 21:10,2025-05-05 13:36,196.22,DONE
MV702149,SH101867,1,L-255,L-205,VIN162,D3013,2025-07-30 15:29,2025-07-30 21:44,49.40,DONE
MV702150,SH101867,2,L-205,L-211,VIN100,D3087,2025-07-31 08:45,2025-07-31 19:19,43.85,DONE
MV702151,SH101867,3,L-211,L-222,VIN141,D3019,2025-08-01 09:39,2025-08-01 13:57,368.79,DONE
MV702152,SH101868,1,L-242,L-250,VIN148,D3063,2025-01-29 06:57,2025-01-30 06:54,385.80,DONE
MV702153,SH101869,1,L-255,L-212,VIN142,D3023,2025-05-10 10:14,2025-05-10 21:41,34.45,DONE
MV702154,SH101870,1,L-206,L-241,VIN199,D3040,2025-03-13 10:28,2025-03-13 14:29,152.07,DONE
MV702155,SH101870,2,L-241,L-240,VIN104,D3080,2025-03-13 20:43,2025-03-13 21:46,127.26,DONE
MV702156,SH101871,1,L-222,L-206,VIN121,D3030,2025-01-02 17:02,2025-01-02 20:02,197.66,DONE
MV702157,SH101871,2,L-206,L-226,VIN179,D3100,2025-01-02 13:27,2025-01-02 17:38,213.00,DONE
MV702158,SH101872,1,L-253,L-245,VIN144,D3020,2026-05-06 10:57,2026-05-06 08:16,333.75,DONE
MV702159,SH101872,2,L-245,L-207,VIN211,D3095,2026-05-07 07:24,,94.87,PLANNED
MV702160,SH101873,1,L-242,L-236,VIN210,D3057,2026-02-24 15:40,2026-02-25 06:55,273.63,DONE
MV702161,SH101873,2,L-236,L-229,VIN191,D3096,2026-02-25 15:34,2026-02-26 17:16,383.56,DONE
MV702162,SH101874,1,L-211,L-241,VIN156,D3004,2025-07-10 16:22,2025-07-11 21:09,83.19,DONE
MV702163,SH101874,2,L-241,L-239,VIN195,D3050,2025-07-11 20:45,2025-07-11 09:17,378.80,DONE
MV702164,SH101875,1,L-213,L-215,VIN162,D3044,2026-04-28 14:07,2026-04-28 09:37,164.44,DONE
MV702165,SH101876,1,L-220,L-207,VIN104,D3109,2026-03-04 13:20,2026-03-04 13:55,344.29,DONE
MV702166,SH101877,1,L-249,L-256,VIN143,D3003,2025-01-24 06:58,2025-01-25 11:12,243.32,DONE
MV702167,SH101880,1,L-230,L-258,VIN113,D3092,2026-02-02 21:39,2026-02-02 17:33,334.44,DONE
MV702168,SH101881,1,L-210,L-252,VIN174,D3034,2025-09-24 14:36,2025-09-24 21:46,348.31,DONE
MV702169,SH101882,1,L-246,L-212,VIN134,D3018,2025-03-23 06:03,2025-03-23 12:27,398.46,DONE
MV702170,SH101884,1,L-205,L-206,VIN195,D3083,2025-03-05 19:22,2025-03-05 15:37,184.47,DONE
MV702171,SH101887,1,L-213,L-207,VIN129,D3001,2026-02-12 07:19,2026-02-12 20:42,367.98,DONE
MV702172,SH101888,1,L-209,L-256,VIN198,D3053,2026-01-17 14:02,2026-01-18 15:20,304.63,DONE
MV702173,SH101889,1,L-220,L-243,VIN169,D3086,2025-12-01 14:03,2025-12-01 14:46,233.44,DONE
MV702174,SH101890,1,L-252,L-255,VIN140,D3075,2026-02-26 12:01,2026-02-26 13:34,188.45,DONE
MV702175,SH101891,1,L-220,L-237,VIN117,D3043,2026-05-19 08:56,2026-05-20 11:14,153.65,DONE
MV702176,SH101892,1,L-236,L-220,VIN115,D3032,2026-01-27 15:46,2026-01-28 11:30,179.02,DONE
MV702177,SH101893,1,L-217,L-205,VIN167,D3076,2026-02-16 10:25,2026-02-17 17:20,106.47,DONE
MV702178,SH101893,2,L-205,L-259,VIN202,D3025,2026-02-17 12:42,,291.97,PLANNED
MV702179,SH101894,1,L-229,L-243,VIN188,D3072,2025-07-30 06:05,2025-07-31 08:07,48.36,DONE
MV702180,SH101895,1,L-251,L-257,VIN203,D3001,2026-03-18 07:36,2026-03-19 12:47,256.57,DONE
MV702181,SH101898,1,L-220,L-205,VIN132,D3043,2025-08-19 12:59,,312.59,PLANNED
MV702182,SH101899,1,L-243,L-201,VIN205,D3077,2025-05-28 09:22,2025-05-28 17:42,167.13,DONE
MV702183,SH101900,1,L-235,L-259,VIN177,D3114,2025-11-01 21:31,2025-11-02 19:17,112.97,DONE
MV702184,SH101901,1,L-247,L-240,VIN129,D3108,2026-04-10 08:58,2026-04-11 17:23,223.18,DONE
MV702185,SH101902,1,L-258,L-243,VIN195,D3091,2026-03-22 12:44,2026-03-22 07:10,108.82,DONE
MV702186,SH101903,1,L-259,L-214,VIN131,D3090,2026-01-13 13:05,2026-01-14 21:10,364.21,DONE
MV702187,SH101904,1,L-226,L-211,VIN149,D3111,2026-01-12 08:07,2026-01-13 12:12,216.55,DONE
MV702188,SH101904,2,L-211,L-224,VIN159,D3100,2026-01-13 20:11,2026-01-13 06:51,113.89,DONE
MV702189,SH101905,1,L-226,L-254,VIN172,D3025,2025-06-26 17:49,2025-06-26 12:43,308.07,DONE
MV702190,SH101906,1,L-203,L-215,VIN168,D3062,2025-03-19 11:41,2025-03-19 12:50,254.75,DONE
MV702191,SH101907,1,L-238,L-250,VIN146,D3023,2026-04-30 06:35,2026-04-30 20:38,359.75,DONE
MV702192,SH101907,2,L-250,L-233,VIN197,D3051,2026-05-01 19:00,2026-05-01 12:38,398.30,DONE
MV702193,SH101908,1,L-252,L-246,VIN205,D3089,2025-06-25 21:46,2025-06-25 11:10,90.13,DONE
MV702194,SH101908,2,L-246,L-205,VIN132,D3096,2025-06-26 18:31,2025-06-26 11:53,289.49,DONE
MV702195,SH101908,3,L-205,L-228,VIN194,D3076,2025-06-27 10:58,2025-06-27 15:09,214.25,DONE
MV702196,SH101909,1,L-217,L-224,VIN159,D3064,2025-03-28 08:28,2025-03-28 09:53,357.56,DONE
MV702197,SH101910,1,L-210,L-202,VIN172,D3010,2025-07-28 08:16,2025-07-28 16:26,343.04,DONE
MV702198,SH101911,1,L-210,L-202,VIN125,D3064,2025-11-07 21:31,2025-11-08 07:13,201.17,DONE
MV702199,SH101912,1,L-239,L-204,VIN115,D3040,2026-04-17 10:24,2026-04-17 16:22,224.28,DONE
MV702200,SH101913,1,L-213,L-236,VIN187,D3010,2025-07-30 13:14,2025-07-31 09:36,210.21,DONE
MV702201,SH101913,2,L-236,L-243,VIN187,D3059,2025-07-31 18:45,2025-08-01 18:29,105.57,DONE
MV702202,SH101914,1,L-204,L-235,VIN206,D3011,2025-09-29 07:23,2025-09-30 09:23,244.20,DONE
MV702203,SH101915,1,L-213,L-231,VIN138,D3072,2025-11-03 09:31,2025-11-03 17:05,311.96,DONE
MV702204,SH101915,2,L-231,L-237,VIN183,D3078,2025-11-03 10:33,,84.37,PLANNED
MV702205,SH101916,1,L-216,L-247,VIN181,D3041,2025-01-23 16:23,2025-01-23 14:11,138.00,DONE
MV702206,SH101917,1,L-210,L-220,VIN147,D3059,2025-12-20 13:49,2025-12-20 16:01,81.82,DONE
MV702207,SH101918,1,L-257,L-232,VIN176,D3037,2025-11-26 14:19,2025-11-27 06:12,407.92,DONE
MV702208,SH101919,1,L-225,L-255,VIN174,D3039,2026-03-16 19:40,2026-03-16 16:12,134.31,DONE
MV702209,SH101920,1,L-205,L-250,VIN146,D3002,2025-05-22 21:26,2025-05-23 11:14,300.15,DONE
MV702210,SH101920,2,L-250,L-256,VIN127,D3002,2025-05-23 19:53,2025-05-24 08:57,183.14,DONE
MV702211,SH101921,1,L-244,L-232,VIN195,D3104,2025-06-21 07:11,2025-06-21 18:47,71.96,DONE
MV702212,SH101923,1,L-214,L-239,VIN144,D3073,2025-10-16 21:28,2025-10-17 15:03,178.21,DONE
MV702213,SH101925,1,L-256,L-210,VIN182,D3087,2025-01-19 09:00,2025-01-19 17:15,259.66,DONE
MV702214,SH101926,1,L-242,L-218,VIN109,D3052,2025-12-29 09:32,2025-12-29 11:27,140.76,DONE
MV702215,SH101927,1,L-203,L-240,VIN171,D3037,2025-11-14 16:20,2025-11-15 17:21,30.52,DONE
MV702216,SH101928,1,L-220,L-206,VIN147,D3016,2025-12-18 19:57,2025-12-19 14:34,294.03,DONE
MV702217,SH101930,1,L-221,L-224,VIN197,D3111,2025-07-23 21:25,2025-07-23 09:58,302.22,DONE
MV702218,SH101931,1,L-249,L-255,VIN137,D3011,2025-01-24 17:15,2025-01-24 15:01,360.91,DONE
MV702219,SH101932,1,L-243,L-241,VIN129,D3013,2026-01-27 13:26,2026-01-27 20:27,98.85,DONE
MV702220,SH101933,1,L-218,L-204,VIN106,D3096,2025-07-17 11:26,2025-07-17 19:29,251.21,DONE
MV702221,SH101934,1,L-225,L-224,VIN160,D3051,2026-03-16 16:34,,391.14,PLANNED
MV702222,SH101935,1,L-205,L-228,VIN160,D3100,2025-01-18 06:37,2025-01-18 07:21,41.94,DONE
MV702223,SH101936,1,L-232,L-224,VIN130,D3050,2025-12-15 10:07,2025-12-15 18:25,318.46,DONE
MV702224,SH101938,1,L-214,L-230,VIN212,D3092,2025-09-26 09:15,2025-09-27 06:38,361.86,DONE
MV702225,SH101938,2,L-230,L-220,VIN100,D3035,2025-09-27 21:13,2025-09-27 20:14,64.39,DONE
MV702226,SH101938,3,L-220,L-251,VIN218,D3110,2025-09-28 10:13,2025-09-28 11:16,115.46,DONE
MV702227,SH101939,1,L-244,L-231,VIN169,D3034,2026-03-15 13:45,2026-03-15 19:43,282.87,DONE
MV702228,SH101940,1,L-203,L-260,VIN200,D3004,2025-12-26 08:14,2025-12-26 19:41,251.55,DONE
MV702229,SH101941,1,L-220,L-225,VIN203,D3069,2026-05-13 21:45,2026-05-13 12:56,210.81,DONE
MV702230,SH101941,2,L-225,L-235,VIN178,D3100,2026-05-13 15:34,2026-05-13 19:36,375.56,DONE
MV702231,SH101941,3,L-235,L-226,VIN148,D3008,2026-05-13 07:55,2026-05-14 17:17,350.05,DONE
MV702232,SH101942,1,L-202,L-240,VIN206,D3101,2026-01-11 13:43,2026-01-11 19:20,101.01,DONE
MV702233,SH101943,1,L-216,L-219,VIN159,D3105,2025-03-29 12:40,2025-03-30 12:11,271.58,DONE
MV702234,SH101944,1,L-247,L-221,VIN157,D3059,2025-09-28 14:13,2025-09-28 13:24,29.46,DONE
MV702235,SH101944,2,L-221,L-231,VIN124,D3028,2025-09-29 16:27,2025-09-29 18:27,364.66,DONE
MV702236,SH101944,3,L-231,L-234,VIN138,D3031,2025-09-30 18:48,2025-09-30 12:14,219.46,DONE
MV702237,SH101945,1,L-234,L-247,VIN181,D3117,2025-04-14 12:38,2025-04-15 19:49,379.02,DONE
MV702238,SH101946,1,L-243,L-202,VIN154,D3111,2025-12-04 14:22,2025-12-05 15:37,93.07,DONE
MV702239,SH101947,1,L-248,L-236,VIN100,D3035,2025-04-09 12:23,2025-04-09 17:46,215.29,DONE
MV702240,SH101947,2,L-236,L-250,VIN191,D3089,2025-04-10 15:24,2025-04-10 20:07,243.72,DONE
MV702241,SH101948,1,L-258,L-253,VIN203,D3061,2025-07-03 08:04,2025-07-03 17:40,80.52,DONE
MV702242,SH101949,1,L-251,L-207,VIN189,D3004,2025-03-24 21:08,2025-03-24 09:51,258.63,DONE
MV702243,SH101950,1,L-251,L-210,VIN136,D3075,2025-01-26 13:04,2025-01-26 21:57,361.69,DONE
MV702244,SH101951,1,L-251,L-220,VIN209,D3065,2025-10-26 17:42,2025-10-27 18:58,184.15,DONE
MV702245,SH101952,1,L-229,L-260,VIN211,D3102,2026-02-08 20:37,2026-02-09 12:19,315.41,DONE
MV702246,SH101953,1,L-244,L-246,VIN110,D3041,2025-06-03 10:02,2025-06-03 16:40,65.20,DONE
MV702247,SH101953,2,L-246,L-235,VIN103,D3077,2025-06-04 18:27,2025-06-04 06:20,277.34,DONE
MV702248,SH101953,3,L-235,L-221,VIN193,D3052,2025-06-05 12:28,2025-06-05 20:14,193.70,DONE
MV702249,SH101954,1,L-217,L-201,VIN120,D3035,2025-03-23 17:28,2025-03-23 08:42,378.58,DONE
MV702250,SH101955,1,L-219,L-257,VIN207,D3107,2025-08-03 21:27,2025-08-03 21:53,319.26,DONE
MV702251,SH101956,1,L-243,L-241,VIN131,D3076,2025-08-13 21:10,2025-08-14 07:11,212.28,DONE
MV702252,SH101956,2,L-241,L-226,VIN159,D3037,2025-08-13 19:07,2025-08-13 09:22,356.30,DONE
MV702253,SH101958,1,L-237,L-255,VIN208,D3112,2025-03-15 20:05,2025-03-16 19:42,71.59,DONE
MV702254,SH101959,1,L-204,L-203,VIN182,D3010,2025-10-30 13:33,2025-10-30 12:33,216.28,DONE
MV702255,SH101960,1,L-248,L-241,VIN210,D3018,2026-05-01 20:20,2026-05-02 20:24,41.31,DONE
MV702256,SH101961,1,L-227,L-211,VIN170,D3005,2025-04-15 08:33,2025-04-16 08:15,145.58,DONE
MV702257,SH101962,1,L-240,L-250,VIN194,D3099,2025-07-06 15:07,2025-07-06 10:12,95.11,DONE
MV702258,SH101962,2,L-250,L-244,VIN206,D3095,2025-07-07 20:10,2025-07-07 17:16,354.14,DONE
MV702259,SH101963,1,L-222,L-254,VIN198,D3101,2026-01-06 06:06,2026-01-07 21:04,352.27,DONE
MV702260,SH101964,1,L-234,L-213,VIN133,D3020,2026-04-08 06:15,2026-04-09 15:42,278.15,DONE
MV702261,SH101965,1,L-230,L-257,VIN209,D3043,2025-01-12 10:35,2025-01-13 17:11,150.61,DONE
MV702262,SH101966,1,L-231,L-202,VIN181,D3015,2025-09-19 21:38,2025-09-19 10:17,188.55,DONE
MV702263,SH101967,1,L-235,L-215,VIN177,D3087,2026-02-07 15:13,2026-02-07 07:27,37.22,DONE
MV702264,SH101968,1,L-234,L-239,VIN190,D3086,2025-10-27 18:42,2025-10-28 11:07,346.40,DONE
MV702265,SH101969,1,L-258,L-237,VIN161,D3076,2026-03-23 17:20,2026-03-24 16:40,353.84,DONE
MV702266,SH101970,1,L-246,L-259,VIN183,D3070,2026-04-03 11:27,2026-04-03 14:03,403.86,DONE
MV702267,SH101971,1,L-260,L-245,VIN171,D3023,2026-02-16 19:22,2026-02-16 16:30,326.56,DONE
MV702268,SH101971,2,L-245,L-203,VIN176,D3104,2026-02-17 21:58,,282.75,ABORTED
MV702269,SH101972,1,L-207,L-252,VIN146,D3086,2025-10-30 15:06,2025-10-31 09:46,356.20,DONE
MV702270,SH101973,1,L-210,L-252,VIN141,D3018,2025-01-26 08:17,2025-01-26 10:45,276.59,DONE
MV702271,SH101975,1,L-250,L-252,VIN148,D3105,2026-03-02 18:04,2026-03-03 09:21,306.73,DONE
MV702272,SH101976,1,L-230,L-260,VIN143,D3100,2025-06-06 07:03,2025-06-06 17:24,65.91,DONE
MV702273,SH101977,1,L-235,L-203,VIN161,D3112,2026-01-30 13:00,2026-01-31 10:50,376.08,DONE
MV702274,SH101978,1,L-216,L-238,VIN136,D3015,2025-01-05 07:14,2025-01-05 14:59,347.72,DONE
MV702275,SH101979,1,L-207,L-201,VIN154,D3021,2025-07-21 16:10,2025-07-21 08:20,88.50,DONE
MV702276,SH101979,2,L-201,L-245,VIN128,D3071,2025-07-21 11:42,2025-07-22 20:34,208.25,DONE
MV702277,SH101980,1,L-225,L-245,VIN192,D3003,2026-02-09 12:17,2026-02-09 21:45,178.31,DONE
MV702278,SH101981,1,L-243,L-234,VIN109,D3022,2025-06-25 08:05,,372.36,PLANNED
MV702279,SH101983,1,L-240,L-224,VIN213,D3109,2025-01-06 11:56,2025-01-06 06:49,63.87,DONE
MV702280,SH101984,1,L-252,L-216,VIN155,D3060,2025-01-04 21:54,2025-01-04 14:35,381.86,DONE
MV702281,SH101985,1,L-212,L-216,VIN104,D3022,2026-01-27 14:40,2026-01-27 17:33,118.78,DONE
MV702282,SH101986,1,L-234,L-249,VIN192,D3058,2025-06-07 15:15,2025-06-08 17:57,406.02,DONE
MV702283,SH101987,1,L-241,L-212,VIN218,D3080,2025-04-29 15:58,,385.04,PLANNED
MV702284,SH101988,1,L-243,L-221,VIN165,D3066,2025-05-25 19:28,2025-05-26 13:01,265.41,DONE
MV702285,SH101988,2,L-221,L-205,VIN205,D3008,2025-05-26 10:40,2025-05-26 16:27,227.78,DONE
MV702286,SH101988,3,L-205,L-231,VIN125,D3014,2025-05-27 18:50,2025-05-28 07:28,49.06,DONE
MV702287,SH101989,1,L-221,L-230,VIN145,D3101,2025-06-07 11:38,2025-06-07 10:23,55.58,DONE
MV702288,SH101990,1,L-224,L-234,VIN107,D3105,2025-01-17 17:31,2025-01-18 09:39,216.58,DONE
MV702289,SH101991,1,L-232,L-206,VIN102,D3114,2025-08-09 16:15,2025-08-09 15:22,372.30,DONE
MV702290,SH101992,1,L-201,L-220,VIN210,D3023,2025-03-30 10:21,2025-03-31 10:29,170.14,DONE
MV702291,SH101993,1,L-224,L-212,VIN137,D3032,2026-01-10 09:38,2026-01-11 14:23,188.28,DONE
MV702292,SH101994,1,L-236,L-212,VIN213,D3093,2025-04-15 15:22,2025-04-15 19:50,100.01,DONE
MV702293,SH101995,1,L-222,L-245,VIN161,D3042,2025-01-30 14:51,2025-01-30 07:27,251.81,DONE
MV702294,SH101996,1,L-236,L-235,VIN185,D3039,2025-11-14 09:12,2025-11-15 13:44,62.43,DONE
MV702295,SH101997,1,L-213,L-212,VIN142,D3077,2025-05-19 11:55,2025-05-19 09:29,361.68,DONE
MV702296,SH101998,1,L-214,L-260,VIN180,D3119,2025-05-29 07:05,2025-05-29 12:59,271.95,DONE
MV702297,SH101998,2,L-260,L-239,VIN165,D3061,2025-05-29 18:04,2025-05-29 07:10,266.16,DONE
MV702298,SH101999,1,L-227,L-208,VIN206,D3008,2026-03-25 14:43,2026-03-25 21:18,327.77,DONE
MV702299,SH102000,1,L-225,L-249,VIN188,D3081,2025-06-27 09:58,2025-06-28 15:12,408.84,DONE
MV702300,SH102001,1,L-259,L-241,VIN113,D3028,2026-04-24 11:43,2026-04-24 10:40,143.13,DONE
MV702301,SH102002,1,L-247,L-233,VIN178,D3075,2026-02-13 11:10,2026-02-13 13:31,83.25,DONE
MV702302,SH102003,1,L-227,L-225,VIN170,D3114,2025-06-22 07:59,2025-06-22 14:00,52.55,DONE
MV702303,SH102004,1,L-222,L-211,VIN209,D3082,2025-08-23 12:06,2025-08-24 15:39,175.94,DONE
MV702304,SH102005,1,L-244,L-231,VIN169,D3035,2025-05-26 06:24,2025-05-26 12:58,197.71,DONE
MV702305,SH102005,2,L-231,L-245,VIN143,D3095,2025-05-27 12:43,2025-05-27 11:55,259.52,DONE
MV702306,SH102007,1,L-214,L-237,VIN102,D3062,2026-04-23 15:07,2026-04-24 14:22,103.09,DONE
MV702307,SH102008,1,L-242,L-227,VIN153,D3060,2026-02-09 18:04,,31.40,ABORTED
MV702308,SH102009,1,L-258,L-251,VIN186,D3112,2026-04-02 19:13,2026-04-02 21:04,384.13,DONE
MV702309,SH102009,2,L-251,L-216,VIN118,D3048,2026-04-03 17:08,2026-04-03 06:59,56.71,DONE
MV702310,SH102010,1,L-247,L-219,VIN120,D3093,2025-11-27 21:00,2025-11-27 10:03,255.07,DONE
MV702311,SH102011,1,L-248,L-245,VIN126,D3112,2026-03-18 10:38,2026-03-19 20:05,338.39,DONE
MV702312,SH102011,2,L-245,L-233,VIN219,D3026,2026-03-19 11:24,2026-03-19 07:11,312.49,DONE
MV702313,SH102014,1,L-251,L-247,VIN130,D3090,2025-11-07 19:26,2025-11-08 21:09,44.82,DONE
MV702314,SH102015,1,L-224,L-204,VIN169,D3000,2025-10-04 06:02,2025-10-04 06:51,353.15,DONE
MV702315,SH102017,1,L-226,L-239,VIN187,D3041,2025-09-29 13:14,2025-09-29 08:12,308.60,DONE
MV702316,SH102018,1,L-201,L-211,VIN178,D3006,2026-04-23 11:48,2026-04-23 21:02,165.28,DONE
MV702317,SH102018,2,L-211,L-258,VIN144,D3103,2026-04-24 14:44,2026-04-24 20:47,28.90,DONE
MV702318,SH102019,1,L-210,L-213,VIN141,D3062,2025-08-16 10:57,2025-08-16 12:20,348.56,DONE
MV702319,SH102020,1,L-218,L-245,VIN102,D3031,2025-03-13 18:22,2025-03-13 17:07,289.83,DONE
MV702320,SH102020,2,L-245,L-206,VIN181,D3063,2025-03-14 15:02,2025-03-15 13:43,99.40,DONE
MV702321,SH102021,1,L-208,L-241,VIN146,D3034,2025-09-23 07:28,2025-09-23 15:50,375.73,DONE
MV702322,SH102021,2,L-241,L-203,VIN191,D3005,2025-09-24 08:26,2025-09-24 12:50,175.72,DONE
MV702323,SH102022,1,L-256,L-240,VIN186,D3036,2025-01-06 09:39,2025-01-07 18:34,307.32,DONE
MV702324,SH102023,1,L-247,L-246,VIN209,D3077,2025-08-03 11:10,2025-08-03 16:50,217.34,DONE
MV702325,SH102023,2,L-246,L-205,VIN137,D3075,2025-08-04 18:58,2025-08-04 11:59,118.05,DONE
MV702326,SH102023,3,L-205,L-251,VIN128,D3063,2025-08-04 18:59,2025-08-04 14:06,225.87,DONE
MV702327,SH102024,1,L-241,L-212,VIN164,D3014,2025-06-08 19:00,2025-06-08 10:09,389.68,DONE
MV702328,SH102025,1,L-247,L-221,VIN140,D3008,2025-09-22 08:48,,69.41,ABORTED
MV702329,SH102026,1,L-205,L-236,VIN106,D3104,2025-01-15 19:30,2025-01-15 19:36,322.20,DONE
MV702330,SH102027,1,L-222,L-213,VIN214,D3102,2025-07-08 14:43,2025-07-09 08:30,303.35,DONE
MV702331,SH102028,1,L-247,L-221,VIN191,D3084,2026-02-12 08:24,2026-02-13 14:11,81.32,DONE
MV702332,SH102029,1,L-211,L-246,VIN219,D3031,2025-11-16 08:52,2025-11-17 17:30,249.77,DONE
MV702333,SH102030,1,L-211,L-215,VIN180,D3116,2025-05-11 07:06,2025-05-11 19:46,189.15,DONE
MV702334,SH102030,2,L-215,L-237,VIN198,D3060,2025-05-12 14:32,2025-05-12 09:33,370.82,DONE
MV702335,SH102031,1,L-250,L-206,VIN169,D3017,2025-09-08 21:48,2025-09-09 07:59,234.33,DONE
MV702336,SH102033,1,L-207,L-259,VIN132,D3064,2025-08-09 13:05,2025-08-09 16:50,206.77,DONE
MV702337,SH102034,1,L-230,L-215,VIN104,D3030,2025-08-05 20:55,2025-08-06 07:04,289.00,DONE
MV702338,SH102034,2,L-215,L-245,VIN160,D3113,2025-08-05 13:46,2025-08-05 17:56,144.57,DONE
MV702339,SH102034,3,L-245,L-246,VIN159,D3097,2025-08-05 20:55,2025-08-05 20:23,244.92,DONE
MV702340,SH102036,1,L-233,L-254,VIN109,D3029,2025-01-13 07:32,2025-01-14 11:23,258.79,DONE
MV702341,SH102037,1,L-254,L-247,VIN156,D3087,2025-07-03 16:06,2025-07-03 09:23,254.04,DONE
MV702342,SH102038,1,L-219,L-208,VIN180,D3016,2025-11-19 13:19,2025-11-19 19:35,172.34,DONE
MV702343,SH102039,1,L-239,L-234,VIN213,D3009,2026-04-01 21:36,2026-04-02 07:24,201.51,DONE
MV702344,SH102040,1,L-214,L-245,VIN206,D3071,2025-10-12 11:40,2025-10-12 12:45,145.04,DONE
MV702345,SH102040,2,L-245,L-205,VIN201,D3031,2025-10-12 11:22,2025-10-12 09:06,282.34,DONE
MV702346,SH102041,1,L-227,L-212,VIN198,D3070,2025-06-10 07:09,,233.04,ABORTED
MV702347,SH102042,1,L-243,L-210,VIN203,D3016,2026-02-28 20:16,2026-03-01 07:50,245.50,DONE
MV702348,SH102043,1,L-231,L-203,VIN133,D3065,2026-04-29 08:16,2026-04-29 14:44,403.96,DONE
MV702349,SH102044,1,L-256,L-260,VIN209,D3089,2025-08-18 21:42,2025-08-19 11:17,371.93,DONE
MV702350,SH102045,1,L-217,L-255,VIN207,D3052,2025-09-21 19:26,2025-09-22 12:18,400.51,DONE
MV702351,SH102046,1,L-259,L-209,VIN175,D3033,2025-01-31 07:57,2025-01-31 12:16,302.48,DONE
MV702352,SH102047,1,L-204,L-218,VIN166,D3016,2025-04-18 11:23,2025-04-19 15:16,44.69,DONE
MV702353,SH102048,1,L-238,L-229,VIN123,D3064,2025-04-29 11:50,2025-04-30 18:02,228.22,DONE
MV702354,SH102051,1,L-211,L-238,VIN175,D3034,2025-10-18 07:18,2025-10-18 20:48,290.33,DONE
MV702355,SH102052,1,L-251,L-235,VIN149,D3070,2025-07-16 20:44,2025-07-16 09:09,30.72,DONE
MV702356,SH102054,1,L-242,L-226,VIN163,D3084,2025-01-19 16:34,2025-01-19 11:20,69.96,DONE
MV702357,SH102055,1,L-203,L-209,VIN202,D3065,2025-10-25 21:50,2025-10-26 18:55,216.91,DONE
MV702358,SH102056,1,L-246,L-208,VIN134,D3089,2025-12-21 19:35,2025-12-21 07:56,323.64,DONE
MV702359,SH102057,1,L-249,L-235,VIN105,D3115,2025-07-10 18:48,2025-07-10 08:58,72.65,DONE
MV702360,SH102058,1,L-241,L-233,VIN213,D3046,2026-03-08 14:38,2026-03-08 17:15,37.68,DONE
MV702361,SH102059,1,L-257,L-228,VIN173,D3090,2026-01-03 06:59,2026-01-04 16:34,292.78,DONE
MV702362,SH102061,1,L-236,L-207,VIN155,D3063,2025-09-23 17:02,2025-09-23 16:35,58.04,DONE
MV702363,SH102062,1,L-238,L-237,VIN194,D3037,2025-09-18 21:16,2025-09-18 06:33,348.97,DONE
MV702364,SH102063,1,L-227,L-252,VIN183,D3003,2025-02-08 14:58,2025-02-09 07:13,272.09,DONE
MV702365,SH102064,1,L-203,L-241,VIN167,D3017,2025-09-24 12:32,2025-09-24 16:31,116.41,DONE
MV702366,SH102064,2,L-241,L-219,VIN186,D3030,2025-09-25 20:36,2025-09-26 06:01,337.94,DONE
MV702367,SH102065,1,L-205,L-230,VIN123,D3076,2025-07-16 12:50,2025-07-16 13:23,128.63,DONE
MV702368,SH102065,2,L-230,L-225,VIN208,D3077,2025-07-16 18:10,2025-07-17 14:32,144.88,DONE
MV702369,SH102066,1,L-227,L-206,VIN178,D3012,2025-11-28 10:01,2025-11-28 13:00,45.39,DONE
MV702370,SH102067,1,L-214,L-249,VIN100,D3081,2025-09-06 14:57,2025-09-06 18:30,297.05,DONE
MV702371,SH102068,1,L-205,L-222,VIN107,D3040,2026-02-03 20:24,2026-02-04 15:17,403.25,DONE
MV702372,SH102069,1,L-244,L-202,VIN174,D3107,2025-09-13 11:22,2025-09-13 18:23,400.57,DONE
MV702373,SH102071,1,L-246,L-240,VIN156,D3074,2026-01-04 06:20,2026-01-05 17:18,111.09,DONE
MV702374,SH102071,2,L-240,L-210,VIN172,D3034,2026-01-04 09:39,2026-01-04 08:39,148.55,DONE
MV702375,SH102072,1,L-237,L-215,VIN212,D3041,2025-02-14 21:17,2025-02-14 06:58,86.79,DONE
MV702376,SH102073,1,L-215,L-237,VIN125,D3110,2025-11-23 21:38,,301.65,PLANNED
MV702377,SH102074,1,L-202,L-246,VIN196,D3057,2025-12-29 21:19,2025-12-29 07:53,285.28,DONE
MV702378,SH102074,2,L-246,L-247,VIN103,D3069,2025-12-29 08:58,2025-12-29 10:13,202.29,DONE
MV702379,SH102075,1,L-239,L-240,VIN113,D3114,2025-06-11 14:45,2025-06-11 09:58,224.14,DONE
MV702380,SH102075,2,L-240,L-204,VIN198,D3060,2025-06-11 09:06,2025-06-11 16:44,38.00,DONE
MV702381,SH102076,1,L-249,L-228,VIN132,D3023,2025-10-28 07:41,2025-10-28 21:42,48.54,DONE
MV702382,SH102077,1,L-231,L-206,VIN174,D3017,2025-04-20 09:32,2025-04-20 08:19,229.89,DONE
MV702383,SH102078,1,L-202,L-229,VIN129,D3051,2025-04-15 13:16,2025-04-15 21:14,358.54,DONE
MV702384,SH102080,1,L-245,L-226,VIN205,D3082,2025-01-05 07:34,2025-01-05 08:21,189.56,DONE
MV702385,SH102081,1,L-204,L-244,VIN129,D3014,2025-02-23 16:56,2025-02-23 15:34,238.37,DONE
MV702386,SH102082,1,L-243,L-226,VIN213,D3088,2026-03-06 19:40,2026-03-06 13:04,225.32,DONE
MV702387,SH102082,2,L-226,L-232,VIN100,D3114,2026-03-07 12:24,2026-03-07 12:19,145.51,DONE
MV702388,SH102083,1,L-205,L-237,VIN135,D3040,2025-04-25 16:20,,131.88,PLANNED
MV702389,SH102084,1,L-233,L-256,VIN209,D3101,2026-04-30 20:45,2026-04-30 18:08,186.56,DONE
MV702390,SH102085,1,L-228,L-260,VIN199,D3025,2025-06-17 11:26,2025-06-17 14:02,195.09,DONE
MV702391,SH102086,1,L-210,L-257,VIN127,D3020,2025-04-10 16:54,2025-04-10 09:13,320.21,DONE
MV702392,SH102087,1,L-228,L-250,VIN219,D3063,2025-08-11 13:02,,66.00,PLANNED
MV702393,SH102088,1,L-232,L-249,VIN173,D3082,2025-04-29 18:35,2025-04-29 11:11,45.81,DONE
MV702394,SH102089,1,L-250,L-231,VIN115,D3054,2025-05-04 13:47,2025-05-04 16:21,80.05,DONE
MV702395,SH102089,2,L-231,L-224,VIN104,D3070,2025-05-05 21:13,2025-05-05 17:54,258.45,DONE
MV702396,SH102091,1,L-248,L-251,VIN199,D3056,2026-01-20 07:46,2026-01-21 06:56,156.55,DONE
MV702397,SH102092,1,L-224,L-245,VIN182,D3119,2025-04-07 12:39,,215.48,PLANNED
MV702398,SH102093,1,L-232,L-212,VIN123,D3072,2025-12-23 19:41,2025-12-23 06:38,190.71,DONE
MV702399,SH102094,1,L-240,L-216,VIN135,D3098,2025-04-09 15:11,2025-04-09 15:29,271.27,DONE
MV702400,SH102094,2,L-216,L-210,VIN206,D3086,2025-04-10 19:38,2025-04-10 18:41,208.24,DONE
MV702401,SH102094,3,L-210,L-242,VIN167,D3051,2025-04-11 15:06,2025-04-11 12:48,399.66,DONE
MV702402,SH102095,1,L-227,L-240,VIN119,D3004,2025-09-01 20:34,2025-09-02 06:05,231.12,DONE
MV702403,SH102095,2,L-240,L-225,VIN118,D3096,2025-09-02 16:25,2025-09-02 09:53,355.23,DONE
MV702404,SH102096,1,L-247,L-235,VIN207,D3027,2026-05-02 11:05,2026-05-03 08:52,188.00,DONE
MV702405,SH102097,1,L-209,L-204,VIN102,D3114,2025-03-27 12:35,2025-03-28 08:45,61.18,DONE
MV702406,SH102098,1,L-218,L-206,VIN204,D3035,2025-06-07 11:27,2025-06-07 07:09,365.47,DONE
MV702407,SH102098,2,L-206,L-238,VIN115,D3014,2025-06-08 15:22,2025-06-09 14:29,394.76,DONE
MV702408,SH102099,1,L-232,L-210,VIN160,D3117,2025-01-13 21:05,2025-01-14 12:11,97.29,DONE
MV702409,SH102100,1,L-216,L-255,VIN164,D3043,2025-06-20 14:51,2025-06-20 10:17,204.34,DONE
MV702410,SH102101,1,L-202,L-226,VIN122,D3033,2025-06-04 20:49,2025-06-05 16:02,234.69,DONE
MV702411,SH102102,1,L-203,L-245,VIN137,D3118,2025-08-11 19:30,2025-08-11 12:05,249.50,DONE
MV702412,SH102103,1,L-255,L-216,VIN182,D3052,2025-10-17 17:39,2025-10-17 09:49,175.98,DONE
MV702413,SH102103,2,L-216,L-249,VIN146,D3089,2025-10-18 17:41,2025-10-18 11:02,191.53,DONE
MV702414,SH102104,1,L-246,L-220,VIN139,D3002,2025-06-23 10:11,2025-06-23 16:12,70.72,DONE
MV702415,SH102105,1,L-207,L-211,VIN154,D3045,2025-10-25 13:43,2025-10-25 20:40,405.48,DONE
MV702416,SH102106,1,L-221,L-231,VIN212,D3101,2025-08-08 08:05,2025-08-08 09:01,367.69,DONE
MV702417,SH102106,2,L-231,L-234,VIN109,D3072,2025-08-09 13:05,2025-08-09 21:17,319.55,DONE
MV702418,SH102107,1,L-231,L-214,VIN174,D3100,2025-05-31 14:51,2025-06-01 06:16,279.47,DONE
MV702419,SH102108,1,L-218,L-224,VIN191,D3020,2025-11-23 13:06,2025-11-23 17:30,388.95,DONE
MV702420,SH102109,1,L-249,L-225,VIN180,D3041,2025-11-15 15:51,2025-11-15 10:53,396.90,DONE
MV702421,SH102109,2,L-225,L-245,VIN174,D3011,2025-11-16 21:16,2025-11-16 20:29,135.13,DONE
MV702422,SH102109,3,L-245,L-252,VIN211,D3078,2025-11-17 21:47,2025-11-18 11:14,98.86,DONE
MV702423,SH102111,1,L-208,L-210,VIN108,D3081,2025-11-11 07:01,2025-11-11 12:22,291.40,DONE
MV702424,SH102111,2,L-210,L-257,VIN122,D3093,2025-11-12 12:42,2025-11-12 13:10,177.63,DONE
MV702425,SH102112,1,L-234,L-231,VIN130,D3004,2025-06-18 17:49,2025-06-18 08:51,350.89,DONE
MV702426,SH102112,2,L-231,L-210,VIN103,D3111,2025-06-19 13:16,2025-06-20 14:48,119.46,DONE
MV702427,SH102112,3,L-210,L-246,VIN193,D3082,2025-06-20 09:31,2025-06-21 09:13,166.76,DONE
MV702428,SH102114,1,L-208,L-244,VIN104,D3072,2025-05-04 18:46,2025-05-04 09:13,113.21,DONE
MV702429,SH102115,1,L-212,L-249,VIN203,D3077,2025-11-06 08:17,2025-11-07 20:01,107.79,DONE
MV702430,SH102117,1,L-249,L-230,VIN155,D3007,2026-03-20 08:50,2026-03-21 19:46,370.55,DONE
MV702431,SH102117,2,L-230,L-220,VIN204,D3006,2026-03-21 13:16,2026-03-22 11:49,394.41,DONE
MV702432,SH102117,3,L-220,L-205,VIN175,D3023,2026-03-22 16:16,2026-03-23 08:41,336.44,DONE
MV702433,SH102118,1,L-259,L-230,VIN144,D3080,2026-01-02 21:07,2026-01-03 16:37,334.24,DONE
MV702434,SH102119,1,L-241,L-205,VIN137,D3019,2025-06-07 08:18,2025-06-07 10:54,279.74,DONE
MV702435,SH102120,1,L-229,L-251,VIN132,D3081,2025-11-03 19:46,2025-11-04 10:14,348.36,DONE
MV702436,SH102120,2,L-251,L-202,VIN205,D3032,2025-11-04 08:01,,141.30,ABORTED
MV702437,SH102121,1,L-208,L-234,VIN126,D3082,2025-08-12 09:01,2025-08-12 07:04,374.97,DONE
MV702438,SH102123,1,L-243,L-257,VIN108,D3107,2025-08-21 08:42,2025-08-21 08:50,392.49,DONE
MV702439,SH102124,1,L-236,L-214,VIN219,D3117,2025-09-06 06:52,,212.40,PLANNED
MV702440,SH102125,1,L-219,L-204,VIN144,D3080,2026-01-28 16:18,2026-01-28 08:17,263.58,DONE
MV702441,SH102126,1,L-253,L-226,VIN137,D3115,2026-02-28 12:05,2026-02-28 11:44,224.91,DONE
MV702442,SH102126,2,L-226,L-230,VIN125,D3106,2026-02-28 06:57,2026-02-28 15:43,303.04,DONE
MV702443,SH102126,3,L-230,L-246,VIN178,D3083,2026-03-01 17:39,2026-03-02 10:37,190.81,DONE
MV702444,SH102127,1,L-249,L-225,VIN144,D3034,2025-12-14 15:41,,314.82,PLANNED
MV702445,SH102128,1,L-253,L-251,VIN217,D3022,2025-06-19 13:51,2025-06-19 12:27,380.89,DONE
MV702446,SH102130,1,L-202,L-211,VIN189,D3068,2026-04-07 07:16,2026-04-08 19:06,335.46,DONE
MV702447,SH102130,2,L-211,L-245,VIN131,D3085,2026-04-08 07:48,2026-04-08 07:15,381.58,DONE
MV702448,SH102131,1,L-225,L-255,VIN126,D3071,2025-01-18 10:31,2025-01-18 15:50,138.64,DONE
MV702449,SH102131,2,L-255,L-214,VIN208,D3031,2025-01-19 08:57,2025-01-19 16:09,320.29,DONE
MV702450,SH102132,1,L-247,L-260,VIN137,D3101,2026-02-20 17:07,2026-02-20 20:11,282.62,DONE
MV702451,SH102132,2,L-260,L-250,VIN209,D3030,2026-02-21 17:49,2026-02-21 16:19,187.33,DONE
MV702452,SH102132,3,L-250,L-234,VIN187,D3041,2026-02-21 20:11,,150.13,ABORTED
MV702453,SH102133,1,L-228,L-243,VIN120,D3044,2026-01-02 14:09,2026-01-02 15:39,283.84,DONE
MV702454,SH102134,1,L-201,L-228,VIN188,D3046,2025-06-21 08:14,2025-06-22 11:11,363.78,DONE
MV702455,SH102135,1,L-204,L-205,VIN152,D3033,2026-02-05 12:20,2026-02-05 07:19,113.30,DONE
MV702456,SH102136,1,L-256,L-255,VIN119,D3064,2025-01-16 11:54,2025-01-16 19:25,69.33,DONE
MV702457,SH102137,1,L-251,L-207,VIN203,D3110,2025-03-17 21:57,,280.60,PLANNED
MV702458,SH102139,1,L-207,L-231,VIN201,D3016,2025-09-27 08:58,,104.61,PLANNED
MV702459,SH102140,1,L-236,L-230,VIN168,D3097,2026-01-26 12:33,2026-01-26 15:38,228.24,DONE
MV702460,SH102142,1,L-218,L-247,VIN180,D3106,2025-04-30 12:02,2025-05-01 10:15,121.48,DONE
MV702461,SH102143,1,L-238,L-212,VIN124,D3092,2026-02-11 12:22,2026-02-11 17:11,302.97,DONE
MV702462,SH102144,1,L-257,L-241,VIN179,D3079,2026-02-04 13:21,2026-02-04 10:26,250.13,DONE
MV702463,SH102145,1,L-222,L-241,VIN212,D3098,2025-05-30 20:12,2025-05-31 18:12,403.02,DONE
MV702464,SH102145,2,L-241,L-239,VIN210,D3076,2025-05-31 11:34,2025-05-31 14:39,51.29,DONE
MV702465,SH102146,1,L-243,L-237,VIN208,D3001,2025-08-23 09:42,2025-08-23 15:48,216.40,DONE
MV702466,SH102147,1,L-203,L-254,VIN152,D3112,2025-10-01 19:51,2025-10-01 12:11,86.78,DONE
MV702467,SH102148,1,L-227,L-234,VIN142,D3062,2025-11-26 16:13,2025-11-26 21:19,61.37,DONE
MV702468,SH102149,1,L-249,L-244,VIN141,D3063,2025-12-05 08:35,2025-12-05 19:50,396.55,DONE
MV702469,SH102151,1,L-239,L-242,VIN123,D3115,2026-01-31 15:42,2026-01-31 10:24,283.23,DONE
MV702470,SH102152,1,L-259,L-216,VIN128,D3041,2025-06-16 16:58,2025-06-16 11:26,404.16,DONE
MV702471,SH102152,2,L-216,L-201,VIN124,D3063,2025-06-17 13:42,2025-06-17 14:33,239.95,DONE
MV702472,SH102153,1,L-207,L-247,VIN197,D3008,2026-03-14 18:28,2026-03-15 18:35,258.24,DONE
MV702473,SH102154,1,L-258,L-213,VIN156,D3091,2026-02-03 07:17,2026-02-03 21:09,407.61,DONE
MV702474,SH102155,1,L-232,L-204,VIN204,D3017,2026-05-10 21:52,2026-05-11 15:56,246.39,DONE
MV702475,SH102156,1,L-230,L-204,VIN181,D3103,2025-12-05 20:35,2025-12-06 09:40,254.06,DONE
MV702476,SH102157,1,L-251,L-249,VIN192,D3031,2025-06-05 20:11,2025-06-05 08:04,352.41,DONE
MV702477,SH102158,1,L-208,L-233,VIN125,D3023,2025-03-27 08:57,,235.92,PLANNED
MV702478,SH102159,1,L-254,L-211,VIN158,D3082,2026-04-19 08:16,2026-04-19 11:46,73.59,DONE
MV702479,SH102160,1,L-234,L-258,VIN158,D3026,2026-04-08 12:59,2026-04-09 19:35,220.63,DONE
MV702480,SH102161,1,L-252,L-229,VIN215,D3028,2026-01-20 14:36,2026-01-20 10:35,354.72,DONE
MV702481,SH102162,1,L-249,L-210,VIN160,D3058,2025-12-13 10:36,2025-12-13 08:55,336.86,DONE
MV702482,SH102163,1,L-251,L-256,VIN132,D3107,2025-12-04 08:59,2025-12-05 11:36,245.83,DONE
MV702483,SH102163,2,L-256,L-203,VIN209,D3069,2025-12-05 20:15,2025-12-05 08:36,171.79,DONE
MV702484,SH102164,1,L-219,L-236,VIN102,D3039,2025-01-06 14:09,2025-01-06 07:22,65.39,DONE
MV702485,SH102165,1,L-230,L-228,VIN191,D3108,2025-03-30 06:08,2025-03-30 21:58,205.05,DONE
MV702486,SH102166,1,L-214,L-236,VIN125,D3039,2025-04-10 18:30,2025-04-11 20:03,150.48,DONE
MV702487,SH102166,2,L-236,L-249,VIN115,D3065,2025-04-11 08:42,2025-04-11 21:08,213.16,DONE
MV702488,SH102167,1,L-213,L-249,VIN166,D3008,2025-09-13 15:43,2025-09-13 09:37,320.29,DONE
MV702489,SH102169,1,L-222,L-208,VIN151,D3004,2025-11-09 10:08,2025-11-09 13:53,78.68,DONE
MV702490,SH102170,1,L-258,L-254,VIN123,D3076,2025-04-23 14:40,2025-04-24 16:32,156.07,DONE
MV702491,SH102171,1,L-220,L-250,VIN189,D3106,2025-03-09 10:37,2025-03-09 13:50,161.02,DONE
MV702492,SH102171,2,L-250,L-251,VIN219,D3068,2025-03-09 21:32,,253.21,ABORTED
MV702493,SH102172,1,L-212,L-246,VIN115,D3009,2025-02-14 13:24,2025-02-14 19:27,362.94,DONE
MV702494,SH102172,2,L-246,L-252,VIN208,D3051,2025-02-15 18:29,2025-02-16 15:19,134.78,DONE
MV702495,SH102173,1,L-250,L-239,VIN174,D3099,2025-02-26 09:44,2025-02-26 17:32,126.49,DONE
MV702496,SH102174,1,L-221,L-240,VIN200,D3063,2025-09-10 19:34,2025-09-11 10:46,176.49,DONE
MV702497,SH102174,2,L-240,L-254,VIN177,D3064,2025-09-11 08:50,2025-09-11 09:39,77.11,DONE
MV702498,SH102175,1,L-251,L-203,VIN174,D3082,2025-08-24 15:56,2025-08-25 20:43,114.39,DONE
MV702499,SH102176,1,L-243,L-208,VIN213,D3052,2025-05-02 12:57,2025-05-02 07:40,303.77,DONE
MV702500,SH102177,1,L-240,L-232,VIN111,D3083,2026-02-08 14:17,2026-02-08 11:52,150.30,DONE
MV702501,SH102178,1,L-207,L-242,VIN110,D3017,2025-03-03 11:33,2025-03-03 17:34,406.82,DONE
MV702502,SH102179,1,L-238,L-220,VIN209,D3022,2025-06-23 18:56,2025-06-23 17:49,118.87,DONE
MV702503,SH102179,2,L-220,L-215,VIN153,D3117,2025-06-24 12:56,2025-06-24 15:08,206.05,DONE
MV702504,SH102179,3,L-215,L-220,VIN129,D3023,2025-06-25 16:54,2025-06-25 10:17,251.25,DONE
MV702505,SH102180,1,L-250,L-255,VIN151,D3018,2026-01-01 15:52,2026-01-01 09:16,312.01,DONE
MV702506,SH102181,1,L-206,L-225,VIN189,D3083,2026-04-05 21:43,2026-04-05 15:53,380.33,DONE
MV702507,SH102181,2,L-225,L-228,VIN153,D3017,2026-04-05 14:32,2026-04-06 21:50,168.98,DONE
MV702508,SH102182,1,L-255,L-259,VIN140,D3034,2025-05-30 17:58,2025-05-30 14:30,341.39,DONE
MV702509,SH102183,1,L-215,L-241,VIN210,D3109,2025-07-17 09:10,2025-07-17 12:03,85.45,DONE
MV702510,SH102184,1,L-210,L-227,VIN176,D3016,2025-08-31 21:40,2025-08-31 19:17,142.39,DONE
MV702511,SH102185,1,L-241,L-252,VIN200,D3000,2025-01-27 21:50,2025-01-27 12:53,346.56,DONE
MV702512,SH102186,1,L-207,L-258,VIN120,D3098,2025-01-17 09:12,2025-01-17 19:10,72.31,DONE
MV702513,SH102187,1,L-210,L-231,VIN171,D3063,2025-02-17 15:44,2025-02-18 16:23,98.18,DONE
MV702514,SH102188,1,L-250,L-231,VIN116,D3036,2026-01-06 11:15,2026-01-06 09:46,310.44,DONE
MV702515,SH102188,2,L-231,L-226,VIN127,D3030,2026-01-07 08:41,2026-01-07 09:08,242.37,DONE
MV702516,SH102189,1,L-258,L-247,VIN190,D3003,2025-09-23 18:45,2025-09-24 15:54,379.96,DONE
MV702517,SH102190,1,L-256,L-236,VIN124,D3026,2026-05-17 09:01,,309.90,PLANNED
MV702518,SH102191,1,L-254,L-220,VIN209,D3025,2025-11-17 14:42,2025-11-18 21:31,369.57,DONE
MV702519,SH102191,2,L-220,L-250,VIN194,D3038,2025-11-18 19:06,2025-11-18 08:08,81.72,DONE
MV702520,SH102191,3,L-250,L-236,VIN115,D3030,2025-11-19 20:14,2025-11-19 18:29,303.44,DONE
MV702521,SH102192,1,L-219,L-220,VIN160,D3073,2025-11-01 16:27,2025-11-02 19:34,221.89,DONE
MV702522,SH102193,1,L-236,L-260,VIN209,D3098,2026-04-07 20:14,2026-04-07 20:22,257.48,DONE
MV702523,SH102194,1,L-246,L-259,VIN135,D3027,2025-06-20 07:58,2025-06-20 13:14,292.79,DONE
MV702524,SH102195,1,L-235,L-243,VIN157,D3012,2025-01-29 07:27,2025-01-29 13:02,250.55,DONE
MV702525,SH102196,1,L-231,L-251,VIN160,D3102,2025-09-01 18:20,2025-09-02 13:33,154.44,DONE
MV702526,SH102196,2,L-251,L-248,VIN206,D3065,2025-09-02 16:38,2025-09-02 16:49,246.50,DONE
MV702527,SH102197,1,L-221,L-241,VIN175,D3096,2025-02-09 06:14,2025-02-10 06:01,171.23,DONE
MV702528,SH102197,2,L-241,L-240,VIN209,D3028,2025-02-10 09:07,2025-02-11 06:05,338.23,DONE
MV702529,SH102197,3,L-240,L-259,VIN172,D3012,2025-02-11 12:03,2025-02-12 15:05,188.45,DONE
MV702530,SH102198,1,L-217,L-241,VIN153,D3102,2025-09-05 15:09,2025-09-05 09:31,388.99,DONE
MV702531,SH102200,1,L-213,L-216,VIN172,D3080,2025-12-07 07:23,2025-12-08 09:34,309.66,DONE
MV702532,SH102202,1,L-212,L-232,VIN125,D3033,2025-03-31 21:45,2025-03-31 15:51,147.32,DONE
MV702533,SH102204,1,L-244,L-235,VIN142,D3070,2025-06-04 07:32,2025-06-05 18:39,48.06,DONE
MV702534,SH102204,2,L-235,L-202,VIN108,D3036,2025-06-05 20:52,2025-06-06 12:04,276.04,DONE
MV702535,SH102205,1,L-260,L-240,VIN166,D3003,2026-03-14 10:58,2026-03-14 15:01,138.39,DONE
MV702536,SH102206,1,L-215,L-235,VIN172,D3033,2025-05-08 21:00,2025-05-08 15:10,199.41,DONE
MV702537,SH102206,2,L-235,L-204,VIN219,D3073,2025-05-08 10:36,2025-05-08 10:24,66.22,DONE
MV702538,SH102208,1,L-239,L-256,VIN139,D3098,2025-04-20 11:53,2025-04-20 09:07,205.62,DONE
MV702539,SH102208,2,L-256,L-236,VIN205,D3119,2025-04-21 14:33,2025-04-21 13:51,188.93,DONE
MV702540,SH102209,1,L-206,L-232,VIN212,D3016,2026-03-18 17:32,2026-03-18 19:26,36.78,DONE
MV702541,SH102210,1,L-249,L-244,VIN154,D3107,2026-03-09 21:49,2026-03-09 14:04,130.73,DONE
MV702542,SH102212,1,L-216,L-205,VIN153,D3084,2025-12-24 20:58,2025-12-25 10:10,120.22,DONE
MV702543,SH102213,1,L-244,L-210,VIN115,D3008,2025-03-23 15:52,2025-03-23 12:16,220.85,DONE
MV702544,SH102214,1,L-232,L-236,VIN124,D3108,2025-01-03 07:39,2025-01-04 12:11,125.47,DONE
MV702545,SH102215,1,L-222,L-215,VIN175,D3029,2025-03-07 13:45,2025-03-07 14:04,191.16,DONE
MV702546,SH102216,1,L-218,L-222,VIN121,D3113,2025-09-28 16:22,2025-09-29 21:05,139.36,DONE
MV702547,SH102217,1,L-260,L-249,VIN106,D3005,2025-06-28 10:59,2025-06-28 18:22,135.87,DONE
MV702548,SH102219,1,L-230,L-201,VIN185,D3030,2025-12-13 17:08,2025-12-13 13:21,103.07,DONE
MV702549,SH102219,2,L-201,L-212,VIN148,D3062,2025-12-14 08:32,2025-12-15 11:06,404.02,DONE
MV702550,SH102220,1,L-245,L-251,VIN174,D3074,2025-08-22 18:47,,289.10,ABORTED
MV702551,SH102221,1,L-240,L-225,VIN100,D3073,2025-03-17 21:19,2025-03-18 07:00,127.04,DONE
MV702552,SH102222,1,L-208,L-207,VIN119,D3013,2025-10-08 10:16,2025-10-09 14:02,393.50,DONE
MV702553,SH102223,1,L-212,L-260,VIN126,D3011,2026-01-05 19:05,2026-01-05 19:08,196.87,DONE
MV702554,SH102224,1,L-241,L-211,VIN187,D3048,2026-04-07 18:40,2026-04-07 18:21,388.11,DONE
MV702555,SH102224,2,L-211,L-251,VIN101,D3005,2026-04-08 08:05,2026-04-08 17:35,118.61,DONE
MV702556,SH102224,3,L-251,L-214,VIN193,D3093,2026-04-08 20:03,2026-04-08 11:11,148.06,DONE
MV702557,SH102225,1,L-202,L-216,VIN205,D3064,2026-02-07 11:39,2026-02-07 14:48,255.13,DONE
MV702558,SH102225,2,L-216,L-244,VIN193,D3040,2026-02-07 11:52,2026-02-07 18:28,151.37,DONE
MV702559,SH102226,1,L-209,L-235,VIN141,D3058,2025-12-20 08:18,2025-12-20 10:12,396.01,DONE
MV702560,SH102226,2,L-235,L-245,VIN167,D3039,2025-12-20 21:19,2025-12-20 15:26,394.70,DONE
MV702561,SH102226,3,L-245,L-256,VIN207,D3062,2025-12-20 12:32,2025-12-21 21:47,349.34,DONE
MV702562,SH102227,1,L-244,L-220,VIN161,D3117,2025-08-22 09:23,,352.27,ABORTED
MV702563,SH102229,1,L-226,L-225,VIN217,D3084,2026-03-17 17:05,2026-03-18 14:46,252.08,DONE
MV702564,SH102229,2,L-225,L-214,VIN102,D3118,2026-03-18 06:15,2026-03-19 20:19,232.12,DONE
MV702565,SH102230,1,L-220,L-211,VIN172,D3072,2025-12-28 10:03,2025-12-29 10:44,301.91,DONE
MV702566,SH102230,2,L-211,L-255,VIN120,D3113,2025-12-29 15:16,2025-12-30 08:02,376.09,DONE
MV702567,SH102230,3,L-255,L-230,VIN212,D3089,2025-12-30 17:50,2025-12-30 16:14,311.22,DONE
MV702568,SH102231,1,L-218,L-251,VIN194,D3043,2025-07-26 11:49,2025-07-26 14:42,268.21,DONE
MV702569,SH102231,2,L-251,L-236,VIN112,D3079,2025-07-27 06:01,2025-07-28 16:57,100.73,DONE
MV702570,SH102232,1,L-247,L-257,VIN146,D3027,2025-12-08 10:07,2025-12-08 14:16,232.95,DONE
MV702571,SH102233,1,L-220,L-235,VIN209,D3084,2026-03-14 18:48,2026-03-15 19:55,322.09,DONE
MV702572,SH102234,1,L-209,L-258,VIN155,D3104,2025-01-18 18:41,2025-01-19 15:07,54.12,DONE
MV702573,SH102235,1,L-252,L-237,VIN201,D3060,2026-02-14 13:35,2026-02-15 17:48,356.12,DONE
MV702574,SH102236,1,L-208,L-241,VIN177,D3106,2025-11-26 06:19,2025-11-26 21:25,79.02,DONE
MV702575,SH102236,2,L-241,L-256,VIN191,D3043,2025-11-27 14:52,2025-11-27 19:33,307.38,DONE
MV702576,SH102237,1,L-210,L-203,VIN132,D3001,2026-05-03 09:18,2026-05-03 17:07,232.75,DONE
MV702577,SH102238,1,L-227,L-243,VIN140,D3115,2025-10-03 20:02,2025-10-03 13:00,128.49,DONE
MV702578,SH102239,1,L-208,L-213,VIN113,D3006,2025-08-29 20:19,2025-08-30 11:37,87.01,DONE
MV702579,SH102241,1,L-208,L-211,VIN199,D3072,2025-03-02 19:30,2025-03-02 18:50,277.45,DONE
MV702580,SH102241,2,L-211,L-230,VIN126,D3119,2025-03-03 14:11,2025-03-04 06:18,402.23,DONE
MV702581,SH102241,3,L-230,L-246,VIN168,D3109,2025-03-04 12:10,2025-03-04 21:54,346.90,DONE
MV702582,SH102242,1,L-205,L-240,VIN139,D3090,2025-03-29 13:49,2025-03-29 17:28,345.17,DONE
MV702583,SH102242,2,L-240,L-234,VIN149,D3072,2025-03-30 07:42,2025-03-30 19:04,237.61,DONE
MV702584,SH102244,1,L-252,L-231,VIN124,D3091,2025-09-21 17:11,2025-09-21 11:19,309.40,DONE
MV702585,SH102245,1,L-228,L-203,VIN109,D3043,2025-08-23 18:42,2025-08-24 11:23,246.01,DONE
MV702586,SH102246,1,L-220,L-206,VIN215,D3107,2025-05-13 10:00,2025-05-13 20:33,125.78,DONE
MV702587,SH102247,1,L-253,L-216,VIN181,D3014,2026-05-11 19:17,2026-05-12 11:48,328.65,DONE
MV702588,SH102247,2,L-216,L-240,VIN211,D3017,2026-05-12 18:08,2026-05-12 10:58,232.29,DONE
MV702589,SH102248,1,L-254,L-217,VIN149,D3023,2025-03-11 14:34,2025-03-12 13:19,219.23,DONE
MV702590,SH102249,1,L-229,L-202,VIN104,D3118,2025-08-09 08:41,,352.82,PLANNED
MV702591,SH102250,1,L-251,L-231,VIN180,D3028,2025-08-12 18:12,2025-08-12 08:44,366.10,DONE
MV702592,SH102250,2,L-231,L-239,VIN143,D3072,2025-08-12 16:00,2025-08-13 12:39,124.83,DONE
MV702593,SH102251,1,L-227,L-232,VIN103,D3014,2025-04-12 11:59,2025-04-12 08:15,83.22,DONE
MV702594,SH102252,1,L-237,L-211,VIN141,D3052,2025-10-08 14:14,2025-10-08 12:49,66.81,DONE
MV702595,SH102253,1,L-205,L-235,VIN136,D3042,2025-02-11 18:03,,223.51,PLANNED
MV702596,SH102254,1,L-238,L-231,VIN100,D3051,2025-02-15 07:21,2025-02-16 18:20,260.56,DONE
MV702597,SH102254,2,L-231,L-215,VIN215,D3093,2025-02-16 11:04,2025-02-17 11:15,189.57,DONE
MV702598,SH102255,1,L-250,L-225,VIN195,D3015,2026-03-23 10:40,2026-03-23 20:47,349.80,DONE
MV702599,SH102256,1,L-252,L-205,VIN168,D3027,2026-04-10 10:43,2026-04-10 18:10,237.76,DONE
MV702600,SH102256,2,L-205,L-240,VIN182,D3087,2026-04-10 21:18,2026-04-10 12:14,142.93,DONE
MV702601,SH102256,3,L-240,L-231,VIN144,D3059,2026-04-11 09:36,2026-04-12 20:35,89.05,DONE
MV702602,SH102257,1,L-239,L-234,VIN138,D3110,2025-08-27 08:47,2025-08-27 15:19,217.55,DONE
MV702603,SH102258,1,L-242,L-201,VIN177,D3043,2025-05-02 20:50,2025-05-02 16:03,101.85,DONE
MV702604,SH102258,2,L-201,L-231,VIN142,D3064,2025-05-02 15:20,2025-05-02 21:52,33.12,DONE
MV702605,SH102258,3,L-231,L-217,VIN218,D3109,2025-05-03 06:33,2025-05-03 17:30,392.71,DONE
MV702606,SH102259,1,L-212,L-240,VIN181,D3067,2026-02-19 21:19,2026-02-19 07:12,83.26,DONE
MV702607,SH102260,1,L-202,L-240,VIN202,D3002,2025-02-13 18:30,2025-02-13 15:18,67.79,DONE
MV702608,SH102261,1,L-239,L-207,VIN147,D3104,2025-06-28 08:53,2025-06-28 16:06,242.16,DONE
MV702609,SH102262,1,L-205,L-246,VIN198,D3059,2026-02-07 19:41,2026-02-07 15:04,280.12,DONE
MV702610,SH102262,2,L-246,L-255,VIN129,D3016,2026-02-08 12:31,2026-02-08 11:18,152.24,DONE
MV702611,SH102262,3,L-255,L-236,VIN142,D3076,2026-02-09 21:11,2026-02-10 14:03,195.28,DONE
MV702612,SH102263,1,L-256,L-238,VIN178,D3056,2025-02-13 17:31,2025-02-13 16:15,217.01,DONE
MV702613,SH102264,1,L-232,L-238,VIN108,D3024,2026-05-17 10:24,2026-05-17 11:03,231.90,DONE
MV702614,SH102265,1,L-256,L-217,VIN117,D3109,2026-01-09 12:05,2026-01-09 14:20,174.00,DONE
MV702615,SH102266,1,L-206,L-217,VIN166,D3026,2026-04-07 08:41,2026-04-08 07:46,109.80,DONE
MV702616,SH102267,1,L-232,L-239,VIN173,D3100,2025-09-01 06:04,,163.18,ABORTED
MV702617,SH102268,1,L-211,L-225,VIN194,D3023,2025-08-08 09:08,2025-08-09 15:46,139.13,DONE
MV702618,SH102268,2,L-225,L-225,VIN214,D3062,2025-08-09 18:28,2025-08-10 06:53,222.15,DONE
MV702619,SH102270,1,L-243,L-244,VIN205,D3109,2026-01-05 19:50,2026-01-05 06:34,85.23,DONE
MV702620,SH102271,1,L-204,L-227,VIN135,D3085,2025-01-06 12:05,2025-01-06 15:51,61.00,DONE
MV702621,SH102272,1,L-210,L-228,VIN122,D3058,2026-04-19 10:00,2026-04-19 06:14,142.38,DONE
MV702622,SH102274,1,L-219,L-253,VIN189,D3024,2025-11-03 20:19,2025-11-04 19:31,76.92,DONE
MV702623,SH102275,1,L-217,L-206,VIN190,D3030,2025-01-13 20:44,2025-01-13 11:00,361.68,DONE
MV702624,SH102276,1,L-204,L-235,VIN100,D3108,2025-07-29 09:17,2025-07-29 19:04,238.65,DONE
MV702625,SH102277,1,L-234,L-225,VIN117,D3063,2025-11-30 17:01,2025-12-01 20:15,407.02,DONE
MV702626,SH102277,2,L-225,L-259,VIN119,D3022,2025-12-01 15:55,2025-12-01 16:23,29.22,DONE
MV702627,SH102278,1,L-256,L-229,VIN219,D3093,2025-01-20 17:48,2025-01-20 21:28,56.08,DONE
MV702628,SH102279,1,L-229,L-203,VIN188,D3060,2026-04-26 21:27,,283.33,PLANNED
MV702629,SH102280,1,L-214,L-210,VIN124,D3009,2025-06-08 08:50,2025-06-08 06:44,253.51,DONE
MV702630,SH102281,1,L-228,L-259,VIN191,D3009,2025-07-03 06:00,,360.42,ABORTED
MV702631,SH102282,1,L-227,L-222,VIN105,D3055,2026-01-11 09:00,2026-01-12 20:05,130.81,DONE
MV702632,SH102283,1,L-212,L-237,VIN187,D3024,2025-11-08 20:02,2025-11-08 09:06,383.79,DONE
MV702633,SH102284,1,L-246,L-211,VIN101,D3029,2025-12-23 13:30,2025-12-24 20:18,114.44,DONE
MV702634,SH102285,1,L-230,L-203,VIN150,D3048,2026-05-11 14:10,2026-05-12 13:49,120.51,DONE
MV702635,SH102286,1,L-247,L-206,VIN197,D3003,2025-11-04 11:13,2025-11-04 06:42,197.56,DONE
MV702636,SH102287,1,L-257,L-241,VIN120,D3092,2026-05-09 11:11,2026-05-09 15:40,54.22,DONE
MV702637,SH102288,1,L-207,L-206,VIN163,D3060,2025-09-02 13:00,2025-09-02 08:17,228.75,DONE
MV702638,SH102288,2,L-206,L-249,VIN149,D3001,2025-09-03 21:36,2025-09-03 06:50,32.96,DONE
MV702639,SH102289,1,L-208,L-220,VIN148,D3087,2026-03-24 17:00,2026-03-24 15:09,406.74,DONE
MV702640,SH102291,1,L-205,L-228,VIN195,D3009,2026-05-09 18:14,2026-05-09 09:52,355.43,DONE
MV702641,SH102292,1,L-222,L-236,VIN173,D3098,2025-05-14 12:42,2025-05-14 10:57,185.86,DONE
MV702642,SH102293,1,L-214,L-258,VIN128,D3050,2025-07-05 08:43,2025-07-05 17:39,284.05,DONE
MV702643,SH102294,1,L-257,L-236,VIN117,D3082,2026-05-09 19:53,,316.04,ABORTED
MV702644,SH102295,1,L-231,L-260,VIN179,D3048,2026-02-05 16:27,,88.75,PLANNED
MV702645,SH102296,1,L-254,L-251,VIN192,D3094,2026-03-22 11:41,2026-03-23 09:41,65.49,DONE
MV702646,SH102297,1,L-248,L-217,VIN125,D3099,2026-01-26 21:49,2026-01-27 19:29,182.65,DONE
MV702647,SH102298,1,L-239,L-201,VIN199,D3038,2025-08-19 17:01,2025-08-19 10:03,32.98,DONE
MV702648,SH102299,1,L-219,L-234,VIN131,D3011,2025-11-07 15:35,2025-11-07 10:19,186.88,DONE
MV702649,SH102300,1,L-211,L-209,VIN184,D3056,2026-01-16 16:57,,369.93,ABORTED
MV702650,SH102301,1,L-205,L-225,VIN198,D3066,2025-08-24 14:59,2025-08-24 17:47,51.29,DONE
MV702651,SH102302,1,L-213,L-227,VIN205,D3102,2026-02-26 12:50,2026-02-26 16:45,349.04,DONE
MV702652,SH102303,1,L-227,L-221,VIN154,D3004,2025-03-16 09:50,2025-03-16 18:46,122.96,DONE
MV702653,SH102305,1,L-234,L-221,VIN200,D3033,2026-04-07 15:58,2026-04-07 09:53,134.11,DONE
MV702654,SH102306,1,L-214,L-225,VIN110,D3048,2026-02-06 13:06,2026-02-06 10:52,232.59,DONE
MV702655,SH102308,1,L-214,L-203,VIN115,D3048,2025-08-29 13:21,2025-08-29 06:52,306.20,DONE
MV702656,SH102309,1,L-235,L-205,VIN167,D3046,2025-01-17 21:10,2025-01-17 12:23,342.95,DONE
MV702657,SH102309,2,L-205,L-249,VIN217,D3030,2025-01-18 16:00,,217.78,ABORTED
MV702658,SH102310,1,L-243,L-201,VIN210,D3027,2025-11-21 09:31,2025-11-21 16:55,195.74,DONE
MV702659,SH102311,1,L-227,L-251,VIN167,D3044,2025-02-22 14:07,2025-02-23 13:27,343.18,DONE
MV702660,SH102312,1,L-236,L-233,VIN219,D3020,2025-02-24 12:53,,321.50,ABORTED
MV702661,SH102313,1,L-257,L-218,VIN209,D3065,2025-11-07 20:16,2025-11-07 10:41,322.17,DONE
MV702662,SH102314,1,L-242,L-230,VIN194,D3117,2025-03-30 14:21,2025-03-30 20:14,151.62,DONE
MV702663,SH102315,1,L-259,L-215,VIN157,D3011,2026-04-19 21:45,2026-04-20 19:38,246.49,DONE
MV702664,SH102316,1,L-257,L-205,VIN143,D3070,2025-10-18 16:58,2025-10-18 12:15,299.69,DONE
MV702665,SH102316,2,L-205,L-231,VIN121,D3113,2025-10-19 07:47,2025-10-20 14:26,358.04,DONE
MV702666,SH102316,3,L-231,L-239,VIN121,D3093,2025-10-19 10:22,2025-10-19 06:46,59.92,DONE
MV702667,SH102317,1,L-226,L-246,VIN205,D3065,2025-07-09 20:20,2025-07-09 18:17,114.99,DONE
MV702668,SH102317,2,L-246,L-245,VIN203,D3023,2025-07-10 13:57,2025-07-11 06:26,141.00,DONE
MV702669,SH102318,1,L-215,L-239,VIN215,D3031,2026-02-18 20:17,2026-02-19 15:00,317.17,DONE
MV702670,SH102319,1,L-226,L-237,VIN184,D3053,2026-01-15 14:49,2026-01-16 12:38,80.42,DONE
MV702671,SH102320,1,L-237,L-240,VIN140,D3058,2025-06-29 20:25,2025-06-29 13:56,307.64,DONE
MV702672,SH102320,2,L-240,L-256,VIN156,D3010,2025-06-29 09:53,2025-06-29 14:17,220.04,DONE
MV702673,SH102321,1,L-201,L-251,VIN196,D3096,2025-04-07 20:51,2025-04-07 20:53,204.99,DONE
MV702674,SH102321,2,L-251,L-221,VIN143,D3049,2025-04-07 15:04,2025-04-07 09:22,227.99,DONE
MV702675,SH102323,1,L-213,L-221,VIN115,D3107,2025-05-02 17:23,2025-05-02 13:09,286.76,DONE
MV702676,SH102324,1,L-245,L-205,VIN131,D3118,2025-04-22 11:17,2025-04-23 18:32,60.89,DONE
MV702677,SH102326,1,L-229,L-215,VIN197,D3036,2026-04-15 19:21,2026-04-15 12:52,113.88,DONE
MV702678,SH102327,1,L-248,L-243,VIN163,D3022,2025-10-16 13:50,2025-10-16 19:16,319.69,DONE
MV702679,SH102329,1,L-236,L-214,VIN186,D3071,2025-10-09 14:03,2025-10-09 19:03,328.93,DONE
MV702680,SH102330,1,L-250,L-256,VIN192,D3019,2026-03-07 06:22,2026-03-07 09:20,113.95,DONE
MV702681,SH102331,1,L-201,L-246,VIN188,D3006,2025-08-24 18:51,2025-08-24 18:56,227.52,DONE
MV702682,SH102331,2,L-246,L-251,VIN172,D3042,2025-08-25 06:59,2025-08-25 16:47,175.82,DONE
MV702683,SH102332,1,L-221,L-258,VIN136,D3090,2026-03-15 15:47,2026-03-16 13:24,296.61,DONE
MV702684,SH102333,1,L-237,L-241,VIN213,D3076,2026-01-25 06:56,2026-01-25 14:34,169.49,DONE
MV702685,SH102333,2,L-241,L-213,VIN127,D3114,2026-01-26 19:37,2026-01-26 13:38,352.82,DONE
MV702686,SH102334,1,L-220,L-224,VIN194,D3098,2025-08-30 17:08,2025-08-30 10:09,51.90,DONE
MV702687,SH102335,1,L-208,L-206,VIN149,D3095,2025-09-28 21:45,2025-09-29 15:14,99.44,DONE
MV702688,SH102335,2,L-206,L-230,VIN121,D3082,2025-09-29 18:15,2025-09-30 15:54,38.07,DONE
MV702689,SH102335,3,L-230,L-225,VIN196,D3095,2025-09-29 20:53,2025-09-29 19:53,218.86,DONE
MV702690,SH102336,1,L-245,L-236,VIN114,D3073,2025-10-15 20:42,2025-10-16 14:46,56.49,DONE
MV702691,SH102337,1,L-245,L-225,VIN174,D3040,2026-01-22 14:38,2026-01-22 17:06,37.58,DONE
MV702692,SH102338,1,L-213,L-204,VIN133,D3022,2026-03-25 11:06,2026-03-25 13:39,38.72,DONE
MV702693,SH102339,1,L-234,L-244,VIN132,D3044,2026-03-12 17:00,2026-03-12 15:55,323.14,DONE
MV702694,SH102340,1,L-246,L-242,VIN159,D3106,2025-10-13 20:57,,58.20,PLANNED
MV702695,SH102341,1,L-252,L-254,VIN122,D3025,2025-10-03 07:37,2025-10-03 20:19,286.25,DONE
MV702696,SH102342,1,L-246,L-256,VIN131,D3119,2025-01-29 12:17,2025-01-30 13:42,214.10,DONE
MV702697,SH102343,1,L-217,L-246,VIN135,D3036,2025-09-13 08:55,2025-09-13 18:28,219.64,DONE
MV702698,SH102343,2,L-246,L-230,VIN191,D3099,2025-09-14 16:22,2025-09-14 09:34,88.51,DONE
MV702699,SH102344,1,L-201,L-220,VIN109,D3020,2025-12-13 12:33,2025-12-13 18:59,70.57,DONE
MV702700,SH102345,1,L-227,L-230,VIN133,D3095,2025-11-04 17:56,2025-11-05 19:30,303.14,DONE
MV702701,SH102346,1,L-227,L-213,VIN162,D3061,2025-07-04 15:03,,144.14,PLANNED
MV702702,SH102347,1,L-228,L-258,VIN214,D3021,2026-01-30 14:26,2026-01-30 18:43,125.27,DONE
MV702703,SH102348,1,L-233,L-241,VIN136,D3064,2026-01-09 19:23,2026-01-10 11:12,313.60,DONE
MV702704,SH102348,2,L-241,L-203,VIN154,D3030,2026-01-10 21:00,2026-01-11 07:36,118.07,DONE
MV702705,SH102349,1,L-228,L-254,VIN156,D3033,2026-02-20 12:19,2026-02-21 06:30,52.22,DONE
MV702706,SH102350,1,L-214,L-206,VIN217,D3096,2025-12-21 09:05,2025-12-21 17:24,312.98,DONE
MV702707,SH102350,2,L-206,L-231,VIN182,D3086,2025-12-21 11:46,2025-12-22 13:20,370.47,DONE
MV702708,SH102351,1,L-209,L-242,VIN182,D3011,2026-05-08 19:51,2026-05-08 12:30,214.96,DONE
MV702709,SH102352,1,L-240,L-252,VIN172,D3041,2025-03-14 21:35,,302.99,ABORTED
MV702710,SH102353,1,L-205,L-259,VIN183,D3003,2025-04-25 11:26,2025-04-25 11:54,181.05,DONE
MV702711,SH102354,1,L-228,L-237,VIN149,D3008,2025-01-23 11:50,,366.39,ABORTED
MV702712,SH102355,1,L-260,L-230,VIN122,D3094,2025-11-15 16:51,,61.72,ABORTED
MV702713,SH102356,1,L-224,L-205,VIN202,D3044,2025-12-03 12:39,2025-12-03 15:18,370.33,DONE
MV702714,SH102358,1,L-254,L-212,VIN158,D3112,2025-11-20 06:34,2025-11-20 12:58,84.35,DONE
MV702715,SH102360,1,L-249,L-211,VIN184,D3104,2025-06-11 16:02,,98.27,PLANNED
MV702716,SH102361,1,L-219,L-221,VIN106,D3039,2025-12-26 15:07,2025-12-27 19:22,35.46,DONE
MV702717,SH102362,1,L-250,L-257,VIN171,D3096,2026-03-15 08:40,2026-03-15 18:29,245.42,DONE
MV702718,SH102363,1,L-257,L-252,VIN105,D3091,2025-04-02 17:43,2025-04-02 09:31,149.24,DONE
MV702719,SH102364,1,L-231,L-221,VIN131,D3064,2026-02-15 07:55,2026-02-15 18:03,59.83,DONE
MV702720,SH102365,1,L-215,L-229,VIN161,D3036,2025-05-17 16:15,2025-05-17 20:28,367.14,DONE
MV702721,SH102366,1,L-235,L-245,VIN209,D3016,2025-09-26 13:02,2025-09-27 14:25,342.98,DONE
MV702722,SH102367,1,L-208,L-245,VIN168,D3097,2026-05-17 08:14,2026-05-17 14:03,334.78,DONE
MV702723,SH102367,2,L-245,L-248,VIN140,D3067,2026-05-18 08:04,2026-05-18 17:47,105.31,DONE
MV702724,SH102368,1,L-206,L-236,VIN198,D3028,2025-11-05 06:24,2025-11-05 13:36,400.83,DONE
MV702725,SH102369,1,L-236,L-203,VIN158,D3015,2025-05-18 09:21,,274.55,PLANNED
MV702726,SH102370,1,L-224,L-215,VIN184,D3002,2025-01-11 15:11,2025-01-12 06:45,189.01,DONE
MV702727,SH102371,1,L-208,L-211,VIN197,D3055,2025-04-01 12:28,2025-04-02 21:22,360.56,DONE
MV702728,SH102371,2,L-211,L-240,VIN156,D3006,2025-04-02 14:18,2025-04-03 21:55,110.00,DONE
MV702729,SH102372,1,L-239,L-211,VIN147,D3086,2025-06-12 07:11,2025-06-13 07:43,335.12,DONE
MV702730,SH102373,1,L-206,L-211,VIN133,D3046,2026-04-04 19:02,2026-04-04 09:44,383.14,DONE
MV702731,SH102373,2,L-211,L-220,VIN178,D3074,2026-04-04 18:53,2026-04-04 15:30,362.18,DONE
MV702732,SH102373,3,L-220,L-247,VIN107,D3101,2026-04-05 08:38,,327.91,ABORTED
MV702733,SH102374,1,L-219,L-260,VIN141,D3066,2026-03-10 09:15,2026-03-10 15:35,207.81,DONE
MV702734,SH102375,1,L-228,L-215,VIN109,D3008,2025-08-05 10:41,2025-08-05 14:07,161.19,DONE
MV702735,SH102376,1,L-252,L-251,VIN151,D3056,2026-01-08 18:36,2026-01-08 14:58,356.82,DONE
MV702736,SH102377,1,L-238,L-232,VIN169,D3020,2025-07-26 18:03,2025-07-26 06:22,349.88,DONE
MV702737,SH102378,1,L-229,L-218,VIN181,D3000,2025-03-22 06:35,2025-03-22 10:21,102.22,DONE
MV702738,SH102379,1,L-234,L-255,VIN184,D3070,2025-05-05 12:30,2025-05-06 12:04,227.02,DONE
MV702739,SH102380,1,L-230,L-201,VIN175,D3101,2025-03-12 13:08,2025-03-12 11:13,318.96,DONE
MV702740,SH102381,1,L-205,L-202,VIN102,D3069,2025-07-04 16:50,2025-07-04 18:29,115.80,DONE
MV702741,SH102382,1,L-227,L-238,VIN149,D3013,2026-01-27 13:27,2026-01-27 06:47,30.31,DONE
MV702742,SH102384,1,L-259,L-207,VIN215,D3027,2025-09-02 08:16,2025-09-02 18:25,47.69,DONE
MV702743,SH102385,1,L-251,L-216,VIN170,D3099,2025-04-16 17:21,2025-04-16 16:06,131.67,DONE
MV702744,SH102386,1,L-252,L-216,VIN140,D3047,2026-02-23 09:23,2026-02-23 15:57,222.94,DONE
MV702745,SH102387,1,L-258,L-260,VIN132,D3043,2025-12-11 06:31,,181.36,ABORTED
MV702746,SH102388,1,L-243,L-239,VIN103,D3002,2026-01-01 09:45,,181.21,ABORTED
MV702747,SH102390,1,L-218,L-206,VIN151,D3040,2025-02-10 20:20,2025-02-10 16:14,193.83,DONE
MV702748,SH102391,1,L-235,L-236,VIN124,D3076,2025-12-26 12:26,2025-12-27 21:24,169.22,DONE
MV702749,SH102391,2,L-236,L-208,VIN209,D3115,2025-12-27 11:07,,269.38,ABORTED
MV702750,SH102392,1,L-226,L-235,VIN136,D3012,2025-12-29 18:16,2025-12-29 08:08,77.82,DONE
MV702751,SH102392,2,L-235,L-247,VIN147,D3079,2025-12-30 17:09,2025-12-30 11:25,47.83,DONE
MV702752,SH102394,1,L-209,L-218,VIN165,D3096,2026-01-17 15:29,2026-01-17 16:31,370.60,DONE
MV702753,SH102395,1,L-253,L-225,VIN134,D3083,2025-10-26 17:51,2025-10-26 15:16,361.26,DONE
MV702754,SH102396,1,L-229,L-207,VIN204,D3078,2026-04-25 11:59,2026-04-25 17:08,65.46,DONE
MV702755,SH102397,1,L-235,L-251,VIN125,D3039,2025-03-08 09:45,2025-03-08 07:23,187.42,DONE
MV702756,SH102398,1,L-256,L-247,VIN125,D3019,2026-04-19 16:03,2026-04-19 21:30,335.69,DONE
MV702757,SH102399,1,L-256,L-242,VIN176,D3007,2026-03-07 11:21,2026-03-07 06:46,332.48,DONE
MV702758,SH102400,1,L-207,L-216,VIN114,D3009,2025-12-18 13:08,2025-12-19 11:18,277.32,DONE
MV702759,SH102401,1,L-209,L-237,VIN124,D3020,2025-09-01 18:21,2025-09-01 06:26,93.11,DONE
MV702760,SH102402,1,L-240,L-237,VIN183,D3063,2026-03-02 09:06,2026-03-03 20:05,102.63,DONE
MV702761,SH102403,1,L-236,L-225,VIN147,D3096,2025-01-04 20:06,2025-01-05 18:55,120.32,DONE
MV702762,SH102403,2,L-225,L-221,VIN190,D3089,2025-01-05 10:30,2025-01-06 17:20,341.25,DONE
MV702763,SH102403,3,L-221,L-226,VIN156,D3021,2025-01-06 19:26,2025-01-07 14:13,264.71,DONE
MV702764,SH102404,1,L-220,L-259,VIN147,D3060,2026-05-07 14:11,2026-05-08 07:18,235.17,DONE
MV702765,SH102405,1,L-233,L-221,VIN129,D3099,2026-05-11 10:14,2026-05-11 21:02,107.87,DONE
MV702766,SH102406,1,L-241,L-255,VIN123,D3119,2025-07-14 15:32,2025-07-14 14:54,50.80,DONE
MV702767,SH102406,2,L-255,L-220,VIN150,D3000,2025-07-15 20:40,2025-07-15 10:13,253.99,DONE
MV702768,SH102406,3,L-220,L-226,VIN111,D3079,2025-07-16 19:00,2025-07-16 10:53,260.89,DONE
MV702769,SH102407,1,L-215,L-221,VIN168,D3099,2026-03-16 19:06,2026-03-16 11:20,202.30,DONE
MV702770,SH102408,1,L-255,L-226,VIN140,D3047,2025-11-04 09:17,2025-11-04 11:20,53.57,DONE
MV702771,SH102408,2,L-226,L-260,VIN143,D3026,2025-11-04 12:26,2025-11-05 19:26,380.64,DONE
MV702772,SH102409,1,L-233,L-205,VIN186,D3046,2025-10-12 19:16,2025-10-12 11:30,292.23,DONE
MV702773,SH102410,1,L-247,L-238,VIN200,D3110,2026-05-14 16:44,2026-05-14 09:28,87.27,DONE
MV702774,SH102411,1,L-233,L-231,VIN219,D3035,2025-03-20 18:06,2025-03-20 15:39,213.88,DONE
MV702775,SH102412,1,L-236,L-241,VIN154,D3089,2025-09-04 19:02,2025-09-04 10:13,376.28,DONE
MV702776,SH102413,1,L-255,L-221,VIN180,D3026,2025-05-24 14:57,2025-05-24 14:24,268.75,DONE
MV702777,SH102414,1,L-239,L-232,VIN191,D3078,2025-03-15 06:37,2025-03-15 17:20,272.46,DONE
MV702778,SH102415,1,L-208,L-226,VIN123,D3002,2026-01-28 10:08,2026-01-29 17:29,203.74,DONE
MV702779,SH102415,2,L-226,L-210,VIN213,D3063,2026-01-29 07:37,2026-01-29 10:54,169.30,DONE
MV702780,SH102416,1,L-249,L-217,VIN130,D3080,2025-07-15 20:51,2025-07-15 15:41,126.44,DONE
MV702781,SH102417,1,L-248,L-225,VIN123,D3077,2025-07-05 08:58,2025-07-06 14:27,331.99,DONE
MV702782,SH102418,1,L-236,L-203,VIN150,D3084,2025-01-12 10:58,2025-01-13 08:14,161.16,DONE
MV702783,SH102419,1,L-242,L-233,VIN135,D3026,2025-12-19 21:40,2025-12-20 11:18,51.82,DONE
MV702784,SH102420,1,L-241,L-238,VIN178,D3022,2025-02-13 21:36,2025-02-14 08:49,48.23,DONE
MV702785,SH102421,1,L-203,L-221,VIN192,D3039,2026-01-13 21:59,2026-01-13 09:54,296.49,DONE
MV702786,SH102422,1,L-252,L-228,VIN146,D3002,2025-01-08 16:06,2025-01-09 11:19,264.67,DONE
MV702787,SH102423,1,L-219,L-235,VIN121,D3035,2025-10-18 07:26,2025-10-18 08:11,338.82,DONE
MV702788,SH102423,2,L-235,L-253,VIN172,D3083,2025-10-19 07:22,2025-10-19 18:56,246.91,DONE
MV702789,SH102424,1,L-208,L-203,VIN156,D3114,2025-09-24 08:38,2025-09-25 18:51,108.13,DONE
MV702790,SH102425,1,L-231,L-252,VIN174,D3028,2025-10-13 07:10,2025-10-13 11:43,169.42,DONE
MV702791,SH102426,1,L-242,L-258,VIN186,D3038,2025-11-23 08:52,2025-11-24 06:49,390.84,DONE
MV702792,SH102427,1,L-246,L-250,VIN113,D3088,2025-07-08 18:31,2025-07-09 15:04,222.09,DONE
MV702793,SH102427,2,L-250,L-217,VIN209,D3056,2025-07-09 13:07,2025-07-10 13:57,165.76,DONE
MV702794,SH102428,1,L-212,L-222,VIN112,D3107,2025-09-18 12:07,2025-09-18 14:17,343.89,DONE
MV702795,SH102429,1,L-241,L-216,VIN180,D3077,2025-05-31 18:12,2025-05-31 20:57,268.47,DONE
MV702796,SH102429,2,L-216,L-252,VIN171,D3118,2025-06-01 06:07,2025-06-02 21:10,403.06,DONE
MV702797,SH102431,1,L-220,L-242,VIN159,D3050,2025-06-03 09:06,2025-06-04 21:16,199.26,DONE
MV702798,SH102432,1,L-246,L-259,VIN162,D3111,2025-09-27 20:04,2025-09-27 07:53,231.39,DONE
MV702799,SH102433,1,L-215,L-240,VIN122,D3029,2025-10-17 16:28,2025-10-17 15:44,163.37,DONE
MV702800,SH102435,1,L-210,L-207,VIN161,D3069,2026-01-31 07:05,2026-01-31 16:57,158.95,DONE
MV702801,SH102436,1,L-240,L-245,VIN118,D3073,2025-04-09 09:25,2025-04-09 14:50,237.19,DONE
MV702802,SH102436,2,L-245,L-210,VIN195,D3112,2025-04-10 16:07,2025-04-10 08:34,326.56,DONE
MV702803,SH102436,3,L-210,L-255,VIN190,D3005,2025-04-10 20:23,2025-04-11 06:34,84.20,DONE
MV702804,SH102438,1,L-258,L-246,VIN170,D3052,2025-04-18 16:59,2025-04-18 17:24,216.41,DONE
MV702805,SH102439,1,L-234,L-242,VIN122,D3022,2026-05-13 13:22,2026-05-13 12:12,376.17,DONE
MV702806,SH102440,1,L-213,L-251,VIN109,D3113,2025-11-30 11:03,2025-11-30 07:41,248.41,DONE
MV702807,SH102441,1,L-257,L-213,VIN150,D3049,2026-02-06 08:51,2026-02-06 09:22,148.24,DONE
MV702808,SH102443,1,L-238,L-226,VIN119,D3008,2026-01-06 16:48,2026-01-06 17:40,365.56,DONE
MV702809,SH102444,1,L-214,L-210,VIN112,D3100,2025-09-24 07:15,2025-09-24 16:52,342.56,DONE
MV702810,SH102445,1,L-233,L-242,VIN126,D3056,2026-01-27 06:07,2026-01-28 12:04,376.59,DONE
MV702811,SH102446,1,L-203,L-213,VIN109,D3063,2025-08-30 06:15,2025-08-30 12:28,259.58,DONE
MV702812,SH102447,1,L-201,L-244,VIN171,D3041,2025-12-05 16:11,2025-12-05 12:53,59.06,DONE
MV702813,SH102448,1,L-214,L-246,VIN121,D3019,2025-11-19 09:08,2025-11-19 12:26,320.44,DONE
MV702814,SH102449,1,L-235,L-229,VIN212,D3003,2026-04-30 15:09,2026-05-01 14:13,302.94,DONE
MV702815,SH102450,1,L-209,L-260,VIN124,D3007,2026-02-03 18:10,2026-02-03 12:01,117.83,DONE
MV702816,SH102451,1,L-254,L-206,VIN130,D3115,2026-01-01 18:10,2026-01-01 07:36,48.48,DONE
MV702817,SH102452,1,L-203,L-212,VIN207,D3093,2026-04-01 16:38,2026-04-01 16:29,156.32,DONE
MV702818,SH102453,1,L-209,L-201,VIN167,D3053,2026-01-11 21:10,2026-01-11 15:34,223.72,DONE
MV702819,SH102453,2,L-201,L-231,VIN156,D3058,2026-01-12 12:33,2026-01-12 16:33,63.41,DONE
MV702820,SH102454,1,L-238,L-206,VIN161,D3029,2025-07-18 10:08,2025-07-18 08:23,219.96,DONE
MV702821,SH102454,2,L-206,L-246,VIN125,D3003,2025-07-19 13:47,2025-07-19 18:54,32.66,DONE
MV702822,SH102454,3,L-246,L-248,VIN213,D3074,2025-07-19 18:36,2025-07-19 15:01,405.26,DONE
MV702823,SH102455,1,L-216,L-230,VIN202,D3002,2025-04-29 10:17,2025-04-29 21:44,114.02,DONE
MV702824,SH102456,1,L-240,L-221,VIN200,D3010,2025-11-22 14:04,2025-11-23 15:15,338.94,DONE
MV702825,SH102456,2,L-221,L-245,VIN177,D3076,2025-11-23 16:36,2025-11-23 08:21,278.45,DONE
MV702826,SH102457,1,L-218,L-228,VIN115,D3049,2025-03-18 12:47,2025-03-18 09:20,113.54,DONE
MV702827,SH102458,1,L-219,L-205,VIN150,D3021,2025-07-16 16:38,2025-07-17 10:51,75.29,DONE
MV702828,SH102458,2,L-205,L-216,VIN218,D3096,2025-07-16 11:14,2025-07-16 20:35,204.42,DONE
MV702829,SH102459,1,L-260,L-244,VIN115,D3106,2025-04-11 20:03,2025-04-12 17:56,133.88,DONE
MV702830,SH102461,1,L-239,L-260,VIN198,D3019,2025-11-30 12:37,2025-11-30 10:22,179.92,DONE
MV702831,SH102461,2,L-260,L-253,VIN160,D3117,2025-12-01 07:08,2025-12-02 17:22,57.82,DONE
MV702832,SH102462,1,L-208,L-203,VIN154,D3018,2026-05-13 21:06,2026-05-13 16:39,325.98,DONE
MV702833,SH102463,1,L-246,L-219,VIN170,D3025,2025-08-01 10:32,2025-08-02 06:21,83.68,DONE
MV702834,SH102465,1,L-228,L-256,VIN212,D3086,2025-11-23 21:35,2025-11-24 13:29,249.62,DONE
MV702835,SH102466,1,L-213,L-240,VIN188,D3043,2025-10-01 09:29,2025-10-02 14:18,408.67,DONE
MV702836,SH102467,1,L-226,L-205,VIN159,D3062,2025-09-26 07:33,2025-09-27 16:50,105.88,DONE
MV702837,SH102468,1,L-222,L-237,VIN152,D3109,2025-03-03 11:15,2025-03-03 20:58,141.84,DONE
MV702838,SH102469,1,L-245,L-232,VIN159,D3039,2025-06-16 13:56,2025-06-16 18:12,404.42,DONE
MV702839,SH102470,1,L-258,L-216,VIN162,D3024,2026-05-12 14:00,2026-05-12 14:11,320.12,DONE
MV702840,SH102471,1,L-230,L-252,VIN171,D3033,2025-10-30 12:57,2025-10-31 11:55,407.66,DONE
MV702841,SH102472,1,L-252,L-236,VIN176,D3006,2025-04-14 07:06,2025-04-15 14:57,188.32,DONE
MV702842,SH102473,1,L-243,L-217,VIN182,D3070,2026-03-22 19:58,2026-03-22 18:39,80.41,DONE
MV702843,SH102476,1,L-255,L-215,VIN122,D3036,2025-09-28 18:07,2025-09-29 13:43,186.91,DONE
MV702844,SH102479,1,L-249,L-242,VIN122,D3010,2025-05-24 07:37,2025-05-25 19:44,359.85,DONE
MV702845,SH102480,1,L-244,L-259,VIN102,D3014,2025-10-21 12:05,2025-10-22 08:25,216.76,DONE
MV702846,SH102482,1,L-217,L-250,VIN177,D3063,2025-02-10 19:31,2025-02-11 15:06,319.74,DONE
MV702847,SH102483,1,L-252,L-237,VIN112,D3111,2025-01-18 09:11,2025-01-18 09:19,167.66,DONE
MV702848,SH102485,1,L-258,L-205,VIN185,D3070,2026-03-30 13:35,2026-03-30 08:46,63.15,DONE
MV702849,SH102486,1,L-206,L-225,VIN133,D3001,2026-04-18 14:12,2026-04-18 07:41,243.44,DONE
MV702850,SH102487,1,L-210,L-206,VIN217,D3090,2026-02-06 07:46,2026-02-06 21:21,301.77,DONE
MV702851,SH102488,1,L-231,L-258,VIN121,D3109,2025-10-14 17:08,2025-10-14 16:14,296.00,DONE
MV702852,SH102489,1,L-206,L-241,VIN166,D3010,2025-01-10 08:40,2025-01-11 19:50,63.73,DONE
MV702853,SH102490,1,L-220,L-203,VIN198,D3026,2026-04-03 19:35,2026-04-04 15:12,398.51,DONE
MV702854,SH102492,1,L-252,L-202,VIN149,D3020,2025-04-16 20:12,2025-04-16 14:32,113.98,DONE
MV702855,SH102493,1,L-243,L-257,VIN113,D3032,2025-05-28 20:29,2025-05-29 12:05,138.82,DONE
MV702856,SH102494,1,L-220,L-260,VIN186,D3043,2025-02-02 17:01,2025-02-03 14:31,133.44,DONE
MV702857,SH102495,1,L-232,L-250,VIN100,D3040,2025-08-26 08:14,2025-08-26 10:03,177.09,DONE
MV702858,SH102495,2,L-250,L-216,VIN122,D3026,2025-08-27 14:12,2025-08-27 14:16,138.30,DONE
MV702859,SH102495,3,L-216,L-201,VIN162,D3094,2025-08-27 07:44,2025-08-27 10:01,39.57,DONE
MV702860,SH102496,1,L-258,L-225,VIN179,D3062,2025-03-27 21:51,2025-03-27 19:21,407.10,DONE
MV702861,SH102497,1,L-240,L-231,VIN124,D3023,2026-01-31 07:04,2026-01-31 07:23,330.07,DONE
MV702862,SH102497,2,L-231,L-258,VIN113,D3074,2026-02-01 14:00,2026-02-01 14:42,271.49,DONE
MV702863,SH102498,1,L-226,L-245,VIN165,D3108,2025-10-25 17:59,2025-10-26 14:40,112.59,DONE
MV702864,SH102501,1,L-257,L-244,VIN186,D3038,2025-07-28 15:55,2025-07-28 18:54,84.87,DONE
MV702865,SH102503,1,L-226,L-203,VIN196,D3082,2025-02-01 17:52,2025-02-02 14:13,64.02,DONE
MV702866,SH102504,1,L-235,L-250,VIN176,D3083,2025-06-13 17:02,2025-06-13 13:26,228.66,DONE
MV702867,SH102504,2,L-250,L-221,VIN170,D3019,2025-06-14 11:35,2025-06-14 15:13,111.11,DONE
MV702868,SH102504,3,L-221,L-221,VIN151,D3098,2025-06-15 11:53,2025-06-16 08:53,99.02,DONE
MV702869,SH102505,1,L-241,L-230,VIN124,D3004,2025-02-22 07:24,2025-02-22 07:18,165.85,DONE
MV702870,SH102505,2,L-230,L-207,VIN144,D3104,2025-02-22 10:36,2025-02-23 21:06,129.53,DONE
MV702871,SH102506,1,L-214,L-260,VIN175,D3040,2025-06-19 16:16,2025-06-19 11:58,211.28,DONE
MV702872,SH102506,2,L-260,L-216,VIN101,D3062,2025-06-20 16:56,2025-06-20 10:22,45.16,DONE
MV702873,SH102507,1,L-224,L-208,VIN154,D3037,2026-03-01 16:12,2026-03-01 07:04,71.13,DONE
MV702874,SH102508,1,L-204,L-218,VIN136,D3059,2026-05-03 17:09,2026-05-04 11:13,390.79,DONE
MV702875,SH102509,1,L-243,L-216,VIN189,D3060,2025-06-30 07:13,2025-06-30 18:51,148.19,DONE
MV702876,SH102511,1,L-231,L-236,VIN191,D3059,2025-09-24 07:21,2025-09-24 14:02,145.27,DONE
MV702877,SH102512,1,L-243,L-252,VIN166,D3105,2025-02-01 12:59,2025-02-01 09:05,140.57,DONE
MV702878,SH102513,1,L-243,L-254,VIN107,D3008,2025-10-12 14:58,2025-10-13 16:34,65.53,DONE
MV702879,SH102514,1,L-240,L-260,VIN213,D3068,2025-04-08 21:13,2025-04-09 06:52,382.36,DONE
MV702880,SH102516,1,L-248,L-250,VIN183,D3006,2026-01-18 08:01,2026-01-18 15:18,160.20,DONE
MV702881,SH102517,1,L-251,L-207,VIN161,D3092,2026-01-09 18:47,2026-01-09 18:49,392.51,DONE
MV702882,SH102519,1,L-259,L-206,VIN211,D3010,2025-03-10 19:27,2025-03-10 08:42,344.59,DONE
MV702883,SH102519,2,L-206,L-209,VIN132,D3033,2025-03-10 16:14,,68.34,PLANNED
MV702884,SH102520,1,L-247,L-244,VIN197,D3112,2025-01-15 14:01,2025-01-15 17:59,29.42,DONE
MV702885,SH102521,1,L-220,L-231,VIN141,D3066,2025-09-27 21:40,2025-09-28 19:18,56.16,DONE
MV702886,SH102521,2,L-231,L-256,VIN164,D3088,2025-09-27 13:23,2025-09-28 11:41,57.96,DONE
MV702887,SH102522,1,L-255,L-208,VIN111,D3021,2025-03-18 09:22,2025-03-18 10:45,92.43,DONE
MV702888,SH102523,1,L-243,L-240,VIN121,D3080,2026-04-27 09:00,2026-04-28 14:48,132.35,DONE
MV702889,SH102524,1,L-206,L-216,VIN116,D3008,2026-02-20 08:29,2026-02-21 14:40,84.95,DONE
MV702890,SH102525,1,L-212,L-251,VIN120,D3054,2025-11-22 12:23,2025-11-23 07:04,399.49,DONE
MV702891,SH102526,1,L-254,L-216,VIN121,D3049,2025-07-31 16:08,2025-08-01 13:44,240.15,DONE
MV702892,SH102526,2,L-216,L-225,VIN164,D3036,2025-08-01 21:42,2025-08-01 14:55,171.40,DONE
MV702893,SH102527,1,L-251,L-204,VIN211,D3088,2026-02-28 08:55,2026-02-28 18:00,306.57,DONE
MV702894,SH102528,1,L-203,L-222,VIN121,D3005,2025-10-30 16:30,,110.08,ABORTED
MV702895,SH102529,1,L-247,L-252,VIN206,D3023,2025-08-14 16:34,2025-08-14 10:28,247.99,DONE
MV702896,SH102530,1,L-251,L-258,VIN198,D3086,2025-07-06 07:51,2025-07-06 19:10,106.79,DONE
MV702897,SH102531,1,L-218,L-235,VIN135,D3041,2025-12-25 17:31,2025-12-25 18:38,164.23,DONE
MV702898,SH102531,2,L-235,L-245,VIN107,D3071,2025-12-25 14:34,2025-12-25 21:34,247.24,DONE
MV702899,SH102531,3,L-245,L-235,VIN200,D3041,2025-12-26 14:11,2025-12-27 10:05,403.88,DONE
MV702900,SH102532,1,L-211,L-240,VIN134,D3062,2025-09-11 20:33,2025-09-11 17:11,102.50,DONE
MV702901,SH102533,1,L-233,L-208,VIN133,D3112,2025-03-02 18:21,2025-03-03 17:17,59.79,DONE
MV702902,SH102534,1,L-208,L-210,VIN144,D3055,2025-06-26 10:16,2025-06-27 19:30,309.24,DONE
MV702903,SH102534,2,L-210,L-207,VIN144,D3080,2025-06-26 15:20,2025-06-26 11:18,192.61,DONE
MV702904,SH102535,1,L-253,L-226,VIN183,D3099,2025-02-23 06:04,2025-02-24 14:50,177.76,DONE
MV702905,SH102536,1,L-251,L-260,VIN158,D3017,2026-05-02 11:54,2026-05-03 19:19,127.07,DONE
MV702906,SH102537,1,L-240,L-202,VIN104,D3105,2025-10-19 15:39,2025-10-19 07:53,142.10,DONE
MV702907,SH102538,1,L-230,L-201,VIN179,D3059,2025-04-23 08:59,2025-04-23 17:11,279.90,DONE
MV702908,SH102539,1,L-214,L-256,VIN149,D3060,2025-10-24 18:52,2025-10-24 11:39,95.28,DONE
MV702909,SH102540,1,L-219,L-210,VIN157,D3091,2025-10-02 18:16,2025-10-03 20:55,48.16,DONE
MV702910,SH102540,2,L-210,L-207,VIN216,D3093,2025-10-03 16:24,2025-10-03 20:57,242.29,DONE
MV702911,SH102541,1,L-231,L-221,VIN133,D3062,2025-01-24 12:22,2025-01-25 19:31,263.23,DONE
MV702912,SH102542,1,L-231,L-244,VIN144,D3005,2025-08-06 19:59,,148.12,ABORTED
MV702913,SH102544,1,L-254,L-225,VIN112,D3015,2025-10-13 12:14,2025-10-13 08:17,191.55,DONE
MV702914,SH102544,2,L-225,L-217,VIN101,D3083,2025-10-13 19:33,2025-10-14 18:13,265.59,DONE
MV702915,SH102545,1,L-215,L-245,VIN143,D3055,2025-12-14 12:04,2025-12-15 15:06,136.00,DONE
MV702916,SH102546,1,L-216,L-206,VIN158,D3057,2025-05-25 10:27,2025-05-26 16:52,70.59,DONE
MV702917,SH102548,1,L-256,L-222,VIN201,D3065,2025-04-15 15:46,2025-04-15 10:18,336.32,DONE
MV702918,SH102549,1,L-259,L-227,VIN132,D3118,2025-09-14 20:49,2025-09-15 17:28,68.40,DONE
MV702919,SH102550,1,L-215,L-235,VIN121,D3090,2026-01-11 19:47,2026-01-12 10:30,63.02,DONE
MV702920,SH102552,1,L-234,L-257,VIN176,D3087,2026-03-08 16:10,,112.95,ABORTED
MV702921,SH102553,1,L-238,L-207,VIN170,D3001,2025-03-03 18:27,2025-03-03 10:45,82.43,DONE
MV702922,SH102554,1,L-250,L-203,VIN202,D3055,2025-09-30 11:01,2025-10-01 06:05,335.92,DONE
MV702923,SH102555,1,L-257,L-203,VIN173,D3074,2025-02-07 10:39,2025-02-07 07:06,131.18,DONE
MV702924,SH102556,1,L-221,L-234,VIN150,D3106,2026-04-28 19:51,,109.64,PLANNED
MV702925,SH102557,1,L-209,L-235,VIN139,D3059,2026-05-03 13:31,2026-05-03 08:15,58.61,DONE
MV702926,SH102558,1,L-244,L-251,VIN218,D3017,2025-03-30 19:54,2025-03-30 16:06,188.92,DONE
MV702927,SH102558,2,L-251,L-236,VIN160,D3086,2025-03-31 18:02,2025-04-01 09:08,393.73,DONE
MV702928,SH102560,1,L-238,L-230,VIN116,D3048,2025-12-20 14:36,2025-12-21 19:56,208.90,DONE
MV702929,SH102560,2,L-230,L-215,VIN149,D3109,2025-12-21 18:59,2025-12-21 17:48,395.53,DONE
MV702930,SH102560,3,L-215,L-227,VIN204,D3118,2025-12-21 09:45,2025-12-21 21:14,90.29,DONE
MV702931,SH102561,1,L-201,L-202,VIN197,D3063,2026-04-19 14:19,2026-04-19 10:27,61.88,DONE
MV702932,SH102562,1,L-247,L-230,VIN141,D3030,2026-04-25 11:03,2026-04-26 12:34,174.55,DONE
MV702933,SH102563,1,L-256,L-255,VIN138,D3108,2025-08-04 19:32,2025-08-05 10:43,395.42,DONE
MV702934,SH102563,2,L-255,L-243,VIN129,D3013,2025-08-04 10:34,2025-08-04 11:39,373.86,DONE
MV702935,SH102564,1,L-232,L-206,VIN121,D3071,2026-03-05 07:14,2026-03-05 11:06,398.35,DONE
MV702936,SH102564,2,L-206,L-245,VIN126,D3021,2026-03-05 18:30,2026-03-06 07:01,167.37,DONE
MV702937,SH102564,3,L-245,L-259,VIN204,D3115,2026-03-06 06:57,2026-03-07 19:47,259.73,DONE
MV702938,SH102565,1,L-205,L-211,VIN195,D3079,2026-02-19 09:31,2026-02-19 09:33,152.21,DONE
MV702939,SH102566,1,L-201,L-239,VIN197,D3068,2025-11-03 17:03,2025-11-03 14:05,270.03,DONE
MV702940,SH102567,1,L-217,L-255,VIN102,D3063,2025-09-30 07:21,,66.68,ABORTED
MV702941,SH102568,1,L-221,L-241,VIN184,D3033,2025-11-22 08:19,2025-11-22 12:53,150.20,DONE
MV702942,SH102569,1,L-257,L-211,VIN111,D3019,2025-01-31 21:57,,229.90,ABORTED
MV702943,SH102570,1,L-222,L-251,VIN151,D3108,2025-02-22 13:11,2025-02-22 18:31,359.50,DONE
MV702944,SH102570,2,L-251,L-233,VIN139,D3024,2025-02-23 06:28,2025-02-23 16:00,30.44,DONE
MV702945,SH102571,1,L-225,L-219,VIN119,D3025,2025-02-25 09:42,2025-02-25 10:14,274.65,DONE
MV702946,SH102572,1,L-207,L-256,VIN124,D3031,2025-06-02 13:13,2025-06-03 07:08,170.88,DONE
MV702947,SH102573,1,L-240,L-212,VIN143,D3073,2026-02-06 20:19,2026-02-06 09:53,272.60,DONE
MV702948,SH102574,1,L-221,L-204,VIN180,D3000,2025-03-14 16:33,2025-03-14 09:20,143.86,DONE
MV702949,SH102576,1,L-252,L-203,VIN166,D3056,2025-07-25 06:29,,260.98,PLANNED
MV702950,SH102577,1,L-201,L-201,VIN122,D3083,2025-08-02 11:11,2025-08-02 19:14,194.15,DONE
MV702951,SH102577,2,L-201,L-252,VIN200,D3000,2025-08-03 18:26,2025-08-03 20:08,61.85,DONE
MV702952,SH102578,1,L-208,L-246,VIN116,D3044,2025-04-12 16:24,2025-04-12 16:02,73.39,DONE
MV702953,SH102579,1,L-248,L-216,VIN149,D3078,2026-05-10 07:30,2026-05-10 17:12,89.72,DONE
MV702954,SH102580,1,L-206,L-254,VIN197,D3112,2025-05-16 07:46,2025-05-17 14:54,407.36,DONE
MV702955,SH102581,1,L-228,L-211,VIN125,D3022,2025-10-15 20:50,2025-10-16 11:03,105.58,DONE
MV702956,SH102581,2,L-211,L-239,VIN207,D3018,2025-10-16 18:15,2025-10-16 18:33,72.93,DONE
MV702957,SH102582,1,L-228,L-216,VIN146,D3106,2026-02-15 06:28,2026-02-16 20:44,220.86,DONE
MV702958,SH102583,1,L-206,L-255,VIN138,D3013,2026-05-09 16:01,,340.90,ABORTED
MV702959,SH102584,1,L-253,L-206,VIN155,D3012,2025-08-22 18:06,2025-08-22 21:09,352.38,DONE
MV702960,SH102584,2,L-206,L-245,VIN214,D3087,2025-08-22 06:34,2025-08-22 21:31,220.11,DONE
MV702961,SH102585,1,L-250,L-248,VIN158,D3081,2026-03-30 21:30,2026-03-30 06:30,119.50,DONE
MV702962,SH102586,1,L-253,L-230,VIN194,D3064,2025-10-20 15:14,2025-10-20 13:15,92.10,DONE
MV702963,SH102586,2,L-230,L-212,VIN160,D3119,2025-10-21 10:09,2025-10-22 15:02,293.33,DONE
MV702964,SH102587,1,L-218,L-213,VIN176,D3037,2025-07-26 13:14,2025-07-26 20:53,374.78,DONE
MV702965,SH102588,1,L-236,L-229,VIN100,D3012,2025-01-28 06:53,2025-01-28 11:19,407.45,DONE
MV702966,SH102589,1,L-245,L-236,VIN208,D3085,2025-09-27 18:12,2025-09-27 12:53,42.18,DONE
MV702967,SH102589,2,L-236,L-241,VIN125,D3026,2025-09-28 12:15,2025-09-28 20:06,90.32,DONE
MV702968,SH102590,1,L-206,L-240,VIN168,D3010,2026-03-09 14:43,2026-03-09 21:22,185.70,DONE
MV702969,SH102590,2,L-240,L-247,VIN116,D3029,2026-03-10 10:40,2026-03-11 17:52,181.67,DONE
MV702970,SH102591,1,L-212,L-245,VIN117,D3012,2025-04-12 20:10,2025-04-12 13:10,273.83,DONE
MV702971,SH102592,1,L-201,L-246,VIN201,D3099,2026-05-16 10:46,2026-05-16 17:19,92.51,DONE
MV702972,SH102592,2,L-246,L-258,VIN206,D3117,2026-05-17 20:42,2026-05-17 11:55,153.99,DONE
MV702973,SH102593,1,L-203,L-255,VIN182,D3032,2025-05-14 15:34,2025-05-14 13:23,149.21,DONE
MV702974,SH102594,1,L-241,L-242,VIN210,D3067,2025-02-22 16:23,2025-02-23 09:09,386.25,DONE
MV702975,SH102595,1,L-219,L-211,VIN196,D3039,2025-07-29 06:38,2025-07-29 21:32,325.58,DONE
MV702976,SH102596,1,L-205,L-258,VIN165,D3001,2025-08-26 13:36,2025-08-27 15:07,125.96,DONE
MV702977,SH102598,1,L-237,L-208,VIN171,D3090,2025-10-09 18:40,2025-10-10 18:07,327.26,DONE
MV702978,SH102599,1,L-222,L-235,VIN197,D3055,2025-08-23 07:11,2025-08-24 09:43,95.81,DONE
MV702979,SH102600,1,L-247,L-224,VIN119,D3007,2025-05-16 18:13,2025-05-16 06:18,328.91,DONE
MV702980,SH102601,1,L-207,L-246,VIN201,D3079,2025-06-22 16:08,2025-06-23 15:41,127.96,DONE
MV702981,SH102601,2,L-246,L-201,VIN127,D3048,2025-06-23 18:13,2025-06-23 15:38,327.14,DONE
MV702982,SH102602,1,L-219,L-210,VIN179,D3083,2025-04-26 18:09,2025-04-27 08:51,70.35,DONE
MV702983,SH102604,1,L-256,L-244,VIN173,D3107,2025-10-05 16:21,2025-10-05 12:30,33.61,DONE
MV702984,SH102605,1,L-242,L-231,VIN195,D3079,2026-05-11 16:41,2026-05-11 15:41,29.36,DONE
MV702985,SH102606,1,L-248,L-216,VIN148,D3023,2025-02-10 12:35,2025-02-11 11:01,154.18,DONE
MV702986,SH102606,2,L-216,L-230,VIN211,D3101,2025-02-11 18:36,2025-02-12 10:15,223.13,DONE
MV702987,SH102606,3,L-230,L-237,VIN197,D3096,2025-02-12 14:29,2025-02-12 11:57,166.23,DONE
MV702988,SH102607,1,L-218,L-254,VIN145,D3118,2026-02-22 15:29,2026-02-22 07:38,163.99,DONE
MV702989,SH102608,1,L-245,L-219,VIN175,D3009,2025-10-06 12:25,2025-10-06 09:40,142.29,DONE
MV702990,SH102609,1,L-229,L-231,VIN216,D3050,2025-06-04 19:03,2025-06-04 11:12,155.16,DONE
MV702991,SH102609,2,L-231,L-255,VIN183,D3006,2025-06-05 15:41,2025-06-05 17:34,202.39,DONE
MV702992,SH102609,3,L-255,L-240,VIN184,D3047,2025-06-06 16:20,2025-06-06 14:11,310.69,DONE
MV702993,SH102610,1,L-213,L-226,VIN169,D3051,2025-03-08 14:23,2025-03-08 10:39,272.88,DONE
MV702994,SH102610,2,L-226,L-221,VIN180,D3017,2025-03-09 16:29,2025-03-09 09:40,405.09,DONE
MV702995,SH102610,3,L-221,L-236,VIN106,D3107,2025-03-10 21:48,2025-03-11 17:55,62.57,DONE
MV702996,SH102611,1,L-236,L-218,VIN117,D3028,2025-06-20 14:34,2025-06-20 07:02,66.18,DONE
MV702997,SH102612,1,L-233,L-217,VIN131,D3045,2026-05-17 19:08,2026-05-17 14:55,194.04,DONE
MV702998,SH102613,1,L-258,L-227,VIN144,D3053,2025-12-25 08:06,2025-12-25 15:41,196.57,DONE
MV702999,SH102614,1,L-220,L-216,VIN213,D3050,2025-08-17 15:58,2025-08-18 18:57,121.49,DONE
MV703000,SH102614,2,L-216,L-244,VIN198,D3045,2025-08-18 08:54,2025-08-18 06:50,216.41,DONE
MV703001,SH102616,1,L-237,L-205,VIN166,D3104,2025-11-15 07:38,2025-11-16 16:16,96.88,DONE
MV703002,SH102617,1,L-247,L-243,VIN122,D3001,2026-01-06 20:23,,305.64,PLANNED
MV703003,SH102618,1,L-205,L-230,VIN152,D3010,2026-02-24 08:12,2026-02-24 21:07,257.98,DONE
MV703004,SH102618,2,L-230,L-203,VIN137,D3045,2026-02-25 12:26,2026-02-25 18:49,195.85,DONE
MV703005,SH102619,1,L-258,L-255,VIN173,D3066,2025-03-05 16:52,2025-03-05 08:20,273.70,DONE
MV703006,SH102621,1,L-203,L-245,VIN150,D3035,2025-08-16 17:54,2025-08-16 07:30,175.17,DONE
MV703007,SH102622,1,L-244,L-206,VIN124,D3033,2026-04-28 21:44,2026-04-28 08:57,305.14,DONE
MV703008,SH102622,2,L-206,L-252,VIN124,D3005,2026-04-29 19:21,2026-04-29 18:28,38.01,DONE
MV703009,SH102623,1,L-260,L-233,VIN184,D3112,2025-09-21 07:22,2025-09-22 10:13,140.19,DONE
MV703010,SH102625,1,L-217,L-205,VIN199,D3067,2025-05-31 07:55,2025-05-31 15:01,268.28,DONE
MV703011,SH102625,2,L-205,L-208,VIN118,D3015,2025-06-01 10:58,2025-06-02 17:55,307.05,DONE
MV703012,SH102626,1,L-212,L-248,VIN179,D3099,2026-01-25 13:47,2026-01-25 21:23,123.55,DONE
MV703013,SH102628,1,L-227,L-214,VIN124,D3038,2025-06-26 19:38,2025-06-26 07:10,247.66,DONE
MV703014,SH102629,1,L-234,L-229,VIN200,D3036,2025-07-26 19:02,,346.22,ABORTED
MV703015,SH102630,1,L-222,L-251,VIN137,D3068,2026-05-09 12:25,2026-05-09 16:52,122.60,DONE
MV703016,SH102631,1,L-250,L-242,VIN173,D3033,2025-02-02 14:21,,183.31,ABORTED
MV703017,SH102632,1,L-220,L-229,VIN147,D3003,2025-11-03 17:43,,391.22,PLANNED
MV703018,SH102633,1,L-241,L-252,VIN209,D3021,2025-05-30 06:28,2025-05-31 11:52,367.61,DONE
MV703019,SH102634,1,L-249,L-257,VIN200,D3002,2025-04-12 08:07,2025-04-13 07:15,182.73,DONE
MV703020,SH102635,1,L-237,L-245,VIN196,D3061,2026-02-05 07:41,,366.13,ABORTED
MV703021,SH102636,1,L-250,L-215,VIN208,D3057,2025-08-13 10:29,2025-08-14 12:23,344.14,DONE
MV703022,SH102637,1,L-222,L-234,VIN122,D3037,2025-02-18 10:31,2025-02-19 18:09,378.09,DONE
MV703023,SH102638,1,L-209,L-238,VIN140,D3104,2025-07-16 15:10,2025-07-16 14:00,170.14,DONE
MV703024,SH102639,1,L-227,L-246,VIN195,D3110,2026-02-02 07:37,2026-02-02 21:27,235.46,DONE
MV703025,SH102639,2,L-246,L-215,VIN184,D3030,2026-02-03 09:23,2026-02-03 06:02,186.43,DONE
MV703026,SH102639,3,L-215,L-204,VIN157,D3057,2026-02-03 12:42,2026-02-04 09:04,289.91,DONE
MV703027,SH102640,1,L-206,L-252,VIN191,D3043,2025-10-03 18:10,2025-10-04 20:34,188.12,DONE
MV703028,SH102641,1,L-213,L-233,VIN194,D3071,2025-03-01 19:29,2025-03-01 19:50,390.07,DONE
MV703029,SH102642,1,L-221,L-230,VIN153,D3104,2025-01-15 21:42,2025-01-15 19:53,297.50,DONE
MV703030,SH102643,1,L-207,L-248,VIN161,D3114,2025-08-15 06:12,2025-08-15 11:25,282.34,DONE
MV703031,SH102644,1,L-254,L-239,VIN175,D3104,2025-12-30 09:49,2025-12-31 11:20,154.50,DONE
MV703032,SH102645,1,L-252,L-207,VIN192,D3098,2025-09-06 19:07,2025-09-06 19:37,337.60,DONE
MV703033,SH102646,1,L-245,L-213,VIN181,D3003,2025-10-21 13:26,2025-10-22 17:04,144.44,DONE
MV703034,SH102647,1,L-225,L-231,VIN162,D3104,2025-10-23 11:25,,259.34,PLANNED
MV703035,SH102649,1,L-225,L-250,VIN155,D3057,2026-03-14 14:28,2026-03-15 18:58,58.53,DONE
MV703036,SH102650,1,L-208,L-205,VIN181,D3046,2025-01-21 10:55,2025-01-21 06:41,90.43,DONE
MV703037,SH102650,2,L-205,L-246,VIN107,D3025,2025-01-21 16:56,2025-01-21 06:23,188.96,DONE
MV703038,SH102650,3,L-246,L-242,VIN138,D3006,2025-01-22 09:13,2025-01-22 16:06,59.04,DONE
MV703039,SH102651,1,L-205,L-230,VIN142,D3011,2025-03-24 12:44,2025-03-25 10:57,331.90,DONE
MV703040,SH102652,1,L-250,L-252,VIN128,D3037,2025-11-22 18:13,2025-11-23 12:28,373.36,DONE
MV703041,SH102653,1,L-209,L-226,VIN134,D3068,2025-05-11 07:12,2025-05-12 06:50,61.92,DONE
MV703042,SH102654,1,L-217,L-209,VIN176,D3046,2025-09-23 09:46,,377.31,ABORTED
MV703043,SH102655,1,L-210,L-246,VIN192,D3079,2025-05-18 13:18,2025-05-19 19:16,402.32,DONE
MV703044,SH102655,2,L-246,L-246,VIN101,D3118,2025-05-18 19:59,2025-05-19 09:58,381.50,DONE
MV703045,SH102656,1,L-202,L-257,VIN106,D3076,2025-04-14 15:15,2025-04-15 16:11,46.39,DONE
MV703046,SH102657,1,L-225,L-249,VIN161,D3038,2025-09-23 16:08,2025-09-24 17:20,123.02,DONE
MV703047,SH102658,1,L-245,L-247,VIN209,D3035,2025-02-13 06:35,2025-02-13 08:07,289.32,DONE
MV703048,SH102659,1,L-256,L-259,VIN194,D3072,2025-03-02 18:11,2025-03-02 12:06,71.46,DONE
MV703049,SH102660,1,L-233,L-258,VIN166,D3039,2025-08-24 15:08,2025-08-25 21:40,66.23,DONE
MV703050,SH102661,1,L-226,L-213,VIN210,D3066,2025-04-30 11:22,2025-04-30 11:40,242.86,DONE
MV703051,SH102662,1,L-260,L-255,VIN106,D3111,2025-10-16 20:15,2025-10-16 19:16,288.76,DONE
MV703052,SH102662,2,L-255,L-227,VIN112,D3070,2025-10-17 14:30,2025-10-17 07:55,171.02,DONE
MV703053,SH102663,1,L-249,L-211,VIN136,D3110,2026-03-19 19:52,2026-03-19 21:24,36.83,DONE
MV703054,SH102664,1,L-239,L-210,VIN135,D3076,2025-07-07 10:58,2025-07-07 17:48,380.25,DONE
MV703055,SH102665,1,L-249,L-255,VIN144,D3039,2025-02-22 13:15,2025-02-23 08:35,97.68,DONE
MV703056,SH102666,1,L-220,L-259,VIN121,D3028,2026-03-06 12:41,2026-03-06 07:06,183.98,DONE
MV703057,SH102667,1,L-260,L-246,VIN137,D3093,2026-03-15 08:10,2026-03-15 17:45,103.20,DONE
MV703058,SH102668,1,L-227,L-232,VIN118,D3094,2025-12-09 18:04,,167.92,ABORTED
MV703059,SH102669,1,L-243,L-203,VIN111,D3102,2025-12-27 12:30,2025-12-28 11:05,80.27,DONE
MV703060,SH102670,1,L-216,L-247,VIN171,D3058,2026-04-10 11:34,2026-04-10 20:46,40.29,DONE
MV703061,SH102671,1,L-251,L-253,VIN140,D3014,2025-03-17 13:11,2025-03-18 16:43,310.93,DONE
MV703062,SH102672,1,L-259,L-215,VIN181,D3030,2026-03-07 08:57,2026-03-08 10:20,80.87,DONE
MV703063,SH102672,2,L-215,L-220,VIN141,D3029,2026-03-08 15:44,2026-03-08 21:29,327.97,DONE
MV703064,SH102674,1,L-203,L-241,VIN109,D3026,2026-03-23 15:05,2026-03-24 12:24,131.62,DONE
MV703065,SH102676,1,L-226,L-229,VIN167,D3036,2025-09-20 12:57,2025-09-20 06:30,323.52,DONE
MV703066,SH102677,1,L-258,L-239,VIN191,D3058,2025-04-12 08:29,2025-04-13 14:13,260.08,DONE
MV703067,SH102679,1,L-230,L-226,VIN201,D3063,2025-08-30 13:02,2025-08-31 19:10,258.47,DONE
MV703068,SH102680,1,L-220,L-204,VIN182,D3080,2025-02-04 06:11,2025-02-05 13:07,226.26,DONE
MV703069,SH102681,1,L-224,L-233,VIN203,D3098,2026-02-25 07:46,2026-02-26 17:29,250.13,DONE
MV703070,SH102682,1,L-203,L-246,VIN198,D3046,2025-05-12 07:14,2025-05-12 11:01,47.97,DONE
MV703071,SH102683,1,L-227,L-243,VIN152,D3001,2026-04-19 17:38,,351.28,PLANNED
MV703072,SH102684,1,L-209,L-250,VIN114,D3023,2025-07-01 16:29,2025-07-01 08:00,163.08,DONE
MV703073,SH102684,2,L-250,L-256,VIN179,D3049,2025-07-01 08:49,2025-07-02 16:59,169.65,DONE
MV703074,SH102684,3,L-256,L-249,VIN162,D3039,2025-07-02 15:52,2025-07-02 17:04,258.11,DONE
MV703075,SH102685,1,L-249,L-242,VIN186,D3026,2025-11-29 07:22,2025-11-29 20:11,239.49,DONE
MV703076,SH102686,1,L-238,L-259,VIN215,D3039,2026-03-17 18:22,2026-03-17 06:10,341.76,DONE
MV703077,SH102687,1,L-244,L-215,VIN155,D3032,2025-08-23 18:54,2025-08-23 11:18,115.55,DONE
MV703078,SH102687,2,L-215,L-256,VIN105,D3084,2025-08-24 07:21,2025-08-25 09:53,321.99,DONE
MV703079,SH102687,3,L-256,L-254,VIN149,D3031,2025-08-24 15:37,2025-08-24 17:15,272.16,DONE
MV703080,SH102688,1,L-237,L-205,VIN165,D3012,2025-03-20 07:57,2025-03-20 13:03,268.86,DONE
MV703081,SH102689,1,L-255,L-246,VIN193,D3022,2025-10-22 08:20,2025-10-22 11:29,51.77,DONE
MV703082,SH102690,1,L-222,L-220,VIN111,D3008,2025-04-05 07:23,,349.68,PLANNED
MV703083,SH102691,1,L-226,L-245,VIN139,D3091,2025-03-30 13:12,2025-03-31 07:35,303.90,DONE
MV703084,SH102692,1,L-249,L-254,VIN214,D3082,2026-03-28 19:44,2026-03-28 12:58,113.91,DONE
MV703085,SH102693,1,L-250,L-252,VIN106,D3060,2025-12-14 19:39,2025-12-14 19:46,226.08,DONE
MV703086,SH102694,1,L-213,L-234,VIN145,D3044,2025-07-25 21:44,2025-07-25 11:17,116.20,DONE
MV703087,SH102695,1,L-227,L-245,VIN142,D3027,2026-05-03 07:20,2026-05-04 14:32,253.55,DONE
MV703088,SH102695,2,L-245,L-251,VIN122,D3056,2026-05-04 16:02,,51.49,ABORTED
MV703089,SH102696,1,L-236,L-231,VIN148,D3096,2025-02-20 11:16,,232.91,ABORTED
MV703090,SH102697,1,L-225,L-231,VIN201,D3083,2025-01-04 16:30,2025-01-04 14:00,244.00,DONE
MV703091,SH102697,2,L-231,L-207,VIN119,D3057,2025-01-04 06:26,,295.34,PLANNED
MV703092,SH102699,1,L-241,L-246,VIN166,D3115,2025-06-10 11:43,2025-06-10 12:01,373.24,DONE
MV703093,SH102699,2,L-246,L-260,VIN212,D3043,2025-06-10 07:09,,76.37,PLANNED
MV703094,SH102700,1,L-257,L-218,VIN109,D3044,2025-06-16 12:19,,264.95,PLANNED
MV703095,SH102701,1,L-207,L-201,VIN180,D3115,2025-05-22 07:58,2025-05-22 08:05,125.85,DONE
MV703096,SH102702,1,L-241,L-260,VIN130,D3119,2026-04-02 09:45,2026-04-02 07:16,332.89,DONE
MV703097,SH102703,1,L-236,L-221,VIN202,D3000,2025-07-08 06:55,2025-07-09 13:55,197.68,DONE
MV703098,SH102703,2,L-221,L-230,VIN219,D3021,2025-07-09 10:26,2025-07-09 18:27,130.98,DONE
MV703099,SH102703,3,L-230,L-260,VIN129,D3034,2025-07-09 06:30,2025-07-10 11:14,242.02,DONE
MV703100,SH102704,1,L-237,L-225,VIN202,D3015,2025-03-01 17:41,2025-03-01 17:12,150.53,DONE
MV703101,SH102705,1,L-228,L-242,VIN131,D3111,2025-01-14 17:48,2025-01-14 10:57,213.68,DONE
MV703102,SH102706,1,L-258,L-232,VIN162,D3056,2026-01-21 15:15,2026-01-21 16:20,41.22,DONE
MV703103,SH102707,1,L-220,L-203,VIN157,D3103,2026-01-06 07:39,,38.49,ABORTED
MV703104,SH102708,1,L-234,L-222,VIN149,D3099,2025-01-30 10:34,2025-01-30 12:23,397.41,DONE
MV703105,SH102709,1,L-242,L-241,VIN182,D3112,2025-10-13 14:36,2025-10-13 07:38,166.38,DONE
MV703106,SH102709,2,L-241,L-246,VIN101,D3014,2025-10-14 11:04,2025-10-15 17:45,343.49,DONE
MV703107,SH102710,1,L-222,L-231,VIN129,D3111,2025-04-12 16:19,2025-04-13 21:14,381.07,DONE
MV703108,SH102710,2,L-231,L-225,VIN122,D3061,2025-04-12 13:53,2025-04-12 19:35,167.15,DONE
MV703109,SH102710,3,L-225,L-201,VIN191,D3114,2025-04-13 17:05,2025-04-13 12:44,205.15,DONE
MV703110,SH102711,1,L-260,L-246,VIN182,D3025,2025-03-06 07:23,2025-03-06 21:45,43.10,DONE
MV703111,SH102711,2,L-246,L-211,VIN100,D3029,2025-03-07 15:25,,226.47,PLANNED
MV703112,SH102712,1,L-241,L-211,VIN136,D3059,2025-07-11 14:11,2025-07-11 10:57,272.17,DONE
MV703113,SH102713,1,L-248,L-260,VIN192,D3109,2025-04-11 08:49,2025-04-11 16:20,245.00,DONE
MV703114,SH102714,1,L-252,L-239,VIN103,D3003,2025-08-01 13:26,2025-08-01 12:32,44.52,DONE
MV703115,SH102715,1,L-253,L-216,VIN102,D3050,2025-12-27 16:28,2025-12-27 09:19,120.60,DONE
MV703116,SH102716,1,L-236,L-238,VIN171,D3005,2025-03-19 19:11,2025-03-20 18:46,332.26,DONE
MV703117,SH102717,1,L-234,L-205,VIN138,D3076,2025-05-31 20:23,,213.73,PLANNED
MV703118,SH102719,1,L-236,L-245,VIN173,D3086,2026-01-16 16:33,2026-01-17 10:18,264.11,DONE
MV703119,SH102720,1,L-243,L-215,VIN196,D3119,2025-03-09 07:01,2025-03-09 15:32,268.43,DONE
MV703120,SH102723,1,L-247,L-241,VIN169,D3042,2025-05-12 17:07,2025-05-12 09:22,61.87,DONE
MV703121,SH102723,2,L-241,L-243,VIN201,D3030,2025-05-12 15:43,2025-05-12 13:40,145.02,DONE
MV703122,SH102724,1,L-235,L-210,VIN134,D3084,2025-09-05 08:23,2025-09-05 13:21,57.22,DONE
MV703123,SH102724,2,L-210,L-230,VIN159,D3001,2025-09-05 10:03,2025-09-06 08:45,378.79,DONE
MV703124,SH102724,3,L-230,L-204,VIN167,D3054,2025-09-06 06:48,2025-09-06 17:09,371.68,DONE
MV703125,SH102725,1,L-245,L-236,VIN136,D3039,2026-04-19 21:28,2026-04-20 14:51,315.99,DONE
MV703126,SH102727,1,L-259,L-204,VIN162,D3101,2026-02-17 07:28,2026-02-18 17:21,128.72,DONE
MV703127,SH102730,1,L-252,L-247,VIN219,D3045,2025-12-27 10:35,2025-12-27 12:42,232.89,DONE
MV703128,SH102731,1,L-209,L-249,VIN148,D3076,2025-08-03 18:11,2025-08-03 19:45,115.03,DONE
MV703129,SH102732,1,L-255,L-240,VIN194,D3015,2025-10-03 15:33,2025-10-03 19:26,361.35,DONE
MV703130,SH102732,2,L-240,L-214,VIN109,D3046,2025-10-03 19:09,2025-10-04 18:08,29.26,DONE
MV703131,SH102733,1,L-224,L-216,VIN138,D3040,2025-01-17 13:23,2025-01-18 06:59,199.48,DONE
MV703132,SH102733,2,L-216,L-202,VIN199,D3080,2025-01-18 07:57,2025-01-18 16:49,245.03,DONE
MV703133,SH102734,1,L-237,L-205,VIN142,D3097,2025-04-22 20:56,2025-04-22 06:28,286.98,DONE
MV703134,SH102735,1,L-245,L-225,VIN206,D3115,2026-03-18 15:26,2026-03-18 14:38,360.36,DONE
MV703135,SH102735,2,L-225,L-255,VIN126,D3060,2026-03-19 19:58,2026-03-19 08:24,230.60,DONE
MV703136,SH102736,1,L-234,L-240,VIN168,D3047,2025-11-01 06:37,2025-11-01 20:56,178.87,DONE
MV703137,SH102736,2,L-240,L-248,VIN103,D3040,2025-11-02 13:08,2025-11-02 07:17,220.05,DONE
MV703138,SH102737,1,L-246,L-225,VIN219,D3061,2026-01-22 21:16,2026-01-23 15:39,212.20,DONE
MV703139,SH102738,1,L-201,L-245,VIN206,D3011,2025-04-08 12:54,2025-04-09 10:20,129.88,DONE
MV703140,SH102739,1,L-212,L-211,VIN130,D3052,2026-04-18 06:12,2026-04-18 18:30,201.15,DONE
MV703141,SH102740,1,L-209,L-250,VIN197,D3025,2025-08-17 19:12,2025-08-18 13:10,147.27,DONE
MV703142,SH102740,2,L-250,L-222,VIN139,D3092,2025-08-17 06:45,2025-08-17 17:57,35.11,DONE
MV703143,SH102741,1,L-244,L-242,VIN135,D3099,2025-04-15 16:56,2025-04-15 20:42,314.06,DONE
MV703144,SH102742,1,L-230,L-247,VIN129,D3084,2025-11-28 11:36,2025-11-28 08:34,301.61,DONE
MV703145,SH102743,1,L-233,L-220,VIN196,D3077,2025-10-20 19:25,2025-10-20 10:52,317.17,DONE
MV703146,SH102744,1,L-222,L-208,VIN170,D3081,2025-11-16 16:39,2025-11-17 10:37,385.37,DONE
MV703147,SH102745,1,L-221,L-233,VIN199,D3053,2026-04-18 14:04,2026-04-18 19:17,246.84,DONE
MV703148,SH102746,1,L-255,L-240,VIN115,D3043,2026-04-17 21:44,2026-04-17 20:37,126.67,DONE
MV703149,SH102747,1,L-233,L-256,VIN171,D3084,2025-04-17 08:39,2025-04-18 21:04,199.18,DONE
MV703150,SH102747,2,L-256,L-245,VIN154,D3116,2025-04-17 13:05,2025-04-17 06:47,174.17,DONE
MV703151,SH102748,1,L-221,L-251,VIN152,D3002,2026-03-24 11:10,2026-03-24 17:08,157.13,DONE
MV703152,SH102748,2,L-251,L-251,VIN135,D3077,2026-03-24 06:11,2026-03-25 15:48,151.27,DONE
MV703153,SH102749,1,L-242,L-236,VIN208,D3029,2025-09-21 16:12,2025-09-22 19:49,234.12,DONE
MV703154,SH102751,1,L-212,L-201,VIN153,D3079,2025-02-09 09:22,,234.31,PLANNED
MV703155,SH102752,1,L-212,L-228,VIN104,D3081,2025-09-04 13:45,2025-09-05 15:45,68.75,DONE
MV703156,SH102753,1,L-215,L-249,VIN179,D3063,2025-02-10 14:18,2025-02-10 06:03,210.94,DONE
MV703157,SH102754,1,L-240,L-252,VIN121,D3114,2025-05-23 11:27,2025-05-23 21:55,300.50,DONE
MV703158,SH102755,1,L-235,L-207,VIN214,D3027,2025-08-20 14:11,2025-08-21 17:48,390.28,DONE
MV703159,SH102756,1,L-225,L-239,VIN102,D3027,2025-02-02 13:49,2025-02-03 09:38,368.60,DONE
MV703160,SH102758,1,L-238,L-232,VIN101,D3014,2025-10-14 18:17,2025-10-14 11:12,120.07,DONE
MV703161,SH102759,1,L-219,L-212,VIN183,D3115,2025-07-28 19:50,2025-07-29 15:22,365.90,DONE
MV703162,SH102760,1,L-235,L-256,VIN145,D3054,2025-01-18 06:13,2025-01-18 17:54,216.92,DONE
MV703163,SH102760,2,L-256,L-258,VIN151,D3108,2025-01-19 07:30,2025-01-19 20:40,309.02,DONE
MV703164,SH102761,1,L-237,L-220,VIN179,D3008,2025-01-30 19:03,2025-01-30 15:22,97.19,DONE
MV703165,SH102762,1,L-228,L-241,VIN126,D3044,2025-09-18 14:45,2025-09-18 15:27,315.17,DONE
MV703166,SH102762,2,L-241,L-253,VIN146,D3000,2025-09-18 10:36,2025-09-19 16:04,109.59,DONE
MV703167,SH102763,1,L-258,L-205,VIN108,D3103,2025-08-16 11:18,2025-08-16 07:27,250.15,DONE
MV703168,SH102763,2,L-205,L-250,VIN177,D3001,2025-08-16 08:32,2025-08-16 17:30,50.02,DONE
MV703169,SH102764,1,L-217,L-215,VIN132,D3036,2025-12-03 08:34,2025-12-03 19:09,277.11,DONE
MV703170,SH102764,2,L-215,L-236,VIN150,D3064,2025-12-04 21:18,,279.69,PLANNED
MV703171,SH102765,1,L-203,L-219,VIN117,D3070,2025-09-27 12:18,2025-09-27 17:48,227.17,DONE
MV703172,SH102767,1,L-221,L-247,VIN195,D3100,2025-11-13 20:13,,269.80,ABORTED
MV703173,SH102768,1,L-260,L-219,VIN173,D3036,2026-04-12 13:19,2026-04-12 19:55,171.07,DONE
MV703174,SH102769,1,L-216,L-225,VIN153,D3014,2025-12-18 13:52,2025-12-18 07:48,183.94,DONE
MV703175,SH102769,2,L-225,L-252,VIN136,D3057,2025-12-18 17:50,,240.28,ABORTED
MV703176,SH102770,1,L-259,L-206,VIN175,D3021,2026-04-12 10:37,2026-04-13 15:26,133.20,DONE
MV703177,SH102770,2,L-206,L-240,VIN126,D3100,2026-04-13 06:22,2026-04-13 18:40,271.54,DONE
MV703178,SH102770,3,L-240,L-249,VIN191,D3022,2026-04-13 18:14,2026-04-13 19:09,238.15,DONE
MV703179,SH102771,1,L-241,L-256,VIN160,D3017,2025-05-13 06:42,,301.58,ABORTED
MV703180,SH102772,1,L-245,L-238,VIN155,D3012,2025-06-08 09:13,2025-06-09 08:14,165.97,DONE
MV703181,SH102773,1,L-253,L-251,VIN115,D3074,2026-04-18 15:07,2026-04-18 20:12,60.65,DONE
MV703182,SH102774,1,L-216,L-250,VIN209,D3096,2025-02-24 20:21,2025-02-24 13:26,88.76,DONE
MV703183,SH102774,2,L-250,L-227,VIN197,D3088,2025-02-24 11:18,2025-02-24 08:50,107.34,DONE
MV703184,SH102775,1,L-217,L-212,VIN194,D3064,2025-04-24 09:07,2025-04-24 16:05,377.57,DONE
MV703185,SH102776,1,L-214,L-228,VIN165,D3092,2026-04-27 17:39,,113.40,ABORTED
MV703186,SH102777,1,L-227,L-240,VIN136,D3099,2025-12-04 06:30,2025-12-05 20:56,50.49,DONE
MV703187,SH102778,1,L-246,L-256,VIN115,D3091,2025-04-19 15:55,2025-04-19 20:15,355.57,DONE
MV703188,SH102778,2,L-256,L-216,VIN168,D3085,2025-04-20 13:27,2025-04-21 10:05,283.66,DONE
MV703189,SH102779,1,L-210,L-230,VIN218,D3117,2025-06-18 12:37,2025-06-19 07:33,172.19,DONE
MV703190,SH102780,1,L-222,L-227,VIN143,D3038,2025-10-06 21:01,2025-10-07 16:02,389.74,DONE
MV703191,SH102781,1,L-210,L-243,VIN112,D3062,2025-06-18 14:15,2025-06-18 12:53,311.21,DONE
MV703192,SH102782,1,L-218,L-235,VIN180,D3053,2025-07-05 16:25,2025-07-05 17:10,241.53,DONE
MV703193,SH102782,2,L-235,L-255,VIN197,D3020,2025-07-06 08:35,2025-07-07 15:28,310.32,DONE
MV703194,SH102782,3,L-255,L-206,VIN107,D3048,2025-07-06 09:23,2025-07-07 09:00,198.03,DONE
MV703195,SH102783,1,L-217,L-254,VIN142,D3081,2025-07-20 07:31,2025-07-20 11:23,360.25,DONE
MV703196,SH102784,1,L-245,L-226,VIN115,D3016,2025-09-22 11:01,2025-09-22 17:40,144.17,DONE
MV703197,SH102784,2,L-226,L-220,VIN100,D3064,2025-09-22 16:15,2025-09-22 16:24,126.29,DONE
MV703198,SH102785,1,L-246,L-256,VIN123,D3034,2025-03-19 15:41,2025-03-19 20:47,252.18,DONE
MV703199,SH102785,2,L-256,L-224,VIN170,D3055,2025-03-20 15:01,2025-03-21 06:04,78.89,DONE
MV703200,SH102786,1,L-201,L-228,VIN150,D3098,2025-05-09 08:15,,78.56,PLANNED
MV703201,SH102788,1,L-258,L-228,VIN135,D3018,2025-09-01 20:00,2025-09-02 15:23,260.92,DONE
MV703202,SH102789,1,L-221,L-260,VIN161,D3049,2026-03-09 20:17,2026-03-10 09:43,81.13,DONE
MV703203,SH102789,2,L-260,L-235,VIN195,D3089,2026-03-10 21:55,2026-03-11 13:05,396.55,DONE
MV703204,SH102789,3,L-235,L-257,VIN150,D3115,2026-03-10 16:04,2026-03-10 14:57,127.53,DONE
MV703205,SH102790,1,L-216,L-219,VIN142,D3008,2025-08-21 17:45,,193.27,PLANNED
MV703206,SH102791,1,L-222,L-238,VIN148,D3015,2025-04-06 21:34,2025-04-06 09:46,81.53,DONE
MV703207,SH102792,1,L-220,L-258,VIN198,D3054,2025-03-11 13:06,2025-03-11 08:10,231.82,DONE
MV703208,SH102793,1,L-214,L-201,VIN174,D3115,2025-12-12 12:03,2025-12-12 07:00,223.49,DONE
MV703209,SH102794,1,L-256,L-231,VIN217,D3089,2025-02-17 11:53,2025-02-18 20:07,332.22,DONE
MV703210,SH102795,1,L-240,L-240,VIN135,D3114,2025-07-27 07:44,2025-07-28 15:32,86.48,DONE
MV703211,SH102795,2,L-240,L-208,VIN138,D3017,2025-07-28 20:22,2025-07-28 20:04,150.78,DONE
MV703212,SH102796,1,L-212,L-250,VIN126,D3064,2025-07-19 14:03,2025-07-19 09:26,236.30,DONE
MV703213,SH102796,2,L-250,L-228,VIN187,D3033,2025-07-20 11:56,2025-07-20 14:43,159.72,DONE
MV703214,SH102797,1,L-242,L-211,VIN155,D3110,2025-04-10 11:58,2025-04-10 11:25,154.21,DONE
MV703215,SH102797,2,L-211,L-241,VIN210,D3051,2025-04-11 15:17,2025-04-12 18:16,288.22,DONE
MV703216,SH102797,3,L-241,L-208,VIN178,D3016,2025-04-11 14:02,,308.84,PLANNED
MV703217,SH102798,1,L-256,L-204,VIN136,D3103,2026-03-09 13:04,2026-03-10 11:22,150.70,DONE
MV703218,SH102799,1,L-208,L-230,VIN152,D3069,2026-03-03 20:42,2026-03-04 12:29,273.75,DONE
MV703219,SH102801,1,L-244,L-235,VIN117,D3014,2025-05-15 16:56,2025-05-15 15:09,285.32,DONE
MV703220,SH102801,2,L-235,L-250,VIN111,D3114,2025-05-16 21:48,2025-05-16 17:49,296.51,DONE
MV703221,SH102801,3,L-250,L-204,VIN120,D3071,2025-05-17 17:04,2025-05-17 20:44,72.47,DONE
MV703222,SH102802,1,L-212,L-218,VIN131,D3052,2025-02-11 10:32,2025-02-11 21:30,287.60,DONE
MV703223,SH102804,1,L-219,L-251,VIN201,D3033,2025-02-02 19:10,2025-02-02 16:48,73.31,DONE
MV703224,SH102805,1,L-213,L-211,VIN177,D3021,2025-10-15 18:02,2025-10-16 07:05,152.58,DONE
MV703225,SH102805,2,L-211,L-225,VIN183,D3086,2025-10-15 13:58,2025-10-15 08:38,399.73,DONE
MV703226,SH102806,1,L-213,L-201,VIN135,D3004,2025-10-01 09:57,2025-10-02 12:13,316.70,DONE
MV703227,SH102807,1,L-249,L-219,VIN107,D3023,2026-04-13 21:23,2026-04-13 13:18,234.21,DONE
MV703228,SH102808,1,L-239,L-203,VIN219,D3060,2026-03-29 12:55,2026-03-29 19:11,319.38,DONE
MV703229,SH102809,1,L-205,L-204,VIN208,D3069,2025-04-19 08:10,2025-04-20 16:31,106.71,DONE
MV703230,SH102810,1,L-236,L-220,VIN219,D3011,2025-08-20 20:43,2025-08-20 14:17,329.22,DONE
MV703231,SH102811,1,L-255,L-228,VIN180,D3023,2025-11-28 12:46,2025-11-29 14:21,222.53,DONE
MV703232,SH102812,1,L-221,L-251,VIN189,D3119,2026-04-06 08:22,2026-04-06 20:16,75.21,DONE
MV703233,SH102812,2,L-251,L-231,VIN112,D3081,2026-04-06 18:55,2026-04-06 08:13,87.85,DONE
MV703234,SH102813,1,L-215,L-243,VIN145,D3083,2025-06-26 20:49,2025-06-26 15:42,200.93,DONE
MV703235,SH102814,1,L-234,L-219,VIN198,D3022,2026-05-02 08:54,2026-05-02 10:06,234.85,DONE
MV703236,SH102815,1,L-249,L-245,VIN137,D3024,2025-09-15 08:55,2025-09-15 20:27,198.20,DONE
MV703237,SH102816,1,L-258,L-240,VIN207,D3090,2025-08-04 08:57,2025-08-04 18:01,348.33,DONE
MV703238,SH102816,2,L-240,L-218,VIN172,D3091,2025-08-04 12:10,2025-08-04 13:12,206.05,DONE
MV703239,SH102817,1,L-231,L-216,VIN153,D3093,2026-03-30 13:45,2026-03-31 18:32,365.98,DONE
MV703240,SH102817,2,L-216,L-213,VIN144,D3115,2026-03-30 16:03,2026-03-31 08:45,33.81,DONE
MV703241,SH102818,1,L-231,L-211,VIN127,D3008,2025-03-15 06:54,2025-03-15 08:00,408.93,DONE
MV703242,SH102819,1,L-208,L-251,VIN157,D3086,2025-05-18 18:45,2025-05-19 21:25,223.63,DONE
MV703243,SH102820,1,L-204,L-253,VIN163,D3096,2025-07-05 13:17,2025-07-05 12:43,174.16,DONE
MV703244,SH102822,1,L-259,L-216,VIN101,D3049,2025-03-07 12:03,2025-03-07 21:55,377.31,DONE
MV703245,SH102823,1,L-249,L-224,VIN145,D3114,2025-08-07 08:55,2025-08-08 20:09,126.11,DONE
MV703246,SH102824,1,L-233,L-211,VIN136,D3062,2025-01-11 18:40,,276.74,PLANNED
MV703247,SH102825,1,L-227,L-243,VIN205,D3079,2026-03-09 20:02,2026-03-09 15:08,330.45,DONE
MV703248,SH102826,1,L-233,L-235,VIN117,D3099,2025-09-15 17:16,2025-09-16 12:49,28.18,DONE
MV703249,SH102826,2,L-235,L-240,VIN206,D3030,2025-09-15 15:53,2025-09-15 07:36,36.82,DONE
MV703250,SH102826,3,L-240,L-201,VIN136,D3086,2025-09-16 08:41,2025-09-16 07:23,56.78,DONE
MV703251,SH102827,1,L-238,L-226,VIN197,D3078,2025-09-23 06:41,2025-09-23 19:21,307.54,DONE
MV703252,SH102828,1,L-227,L-260,VIN139,D3058,2026-03-17 17:15,2026-03-18 06:08,114.49,DONE
MV703253,SH102828,2,L-260,L-213,VIN125,D3101,2026-03-18 20:05,2026-03-19 14:49,171.39,DONE
MV703254,SH102829,1,L-246,L-233,VIN109,D3019,2025-06-08 11:51,2025-06-09 19:07,286.15,DONE
MV703255,SH102830,1,L-224,L-207,VIN148,D3040,2026-04-24 07:21,2026-04-25 10:44,389.93,DONE
MV703256,SH102831,1,L-214,L-251,VIN193,D3079,2025-06-04 16:14,2025-06-04 21:36,227.33,DONE
MV703257,SH102832,1,L-258,L-241,VIN129,D3104,2025-04-28 13:28,2025-04-28 07:28,358.38,DONE
MV703258,SH102833,1,L-235,L-202,VIN132,D3104,2025-04-12 10:52,2025-04-12 06:59,342.73,DONE
MV703259,SH102834,1,L-214,L-235,VIN113,D3097,2025-04-23 20:37,2025-04-24 10:02,298.21,DONE
MV703260,SH102836,1,L-234,L-241,VIN132,D3086,2025-12-07 07:42,2025-12-08 07:26,60.40,DONE
MV703261,SH102837,1,L-206,L-241,VIN217,D3112,2025-11-26 17:36,2025-11-27 15:28,186.52,DONE
MV703262,SH102838,1,L-258,L-213,VIN211,D3001,2025-12-06 12:36,2025-12-07 13:52,108.47,DONE
MV703263,SH102839,1,L-208,L-226,VIN160,D3115,2025-07-01 14:22,2025-07-02 11:38,326.42,DONE
MV703264,SH102840,1,L-232,L-242,VIN120,D3074,2025-04-24 16:53,2025-04-24 07:43,58.80,DONE
MV703265,SH102841,1,L-250,L-214,VIN194,D3071,2026-04-11 21:55,2026-04-12 07:31,182.51,DONE
MV703266,SH102842,1,L-244,L-201,VIN140,D3033,2025-06-03 12:45,2025-06-03 15:41,367.35,DONE
MV703267,SH102844,1,L-202,L-239,VIN219,D3066,2025-06-23 21:27,,338.61,PLANNED
MV703268,SH102846,1,L-246,L-259,VIN153,D3097,2025-08-31 20:48,2025-09-01 20:12,101.14,DONE
MV703269,SH102847,1,L-241,L-244,VIN147,D3071,2026-04-17 07:59,2026-04-18 19:12,317.94,DONE
MV703270,SH102848,1,L-246,L-219,VIN132,D3000,2025-11-13 10:10,2025-11-14 20:14,396.10,DONE
MV703271,SH102849,1,L-225,L-224,VIN200,D3050,2026-03-15 14:49,2026-03-15 19:57,125.49,DONE
MV703272,SH102850,1,L-201,L-233,VIN189,D3050,2025-01-08 18:08,2025-01-08 19:01,148.66,DONE
MV703273,SH102851,1,L-203,L-230,VIN172,D3059,2025-07-11 17:40,2025-07-12 10:51,371.46,DONE
MV703274,SH102852,1,L-254,L-235,VIN134,D3065,2025-04-07 20:43,2025-04-07 21:51,79.61,DONE
MV703275,SH102852,2,L-235,L-219,VIN191,D3062,2025-04-07 20:46,2025-04-07 17:42,359.67,DONE
MV703276,SH102853,1,L-215,L-203,VIN201,D3042,2025-11-07 07:08,2025-11-07 07:46,254.07,DONE
MV703277,SH102854,1,L-256,L-248,VIN109,D3075,2025-09-06 21:32,2025-09-07 15:16,173.27,DONE
MV703278,SH102855,1,L-244,L-213,VIN197,D3011,2025-05-08 13:46,2025-05-08 20:45,94.21,DONE
MV703279,SH102856,1,L-215,L-240,VIN159,D3032,2025-03-02 20:33,2025-03-02 06:51,201.07,DONE
MV703280,SH102857,1,L-250,L-224,VIN204,D3092,2026-03-04 19:46,2026-03-05 06:37,360.78,DONE
MV703281,SH102858,1,L-215,L-260,VIN133,D3067,2026-04-11 17:21,2026-04-11 11:53,198.06,DONE
MV703282,SH102859,1,L-250,L-216,VIN130,D3099,2025-09-17 19:40,2025-09-18 11:06,300.38,DONE
MV703283,SH102860,1,L-229,L-244,VIN119,D3106,2025-01-24 07:35,2025-01-24 21:25,275.97,DONE
MV703284,SH102861,1,L-237,L-226,VIN193,D3075,2026-03-31 07:18,2026-04-01 11:18,309.54,DONE
MV703285,SH102862,1,L-252,L-233,VIN166,D3049,2025-04-08 17:42,2025-04-08 16:42,266.27,DONE
MV703286,SH102863,1,L-240,L-230,VIN217,D3011,2025-10-13 12:29,2025-10-13 20:55,277.16,DONE
MV703287,SH102863,2,L-230,L-231,VIN122,D3046,2025-10-14 21:59,2025-10-15 16:07,402.46,DONE
MV703288,SH102863,3,L-231,L-241,VIN140,D3025,2025-10-15 10:43,2025-10-16 13:58,330.03,DONE
MV703289,SH102865,1,L-201,L-219,VIN106,D3023,2025-07-13 09:29,2025-07-13 19:34,383.82,DONE
MV703290,SH102867,1,L-233,L-201,VIN165,D3043,2026-03-05 15:31,2026-03-06 17:45,246.28,DONE
MV703291,SH102867,2,L-201,L-251,VIN196,D3106,2026-03-06 09:30,2026-03-06 11:51,69.10,DONE
MV703292,SH102868,1,L-256,L-260,VIN111,D3116,2025-10-02 12:04,2025-10-02 12:27,318.55,DONE
MV703293,SH102870,1,L-249,L-259,VIN146,D3104,2025-01-06 16:39,2025-01-06 14:55,53.62,DONE
MV703294,SH102871,1,L-254,L-221,VIN177,D3118,2025-11-24 11:43,2025-11-25 16:19,269.67,DONE
MV703295,SH102871,2,L-221,L-245,VIN169,D3064,2025-11-25 15:20,2025-11-25 18:15,153.94,DONE
MV703296,SH102872,1,L-207,L-248,VIN124,D3050,2025-10-07 16:50,2025-10-07 18:53,221.96,DONE
MV703297,SH102873,1,L-214,L-250,VIN118,D3083,2025-10-27 06:20,2025-10-28 18:13,397.67,DONE
MV703298,SH102873,2,L-250,L-207,VIN102,D3063,2025-10-28 21:46,2025-10-29 06:29,342.86,DONE
MV703299,SH102874,1,L-236,L-241,VIN193,D3114,2025-07-21 07:26,2025-07-21 18:26,387.90,DONE
MV703300,SH102875,1,L-228,L-257,VIN184,D3003,2025-01-22 14:18,2025-01-22 06:16,149.07,DONE
MV703301,SH102877,1,L-259,L-256,VIN211,D3037,2025-11-23 09:00,2025-11-23 09:58,217.37,DONE
MV703302,SH102877,2,L-256,L-233,VIN116,D3039,2025-11-23 18:21,2025-11-24 14:11,67.16,DONE
MV703303,SH102878,1,L-207,L-205,VIN104,D3091,2026-01-02 15:33,2026-01-02 09:16,224.57,DONE
MV703304,SH102879,1,L-257,L-224,VIN217,D3051,2026-02-05 20:15,2026-02-05 20:01,209.35,DONE
MV703305,SH102880,1,L-235,L-210,VIN165,D3046,2025-08-08 14:20,2025-08-08 07:36,128.40,DONE
MV703306,SH102880,2,L-210,L-237,VIN213,D3074,2025-08-08 10:35,,68.30,ABORTED
MV703307,SH102881,1,L-205,L-218,VIN185,D3060,2026-04-09 12:04,2026-04-09 10:05,350.23,DONE
MV703308,SH102882,1,L-248,L-251,VIN187,D3070,2026-01-01 14:51,2026-01-01 15:13,107.39,DONE
MV703309,SH102882,2,L-251,L-246,VIN178,D3093,2026-01-02 20:20,2026-01-03 14:41,362.98,DONE
MV703310,SH102884,1,L-224,L-207,VIN123,D3037,2026-02-24 17:37,2026-02-24 19:38,331.74,DONE
MV703311,SH102885,1,L-224,L-226,VIN198,D3048,2026-02-16 11:13,2026-02-16 21:50,277.21,DONE
MV703312,SH102886,1,L-246,L-238,VIN183,D3096,2025-03-08 17:23,2025-03-09 11:04,238.94,DONE
MV703313,SH102887,1,L-215,L-201,VIN172,D3057,2025-01-21 16:38,2025-01-21 20:24,263.54,DONE
MV703314,SH102888,1,L-206,L-256,VIN114,D3070,2026-05-13 17:12,2026-05-13 06:19,281.97,DONE
MV703315,SH102889,1,L-232,L-234,VIN159,D3058,2025-10-31 17:59,2025-11-01 08:15,165.08,DONE
MV703316,SH102890,1,L-206,L-230,VIN145,D3030,2025-07-21 07:59,,173.96,ABORTED
MV703317,SH102891,1,L-258,L-209,VIN195,D3068,2026-03-08 15:08,2026-03-09 07:29,134.20,DONE
MV703318,SH102892,1,L-202,L-257,VIN119,D3037,2025-08-21 06:52,2025-08-21 10:14,270.82,DONE
MV703319,SH102893,1,L-227,L-220,VIN218,D3071,2025-10-08 18:01,2025-10-09 17:38,328.95,DONE
MV703320,SH102895,1,L-251,L-228,VIN209,D3088,2025-11-05 16:17,,150.45,PLANNED
MV703321,SH102896,1,L-260,L-221,VIN214,D3029,2025-08-20 07:24,2025-08-20 07:35,90.53,DONE
MV703322,SH102896,2,L-221,L-245,VIN135,D3043,2025-08-21 07:32,2025-08-22 09:26,179.29,DONE
MV703323,SH102896,3,L-245,L-208,VIN167,D3052,2025-08-21 16:21,2025-08-21 14:33,312.34,DONE
MV703324,SH102897,1,L-229,L-253,VIN217,D3086,2025-09-17 10:11,2025-09-17 17:42,58.23,DONE
MV703325,SH102898,1,L-246,L-229,VIN218,D3050,2025-08-23 21:35,2025-08-24 14:11,387.49,DONE
MV703326,SH102899,1,L-226,L-243,VIN102,D3035,2026-01-17 12:50,2026-01-17 14:42,64.30,DONE
MV703327,SH102900,1,L-257,L-224,VIN171,D3039,2025-01-15 18:11,2025-01-16 15:35,217.10,DONE
MV703328,SH102901,1,L-201,L-247,VIN175,D3115,2025-02-08 21:20,2025-02-08 10:30,180.95,DONE
MV703329,SH102902,1,L-254,L-251,VIN214,D3035,2025-03-09 19:36,2025-03-09 09:34,249.72,DONE
MV703330,SH102903,1,L-219,L-220,VIN183,D3008,2026-03-22 08:29,,218.98,PLANNED
MV703331,SH102904,1,L-242,L-204,VIN144,D3072,2025-11-28 09:55,2025-11-29 12:50,265.27,DONE
MV703332,SH102905,1,L-225,L-219,VIN147,D3054,2025-04-28 21:03,2025-04-28 11:53,92.95,DONE
MV703333,SH102906,1,L-257,L-228,VIN116,D3085,2026-01-31 17:16,2026-01-31 11:43,407.45,DONE
MV703334,SH102907,1,L-221,L-213,VIN133,D3110,2025-02-09 21:08,2025-02-09 14:41,65.89,DONE
MV703335,SH102908,1,L-222,L-255,VIN192,D3008,2025-03-29 07:00,2025-03-29 16:37,71.83,DONE
MV703336,SH102909,1,L-241,L-236,VIN213,D3050,2025-07-04 13:07,2025-07-05 07:34,120.34,DONE
MV703337,SH102910,1,L-243,L-205,VIN167,D3009,2026-04-18 19:19,2026-04-19 17:20,65.75,DONE
MV703338,SH102911,1,L-247,L-244,VIN208,D3061,2025-05-05 10:22,2025-05-05 16:09,221.81,DONE
MV703339,SH102912,1,L-210,L-245,VIN208,D3052,2025-02-26 08:59,2025-02-27 15:18,220.54,DONE
MV703340,SH102913,1,L-236,L-248,VIN150,D3089,2025-01-01 10:00,2025-01-01 08:37,291.60,DONE
MV703341,SH102914,1,L-204,L-210,VIN152,D3027,2025-05-21 21:55,2025-05-22 15:41,335.61,DONE
MV703342,SH102914,2,L-210,L-220,VIN198,D3072,2025-05-21 15:12,2025-05-22 07:04,176.18,DONE
MV703343,SH102914,3,L-220,L-222,VIN101,D3070,2025-05-21 16:06,2025-05-21 16:16,74.83,DONE
MV703344,SH102915,1,L-201,L-204,VIN205,D3013,2025-10-29 13:54,,390.05,PLANNED
MV703345,SH102916,1,L-249,L-205,VIN208,D3081,2026-02-03 12:31,2026-02-03 11:06,305.31,DONE
MV703346,SH102916,2,L-205,L-226,VIN180,D3002,2026-02-04 08:09,2026-02-04 20:15,62.72,DONE
MV703347,SH102917,1,L-232,L-210,VIN175,D3100,2026-01-19 21:14,2026-01-19 12:04,59.26,DONE
MV703348,SH102917,2,L-210,L-210,VIN162,D3067,2026-01-20 17:57,2026-01-20 08:49,127.21,DONE
MV703349,SH102918,1,L-236,L-249,VIN155,D3053,2025-11-02 17:58,2025-11-02 13:47,353.46,DONE
MV703350,SH102919,1,L-236,L-254,VIN195,D3092,2026-04-24 06:24,2026-04-24 19:52,403.36,DONE
MV703351,SH102920,1,L-259,L-226,VIN120,D3074,2025-03-03 11:25,,243.88,ABORTED
MV703352,SH102921,1,L-211,L-221,VIN196,D3014,2025-12-27 09:42,2025-12-27 06:41,77.61,DONE
MV703353,SH102921,2,L-221,L-215,VIN152,D3103,2025-12-28 19:12,2025-12-28 06:14,329.93,DONE
MV703354,SH102921,3,L-215,L-258,VIN210,D3057,2025-12-29 18:34,2025-12-29 12:17,77.21,DONE
MV703355,SH102922,1,L-220,L-229,VIN155,D3038,2025-08-29 17:00,2025-08-29 18:02,249.36,DONE
MV703356,SH102923,1,L-228,L-240,VIN147,D3025,2025-04-10 11:10,2025-04-10 11:12,360.85,DONE
MV703357,SH102924,1,L-244,L-255,VIN102,D3070,2025-01-25 06:58,2025-01-25 11:32,340.81,DONE
MV703358,SH102925,1,L-258,L-240,VIN145,D3033,2026-03-20 08:28,2026-03-20 15:22,99.83,DONE
MV703359,SH102926,1,L-260,L-217,VIN201,D3097,2025-06-08 08:28,2025-06-09 21:44,198.64,DONE
MV703360,SH102927,1,L-226,L-255,VIN218,D3114,2025-05-30 12:05,2025-05-31 16:54,37.59,DONE
MV703361,SH102928,1,L-224,L-241,VIN174,D3025,2025-07-06 11:30,,108.88,PLANNED
MV703362,SH102929,1,L-204,L-205,VIN142,D3073,2025-05-29 15:39,2025-05-29 12:18,350.74,DONE
MV703363,SH102930,1,L-222,L-226,VIN103,D3026,2026-02-25 14:40,2026-02-25 08:08,379.82,DONE
MV703364,SH102930,2,L-226,L-245,VIN118,D3016,2026-02-26 20:54,2026-02-26 18:08,266.70,DONE
MV703365,SH102931,1,L-210,L-217,VIN104,D3092,2025-02-22 16:10,2025-02-22 19:49,408.17,DONE
MV703366,SH102932,1,L-212,L-244,VIN106,D3044,2026-01-05 13:36,2026-01-05 12:10,60.33,DONE
MV703367,SH102933,1,L-237,L-248,VIN131,D3052,2025-07-28 09:38,2025-07-28 09:37,349.35,DONE
MV703368,SH102934,1,L-241,L-240,VIN136,D3105,2025-04-27 15:31,2025-04-28 14:48,65.64,DONE
MV703369,SH102934,2,L-240,L-230,VIN181,D3033,2025-04-27 17:25,2025-04-28 21:56,263.42,DONE
MV703370,SH102935,1,L-248,L-258,VIN199,D3089,2026-05-10 06:57,2026-05-11 19:15,94.42,DONE
MV703371,SH102936,1,L-221,L-246,VIN112,D3043,2026-03-07 08:00,2026-03-07 13:34,365.62,DONE
MV703372,SH102937,1,L-258,L-226,VIN203,D3113,2026-01-17 16:31,2026-01-17 10:10,328.73,DONE
MV703373,SH102939,1,L-260,L-247,VIN127,D3000,2026-02-16 10:47,2026-02-16 06:51,60.01,DONE
MV703374,SH102940,1,L-224,L-233,VIN130,D3030,2025-07-25 08:48,,386.98,PLANNED
MV703375,SH102941,1,L-208,L-220,VIN202,D3095,2026-05-18 10:19,,210.71,ABORTED
MV703376,SH102942,1,L-217,L-245,VIN111,D3039,2025-03-02 12:06,2025-03-02 15:09,379.54,DONE
MV703377,SH102943,1,L-257,L-240,VIN205,D3048,2026-04-20 07:15,,326.08,PLANNED
MV703378,SH102944,1,L-215,L-254,VIN143,D3108,2026-04-11 10:37,2026-04-11 19:15,49.44,DONE
MV703379,SH102945,1,L-242,L-209,VIN145,D3087,2025-03-21 14:59,2025-03-21 19:24,108.80,DONE
MV703380,SH102947,1,L-237,L-220,VIN184,D3031,2025-09-09 14:34,2025-09-10 07:09,121.67,DONE
MV703381,SH102947,2,L-220,L-255,VIN149,D3117,2025-09-09 09:11,,358.49,PLANNED
MV703382,SH102948,1,L-203,L-233,VIN184,D3071,2025-07-24 14:47,2025-07-25 11:22,44.34,DONE
MV703383,SH102949,1,L-208,L-225,VIN104,D3085,2025-02-22 09:09,2025-02-22 20:05,218.61,DONE
MV703384,SH102950,1,L-249,L-241,VIN205,D3094,2026-04-18 18:10,2026-04-18 11:03,210.49,DONE
MV703385,SH102951,1,L-211,L-256,VIN163,D3005,2025-07-20 11:27,,52.47,PLANNED
MV703386,SH102952,1,L-232,L-224,VIN167,D3070,2025-05-27 18:06,,266.86,ABORTED
MV703387,SH102954,1,L-247,L-229,VIN177,D3024,2025-04-08 10:13,2025-04-09 20:46,134.61,DONE
MV703388,SH102956,1,L-225,L-210,VIN181,D3114,2025-09-18 06:06,2025-09-19 13:19,206.49,DONE
MV703389,SH102957,1,L-225,L-255,VIN133,D3070,2026-05-11 09:12,2026-05-11 14:05,160.07,DONE
MV703390,SH102958,1,L-209,L-250,VIN167,D3018,2025-12-24 15:21,2025-12-24 19:26,182.45,DONE
MV703391,SH102959,1,L-202,L-245,VIN185,D3073,2026-05-04 14:02,2026-05-04 20:34,213.48,DONE
MV703392,SH102960,1,L-202,L-213,VIN112,D3085,2025-11-16 12:34,2025-11-16 16:38,194.44,DONE
MV703393,SH102961,1,L-204,L-245,VIN179,D3028,2025-02-27 17:03,2025-02-28 13:09,340.24,DONE
MV703394,SH102962,1,L-233,L-235,VIN144,D3070,2025-05-23 10:49,2025-05-24 20:30,258.21,DONE
MV703395,SH102962,2,L-235,L-231,VIN195,D3051,2025-05-24 21:59,2025-05-24 09:38,234.45,DONE
MV703396,SH102963,1,L-209,L-247,VIN115,D3044,2025-10-19 18:24,2025-10-19 10:37,406.32,DONE
MV703397,SH102964,1,L-219,L-258,VIN167,D3093,2026-05-01 09:56,2026-05-02 16:07,283.68,DONE
MV703398,SH102965,1,L-216,L-242,VIN181,D3049,2025-11-19 18:27,2025-11-19 06:15,35.64,DONE
MV703399,SH102966,1,L-231,L-240,VIN153,D3028,2025-05-10 10:30,2025-05-10 18:16,197.07,DONE
MV703400,SH102966,2,L-240,L-225,VIN111,D3113,2025-05-11 12:58,2025-05-12 19:03,193.77,DONE
MV703401,SH102967,1,L-215,L-207,VIN110,D3043,2025-06-16 17:16,2025-06-17 21:29,204.31,DONE
MV703402,SH102968,1,L-252,L-254,VIN183,D3010,2026-02-20 11:05,2026-02-20 07:24,333.93,DONE
MV703403,SH102969,1,L-219,L-203,VIN199,D3104,2026-02-16 18:21,2026-02-17 06:13,243.29,DONE
MV703404,SH102970,1,L-257,L-245,VIN141,D3074,2025-09-21 09:34,2025-09-21 06:22,250.83,DONE
MV703405,SH102971,1,L-210,L-209,VIN199,D3090,2025-02-26 15:20,2025-02-26 13:39,291.49,DONE
MV703406,SH102973,1,L-235,L-258,VIN129,D3051,2026-01-15 17:26,2026-01-16 14:24,30.73,DONE
MV703407,SH102974,1,L-243,L-260,VIN209,D3060,2025-12-09 09:51,2025-12-09 07:14,70.66,DONE
MV703408,SH102976,1,L-250,L-231,VIN204,D3010,2025-05-11 14:46,2025-05-12 11:37,113.13,DONE
MV703409,SH102976,2,L-231,L-255,VIN105,D3080,2025-05-12 18:45,2025-05-13 17:49,207.96,DONE
MV703410,SH102977,1,L-245,L-237,VIN151,D3035,2025-12-19 12:03,2025-12-19 06:29,298.89,DONE
MV703411,SH102978,1,L-246,L-215,VIN107,D3058,2025-05-24 07:31,2025-05-24 14:29,240.07,DONE
MV703412,SH102979,1,L-205,L-229,VIN121,D3020,2026-02-10 11:18,2026-02-11 20:30,336.17,DONE
MV703413,SH102981,1,L-218,L-235,VIN160,D3012,2026-01-11 18:34,2026-01-12 13:42,190.03,DONE
MV703414,SH102981,2,L-235,L-204,VIN210,D3102,2026-01-11 15:46,2026-01-11 13:01,276.13,DONE
MV703415,SH102982,1,L-214,L-239,VIN149,D3019,2026-03-14 16:41,2026-03-14 11:27,248.09,DONE
MV703416,SH102984,1,L-224,L-229,VIN169,D3060,2025-10-22 08:02,2025-10-22 16:46,74.98,DONE
MV703417,SH102986,1,L-230,L-237,VIN110,D3023,2025-04-15 21:51,2025-04-15 07:48,300.96,DONE
MV703418,SH102987,1,L-203,L-210,VIN168,D3084,2026-04-12 12:35,2026-04-12 18:01,364.35,DONE
MV703419,SH102988,1,L-239,L-213,VIN200,D3108,2025-05-20 15:00,,151.67,ABORTED
MV703420,SH102989,1,L-220,L-221,VIN154,D3052,2025-08-02 13:46,2025-08-02 09:04,322.09,DONE
MV703421,SH102989,2,L-221,L-201,VIN219,D3033,2025-08-03 07:54,2025-08-03 14:41,242.23,DONE
MV703422,SH102991,1,L-224,L-255,VIN206,D3073,2026-04-19 06:41,2026-04-19 09:46,228.26,DONE
MV703423,SH102991,2,L-255,L-260,VIN105,D3037,2026-04-20 13:17,2026-04-20 08:36,367.14,DONE
MV703424,SH102991,3,L-260,L-258,VIN158,D3112,2026-04-21 19:41,2026-04-21 11:04,249.42,DONE
MV703425,SH102992,1,L-243,L-252,VIN156,D3019,2025-10-14 20:04,2025-10-14 11:10,126.38,DONE
MV703426,SH102993,1,L-229,L-212,VIN161,D3001,2025-05-14 18:43,2025-05-14 09:04,118.41,DONE
MV703427,SH102994,1,L-254,L-226,VIN187,D3048,2026-04-03 20:44,2026-04-04 20:08,183.90,DONE
MV703428,SH102995,1,L-206,L-251,VIN101,D3113,2026-03-21 12:08,2026-03-21 17:43,39.93,DONE
MV703429,SH102995,2,L-251,L-225,VIN177,D3002,2026-03-21 17:19,2026-03-22 20:12,42.63,DONE
MV703430,SH102995,3,L-225,L-227,VIN190,D3062,2026-03-22 06:52,2026-03-22 20:31,171.67,DONE
MV703431,SH102996,1,L-239,L-216,VIN176,D3025,2025-09-23 11:57,2025-09-23 11:06,402.42,DONE
MV703432,SH102998,1,L-214,L-204,VIN191,D3026,2026-04-03 11:08,2026-04-04 21:54,205.38,DONE
MV703433,SH102999,1,L-210,L-235,VIN120,D3042,2026-05-09 06:36,2026-05-10 15:47,387.79,DONE
MV703434,SH103000,1,L-246,L-224,VIN177,D3104,2026-05-13 14:35,2026-05-14 11:09,376.15,DONE
MV703435,SH103001,1,L-232,L-213,VIN156,D3090,2025-08-02 14:31,2025-08-03 15:30,264.34,DONE
MV703436,SH103002,1,L-224,L-217,VIN132,D3112,2025-08-11 07:33,2025-08-11 09:10,350.59,DONE
MV703437,SH103003,1,L-220,L-231,VIN154,D3000,2026-02-15 08:41,2026-02-16 07:18,191.09,DONE
MV703438,SH103004,1,L-242,L-221,VIN145,D3002,2026-05-14 10:24,2026-05-14 06:20,138.42,DONE
MV703439,SH103005,1,L-226,L-222,VIN145,D3032,2025-10-07 06:29,2025-10-07 06:22,55.85,DONE
MV703440,SH103006,1,L-202,L-201,VIN124,D3110,2025-04-25 21:08,2025-04-25 16:18,192.73,DONE
MV703441,SH103007,1,L-220,L-238,VIN177,D3033,2025-10-08 10:28,2025-10-09 10:17,283.37,DONE
MV703442,SH103008,1,L-209,L-211,VIN106,D3111,2025-03-05 13:47,2025-03-05 15:09,156.89,DONE
MV703443,SH103009,1,L-216,L-225,VIN159,D3024,2025-12-25 17:19,2025-12-26 14:45,281.52,DONE
MV703444,SH103009,2,L-225,L-205,VIN127,D3081,2025-12-25 10:38,2025-12-25 16:04,259.67,DONE
MV703445,SH103009,3,L-205,L-224,VIN206,D3010,2025-12-26 16:49,2025-12-27 07:04,120.66,DONE
MV703446,SH103010,1,L-201,L-216,VIN136,D3088,2025-09-07 06:39,2025-09-08 21:32,57.61,DONE
MV703447,SH103010,2,L-216,L-222,VIN200,D3027,2025-09-07 16:41,2025-09-08 09:56,249.69,DONE
MV703448,SH103011,1,L-242,L-245,VIN152,D3095,2025-11-21 20:01,2025-11-21 15:24,178.30,DONE
MV703449,SH103011,2,L-245,L-247,VIN147,D3055,2025-11-21 20:21,,252.22,ABORTED
MV703450,SH103012,1,L-251,L-211,VIN131,D3113,2025-05-13 21:32,2025-05-13 21:31,404.18,DONE
MV703451,SH103013,1,L-220,L-201,VIN107,D3070,2025-05-09 17:44,2025-05-09 11:27,257.14,DONE
MV703452,SH103013,2,L-201,L-225,VIN213,D3081,2025-05-09 06:38,2025-05-09 09:22,184.12,DONE
MV703453,SH103014,1,L-205,L-201,VIN140,D3100,2025-05-01 13:44,2025-05-01 17:41,60.42,DONE
MV703454,SH103016,1,L-257,L-205,VIN161,D3002,2025-10-12 21:46,2025-10-12 21:32,89.89,DONE
MV703455,SH103016,2,L-205,L-248,VIN119,D3008,2025-10-12 07:08,2025-10-12 08:18,326.57,DONE
MV703456,SH103017,1,L-234,L-235,VIN133,D3062,2025-07-26 14:22,2025-07-26 11:47,238.44,DONE
MV703457,SH103018,1,L-238,L-236,VIN153,D3110,2026-02-14 19:48,2026-02-14 17:22,255.53,DONE
MV703458,SH103019,1,L-241,L-224,VIN198,D3108,2025-05-22 18:59,2025-05-22 09:25,79.70,DONE
MV703459,SH103020,1,L-232,L-218,VIN145,D3112,2026-04-14 13:11,2026-04-15 07:34,400.97,DONE
MV703460,SH103021,1,L-246,L-257,VIN155,D3028,2025-09-03 14:53,2025-09-03 10:31,305.29,DONE
MV703461,SH103022,1,L-220,L-233,VIN204,D3119,2026-01-17 06:30,2026-01-17 10:08,154.77,DONE
MV703462,SH103023,1,L-235,L-208,VIN138,D3019,2025-03-22 17:58,2025-03-22 14:58,153.90,DONE
MV703463,SH103025,1,L-229,L-224,VIN165,D3026,2025-05-04 09:39,2025-05-04 08:01,158.83,DONE
MV703464,SH103026,1,L-204,L-259,VIN137,D3059,2026-02-05 19:03,2026-02-05 20:55,111.19,DONE
MV703465,SH103027,1,L-215,L-211,VIN150,D3071,2026-03-14 20:20,2026-03-14 13:01,331.66,DONE
MV703466,SH103027,2,L-211,L-228,VIN207,D3118,2026-03-15 06:47,2026-03-15 13:01,288.78,DONE
MV703467,SH103028,1,L-211,L-201,VIN111,D3043,2026-02-25 20:52,2026-02-25 18:55,325.28,DONE
MV703468,SH103029,1,L-204,L-244,VIN179,D3098,2025-03-19 14:32,2025-03-20 13:59,113.22,DONE
MV703469,SH103030,1,L-252,L-232,VIN125,D3050,2025-05-09 10:30,2025-05-09 13:02,203.92,DONE
MV703470,SH103031,1,L-227,L-226,VIN158,D3030,2025-12-25 08:24,2025-12-25 07:04,44.24,DONE
MV703471,SH103031,2,L-226,L-219,VIN158,D3118,2025-12-25 07:10,2025-12-25 17:21,222.50,DONE
MV703472,SH103032,1,L-208,L-241,VIN110,D3005,2026-05-19 07:36,2026-05-19 17:17,142.16,DONE
MV703473,SH103032,2,L-241,L-236,VIN123,D3111,2026-05-20 09:29,2026-05-21 11:20,123.32,DONE
MV703474,SH103033,1,L-209,L-220,VIN128,D3039,2025-05-23 08:34,2025-05-24 12:34,70.98,DONE
MV703475,SH103035,1,L-242,L-243,VIN145,D3076,2025-04-10 19:43,2025-04-10 08:55,248.22,DONE
MV703476,SH103036,1,L-252,L-204,VIN152,D3018,2026-01-30 17:25,,217.26,PLANNED
MV703477,SH103037,1,L-259,L-241,VIN148,D3038,2025-12-22 13:42,2025-12-22 11:51,50.44,DONE
MV703478,SH103037,2,L-241,L-235,VIN118,D3034,2025-12-23 17:57,2025-12-24 17:51,368.30,DONE
MV703479,SH103037,3,L-235,L-212,VIN212,D3104,2025-12-24 15:58,2025-12-24 13:05,323.77,DONE
MV703480,SH103038,1,L-222,L-252,VIN104,D3112,2025-02-15 17:07,2025-02-16 21:36,68.71,DONE
MV703481,SH103040,1,L-234,L-201,VIN109,D3082,2026-04-23 09:24,2026-04-23 07:20,96.08,DONE
MV703482,SH103041,1,L-207,L-204,VIN162,D3107,2025-03-09 21:08,2025-03-09 14:41,280.33,DONE
MV703483,SH103042,1,L-248,L-230,VIN210,D3000,2026-01-03 11:06,2026-01-03 08:01,149.38,DONE
MV703484,SH103042,2,L-230,L-252,VIN219,D3073,2026-01-04 18:42,2026-01-04 10:23,350.07,DONE
MV703485,SH103044,1,L-226,L-235,VIN164,D3075,2026-05-16 12:03,2026-05-16 15:15,74.29,DONE
MV703486,SH103045,1,L-246,L-254,VIN102,D3010,2025-02-20 17:44,2025-02-20 12:20,117.91,DONE
MV703487,SH103046,1,L-256,L-259,VIN171,D3028,2026-02-08 12:36,2026-02-09 10:19,341.65,DONE
MV703488,SH103047,1,L-210,L-238,VIN186,D3097,2026-04-09 12:30,2026-04-09 18:12,177.33,DONE
MV703489,SH103048,1,L-217,L-237,VIN104,D3081,2025-01-16 14:28,2025-01-17 20:09,373.77,DONE
MV703490,SH103049,1,L-252,L-230,VIN110,D3039,2025-03-17 08:27,2025-03-18 20:24,409.36,DONE
MV703491,SH103049,2,L-230,L-219,VIN119,D3097,2025-03-18 15:20,2025-03-18 18:45,104.83,DONE
MV703492,SH103050,1,L-232,L-208,VIN214,D3060,2025-07-06 17:00,2025-07-06 17:47,317.69,DONE
MV703493,SH103051,1,L-201,L-253,VIN145,D3109,2025-05-10 13:23,2025-05-10 11:28,123.31,DONE
MV703494,SH103053,1,L-235,L-241,VIN154,D3063,2025-07-26 20:45,2025-07-26 21:23,201.82,DONE
MV703495,SH103054,1,L-225,L-237,VIN119,D3063,2025-03-04 10:19,2025-03-05 08:36,180.20,DONE
MV703496,SH103055,1,L-257,L-215,VIN139,D3060,2026-02-04 19:55,2026-02-04 12:40,122.46,DONE
MV703497,SH103056,1,L-246,L-245,VIN162,D3081,2025-06-12 19:41,2025-06-12 06:31,148.34,DONE
MV703498,SH103056,2,L-245,L-205,VIN166,D3116,2025-06-13 15:36,2025-06-13 08:23,36.93,DONE
MV703499,SH103057,1,L-201,L-207,VIN114,D3037,2026-04-04 08:39,2026-04-04 13:09,56.17,DONE
MV703500,SH103058,1,L-253,L-218,VIN118,D3074,2025-08-15 13:15,2025-08-15 17:40,356.10,DONE
MV703501,SH103059,1,L-202,L-222,VIN166,D3011,2025-04-25 18:22,2025-04-25 13:17,189.33,DONE
MV703502,SH103060,1,L-235,L-216,VIN134,D3091,2025-05-06 21:34,2025-05-06 06:15,253.05,DONE
MV703503,SH103061,1,L-219,L-213,VIN137,D3043,2025-06-29 13:57,2025-06-30 20:26,68.42,DONE
MV703504,SH103062,1,L-242,L-253,VIN125,D3002,2025-12-06 07:39,2025-12-06 11:50,44.99,DONE
MV703505,SH103063,1,L-252,L-220,VIN214,D3107,2025-02-11 09:02,2025-02-11 18:55,202.45,DONE
MV703506,SH103063,2,L-220,L-205,VIN102,D3064,2025-02-12 06:33,2025-02-12 12:04,338.43,DONE
MV703507,SH103064,1,L-255,L-206,VIN191,D3006,2026-03-12 11:47,2026-03-12 07:10,86.92,DONE
MV703508,SH103065,1,L-249,L-245,VIN100,D3067,2025-09-29 09:15,2025-09-29 21:53,140.65,DONE
MV703509,SH103067,1,L-249,L-202,VIN100,D3093,2025-05-09 10:00,2025-05-10 07:22,380.87,DONE
MV703510,SH103068,1,L-202,L-201,VIN206,D3094,2026-01-22 12:39,2026-01-22 14:58,331.25,DONE
MV703511,SH103068,2,L-201,L-224,VIN179,D3077,2026-01-23 19:44,2026-01-24 15:22,292.63,DONE
MV703512,SH103069,1,L-230,L-232,VIN216,D3073,2026-03-01 08:56,2026-03-01 17:14,212.09,DONE
MV703513,SH103070,1,L-244,L-202,VIN132,D3061,2025-12-22 13:29,2025-12-23 09:56,336.38,DONE
MV703514,SH103071,1,L-243,L-248,VIN158,D3026,2025-03-19 17:59,2025-03-19 09:50,91.17,DONE
MV703515,SH103072,1,L-214,L-204,VIN208,D3118,2025-12-23 12:46,2025-12-23 09:15,357.71,DONE
MV703516,SH103074,1,L-241,L-220,VIN157,D3046,2025-04-23 08:33,2025-04-23 10:06,65.79,DONE
MV703517,SH103074,2,L-220,L-225,VIN202,D3071,2025-04-24 11:15,2025-04-24 21:58,239.77,DONE
MV703518,SH103076,1,L-222,L-250,VIN117,D3041,2026-01-16 20:08,2026-01-17 17:52,288.15,DONE
MV703519,SH103077,1,L-207,L-220,VIN189,D3054,2025-12-02 16:30,2025-12-02 11:21,163.86,DONE
MV703520,SH103077,2,L-220,L-206,VIN157,D3019,2025-12-03 10:53,2025-12-03 08:32,214.17,DONE
MV703521,SH103078,1,L-237,L-241,VIN105,D3002,2025-10-04 18:20,2025-10-05 12:31,28.61,DONE
MV703522,SH103078,2,L-241,L-253,VIN170,D3022,2025-10-05 09:27,,106.65,ABORTED
MV703523,SH103079,1,L-260,L-234,VIN129,D3096,2025-05-07 17:54,2025-05-08 18:23,81.73,DONE
MV703524,SH103080,1,L-260,L-231,VIN200,D3036,2025-02-24 19:47,2025-02-25 19:21,327.72,DONE
MV703525,SH103081,1,L-251,L-254,VIN205,D3111,2025-02-11 18:00,2025-02-11 21:57,175.16,DONE
MV703526,SH103082,1,L-246,L-202,VIN150,D3007,2026-01-17 09:09,2026-01-18 11:05,280.97,DONE
MV703527,SH103083,1,L-239,L-249,VIN211,D3005,2026-05-07 17:26,2026-05-08 06:13,328.31,DONE
MV703528,SH103084,1,L-218,L-211,VIN129,D3050,2025-12-20 15:53,2025-12-21 18:50,222.73,DONE
MV703529,SH103084,2,L-211,L-212,VIN171,D3106,2025-12-21 10:22,2025-12-22 11:03,279.87,DONE
MV703530,SH103085,1,L-236,L-219,VIN100,D3051,2025-07-06 07:00,2025-07-07 20:00,209.86,DONE
MV703531,SH103086,1,L-222,L-251,VIN120,D3047,2025-06-24 11:40,2025-06-24 19:37,234.04,DONE
MV703532,SH103086,2,L-251,L-253,VIN181,D3055,2025-06-25 14:13,2025-06-26 11:01,404.88,DONE
MV703533,SH103087,1,L-209,L-203,VIN152,D3095,2026-03-21 11:05,2026-03-22 14:08,289.56,DONE
MV703534,SH103088,1,L-239,L-227,VIN186,D3044,2025-09-12 10:35,2025-09-12 10:54,158.35,DONE
MV703535,SH103089,1,L-254,L-233,VIN164,D3076,2025-10-07 18:45,2025-10-08 11:33,71.47,DONE
MV703536,SH103090,1,L-259,L-211,VIN199,D3093,2025-07-19 19:07,2025-07-20 21:58,49.16,DONE
MV703537,SH103091,1,L-248,L-215,VIN175,D3037,2026-01-11 08:11,2026-01-11 08:38,272.11,DONE
MV703538,SH103091,2,L-215,L-243,VIN153,D3050,2026-01-12 06:48,2026-01-12 10:38,57.47,DONE
MV703539,SH103093,1,L-246,L-225,VIN176,D3006,2025-08-16 20:35,2025-08-16 08:38,105.85,DONE
MV703540,SH103094,1,L-230,L-234,VIN187,D3089,2025-10-26 06:13,2025-10-26 08:51,172.10,DONE
MV703541,SH103096,1,L-225,L-245,VIN172,D3054,2026-05-11 14:54,2026-05-12 07:57,381.92,DONE
MV703542,SH103096,2,L-245,L-250,VIN127,D3022,2026-05-12 09:47,2026-05-12 20:52,205.46,DONE
MV703543,SH103097,1,L-228,L-208,VIN134,D3042,2025-10-13 13:05,2025-10-14 08:34,395.31,DONE
MV703544,SH103098,1,L-249,L-252,VIN104,D3003,2026-02-15 10:10,2026-02-15 08:50,31.57,DONE
MV703545,SH103099,1,L-219,L-225,VIN185,D3085,2026-02-05 06:49,2026-02-05 14:03,88.02,DONE
MV703546,SH103100,1,L-201,L-256,VIN140,D3046,2025-10-31 10:46,2025-10-31 15:57,305.14,DONE
MV703547,SH103101,1,L-215,L-257,VIN114,D3034,2025-05-08 13:39,2025-05-09 12:49,196.30,DONE
MV703548,SH103102,1,L-202,L-224,VIN108,D3108,2026-02-18 17:02,2026-02-18 14:51,361.62,DONE
MV703549,SH103103,1,L-250,L-220,VIN123,D3083,2026-05-11 20:23,2026-05-12 19:36,135.24,DONE
MV703550,SH103104,1,L-248,L-227,VIN131,D3082,2026-02-19 08:59,,349.89,ABORTED
MV703551,SH103105,1,L-233,L-226,VIN127,D3109,2025-08-27 06:59,2025-08-27 09:40,103.44,DONE
MV703552,SH103106,1,L-226,L-245,VIN123,D3024,2025-01-04 18:25,2025-01-05 21:07,127.45,DONE
MV703553,SH103106,2,L-245,L-254,VIN185,D3093,2025-01-05 06:20,2025-01-05 07:14,202.50,DONE
MV703554,SH103107,1,L-203,L-254,VIN207,D3002,2025-08-26 18:23,2025-08-26 20:29,331.85,DONE
MV703555,SH103108,1,L-243,L-251,VIN169,D3109,2025-12-30 16:40,2025-12-31 08:49,67.06,DONE
MV703556,SH103108,2,L-251,L-244,VIN191,D3083,2025-12-31 16:43,2026-01-01 15:39,250.60,DONE
MV703557,SH103109,1,L-254,L-207,VIN194,D3090,2025-04-21 08:29,2025-04-21 17:14,240.32,DONE
MV703558,SH103111,1,L-206,L-210,VIN131,D3020,2025-02-01 16:59,2025-02-01 06:17,39.50,DONE
MV703559,SH103111,2,L-210,L-231,VIN129,D3102,2025-02-01 06:27,2025-02-01 11:34,315.46,DONE
MV703560,SH103111,3,L-231,L-229,VIN217,D3039,2025-02-02 09:53,2025-02-02 16:45,60.14,DONE
MV703561,SH103112,1,L-220,L-245,VIN137,D3038,2026-03-04 19:46,2026-03-04 11:09,405.98,DONE
MV703562,SH103113,1,L-238,L-218,VIN109,D3043,2025-02-19 17:57,2025-02-19 14:34,202.74,DONE
MV703563,SH103115,1,L-206,L-235,VIN219,D3087,2025-10-22 10:18,2025-10-22 18:53,405.79,DONE
MV703564,SH103116,1,L-245,L-231,VIN140,D3114,2025-05-11 21:58,2025-05-11 11:23,33.43,DONE
MV703565,SH103117,1,L-232,L-215,VIN166,D3058,2026-05-07 07:38,2026-05-08 08:25,119.56,DONE
MV703566,SH103118,1,L-259,L-231,VIN178,D3055,2025-08-13 13:58,2025-08-13 19:29,235.41,DONE
MV703567,SH103118,2,L-231,L-221,VIN185,D3076,2025-08-14 12:02,2025-08-14 15:04,87.61,DONE
MV703568,SH103119,1,L-249,L-247,VIN136,D3005,2026-01-19 12:47,2026-01-20 14:17,218.40,DONE
MV703569,SH103120,1,L-217,L-253,VIN116,D3011,2026-03-07 20:32,2026-03-07 13:16,294.18,DONE
MV703570,SH103121,1,L-239,L-255,VIN142,D3062,2025-09-30 10:11,2025-10-01 15:36,60.02,DONE
MV703571,SH103122,1,L-233,L-201,VIN208,D3057,2025-05-17 21:46,2025-05-18 16:33,395.07,DONE
MV703572,SH103123,1,L-229,L-204,VIN112,D3110,2026-01-07 06:39,2026-01-07 09:32,209.56,DONE
MV703573,SH103124,1,L-228,L-255,VIN103,D3008,2026-04-11 11:52,2026-04-12 07:16,255.86,DONE
MV703574,SH103125,1,L-218,L-235,VIN180,D3013,2025-05-22 18:52,2025-05-22 15:27,290.80,DONE
MV703575,SH103125,2,L-235,L-205,VIN106,D3037,2025-05-23 15:38,2025-05-24 15:33,395.54,DONE
MV703576,SH103126,1,L-220,L-226,VIN180,D3094,2025-06-15 12:20,2025-06-15 14:45,254.89,DONE
MV703577,SH103126,2,L-226,L-220,VIN197,D3059,2025-06-16 10:08,2025-06-16 20:48,104.34,DONE
MV703578,SH103126,3,L-220,L-226,VIN164,D3099,2025-06-17 08:56,2025-06-17 09:32,251.70,DONE
MV703579,SH103127,1,L-226,L-251,VIN150,D3098,2025-11-26 09:39,2025-11-27 13:55,170.91,DONE
MV703580,SH103127,2,L-251,L-242,VIN120,D3011,2025-11-27 11:30,2025-11-27 14:36,46.47,DONE
MV703581,SH103128,1,L-235,L-203,VIN178,D3080,2025-07-19 16:04,2025-07-20 20:38,97.67,DONE
MV703582,SH103129,1,L-237,L-250,VIN155,D3093,2026-01-22 18:05,2026-01-22 21:08,68.83,DONE
MV703583,SH103129,2,L-250,L-207,VIN132,D3065,2026-01-23 16:35,2026-01-23 15:55,407.10,DONE
MV703584,SH103130,1,L-231,L-256,VIN180,D3077,2026-04-26 09:44,2026-04-27 19:15,89.22,DONE
MV703585,SH103130,2,L-256,L-204,VIN199,D3081,2026-04-27 07:49,2026-04-27 14:20,129.53,DONE
MV703586,SH103131,1,L-203,L-216,VIN185,D3043,2025-03-26 09:38,2025-03-26 21:54,168.00,DONE
MV703587,SH103131,2,L-216,L-258,VIN178,D3084,2025-03-27 08:45,2025-03-28 13:05,396.43,DONE
MV703588,SH103132,1,L-247,L-206,VIN162,D3087,2025-03-04 19:10,2025-03-04 09:28,305.63,DONE
MV703589,SH103132,2,L-206,L-208,VIN127,D3008,2025-03-04 19:33,2025-03-05 18:03,218.88,DONE
MV703590,SH103133,1,L-240,L-216,VIN144,D3033,2025-07-15 07:01,2025-07-15 17:01,125.23,DONE
MV703591,SH103134,1,L-240,L-231,VIN121,D3053,2026-02-28 08:24,2026-02-28 12:29,113.62,DONE
MV703592,SH103135,1,L-245,L-215,VIN137,D3007,2025-12-02 10:12,2025-12-02 13:51,86.91,DONE
MV703593,SH103136,1,L-207,L-220,VIN154,D3070,2025-09-08 15:02,2025-09-09 10:38,117.11,DONE
MV703594,SH103136,2,L-220,L-248,VIN163,D3040,2025-09-09 21:32,2025-09-09 07:24,280.38,DONE
MV703595,SH103137,1,L-209,L-251,VIN171,D3019,2025-04-15 06:45,2025-04-16 16:08,39.88,DONE
MV703596,SH103137,2,L-251,L-216,VIN188,D3072,2025-04-15 11:02,2025-04-15 11:58,409.18,DONE
MV703597,SH103138,1,L-217,L-243,VIN198,D3010,2025-11-09 12:52,2025-11-09 19:47,303.93,DONE
MV703598,SH103139,1,L-225,L-220,VIN157,D3066,2025-01-21 10:59,2025-01-21 15:10,241.48,DONE
MV703599,SH103139,2,L-220,L-221,VIN138,D3052,2025-01-22 13:45,2025-01-22 19:31,36.52,DONE
MV703600,SH103139,3,L-221,L-260,VIN153,D3036,2025-01-23 18:09,2025-01-24 16:26,238.11,DONE
MV703601,SH103140,1,L-226,L-211,VIN118,D3096,2025-02-12 13:12,2025-02-12 07:52,403.25,DONE
MV703602,SH103140,2,L-211,L-235,VIN136,D3049,2025-02-13 06:41,2025-02-14 12:05,95.57,DONE
MV703603,SH103141,1,L-206,L-237,VIN126,D3092,2025-09-20 20:25,2025-09-20 16:44,342.27,DONE
MV703604,SH103142,1,L-206,L-201,VIN187,D3060,2025-11-17 21:06,2025-11-18 06:01,341.03,DONE
MV703605,SH103143,1,L-219,L-201,VIN165,D3101,2025-02-21 07:15,2025-02-21 11:01,131.09,DONE
MV703606,SH103144,1,L-201,L-205,VIN163,D3031,2025-09-30 18:26,,202.75,PLANNED
MV703607,SH103145,1,L-251,L-230,VIN119,D3094,2025-04-25 15:40,2025-04-25 08:24,384.70,DONE
MV703608,SH103145,2,L-230,L-254,VIN122,D3075,2025-04-25 21:38,2025-04-25 09:34,104.97,DONE
MV703609,SH103146,1,L-231,L-258,VIN157,D3023,2025-09-05 20:26,2025-09-05 12:07,258.65,DONE
MV703610,SH103147,1,L-221,L-250,VIN153,D3032,2026-01-18 07:47,2026-01-18 14:45,31.05,DONE
MV703611,SH103147,2,L-250,L-256,VIN188,D3104,2026-01-19 17:10,2026-01-20 20:57,239.55,DONE
MV703612,SH103148,1,L-248,L-254,VIN140,D3014,2026-03-09 10:34,2026-03-09 13:07,102.55,DONE
MV703613,SH103149,1,L-214,L-221,VIN135,D3063,2026-04-27 09:13,2026-04-27 06:40,294.50,DONE
MV703614,SH103150,1,L-257,L-240,VIN191,D3118,2026-01-07 12:18,2026-01-07 20:08,165.29,DONE
MV703615,SH103150,2,L-240,L-204,VIN110,D3069,2026-01-08 14:55,2026-01-08 11:42,167.47,DONE
MV703616,SH103151,1,L-235,L-220,VIN141,D3077,2025-12-02 08:35,2025-12-02 12:15,291.87,DONE
MV703617,SH103152,1,L-205,L-242,VIN134,D3061,2025-03-12 18:05,2025-03-13 07:53,98.86,DONE
MV703618,SH103153,1,L-260,L-224,VIN150,D3054,2025-11-26 19:26,2025-11-26 11:13,122.73,DONE
MV703619,SH103154,1,L-220,L-211,VIN125,D3003,2025-10-18 20:51,2025-10-19 08:47,214.92,DONE
MV703620,SH103154,2,L-211,L-236,VIN154,D3113,2025-10-19 19:18,2025-10-19 15:38,199.68,DONE
MV703621,SH103154,3,L-236,L-206,VIN137,D3070,2025-10-20 17:39,2025-10-20 06:38,118.38,DONE
MV703622,SH103155,1,L-249,L-211,VIN189,D3005,2025-04-29 17:31,,228.41,ABORTED
MV703623,SH103156,1,L-215,L-231,VIN142,D3097,2025-07-22 20:17,2025-07-23 17:22,212.35,DONE
MV703624,SH103157,1,L-222,L-239,VIN155,D3004,2025-04-21 17:43,2025-04-22 19:45,255.39,DONE
MV703625,SH103158,1,L-214,L-258,VIN124,D3058,2025-07-14 09:37,2025-07-14 09:24,382.41,DONE
MV703626,SH103159,1,L-238,L-206,VIN170,D3035,2025-06-25 18:26,2025-06-25 16:55,148.84,DONE
MV703627,SH103160,1,L-214,L-253,VIN185,D3070,2025-11-20 09:11,2025-11-20 06:33,292.94,DONE
MV703628,SH103161,1,L-235,L-212,VIN154,D3097,2025-06-10 14:54,2025-06-10 06:54,219.64,DONE
MV703629,SH103162,1,L-259,L-236,VIN211,D3020,2025-05-01 06:03,2025-05-02 10:23,267.54,DONE
MV703630,SH103162,2,L-236,L-234,VIN166,D3110,2025-05-02 18:26,2025-05-02 06:24,331.13,DONE
MV703631,SH103163,1,L-245,L-256,VIN117,D3041,2025-10-08 14:37,2025-10-08 07:11,372.65,DONE
MV703632,SH103165,1,L-227,L-228,VIN182,D3064,2025-06-08 14:52,2025-06-09 14:14,289.99,DONE
MV703633,SH103166,1,L-246,L-252,VIN212,D3098,2026-02-26 09:48,2026-02-27 18:29,269.47,DONE
MV703634,SH103167,1,L-233,L-248,VIN147,D3077,2025-01-22 20:34,2025-01-22 20:03,32.25,DONE
MV703635,SH103168,1,L-251,L-244,VIN217,D3022,2025-07-07 16:02,2025-07-07 08:32,338.88,DONE
MV703636,SH103169,1,L-247,L-248,VIN114,D3070,2025-03-11 07:31,2025-03-11 06:08,396.56,DONE
MV703637,SH103170,1,L-209,L-257,VIN157,D3110,2025-08-15 10:11,2025-08-15 06:14,316.48,DONE
MV703638,SH103171,1,L-209,L-250,VIN174,D3037,2025-12-18 19:37,2025-12-18 14:22,187.44,DONE
MV703639,SH103171,2,L-250,L-241,VIN195,D3028,2025-12-19 14:55,2025-12-19 14:13,55.59,DONE
MV703640,SH103172,1,L-245,L-259,VIN121,D3066,2026-01-31 09:52,2026-01-31 18:40,213.23,DONE
MV703641,SH103173,1,L-204,L-253,VIN158,D3108,2025-01-23 06:26,2025-01-23 07:19,244.85,DONE
MV703642,SH103174,1,L-226,L-247,VIN163,D3029,2026-04-24 07:51,2026-04-24 15:49,131.83,DONE
MV703643,SH103175,1,L-205,L-248,VIN150,D3085,2025-03-05 18:13,2025-03-05 21:36,160.68,DONE
MV703644,SH103176,1,L-259,L-209,VIN200,D3097,2025-10-22 19:56,2025-10-22 12:18,387.30,DONE
MV703645,SH103177,1,L-254,L-214,VIN116,D3048,2026-04-10 14:29,2026-04-10 20:29,154.07,DONE
MV703646,SH103178,1,L-235,L-233,VIN111,D3022,2026-01-02 12:58,2026-01-03 21:54,290.96,DONE
MV703647,SH103179,1,L-219,L-244,VIN212,D3034,2025-11-22 19:03,2025-11-23 20:33,407.48,DONE
MV703648,SH103180,1,L-253,L-221,VIN182,D3012,2025-03-07 08:36,2025-03-08 12:50,385.98,DONE
MV703649,SH103181,1,L-217,L-210,VIN161,D3116,2025-02-19 14:05,2025-02-19 07:52,296.15,DONE
MV703650,SH103181,2,L-210,L-219,VIN160,D3026,2025-02-19 09:32,2025-02-19 16:48,296.63,DONE
MV703651,SH103182,1,L-250,L-215,VIN164,D3081,2025-04-21 11:02,2025-04-21 14:49,123.71,DONE
MV703652,SH103182,2,L-215,L-260,VIN154,D3024,2025-04-22 19:37,2025-04-22 10:20,288.13,DONE
MV703653,SH103183,1,L-253,L-245,VIN180,D3008,2025-04-27 07:34,2025-04-28 16:09,115.71,DONE
MV703654,SH103184,1,L-224,L-231,VIN106,D3118,2025-11-26 11:36,2025-11-27 08:58,67.22,DONE
MV703655,SH103185,1,L-250,L-248,VIN202,D3092,2025-11-11 10:16,2025-11-11 20:16,37.02,DONE
MV703656,SH103186,1,L-222,L-250,VIN183,D3115,2026-01-11 14:13,2026-01-11 07:24,350.83,DONE
MV703657,SH103188,1,L-250,L-253,VIN130,D3060,2026-03-07 15:58,2026-03-07 16:06,281.73,DONE
MV703658,SH103189,1,L-211,L-230,VIN210,D3031,2025-12-28 13:17,2025-12-29 07:39,326.40,DONE
MV703659,SH103191,1,L-246,L-201,VIN189,D3019,2026-01-30 17:03,2026-01-31 15:35,171.50,DONE
MV703660,SH103192,1,L-206,L-208,VIN122,D3083,2025-06-20 06:36,2025-06-20 14:40,243.11,DONE
MV703661,SH103193,1,L-231,L-221,VIN181,D3025,2026-01-21 06:13,2026-01-21 14:36,276.65,DONE
MV703662,SH103194,1,L-238,L-260,VIN146,D3046,2025-12-10 12:44,2025-12-11 14:30,352.78,DONE
MV703663,SH103195,1,L-202,L-236,VIN158,D3051,2025-06-12 09:50,,165.77,ABORTED
MV703664,SH103196,1,L-206,L-245,VIN219,D3084,2025-05-07 14:34,2025-05-07 15:23,75.93,DONE
MV703665,SH103197,1,L-203,L-202,VIN149,D3097,2025-09-07 09:54,2025-09-07 19:59,367.26,DONE
MV703666,SH103198,1,L-212,L-224,VIN129,D3004,2025-09-22 19:48,2025-09-22 21:33,132.33,DONE
MV703667,SH103199,1,L-245,L-253,VIN199,D3060,2025-03-12 06:35,2025-03-12 07:08,395.31,DONE
MV703668,SH103200,1,L-247,L-205,VIN108,D3000,2026-02-12 10:36,2026-02-12 09:49,359.92,DONE
MV703669,SH103201,1,L-228,L-257,VIN113,D3026,2026-01-25 11:49,2026-01-25 20:54,42.92,DONE
MV703670,SH103202,1,L-260,L-216,VIN116,D3049,2025-04-24 21:41,2025-04-25 18:42,57.61,DONE
MV703671,SH103203,1,L-254,L-201,VIN150,D3075,2025-12-26 07:12,2025-12-27 15:00,307.39,DONE
MV703672,SH103204,1,L-202,L-250,VIN120,D3012,2026-01-10 16:10,2026-01-10 18:53,112.01,DONE
MV703673,SH103205,1,L-238,L-228,VIN173,D3026,2026-02-26 18:22,2026-02-26 20:23,264.50,DONE
MV703674,SH103206,1,L-201,L-243,VIN158,D3070,2025-11-20 18:56,2025-11-21 12:00,114.09,DONE
MV703675,SH103207,1,L-255,L-254,VIN138,D3086,2025-08-13 16:50,,126.08,PLANNED
MV703676,SH103208,1,L-222,L-239,VIN172,D3044,2026-02-03 06:34,2026-02-03 12:04,101.00,DONE
MV703677,SH103210,1,L-207,L-211,VIN103,D3074,2026-01-31 08:15,2026-01-31 13:52,195.84,DONE
MV703678,SH103210,2,L-211,L-236,VIN197,D3080,2026-01-31 19:42,,162.73,ABORTED
MV703679,SH103211,1,L-212,L-207,VIN130,D3034,2025-05-18 15:44,2025-05-19 18:34,60.86,DONE
MV703680,SH103212,1,L-242,L-260,VIN171,D3079,2025-12-09 09:46,2025-12-09 07:07,143.45,DONE
MV703681,SH103212,2,L-260,L-216,VIN205,D3028,2025-12-09 13:16,2025-12-09 20:13,332.39,DONE
MV703682,SH103213,1,L-238,L-203,VIN210,D3045,2026-01-27 10:57,2026-01-28 12:09,70.17,DONE
MV703683,SH103214,1,L-214,L-235,VIN177,D3077,2026-05-05 19:46,2026-05-05 21:21,318.24,DONE
MV703684,SH103215,1,L-202,L-217,VIN176,D3118,2025-06-15 21:03,2025-06-16 13:23,339.62,DONE
MV703685,SH103216,1,L-222,L-236,VIN217,D3110,2025-10-03 15:42,2025-10-04 16:46,217.14,DONE
MV703686,SH103216,2,L-236,L-217,VIN119,D3063,2025-10-03 15:43,2025-10-03 09:40,224.49,DONE
MV703687,SH103217,1,L-222,L-260,VIN218,D3014,2026-03-29 19:41,2026-03-30 06:14,277.94,DONE
MV703688,SH103217,2,L-260,L-209,VIN176,D3072,2026-03-30 14:00,,347.04,ABORTED
MV703689,SH103218,1,L-249,L-227,VIN152,D3065,2025-06-07 10:38,2025-06-07 15:18,296.59,DONE
MV703690,SH103219,1,L-260,L-203,VIN195,D3055,2025-04-01 11:54,2025-04-01 18:26,353.31,DONE
MV703691,SH103220,1,L-204,L-245,VIN212,D3061,2025-12-04 14:30,2025-12-04 16:38,301.77,DONE
MV703692,SH103221,1,L-245,L-205,VIN210,D3113,2025-08-17 13:01,2025-08-18 21:49,268.93,DONE
MV703693,SH103222,1,L-209,L-240,VIN118,D3116,2026-01-15 17:54,2026-01-15 12:35,105.13,DONE
MV703694,SH103223,1,L-206,L-233,VIN123,D3059,2025-04-06 07:58,2025-04-07 20:22,168.18,DONE
MV703695,SH103224,1,L-230,L-226,VIN116,D3004,2026-05-01 20:53,2026-05-01 10:57,318.28,DONE
MV703696,SH103224,2,L-226,L-205,VIN122,D3016,2026-05-02 10:57,2026-05-02 06:38,30.01,DONE
MV703697,SH103225,1,L-234,L-229,VIN112,D3073,2025-01-24 14:48,2025-01-24 20:16,301.08,DONE
MV703698,SH103226,1,L-247,L-252,VIN209,D3093,2025-01-18 21:06,2025-01-18 18:54,179.52,DONE
MV703699,SH103227,1,L-252,L-210,VIN158,D3048,2025-05-16 10:07,2025-05-16 11:46,125.94,DONE
MV703700,SH103228,1,L-233,L-249,VIN137,D3085,2025-06-29 20:16,2025-06-29 21:26,190.27,DONE
MV703701,SH103229,1,L-224,L-227,VIN191,D3045,2025-05-21 13:41,2025-05-21 19:53,118.27,DONE
MV703702,SH103231,1,L-209,L-216,VIN145,D3080,2026-03-11 10:41,2026-03-12 09:30,291.06,DONE
MV703703,SH103231,2,L-216,L-256,VIN215,D3043,2026-03-11 17:05,2026-03-11 12:49,399.41,DONE
MV703704,SH103232,1,L-201,L-250,VIN148,D3100,2026-01-02 18:20,2026-01-03 08:04,278.16,DONE
MV703705,SH103234,1,L-203,L-218,VIN138,D3043,2025-11-23 13:30,2025-11-23 14:44,312.11,DONE
MV703706,SH103235,1,L-238,L-209,VIN108,D3051,2025-04-23 20:58,2025-04-23 06:24,288.54,DONE
MV703707,SH103236,1,L-218,L-201,VIN124,D3027,2025-09-23 17:21,2025-09-23 08:06,353.33,DONE
MV703708,SH103236,2,L-201,L-203,VIN185,D3090,2025-09-23 10:09,2025-09-23 07:11,75.07,DONE
MV703709,SH103237,1,L-243,L-201,VIN130,D3044,2025-08-06 15:23,2025-08-06 07:42,273.68,DONE
MV703710,SH103238,1,L-220,L-206,VIN113,D3050,2025-10-22 19:16,2025-10-23 10:35,311.07,DONE
MV703711,SH103239,1,L-236,L-202,VIN112,D3041,2026-04-05 11:00,2026-04-05 07:21,129.28,DONE
MV703712,SH103240,1,L-222,L-225,VIN121,D3075,2026-04-23 06:48,2026-04-24 07:02,53.07,DONE
MV703713,SH103241,1,L-201,L-237,VIN162,D3008,2025-01-31 12:53,2025-02-01 15:13,129.15,DONE
MV703714,SH103242,1,L-256,L-210,VIN218,D3053,2026-02-17 19:49,,262.86,ABORTED
MV703715,SH103243,1,L-216,L-230,VIN176,D3048,2025-09-25 14:31,2025-09-25 08:33,89.94,DONE
MV703716,SH103244,1,L-234,L-260,VIN197,D3066,2025-12-20 08:31,2025-12-20 21:51,301.26,DONE
MV703717,SH103245,1,L-206,L-215,VIN121,D3117,2025-03-11 10:01,2025-03-12 10:04,335.73,DONE
MV703718,SH103245,2,L-215,L-206,VIN171,D3022,2025-03-11 09:21,2025-03-12 10:13,399.20,DONE
MV703719,SH103245,3,L-206,L-249,VIN188,D3108,2025-03-12 07:04,2025-03-13 07:57,378.36,DONE
MV703720,SH103246,1,L-231,L-204,VIN138,D3086,2025-09-16 19:54,2025-09-16 06:42,296.54,DONE
MV703721,SH103247,1,L-222,L-257,VIN212,D3070,2025-03-03 21:02,2025-03-04 18:18,391.92,DONE
MV703722,SH103248,1,L-217,L-257,VIN197,D3022,2026-04-25 19:32,2026-04-25 15:36,340.92,DONE
MV703723,SH103249,1,L-224,L-207,VIN189,D3000,2025-10-08 10:40,2025-10-08 07:02,330.06,DONE
MV703724,SH103250,1,L-203,L-204,VIN111,D3056,2025-12-07 15:11,2025-12-08 06:56,340.91,DONE
MV703725,SH103251,1,L-231,L-235,VIN163,D3096,2026-04-17 15:43,2026-04-17 13:20,87.18,DONE
MV703726,SH103252,1,L-241,L-251,VIN208,D3041,2025-10-08 13:09,2025-10-09 11:01,60.37,DONE
MV703727,SH103253,1,L-212,L-250,VIN197,D3002,2026-04-20 17:55,2026-04-21 09:37,135.72,DONE
MV703728,SH103253,2,L-250,L-221,VIN209,D3116,2026-04-21 07:10,2026-04-21 14:04,300.24,DONE
MV703729,SH103254,1,L-217,L-220,VIN182,D3072,2026-02-02 11:07,2026-02-02 21:39,172.98,DONE
MV703730,SH103254,2,L-220,L-212,VIN115,D3080,2026-02-03 06:09,2026-02-03 11:47,261.74,DONE
MV703731,SH103255,1,L-257,L-231,VIN105,D3050,2025-10-08 21:44,2025-10-09 16:04,198.93,DONE
MV703732,SH103255,2,L-231,L-256,VIN188,D3013,2025-10-08 15:02,2025-10-09 12:50,128.80,DONE
MV703733,SH103255,3,L-256,L-254,VIN128,D3034,2025-10-08 18:41,2025-10-08 10:59,309.89,DONE
MV703734,SH103256,1,L-202,L-229,VIN109,D3102,2025-10-18 11:40,2025-10-18 16:21,194.58,DONE
MV703735,SH103257,1,L-201,L-202,VIN110,D3088,2025-07-23 15:04,2025-07-23 20:12,283.54,DONE
MV703736,SH103258,1,L-247,L-250,VIN136,D3009,2025-05-18 08:49,2025-05-18 16:08,167.97,DONE
MV703737,SH103258,2,L-250,L-232,VIN212,D3117,2025-05-18 11:11,2025-05-19 15:34,261.39,DONE
MV703738,SH103259,1,L-257,L-253,VIN163,D3024,2025-12-30 19:41,2025-12-31 19:29,42.40,DONE
MV703739,SH103260,1,L-204,L-228,VIN184,D3027,2025-07-11 11:23,2025-07-11 08:16,119.03,DONE
MV703740,SH103261,1,L-242,L-244,VIN100,D3080,2025-02-21 19:57,2025-02-22 07:54,280.76,DONE
MV703741,SH103262,1,L-235,L-205,VIN120,D3019,2025-11-17 21:25,2025-11-17 11:58,157.27,DONE
MV703742,SH103262,2,L-205,L-230,VIN164,D3094,2025-11-18 09:33,,197.42,PLANNED
MV703743,SH103263,1,L-216,L-245,VIN118,D3103,2026-03-11 09:14,2026-03-11 15:31,285.51,DONE
MV703744,SH103263,2,L-245,L-237,VIN218,D3026,2026-03-12 12:10,2026-03-13 07:52,217.00,DONE
MV703745,SH103264,1,L-222,L-249,VIN176,D3117,2025-03-24 07:02,2025-03-24 14:54,36.95,DONE
MV703746,SH103265,1,L-243,L-226,VIN194,D3092,2026-01-30 14:57,2026-01-30 12:12,97.94,DONE
MV703747,SH103265,2,L-226,L-216,VIN216,D3113,2026-01-31 10:39,2026-01-31 06:08,303.80,DONE
MV703748,SH103266,1,L-227,L-226,VIN136,D3023,2025-08-13 08:30,2025-08-14 06:02,374.26,DONE
MV703749,SH103267,1,L-235,L-230,VIN218,D3069,2025-03-19 16:55,2025-03-19 08:19,281.23,DONE
MV703750,SH103268,1,L-230,L-239,VIN138,D3112,2025-10-25 08:18,2025-10-25 19:03,254.20,DONE
MV703751,SH103269,1,L-212,L-256,VIN173,D3087,2025-07-13 17:44,,46.23,ABORTED
MV703752,SH103271,1,L-249,L-205,VIN179,D3080,2025-06-06 13:36,2025-06-06 06:34,126.40,DONE
MV703753,SH103272,1,L-252,L-220,VIN177,D3083,2025-04-04 08:00,2025-04-04 20:04,202.78,DONE
MV703754,SH103273,1,L-235,L-260,VIN160,D3107,2026-03-22 07:24,2026-03-23 14:48,69.53,DONE
MV703755,SH103273,2,L-260,L-206,VIN116,D3100,2026-03-23 20:57,2026-03-23 17:42,328.65,DONE
MV703756,SH103274,1,L-258,L-252,VIN104,D3010,2025-10-20 08:37,2025-10-20 10:35,266.39,DONE
MV703757,SH103275,1,L-245,L-217,VIN162,D3014,2025-09-30 16:54,2025-09-30 07:30,64.78,DONE
MV703758,SH103278,1,L-240,L-208,VIN126,D3056,2025-07-18 16:25,2025-07-18 14:13,203.60,DONE
MV703759,SH103279,1,L-255,L-210,VIN192,D3112,2025-10-10 18:21,2025-10-10 07:56,372.03,DONE
MV703760,SH103281,1,L-209,L-211,VIN148,D3031,2025-10-22 13:48,2025-10-22 20:00,157.26,DONE
MV703761,SH103281,2,L-211,L-260,VIN129,D3030,2025-10-23 09:37,2025-10-23 15:05,46.55,DONE
MV703762,SH103281,3,L-260,L-247,VIN101,D3022,2025-10-23 20:29,2025-10-23 07:16,298.03,DONE
MV703763,SH103282,1,L-228,L-246,VIN157,D3082,2026-05-11 06:59,2026-05-11 09:50,102.57,DONE
MV703764,SH103283,1,L-258,L-232,VIN213,D3074,2025-01-13 21:46,2025-01-13 06:09,58.44,DONE
MV703765,SH103284,1,L-244,L-206,VIN113,D3087,2025-03-02 15:11,2025-03-02 20:15,170.29,DONE
MV703766,SH103284,2,L-206,L-231,VIN217,D3042,2025-03-02 13:14,2025-03-03 20:43,55.51,DONE
MV703767,SH103285,1,L-256,L-251,VIN163,D3077,2025-05-09 11:28,2025-05-09 08:03,356.28,DONE
MV703768,SH103285,2,L-251,L-218,VIN155,D3089,2025-05-10 19:50,2025-05-10 18:21,118.61,DONE
MV703769,SH103286,1,L-236,L-243,VIN199,D3006,2025-12-21 17:38,2025-12-21 20:32,352.17,DONE
MV703770,SH103287,1,L-224,L-253,VIN118,D3112,2026-04-04 13:58,2026-04-05 11:27,194.75,DONE
MV703771,SH103288,1,L-212,L-256,VIN164,D3096,2025-12-12 12:53,,384.97,ABORTED
MV703772,SH103290,1,L-209,L-203,VIN192,D3017,2026-04-29 10:23,,263.24,PLANNED
MV703773,SH103293,1,L-233,L-216,VIN198,D3087,2026-05-14 18:19,2026-05-15 10:15,273.50,DONE
MV703774,SH103294,1,L-226,L-243,VIN156,D3053,2025-07-06 06:44,2025-07-06 11:39,125.10,DONE
MV703775,SH103296,1,L-259,L-218,VIN143,D3111,2025-07-09 15:18,2025-07-09 12:50,297.24,DONE
MV703776,SH103297,1,L-201,L-230,VIN149,D3043,2025-07-11 07:27,2025-07-11 20:24,64.37,DONE
MV703777,SH103298,1,L-260,L-254,VIN106,D3094,2025-11-07 10:30,2025-11-08 20:04,96.04,DONE
MV703778,SH103299,1,L-217,L-235,VIN170,D3024,2025-08-15 12:58,2025-08-15 21:01,248.57,DONE
MV703779,SH103300,1,L-228,L-205,VIN160,D3079,2025-04-26 18:25,2025-04-26 07:50,95.63,DONE
MV703780,SH103300,2,L-205,L-251,VIN108,D3013,2025-04-27 21:51,2025-04-27 12:33,32.76,DONE
MV703781,SH103301,1,L-230,L-247,VIN141,D3017,2025-06-30 13:18,2025-06-30 20:37,113.10,DONE
MV703782,SH103302,1,L-210,L-211,VIN145,D3088,2025-03-15 08:12,2025-03-16 20:22,194.55,DONE
MV703783,SH103303,1,L-242,L-211,VIN101,D3113,2025-10-07 08:31,2025-10-07 20:48,113.11,DONE
MV703784,SH103305,1,L-260,L-226,VIN198,D3076,2025-12-29 19:03,2025-12-29 08:26,306.43,DONE
MV703785,SH103305,2,L-226,L-239,VIN105,D3095,2025-12-30 14:49,2025-12-30 16:27,201.49,DONE
MV703786,SH103308,1,L-215,L-230,VIN185,D3089,2025-03-22 16:12,2025-03-22 15:49,149.25,DONE
MV703787,SH103308,2,L-230,L-220,VIN163,D3043,2025-03-23 18:09,2025-03-23 09:40,40.44,DONE
MV703788,SH103308,3,L-220,L-260,VIN211,D3101,2025-03-24 08:44,2025-03-24 10:12,406.32,DONE
MV703789,SH103309,1,L-256,L-237,VIN200,D3010,2026-03-24 07:21,2026-03-24 15:46,215.17,DONE
MV703790,SH103310,1,L-240,L-218,VIN111,D3019,2025-09-19 08:33,2025-09-19 15:40,99.28,DONE
MV703791,SH103311,1,L-252,L-235,VIN196,D3016,2025-12-21 17:52,2025-12-21 07:16,355.65,DONE
MV703792,SH103312,1,L-224,L-215,VIN144,D3023,2026-01-18 21:44,2026-01-19 10:49,240.14,DONE
MV703793,SH103313,1,L-241,L-215,VIN101,D3102,2026-03-01 06:53,2026-03-01 11:08,28.60,DONE
MV703794,SH103313,2,L-215,L-207,VIN175,D3033,2026-03-01 09:19,2026-03-02 21:08,388.42,DONE
MV703795,SH103314,1,L-233,L-239,VIN103,D3031,2026-03-14 15:29,2026-03-14 20:08,348.18,DONE
MV703796,SH103315,1,L-217,L-225,VIN180,D3070,2026-05-15 09:56,2026-05-15 10:16,93.11,DONE
MV703797,SH103315,2,L-225,L-212,VIN218,D3002,2026-05-16 18:08,2026-05-16 19:44,240.19,DONE
MV703798,SH103316,1,L-221,L-201,VIN176,D3105,2025-10-09 15:32,2025-10-09 13:25,39.19,DONE
MV703799,SH103316,2,L-201,L-249,VIN180,D3074,2025-10-10 18:55,2025-10-10 08:56,296.93,DONE
MV703800,SH103317,1,L-235,L-237,VIN194,D3100,2025-10-24 17:36,2025-10-24 19:47,259.94,DONE
MV703801,SH103318,1,L-215,L-220,VIN134,D3086,2026-04-18 12:21,2026-04-19 21:17,360.29,DONE
MV703802,SH103318,2,L-220,L-229,VIN175,D3086,2026-04-19 14:17,2026-04-19 11:46,376.83,DONE
MV703803,SH103319,1,L-258,L-232,VIN207,D3119,2025-06-15 14:15,2025-06-15 15:37,38.64,DONE
MV703804,SH103320,1,L-210,L-213,VIN165,D3020,2025-06-10 07:56,2025-06-11 20:21,113.17,DONE
MV703805,SH103321,1,L-235,L-218,VIN127,D3020,2025-09-12 11:06,2025-09-12 11:14,288.61,DONE
MV703806,SH103322,1,L-203,L-232,VIN141,D3003,2025-04-28 06:40,2025-04-29 20:03,46.13,DONE
MV703807,SH103323,1,L-214,L-221,VIN207,D3094,2026-02-07 11:04,2026-02-07 21:33,321.58,DONE
MV703808,SH103324,1,L-207,L-254,VIN152,D3119,2025-02-07 20:32,2025-02-07 17:25,238.37,DONE
MV703809,SH103325,1,L-203,L-239,VIN173,D3113,2026-04-13 08:13,2026-04-14 09:34,39.02,DONE
MV703810,SH103326,1,L-225,L-217,VIN173,D3051,2025-01-29 18:00,2025-01-29 09:35,43.95,DONE
MV703811,SH103327,1,L-238,L-240,VIN108,D3003,2025-05-15 19:02,2025-05-16 11:20,294.95,DONE
MV703812,SH103328,1,L-236,L-242,VIN219,D3037,2025-10-06 17:24,2025-10-06 21:59,356.09,DONE
MV703813,SH103329,1,L-239,L-220,VIN219,D3050,2025-10-29 15:52,2025-10-29 14:34,231.22,DONE
MV703814,SH103329,2,L-220,L-245,VIN114,D3067,2025-10-30 10:47,2025-10-31 15:35,110.64,DONE
MV703815,SH103330,1,L-207,L-226,VIN203,D3036,2025-11-16 11:25,2025-11-17 16:03,350.13,DONE
MV703816,SH103330,2,L-226,L-240,VIN199,D3105,2025-11-17 09:13,2025-11-17 21:54,115.59,DONE
MV703817,SH103331,1,L-222,L-235,VIN153,D3064,2025-07-10 20:59,2025-07-10 16:14,359.29,DONE
MV703818,SH103332,1,L-230,L-248,VIN133,D3001,2025-12-27 16:05,2025-12-28 10:03,211.11,DONE
MV703819,SH103334,1,L-235,L-231,VIN175,D3112,2026-03-04 08:48,2026-03-04 12:08,192.93,DONE
MV703820,SH103335,1,L-254,L-245,VIN104,D3028,2026-03-07 12:17,2026-03-08 13:55,43.99,DONE
MV703821,SH103337,1,L-229,L-244,VIN115,D3009,2025-01-27 08:57,2025-01-27 19:37,140.15,DONE
MV703822,SH103339,1,L-202,L-204,VIN218,D3081,2025-02-02 16:38,2025-02-03 19:25,281.84,DONE
MV703823,SH103340,1,L-214,L-230,VIN119,D3036,2025-04-26 19:57,2025-04-26 10:06,30.39,DONE
MV703824,SH103341,1,L-218,L-259,VIN112,D3034,2025-04-26 17:43,2025-04-26 08:41,338.01,DONE
MV703825,SH103342,1,L-201,L-249,VIN145,D3055,2025-07-08 18:40,2025-07-09 15:58,103.31,DONE
MV703826,SH103343,1,L-239,L-211,VIN197,D3057,2026-02-21 16:35,2026-02-21 21:16,169.75,DONE
MV703827,SH103343,2,L-211,L-253,VIN142,D3090,2026-02-22 10:50,2026-02-23 15:10,288.67,DONE
MV703828,SH103344,1,L-246,L-226,VIN213,D3082,2025-03-05 10:20,2025-03-05 08:45,283.99,DONE
MV703829,SH103346,1,L-225,L-230,VIN155,D3013,2025-09-28 21:08,2025-09-29 16:49,320.25,DONE
MV703830,SH103346,2,L-230,L-232,VIN136,D3052,2025-09-29 14:55,2025-09-30 18:57,180.60,DONE
MV703831,SH103348,1,L-260,L-207,VIN180,D3029,2025-10-16 11:44,,382.15,ABORTED
MV703832,SH103350,1,L-233,L-226,VIN140,D3068,2025-02-13 15:17,2025-02-13 20:32,115.68,DONE
MV703833,SH103351,1,L-244,L-217,VIN191,D3006,2025-10-28 16:41,2025-10-29 15:28,131.55,DONE
MV703834,SH103352,1,L-230,L-249,VIN184,D3112,2026-01-10 14:51,2026-01-11 15:33,251.81,DONE
MV703835,SH103353,1,L-234,L-212,VIN169,D3054,2025-08-29 18:15,,78.10,PLANNED
MV703836,SH103354,1,L-257,L-241,VIN129,D3114,2025-08-19 11:32,2025-08-19 10:38,196.82,DONE
MV703837,SH103354,2,L-241,L-251,VIN182,D3099,2025-08-20 12:54,2025-08-21 21:16,169.27,DONE
MV703838,SH103355,1,L-253,L-225,VIN215,D3086,2025-07-20 10:25,2025-07-21 09:31,385.45,DONE
MV703839,SH103357,1,L-239,L-226,VIN183,D3050,2025-03-25 13:06,,317.17,ABORTED
MV703840,SH103358,1,L-235,L-205,VIN194,D3020,2025-10-02 19:54,2025-10-02 06:26,279.56,DONE
MV703841,SH103359,1,L-238,L-231,VIN124,D3098,2025-08-12 19:29,2025-08-12 15:58,173.17,DONE
MV703842,SH103360,1,L-248,L-206,VIN161,D3059,2025-01-10 11:26,2025-01-11 13:16,245.36,DONE
MV703843,SH103361,1,L-217,L-255,VIN187,D3093,2025-08-27 10:14,2025-08-28 10:53,311.40,DONE
MV703844,SH103362,1,L-224,L-203,VIN102,D3105,2025-05-11 19:32,2025-05-11 17:59,39.47,DONE
MV703845,SH103363,1,L-206,L-250,VIN194,D3102,2026-04-02 14:38,2026-04-03 10:37,389.77,DONE
MV703846,SH103364,1,L-224,L-231,VIN138,D3115,2025-12-16 07:00,2025-12-16 07:30,144.00,DONE
MV703847,SH103364,2,L-231,L-213,VIN132,D3093,2025-12-16 17:09,2025-12-16 21:30,172.20,DONE
MV703848,SH103365,1,L-205,L-204,VIN200,D3041,2025-02-26 17:31,,360.86,ABORTED
MV703849,SH103367,1,L-253,L-226,VIN100,D3091,2025-12-19 13:06,2025-12-20 15:14,284.64,DONE
MV703850,SH103367,2,L-226,L-211,VIN119,D3089,2025-12-20 06:41,,285.20,PLANNED
MV703851,SH103368,1,L-212,L-229,VIN215,D3002,2025-05-26 07:21,2025-05-26 11:16,258.02,DONE
MV703852,SH103369,1,L-240,L-260,VIN133,D3101,2025-10-17 06:24,2025-10-17 12:54,216.32,DONE
MV703853,SH103369,2,L-260,L-220,VIN135,D3042,2025-10-18 16:44,2025-10-18 18:54,63.89,DONE
MV703854,SH103369,3,L-220,L-212,VIN125,D3064,2025-10-19 11:43,2025-10-19 13:17,363.20,DONE
MV703855,SH103370,1,L-249,L-221,VIN108,D3035,2026-04-25 21:03,2026-04-25 16:05,403.42,DONE
MV703856,SH103370,2,L-221,L-240,VIN198,D3051,2026-04-26 07:40,2026-04-26 06:52,317.07,DONE
MV703857,SH103370,3,L-240,L-256,VIN212,D3089,2026-04-26 12:23,2026-04-26 13:27,395.82,DONE
MV703858,SH103371,1,L-209,L-245,VIN101,D3029,2025-02-02 09:14,2025-02-02 20:47,275.06,DONE
MV703859,SH103372,1,L-201,L-207,VIN212,D3080,2025-08-30 16:27,2025-08-30 10:24,74.54,DONE
MV703860,SH103373,1,L-206,L-231,VIN192,D3102,2026-04-29 12:36,2026-04-30 20:13,232.57,DONE
MV703861,SH103373,2,L-231,L-229,VIN182,D3055,2026-04-30 15:37,2026-05-01 14:38,222.93,DONE
MV703862,SH103374,1,L-235,L-210,VIN215,D3004,2026-03-28 08:34,2026-03-29 08:21,184.08,DONE
MV703863,SH103374,2,L-210,L-214,VIN112,D3019,2026-03-29 19:30,2026-03-29 08:11,280.45,DONE
MV703864,SH103375,1,L-254,L-217,VIN130,D3086,2026-01-12 09:07,2026-01-13 09:28,341.87,DONE
MV703865,SH103376,1,L-228,L-245,VIN144,D3095,2025-06-14 17:14,2025-06-14 21:06,127.17,DONE
MV703866,SH103376,2,L-245,L-211,VIN204,D3044,2025-06-14 09:23,2025-06-14 08:23,156.02,DONE
MV703867,SH103377,1,L-224,L-260,VIN105,D3071,2026-01-28 19:31,2026-01-29 21:34,212.33,DONE
MV703868,SH103378,1,L-227,L-221,VIN111,D3092,2025-07-04 09:49,2025-07-04 08:53,288.49,DONE
MV703869,SH103379,1,L-209,L-229,VIN118,D3040,2025-07-24 17:02,2025-07-24 17:07,173.13,DONE
MV703870,SH103380,1,L-249,L-222,VIN191,D3028,2025-01-05 19:36,2025-01-05 13:29,38.60,DONE
MV703871,SH103381,1,L-228,L-255,VIN105,D3097,2025-08-27 16:18,2025-08-27 08:43,49.52,DONE
MV703872,SH103382,1,L-218,L-248,VIN102,D3013,2025-10-12 08:21,2025-10-13 06:45,71.33,DONE
MV703873,SH103383,1,L-226,L-210,VIN111,D3005,2025-08-24 19:41,2025-08-24 11:53,251.45,DONE
MV703874,SH103383,2,L-210,L-212,VIN218,D3055,2025-08-25 18:39,2025-08-26 17:00,131.77,DONE
MV703875,SH103384,1,L-205,L-212,VIN151,D3060,2026-04-12 18:18,2026-04-13 16:57,280.06,DONE
MV703876,SH103385,1,L-211,L-250,VIN198,D3053,2026-03-01 14:37,2026-03-02 19:16,373.11,DONE
MV703877,SH103385,2,L-250,L-245,VIN167,D3019,2026-03-01 18:41,2026-03-01 14:46,376.76,DONE
MV703878,SH103386,1,L-257,L-208,VIN200,D3029,2026-03-03 06:37,2026-03-03 08:41,178.33,DONE
MV703879,SH103387,1,L-255,L-259,VIN118,D3097,2026-05-04 14:47,2026-05-05 19:04,150.02,DONE
MV703880,SH103388,1,L-247,L-228,VIN165,D3060,2025-09-24 10:37,2025-09-24 16:27,348.34,DONE
MV703881,SH103389,1,L-226,L-219,VIN190,D3040,2025-09-01 11:26,2025-09-02 15:39,112.00,DONE
MV703882,SH103390,1,L-237,L-214,VIN119,D3018,2025-02-26 15:11,2025-02-27 14:36,150.87,DONE
MV703883,SH103391,1,L-243,L-221,VIN162,D3116,2025-06-29 13:16,2025-06-30 18:05,118.89,DONE
MV703884,SH103391,2,L-221,L-242,VIN192,D3001,2025-06-30 06:26,2025-07-01 07:50,368.21,DONE
MV703885,SH103392,1,L-231,L-225,VIN156,D3057,2025-03-25 15:37,2025-03-25 07:30,368.37,DONE
MV703886,SH103392,2,L-225,L-251,VIN128,D3046,2025-03-26 06:47,2025-03-26 15:31,211.48,DONE
MV703887,SH103393,1,L-218,L-254,VIN217,D3056,2025-10-29 06:59,2025-10-29 15:34,377.97,DONE
MV703888,SH103394,1,L-255,L-230,VIN117,D3063,2026-04-29 08:46,2026-04-29 20:22,34.84,DONE
MV703889,SH103395,1,L-245,L-217,VIN109,D3111,2025-11-06 07:08,2025-11-07 14:50,324.03,DONE
MV703890,SH103396,1,L-247,L-237,VIN123,D3050,2025-07-22 09:05,2025-07-23 20:14,291.61,DONE
MV703891,SH103397,1,L-215,L-217,VIN219,D3118,2026-03-21 15:55,2026-03-21 10:43,210.11,DONE
MV703892,SH103398,1,L-216,L-204,VIN131,D3054,2025-10-08 20:36,2025-10-08 06:37,360.53,DONE
MV703893,SH103399,1,L-247,L-206,VIN141,D3095,2025-07-22 14:27,2025-07-22 11:37,281.44,DONE
MV703894,SH103400,1,L-247,L-236,VIN159,D3073,2025-12-01 12:02,2025-12-02 20:26,391.14,DONE
MV703895,SH103402,1,L-238,L-260,VIN173,D3081,2025-04-13 09:31,,344.03,PLANNED
MV703896,SH103403,1,L-254,L-235,VIN124,D3036,2025-06-01 10:46,2025-06-01 20:21,251.80,DONE
MV703897,SH103403,2,L-235,L-251,VIN206,D3055,2025-06-02 08:47,2025-06-02 08:37,211.26,DONE
MV703898,SH103404,1,L-218,L-258,VIN155,D3081,2026-02-09 21:09,2026-02-10 21:11,369.58,DONE
MV703899,SH103405,1,L-205,L-215,VIN137,D3090,2026-03-14 08:03,2026-03-14 14:13,351.25,DONE
MV703900,SH103405,2,L-215,L-248,VIN195,D3019,2026-03-15 09:08,2026-03-15 06:29,35.67,DONE
MV703901,SH103406,1,L-259,L-211,VIN216,D3011,2025-04-07 19:48,2025-04-07 10:57,407.54,DONE
MV703902,SH103407,1,L-220,L-237,VIN178,D3008,2026-05-13 16:56,2026-05-13 17:45,34.22,DONE
MV703903,SH103408,1,L-203,L-226,VIN200,D3013,2026-02-05 14:11,2026-02-06 10:28,264.99,DONE
MV703904,SH103409,1,L-234,L-244,VIN119,D3087,2026-01-17 12:43,2026-01-18 13:13,386.77,DONE
MV703905,SH103410,1,L-202,L-210,VIN110,D3086,2026-04-17 16:30,2026-04-17 12:34,110.66,DONE
MV703906,SH103410,2,L-210,L-217,VIN207,D3100,2026-04-18 14:01,2026-04-19 21:43,317.06,DONE
MV703907,SH103411,1,L-203,L-214,VIN109,D3106,2025-02-12 09:16,2025-02-12 20:54,386.09,DONE
MV703908,SH103412,1,L-229,L-231,VIN168,D3030,2025-12-11 07:14,2025-12-11 14:41,216.59,DONE
MV703909,SH103413,1,L-250,L-232,VIN122,D3057,2025-06-03 16:39,2025-06-03 21:37,36.16,DONE
MV703910,SH103414,1,L-226,L-230,VIN110,D3045,2025-10-03 08:31,2025-10-03 10:44,84.78,DONE
MV703911,SH103414,2,L-230,L-234,VIN185,D3023,2025-10-03 09:35,,301.65,PLANNED
MV703912,SH103415,1,L-255,L-225,VIN108,D3089,2025-05-31 15:42,2025-05-31 13:52,132.08,DONE
MV703913,SH103416,1,L-201,L-226,VIN186,D3029,2025-04-23 14:45,2025-04-24 06:14,300.24,DONE
MV703914,SH103417,1,L-247,L-218,VIN191,D3113,2025-10-08 19:22,2025-10-08 18:43,345.41,DONE
MV703915,SH103418,1,L-203,L-252,VIN156,D3013,2025-07-29 17:53,2025-07-29 06:53,271.87,DONE
MV703916,SH103419,1,L-207,L-256,VIN169,D3012,2026-05-17 13:11,2026-05-18 16:19,237.50,DONE
MV703917,SH103420,1,L-251,L-242,VIN182,D3071,2025-07-30 07:03,2025-07-31 08:30,55.64,DONE
MV703918,SH103421,1,L-240,L-219,VIN128,D3018,2025-12-16 17:55,2025-12-16 09:50,318.37,DONE
MV703919,SH103422,1,L-252,L-254,VIN127,D3075,2025-10-08 20:34,2025-10-08 15:52,76.60,DONE
MV703920,SH103423,1,L-217,L-259,VIN153,D3103,2025-04-19 19:02,2025-04-19 11:32,93.97,DONE
MV703921,SH103424,1,L-203,L-255,VIN132,D3065,2025-04-01 09:24,2025-04-01 15:35,32.25,DONE
MV703922,SH103425,1,L-205,L-222,VIN110,D3073,2025-03-22 09:00,2025-03-22 08:16,147.12,DONE
MV703923,SH103426,1,L-244,L-235,VIN159,D3118,2025-05-17 21:02,2025-05-17 14:18,384.46,DONE
MV703924,SH103426,2,L-235,L-231,VIN188,D3048,2025-05-18 21:54,2025-05-19 21:52,361.24,DONE
MV703925,SH103426,3,L-231,L-230,VIN113,D3063,2025-05-19 06:08,2025-05-19 17:44,387.52,DONE
MV703926,SH103427,1,L-258,L-235,VIN182,D3094,2025-04-04 12:58,,216.71,ABORTED
MV703927,SH103428,1,L-210,L-221,VIN211,D3060,2026-04-25 09:14,2026-04-25 19:07,163.01,DONE
MV703928,SH103428,2,L-221,L-218,VIN201,D3049,2026-04-25 10:51,2026-04-26 17:21,266.70,DONE
MV703929,SH103430,1,L-226,L-235,VIN124,D3119,2025-03-22 18:52,2025-03-22 20:00,405.26,DONE
MV703930,SH103430,2,L-235,L-213,VIN137,D3082,2025-03-23 15:35,2025-03-23 17:49,50.00,DONE
MV703931,SH103431,1,L-205,L-244,VIN147,D3043,2025-08-07 06:54,2025-08-07 16:14,271.89,DONE
MV703932,SH103432,1,L-253,L-238,VIN164,D3106,2026-04-15 12:13,2026-04-15 14:47,198.72,DONE
MV703933,SH103433,1,L-220,L-247,VIN184,D3045,2026-03-19 16:21,2026-03-19 08:24,36.00,DONE
MV703934,SH103435,1,L-242,L-214,VIN197,D3079,2025-11-25 21:29,2025-11-25 14:56,272.58,DONE
MV703935,SH103436,1,L-209,L-251,VIN163,D3112,2025-07-06 15:12,2025-07-07 09:49,354.63,DONE
MV703936,SH103436,2,L-251,L-214,VIN109,D3039,2025-07-06 14:28,2025-07-06 17:09,408.00,DONE
MV703937,SH103437,1,L-243,L-226,VIN131,D3025,2025-01-28 08:32,2025-01-28 18:04,102.45,DONE
MV703938,SH103437,2,L-226,L-226,VIN102,D3015,2025-01-29 19:42,2025-01-30 08:06,254.63,DONE
MV703939,SH103438,1,L-207,L-226,VIN219,D3026,2025-09-16 06:30,2025-09-16 07:38,255.75,DONE
MV703940,SH103439,1,L-212,L-236,VIN157,D3007,2025-08-01 13:43,2025-08-02 09:02,79.91,DONE
MV703941,SH103440,1,L-257,L-245,VIN195,D3116,2025-02-12 16:57,2025-02-12 08:47,191.71,DONE
MV703942,SH103440,2,L-245,L-211,VIN208,D3065,2025-02-13 13:42,2025-02-14 21:17,65.22,DONE
MV703943,SH103440,3,L-211,L-256,VIN193,D3113,2025-02-14 19:58,2025-02-14 16:01,239.33,DONE
MV703944,SH103441,1,L-221,L-202,VIN135,D3007,2025-11-28 08:19,2025-11-29 21:45,350.02,DONE
MV703945,SH103442,1,L-202,L-248,VIN216,D3031,2026-04-08 10:38,2026-04-08 12:56,90.05,DONE
MV703946,SH103443,1,L-218,L-235,VIN217,D3045,2026-05-07 11:45,2026-05-08 20:51,49.09,DONE
MV703947,SH103444,1,L-243,L-214,VIN165,D3095,2026-01-11 21:27,2026-01-11 12:20,60.43,DONE
MV703948,SH103445,1,L-235,L-204,VIN143,D3034,2025-03-01 08:25,,60.55,PLANNED
MV703949,SH103446,1,L-259,L-215,VIN110,D3045,2025-03-09 17:51,2025-03-09 08:03,337.78,DONE
MV703950,SH103447,1,L-212,L-221,VIN165,D3085,2026-05-13 06:03,2026-05-14 07:19,54.03,DONE
MV703951,SH103448,1,L-235,L-246,VIN152,D3106,2025-11-21 06:54,2025-11-22 16:50,96.41,DONE
MV703952,SH103450,1,L-220,L-246,VIN219,D3010,2025-11-10 16:41,2025-11-10 06:19,100.56,DONE
MV703953,SH103451,1,L-249,L-259,VIN154,D3060,2025-06-01 12:35,2025-06-01 06:35,133.25,DONE
MV703954,SH103452,1,L-258,L-250,VIN148,D3065,2025-03-13 16:36,2025-03-13 21:54,365.79,DONE
MV703955,SH103452,2,L-250,L-249,VIN148,D3076,2025-03-13 18:38,2025-03-14 08:28,341.95,DONE
MV703956,SH103453,1,L-250,L-208,VIN128,D3054,2026-05-16 19:27,2026-05-16 15:59,155.95,DONE
MV703957,SH103454,1,L-227,L-206,VIN167,D3076,2025-03-24 13:05,2025-03-24 19:05,291.66,DONE
MV703958,SH103455,1,L-208,L-243,VIN122,D3074,2025-06-22 09:10,2025-06-22 15:28,197.66,DONE
MV703959,SH103456,1,L-220,L-231,VIN110,D3009,2025-06-13 14:02,2025-06-14 12:05,43.94,DONE
MV703960,SH103457,1,L-220,L-227,VIN185,D3077,2026-01-29 15:35,2026-01-29 20:09,94.79,DONE
MV703961,SH103458,1,L-234,L-255,VIN128,D3112,2025-01-19 17:01,2025-01-19 19:29,407.25,DONE
MV703962,SH103458,2,L-255,L-249,VIN216,D3060,2025-01-20 15:47,2025-01-21 17:10,221.50,DONE
MV703963,SH103459,1,L-233,L-251,VIN116,D3021,2025-09-11 10:33,2025-09-11 07:08,274.78,DONE
MV703964,SH103459,2,L-251,L-228,VIN190,D3114,2025-09-11 10:52,2025-09-11 16:29,249.11,DONE
MV703965,SH103460,1,L-236,L-254,VIN206,D3091,2025-05-10 20:33,2025-05-10 10:11,28.39,DONE
MV703966,SH103461,1,L-237,L-245,VIN124,D3009,2025-01-31 06:06,2025-01-31 21:54,301.02,DONE
MV703967,SH103462,1,L-240,L-216,VIN148,D3056,2025-02-27 17:17,2025-02-27 15:43,91.67,DONE
MV703968,SH103463,1,L-205,L-236,VIN130,D3085,2025-12-31 10:33,2025-12-31 10:34,137.97,DONE
MV703969,SH103463,2,L-236,L-231,VIN124,D3025,2025-12-31 10:15,,304.39,PLANNED
MV703970,SH103464,1,L-224,L-241,VIN155,D3063,2025-05-13 21:39,2025-05-14 12:10,330.87,DONE
MV703971,SH103466,1,L-241,L-206,VIN104,D3058,2025-06-01 21:08,2025-06-01 08:20,231.28,DONE
MV703972,SH103467,1,L-212,L-231,VIN158,D3021,2025-08-06 11:39,2025-08-07 12:08,337.67,DONE
MV703973,SH103467,2,L-231,L-240,VIN186,D3084,2025-08-07 20:34,2025-08-07 09:54,76.32,DONE
MV703974,SH103468,1,L-235,L-253,VIN217,D3083,2026-03-10 08:45,2026-03-10 10:53,100.27,DONE
MV703975,SH103469,1,L-237,L-241,VIN168,D3094,2026-03-09 06:29,2026-03-09 15:52,201.46,DONE
MV703976,SH103471,1,L-244,L-257,VIN166,D3039,2025-07-20 21:25,,239.84,ABORTED
MV703977,SH103472,1,L-227,L-239,VIN125,D3012,2025-11-27 07:48,2025-11-27 12:38,364.78,DONE
MV703978,SH103473,1,L-259,L-210,VIN172,D3042,2025-05-17 11:16,2025-05-17 13:11,397.81,DONE
MV703979,SH103473,2,L-210,L-224,VIN106,D3029,2025-05-18 06:04,2025-05-19 19:34,166.45,DONE
MV703980,SH103474,1,L-235,L-241,VIN200,D3099,2025-12-10 12:49,2025-12-11 20:54,83.37,DONE
MV703981,SH103475,1,L-225,L-246,VIN171,D3062,2025-04-25 06:23,,215.86,ABORTED
MV703982,SH103476,1,L-258,L-246,VIN200,D3063,2025-08-17 21:27,2025-08-17 11:28,291.93,DONE
MV703983,SH103476,2,L-246,L-246,VIN157,D3016,2025-08-18 11:07,2025-08-19 15:41,397.84,DONE
MV703984,SH103478,1,L-210,L-218,VIN188,D3112,2025-05-10 20:38,2025-05-10 15:59,342.08,DONE
MV703985,SH103479,1,L-237,L-246,VIN102,D3092,2025-06-12 14:03,2025-06-12 19:13,144.92,DONE
MV703986,SH103479,2,L-246,L-232,VIN143,D3104,2025-06-12 10:33,2025-06-12 18:22,143.90,DONE
MV703987,SH103480,1,L-226,L-242,VIN156,D3077,2025-09-20 11:56,2025-09-21 17:43,130.12,DONE
MV703988,SH103482,1,L-204,L-224,VIN206,D3075,2026-02-08 12:52,2026-02-09 09:12,307.89,DONE
MV703989,SH103483,1,L-207,L-258,VIN190,D3102,2026-02-08 21:38,2026-02-08 15:12,352.29,DONE
MV703990,SH103484,1,L-219,L-247,VIN202,D3047,2025-05-31 16:43,2025-05-31 20:09,259.24,DONE
MV703991,SH103485,1,L-242,L-239,VIN102,D3089,2025-05-23 18:07,2025-05-23 14:06,143.72,DONE
MV703992,SH103486,1,L-228,L-237,VIN155,D3093,2025-03-07 06:29,2025-03-07 16:41,339.70,DONE
MV703993,SH103487,1,L-238,L-225,VIN176,D3110,2025-01-17 17:07,2025-01-18 15:01,298.68,DONE
MV703994,SH103487,2,L-225,L-232,VIN213,D3113,2025-01-18 15:25,2025-01-18 11:36,293.58,DONE
MV703995,SH103488,1,L-250,L-206,VIN155,D3035,2025-03-10 15:56,2025-03-11 07:31,319.06,DONE
MV703996,SH103489,1,L-242,L-237,VIN180,D3045,2026-04-13 11:43,2026-04-13 20:42,251.71,DONE
MV703997,SH103490,1,L-211,L-260,VIN130,D3016,2025-06-09 18:37,2025-06-09 11:40,310.22,DONE
MV703998,SH103491,1,L-201,L-244,VIN129,D3117,2026-03-17 14:58,2026-03-18 10:58,409.40,DONE
MV703999,SH103493,1,L-217,L-215,VIN130,D3022,2025-12-24 10:33,2025-12-24 15:10,141.28,DONE
MV704000,SH103494,1,L-203,L-244,VIN188,D3050,2025-04-15 19:28,2025-04-15 11:14,46.59,DONE
MV704001,SH103495,1,L-215,L-254,VIN161,D3044,2026-04-20 11:49,2026-04-21 13:45,147.21,DONE
MV704002,SH103497,1,L-245,L-222,VIN115,D3058,2025-10-21 07:03,2025-10-22 10:02,244.98,DONE
MV704003,SH103498,1,L-246,L-242,VIN191,D3017,2026-05-12 16:16,2026-05-13 21:10,165.77,DONE
MV704004,SH103499,1,L-256,L-225,VIN176,D3029,2025-04-10 12:12,2025-04-10 16:52,271.55,DONE
MV704005,SH103499,2,L-225,L-235,VIN137,D3019,2025-04-11 09:00,2025-04-12 13:29,351.30,DONE
MV704006,SH103500,1,L-238,L-225,VIN102,D3031,2025-01-11 16:38,2025-01-11 14:20,277.10,DONE
MV704007,SH103500,2,L-225,L-254,VIN176,D3077,2025-01-11 12:12,2025-01-12 13:36,374.56,DONE
MV704008,SH103501,1,L-224,L-253,VIN148,D3092,2026-01-13 15:41,2026-01-13 19:31,65.74,DONE
MV704009,SH103502,1,L-233,L-235,VIN102,D3053,2025-05-08 17:10,2025-05-08 12:23,35.26,DONE
MV704010,SH103502,2,L-235,L-255,VIN219,D3090,2025-05-09 08:56,2025-05-09 07:23,197.67,DONE
MV704011,SH103503,1,L-258,L-244,VIN173,D3003,2026-02-27 10:23,2026-02-27 16:11,409.64,DONE
MV704012,SH103504,1,L-250,L-218,VIN101,D3062,2026-04-21 10:38,,244.34,ABORTED
MV704013,SH103505,1,L-260,L-246,VIN144,D3002,2025-06-06 13:46,2025-06-06 13:35,153.04,DONE
MV704014,SH103506,1,L-202,L-250,VIN110,D3002,2025-12-06 19:45,2025-12-06 18:14,254.70,DONE
MV704015,SH103507,1,L-205,L-220,VIN181,D3095,2025-08-15 08:57,2025-08-15 17:20,329.49,DONE
MV704016,SH103508,1,L-217,L-249,VIN193,D3034,2025-08-28 16:52,,298.74,ABORTED
MV704017,SH103509,1,L-219,L-205,VIN193,D3075,2025-07-08 08:10,2025-07-09 16:05,377.68,DONE
MV704018,SH103510,1,L-239,L-201,VIN121,D3025,2025-07-26 21:38,2025-07-26 18:36,327.20,DONE
MV704019,SH103510,2,L-201,L-201,VIN133,D3024,2025-07-27 11:47,2025-07-27 10:38,47.30,DONE
MV704020,SH103511,1,L-255,L-260,VIN142,D3098,2026-04-23 12:34,2026-04-23 14:45,279.62,DONE
MV704021,SH103512,1,L-255,L-248,VIN168,D3000,2025-07-22 13:56,2025-07-22 16:23,177.09,DONE
MV704022,SH103513,1,L-203,L-241,VIN206,D3102,2026-01-13 13:55,,299.62,ABORTED
MV704023,SH103514,1,L-248,L-234,VIN150,D3061,2025-10-12 21:45,2025-10-12 06:11,120.08,DONE
MV704024,SH103515,1,L-225,L-210,VIN109,D3068,2025-06-07 11:30,2025-06-07 21:33,81.43,DONE
MV704025,SH103515,2,L-210,L-236,VIN203,D3064,2025-06-08 11:01,2025-06-09 21:29,206.29,DONE
MV704026,SH103515,3,L-236,L-205,VIN172,D3106,2025-06-09 09:53,2025-06-09 17:34,117.72,DONE
MV704027,SH103516,1,L-209,L-220,VIN175,D3049,2025-03-07 18:59,2025-03-08 09:22,360.75,DONE
MV704028,SH103517,1,L-236,L-226,VIN208,D3117,2026-02-16 15:45,2026-02-16 13:04,170.24,DONE
MV704029,SH103517,2,L-226,L-203,VIN172,D3000,2026-02-17 07:03,2026-02-18 19:10,89.73,DONE
MV704030,SH103518,1,L-239,L-250,VIN197,D3067,2025-01-17 08:10,2025-01-18 18:45,381.57,DONE
MV704031,SH103518,2,L-250,L-251,VIN173,D3025,2025-01-17 10:51,2025-01-18 18:16,282.37,DONE
MV704032,SH103518,3,L-251,L-238,VIN136,D3069,2025-01-18 08:31,2025-01-18 18:43,83.58,DONE
MV704033,SH103519,1,L-212,L-236,VIN141,D3088,2025-05-01 17:48,2025-05-01 20:30,172.21,DONE
MV704034,SH103519,2,L-236,L-245,VIN134,D3018,2025-05-02 06:51,2025-05-02 18:59,322.36,DONE
MV704035,SH103520,1,L-243,L-210,VIN108,D3107,2025-09-20 20:15,2025-09-20 10:54,213.30,DONE
MV704036,SH103521,1,L-229,L-220,VIN206,D3043,2026-01-14 11:50,2026-01-14 10:37,94.61,DONE
MV704037,SH103522,1,L-203,L-248,VIN213,D3047,2026-02-11 20:55,2026-02-11 12:56,271.45,DONE
MV704038,SH103523,1,L-202,L-220,VIN140,D3020,2025-08-27 20:50,2025-08-27 12:32,285.45,DONE
MV704039,SH103523,2,L-220,L-206,VIN163,D3078,2025-08-28 10:20,2025-08-28 13:19,181.89,DONE
MV704040,SH103523,3,L-206,L-233,VIN135,D3063,2025-08-29 19:16,,408.72,PLANNED
MV704041,SH103524,1,L-256,L-226,VIN122,D3108,2025-07-31 14:04,2025-07-31 14:31,353.99,DONE
MV704042,SH103524,2,L-226,L-205,VIN137,D3074,2025-08-01 16:28,2025-08-01 19:35,250.54,DONE
MV704043,SH103525,1,L-245,L-203,VIN148,D3101,2025-05-17 18:56,2025-05-17 06:24,163.71,DONE
MV704044,SH103528,1,L-233,L-230,VIN119,D3046,2025-05-24 07:11,2025-05-24 16:47,198.43,DONE
MV704045,SH103528,2,L-230,L-255,VIN200,D3089,2025-05-25 08:44,2025-05-25 20:29,146.51,DONE
MV704046,SH103528,3,L-255,L-222,VIN122,D3075,2025-05-25 18:32,2025-05-25 11:46,207.93,DONE
MV704047,SH103529,1,L-206,L-231,VIN176,D3020,2026-05-12 16:51,2026-05-12 14:03,103.33,DONE
MV704048,SH103529,2,L-231,L-202,VIN167,D3007,2026-05-12 08:25,2026-05-12 09:53,296.24,DONE
MV704049,SH103530,1,L-251,L-250,VIN213,D3069,2025-06-12 07:12,2025-06-12 14:01,186.92,DONE
MV704050,SH103531,1,L-258,L-255,VIN205,D3004,2026-05-07 21:02,,70.75,ABORTED
MV704051,SH103532,1,L-230,L-225,VIN184,D3044,2025-09-19 17:47,2025-09-19 13:21,359.34,DONE
MV704052,SH103534,1,L-234,L-205,VIN170,D3062,2025-06-21 15:47,2025-06-21 20:38,66.14,DONE
MV704053,SH103534,2,L-205,L-216,VIN129,D3011,2025-06-21 12:00,2025-06-21 13:03,117.59,DONE
MV704054,SH103535,1,L-234,L-214,VIN182,D3093,2026-03-28 09:01,2026-03-28 21:42,248.76,DONE
MV704055,SH103536,1,L-259,L-230,VIN108,D3112,2025-03-31 12:36,2025-03-31 09:00,37.92,DONE
MV704056,SH103536,2,L-230,L-255,VIN104,D3046,2025-04-01 08:29,,122.25,PLANNED
MV704057,SH103537,1,L-208,L-202,VIN168,D3077,2026-05-16 18:52,2026-05-17 16:52,273.82,DONE
MV704058,SH103538,1,L-237,L-219,VIN164,D3005,2025-10-11 06:47,2025-10-12 13:46,255.83,DONE
MV704059,SH103539,1,L-204,L-251,VIN127,D3110,2025-05-06 07:14,,194.72,PLANNED
MV704060,SH103541,1,L-222,L-211,VIN186,D3109,2025-05-14 20:36,2025-05-14 17:27,408.14,DONE
MV704061,SH103541,2,L-211,L-206,VIN219,D3078,2025-05-15 12:33,2025-05-15 14:56,359.15,DONE
MV704062,SH103541,3,L-206,L-237,VIN110,D3040,2025-05-16 18:51,2025-05-16 07:03,280.23,DONE
MV704063,SH103542,1,L-242,L-220,VIN155,D3054,2026-05-12 08:08,2026-05-12 19:33,37.51,DONE
MV704064,SH103543,1,L-232,L-254,VIN134,D3042,2025-02-11 06:05,2025-02-12 15:08,57.66,DONE
MV704065,SH103544,1,L-259,L-237,VIN146,D3048,2025-01-03 21:23,2025-01-03 17:36,156.81,DONE
MV704066,SH103545,1,L-209,L-250,VIN199,D3001,2026-01-06 20:57,,75.07,PLANNED
MV704067,SH103546,1,L-251,L-207,VIN117,D3064,2026-02-15 06:48,2026-02-15 14:30,53.31,DONE
MV704068,SH103547,1,L-234,L-228,VIN219,D3044,2026-02-07 17:50,2026-02-07 13:03,38.37,DONE
MV704069,SH103548,1,L-220,L-249,VIN173,D3104,2025-05-22 10:31,2025-05-22 09:30,216.78,DONE
MV704070,SH103549,1,L-211,L-242,VIN170,D3021,2026-01-08 16:30,2026-01-08 20:14,323.91,DONE
MV704071,SH103550,1,L-252,L-201,VIN159,D3101,2026-01-26 11:17,2026-01-27 09:01,147.17,DONE
MV704072,SH103551,1,L-234,L-203,VIN109,D3115,2025-03-21 18:41,2025-03-21 07:59,369.83,DONE
MV704073,SH103552,1,L-257,L-232,VIN102,D3100,2025-06-11 18:20,2025-06-12 18:21,42.36,DONE
MV704074,SH103553,1,L-219,L-253,VIN184,D3075,2026-02-14 14:11,2026-02-15 08:19,244.28,DONE
MV704075,SH103554,1,L-240,L-256,VIN165,D3032,2025-03-20 21:39,2025-03-21 15:25,83.09,DONE
MV704076,SH103555,1,L-229,L-213,VIN209,D3056,2025-09-08 18:13,2025-09-09 12:53,37.86,DONE
MV704077,SH103556,1,L-226,L-215,VIN208,D3027,2026-03-05 16:27,2026-03-05 09:54,284.30,DONE
MV704078,SH103557,1,L-229,L-257,VIN198,D3106,2025-12-14 09:24,2025-12-15 19:26,56.77,DONE
MV704079,SH103558,1,L-236,L-242,VIN133,D3086,2025-09-14 10:54,2025-09-14 10:02,402.25,DONE
MV704080,SH103559,1,L-241,L-220,VIN208,D3014,2025-04-09 13:21,2025-04-09 15:30,365.44,DONE
MV704081,SH103560,1,L-214,L-232,VIN139,D3104,2025-12-15 21:35,2025-12-15 12:54,384.67,DONE
MV704082,SH103561,1,L-228,L-225,VIN133,D3105,2026-04-08 21:47,2026-04-08 21:22,283.39,DONE
MV704083,SH103563,1,L-206,L-202,VIN219,D3092,2025-03-16 10:36,2025-03-16 15:36,110.81,DONE
MV704084,SH103565,1,L-239,L-243,VIN178,D3116,2026-01-10 07:18,2026-01-11 10:50,82.69,DONE
MV704085,SH103567,1,L-260,L-205,VIN192,D3006,2026-01-22 08:52,2026-01-22 08:21,351.20,DONE
MV704086,SH103568,1,L-244,L-206,VIN141,D3119,2026-03-24 16:12,2026-03-24 06:30,299.33,DONE
MV704087,SH103569,1,L-227,L-246,VIN209,D3042,2025-01-07 19:05,2025-01-07 07:34,306.38,DONE
MV704088,SH103569,2,L-246,L-250,VIN105,D3018,2025-01-07 06:54,2025-01-07 15:08,396.74,DONE
MV704089,SH103570,1,L-247,L-240,VIN115,D3040,2026-01-19 16:19,2026-01-19 15:19,94.22,DONE
MV704090,SH103571,1,L-248,L-201,VIN106,D3078,2026-01-03 15:28,2026-01-03 16:14,64.62,DONE
MV704091,SH103572,1,L-249,L-227,VIN213,D3033,2026-05-03 17:33,2026-05-03 06:11,90.99,DONE
MV704092,SH103573,1,L-260,L-209,VIN151,D3027,2025-12-16 08:59,2025-12-16 09:12,205.54,DONE
MV704093,SH103574,1,L-222,L-206,VIN194,D3052,2025-04-28 14:43,,130.71,ABORTED
MV704094,SH103575,1,L-211,L-226,VIN133,D3071,2026-01-20 21:30,2026-01-21 08:57,117.01,DONE
MV704095,SH103575,2,L-226,L-241,VIN119,D3021,2026-01-21 17:17,2026-01-22 21:58,29.20,DONE
MV704096,SH103575,3,L-241,L-209,VIN198,D3088,2026-01-21 12:08,2026-01-21 09:03,84.33,DONE
MV704097,SH103576,1,L-234,L-210,VIN107,D3101,2026-04-08 06:24,2026-04-09 19:12,406.12,DONE
MV704098,SH103577,1,L-237,L-216,VIN188,D3103,2026-01-06 08:15,2026-01-07 08:32,220.39,DONE
MV704099,SH103578,1,L-218,L-246,VIN138,D3075,2025-06-23 14:49,2025-06-23 12:12,129.12,DONE
MV704100,SH103579,1,L-206,L-204,VIN152,D3020,2026-03-30 21:24,,95.54,ABORTED
MV704101,SH103580,1,L-243,L-259,VIN218,D3048,2025-12-10 12:55,2025-12-11 07:18,34.15,DONE
MV704102,SH103581,1,L-226,L-245,VIN144,D3033,2026-04-22 15:02,2026-04-22 08:00,306.49,DONE
MV704103,SH103581,2,L-245,L-212,VIN158,D3100,2026-04-23 15:41,2026-04-24 13:56,245.00,DONE
MV704104,SH103583,1,L-211,L-231,VIN205,D3008,2025-06-06 07:17,2025-06-06 07:30,268.30,DONE
MV704105,SH103584,1,L-236,L-222,VIN136,D3077,2025-12-26 13:21,2025-12-26 21:30,342.43,DONE
MV704106,SH103585,1,L-240,L-235,VIN118,D3053,2025-02-12 19:58,2025-02-12 10:03,291.97,DONE
MV704107,SH103585,2,L-235,L-231,VIN197,D3066,2025-02-12 13:28,2025-02-13 15:17,330.57,DONE
MV704108,SH103585,3,L-231,L-213,VIN163,D3098,2025-02-13 08:55,2025-02-14 17:03,342.14,DONE
MV704109,SH103586,1,L-255,L-216,VIN213,D3031,2025-01-13 18:46,2025-01-13 06:11,399.47,DONE
MV704110,SH103587,1,L-240,L-205,VIN216,D3065,2025-05-16 20:05,,240.99,PLANNED
MV704111,SH103588,1,L-254,L-229,VIN156,D3054,2025-12-07 09:15,2025-12-07 17:31,59.18,DONE
MV704112,SH103589,1,L-216,L-218,VIN177,D3110,2026-04-26 15:16,2026-04-26 08:56,216.38,DONE
MV704113,SH103590,1,L-214,L-260,VIN129,D3070,2025-07-21 10:47,2025-07-21 18:39,169.97,DONE
MV704114,SH103590,2,L-260,L-259,VIN205,D3040,2025-07-22 16:21,2025-07-22 15:17,192.55,DONE
MV704115,SH103591,1,L-234,L-248,VIN187,D3086,2026-02-22 14:21,2026-02-22 21:20,354.44,DONE
MV704116,SH103592,1,L-202,L-211,VIN190,D3092,2025-07-29 17:30,2025-07-29 19:54,231.38,DONE
MV704117,SH103592,2,L-211,L-250,VIN211,D3018,2025-07-30 10:54,2025-07-30 21:55,83.63,DONE
MV704118,SH103593,1,L-235,L-236,VIN105,D3002,2026-03-13 15:43,2026-03-13 06:02,194.34,DONE
MV704119,SH103594,1,L-214,L-240,VIN164,D3118,2025-06-10 12:47,2025-06-11 19:24,54.37,DONE
MV704120,SH103595,1,L-207,L-208,VIN216,D3100,2025-02-07 11:44,2025-02-08 07:09,220.26,DONE
MV704121,SH103596,1,L-247,L-235,VIN129,D3103,2025-09-28 09:29,2025-09-28 12:22,44.58,DONE
MV704122,SH103596,2,L-235,L-248,VIN154,D3110,2025-09-28 21:29,2025-09-28 14:13,186.36,DONE
MV704123,SH103597,1,L-207,L-215,VIN111,D3008,2025-03-19 13:24,2025-03-19 21:28,82.69,DONE
MV704124,SH103597,2,L-215,L-259,VIN122,D3021,2025-03-20 06:20,2025-03-20 13:25,162.57,DONE
MV704125,SH103598,1,L-244,L-243,VIN129,D3078,2025-06-16 21:53,,78.68,ABORTED
MV704126,SH103599,1,L-217,L-226,VIN193,D3078,2025-03-09 14:56,2025-03-10 10:26,301.09,DONE
MV704127,SH103600,1,L-259,L-224,VIN113,D3016,2026-01-01 18:44,2026-01-01 09:28,29.88,DONE
MV704128,SH103601,1,L-228,L-251,VIN207,D3002,2025-03-23 09:27,2025-03-23 16:23,50.74,DONE
MV704129,SH103602,1,L-201,L-254,VIN105,D3017,2025-05-10 13:03,2025-05-10 11:43,173.96,DONE
MV704130,SH103603,1,L-259,L-216,VIN206,D3042,2025-05-17 12:37,2025-05-18 20:05,195.42,DONE
MV704131,SH103603,2,L-216,L-227,VIN132,D3074,2025-05-18 16:27,2025-05-18 11:34,58.35,DONE
MV704132,SH103604,1,L-249,L-216,VIN115,D3098,2025-03-23 09:20,2025-03-23 07:21,348.14,DONE
MV704133,SH103604,2,L-216,L-221,VIN208,D3110,2025-03-24 13:57,2025-03-24 17:55,320.78,DONE
MV704134,SH103604,3,L-221,L-208,VIN149,D3000,2025-03-24 08:48,2025-03-24 15:47,338.69,DONE
MV704135,SH103605,1,L-202,L-256,VIN128,D3066,2026-04-11 21:49,2026-04-12 17:18,158.49,DONE
MV704136,SH103605,2,L-256,L-241,VIN153,D3040,2026-04-12 16:00,2026-04-12 17:36,134.06,DONE
MV704137,SH103606,1,L-224,L-230,VIN184,D3064,2025-09-09 14:47,2025-09-10 19:40,330.93,DONE
MV704138,SH103606,2,L-230,L-228,VIN179,D3108,2025-09-09 19:02,2025-09-10 19:07,58.97,DONE
MV704139,SH103607,1,L-242,L-201,VIN171,D3088,2025-01-13 08:12,2025-01-13 19:04,129.88,DONE
MV704140,SH103608,1,L-209,L-230,VIN147,D3107,2026-04-11 06:24,2026-04-11 15:53,131.62,DONE
MV704141,SH103608,2,L-230,L-207,VIN140,D3098,2026-04-12 11:12,2026-04-12 07:12,80.73,DONE
MV704142,SH103609,1,L-219,L-256,VIN155,D3067,2025-03-11 15:46,2025-03-11 17:13,227.54,DONE
MV704143,SH103610,1,L-203,L-259,VIN210,D3012,2025-09-27 12:02,2025-09-28 19:42,214.60,DONE
MV704144,SH103611,1,L-211,L-210,VIN106,D3025,2025-08-30 17:09,2025-08-30 17:35,70.69,DONE
MV704145,SH103613,1,L-260,L-236,VIN173,D3016,2026-03-02 16:25,2026-03-02 18:06,287.09,DONE
MV704146,SH103614,1,L-201,L-218,VIN177,D3071,2025-07-01 15:09,2025-07-02 11:17,283.94,DONE
MV704147,SH103615,1,L-208,L-235,VIN136,D3064,2025-11-23 10:57,2025-11-23 14:21,29.97,DONE
MV704148,SH103616,1,L-227,L-230,VIN165,D3096,2025-03-21 15:17,2025-03-21 19:48,280.67,DONE
MV704149,SH103616,2,L-230,L-219,VIN174,D3014,2025-03-22 14:58,,49.82,ABORTED
MV704150,SH103618,1,L-207,L-206,VIN170,D3036,2025-05-08 14:24,2025-05-08 11:20,44.50,DONE
MV704151,SH103619,1,L-244,L-235,VIN130,D3040,2025-09-18 13:00,2025-09-18 13:55,74.17,DONE
MV704152,SH103621,1,L-230,L-234,VIN196,D3027,2026-02-10 16:10,2026-02-10 16:00,312.47,DONE
MV704153,SH103622,1,L-210,L-211,VIN214,D3119,2026-01-01 12:14,2026-01-01 10:53,133.55,DONE
MV704154,SH103623,1,L-245,L-253,VIN219,D3069,2025-09-09 11:47,2025-09-10 15:12,194.79,DONE
MV704155,SH103624,1,L-238,L-236,VIN131,D3111,2026-02-04 10:24,2026-02-05 08:55,69.79,DONE
MV704156,SH103625,1,L-209,L-260,VIN114,D3080,2025-01-28 13:30,2025-01-28 10:34,202.96,DONE
MV704157,SH103626,1,L-242,L-260,VIN155,D3064,2025-08-17 07:09,2025-08-17 06:15,149.28,DONE
MV704158,SH103627,1,L-234,L-217,VIN139,D3054,2025-02-13 21:55,2025-02-13 19:39,310.37,DONE
MV704159,SH103628,1,L-225,L-210,VIN146,D3075,2025-12-21 17:57,2025-12-21 13:49,322.94,DONE
MV704160,SH103629,1,L-237,L-246,VIN115,D3016,2026-02-08 16:29,2026-02-09 17:52,178.37,DONE
MV704161,SH103630,1,L-226,L-203,VIN203,D3091,2025-06-19 08:14,2025-06-19 14:15,357.38,DONE
MV704162,SH103631,1,L-255,L-208,VIN200,D3101,2025-04-26 16:19,2025-04-26 12:44,369.39,DONE
MV704163,SH103632,1,L-227,L-244,VIN179,D3106,2025-05-15 21:13,,336.63,PLANNED
MV704164,SH103634,1,L-244,L-221,VIN133,D3081,2025-09-10 06:21,2025-09-10 09:03,100.43,DONE
MV704165,SH103634,2,L-221,L-238,VIN194,D3065,2025-09-11 09:12,2025-09-11 15:49,155.87,DONE
MV704166,SH103635,1,L-215,L-254,VIN149,D3070,2025-09-14 15:32,2025-09-14 06:30,202.94,DONE
MV704167,SH103636,1,L-238,L-202,VIN136,D3104,2025-01-11 20:05,2025-01-11 06:19,228.96,DONE
MV704168,SH103637,1,L-257,L-215,VIN136,D3082,2025-02-03 10:11,2025-02-03 13:10,380.92,DONE
MV704169,SH103637,2,L-215,L-244,VIN128,D3060,2025-02-04 10:04,2025-02-04 13:25,110.46,DONE
MV704170,SH103638,1,L-236,L-214,VIN169,D3033,2025-12-28 13:32,2025-12-28 14:36,245.04,DONE
MV704171,SH103639,1,L-226,L-260,VIN114,D3041,2025-08-23 08:23,2025-08-24 17:07,298.73,DONE
MV704172,SH103640,1,L-236,L-241,VIN113,D3104,2025-04-18 14:18,2025-04-19 06:06,349.37,DONE
MV704173,SH103640,2,L-241,L-205,VIN190,D3054,2025-04-18 21:09,2025-04-18 16:55,292.33,DONE
MV704174,SH103640,3,L-205,L-229,VIN168,D3006,2025-04-19 11:29,,188.54,ABORTED
MV704175,SH103641,1,L-219,L-258,VIN150,D3031,2026-04-29 08:15,2026-04-29 21:30,223.30,DONE
MV704176,SH103642,1,L-217,L-228,VIN166,D3051,2025-11-08 10:47,2025-11-09 10:28,329.25,DONE
MV704177,SH103643,1,L-258,L-206,VIN189,D3079,2025-09-24 14:45,2025-09-25 09:28,51.27,DONE
MV704178,SH103644,1,L-240,L-208,VIN161,D3020,2025-05-28 16:23,2025-05-29 13:39,64.00,DONE
MV704179,SH103645,1,L-250,L-251,VIN166,D3082,2025-12-20 13:51,2025-12-21 20:03,137.55,DONE
MV704180,SH103647,1,L-251,L-205,VIN124,D3038,2025-05-08 07:51,,259.27,PLANNED
MV704181,SH103648,1,L-212,L-213,VIN171,D3000,2025-08-19 16:52,2025-08-19 06:57,283.18,DONE
MV704182,SH103649,1,L-205,L-218,VIN134,D3010,2025-08-16 10:57,2025-08-16 06:50,303.29,DONE
MV704183,SH103650,1,L-201,L-225,VIN182,D3081,2025-04-12 18:26,2025-04-12 14:46,270.15,DONE
MV704184,SH103650,2,L-225,L-260,VIN155,D3098,2025-04-13 20:48,2025-04-14 08:37,65.46,DONE
MV704185,SH103651,1,L-233,L-226,VIN147,D3055,2026-02-19 08:38,2026-02-20 18:43,83.30,DONE
MV704186,SH103651,2,L-226,L-244,VIN189,D3034,2026-02-19 19:21,2026-02-20 16:34,103.92,DONE
MV704187,SH103652,1,L-229,L-202,VIN140,D3055,2025-12-27 19:31,2025-12-27 10:46,322.59,DONE
MV704188,SH103653,1,L-228,L-226,VIN125,D3028,2025-01-09 07:08,2025-01-10 14:30,80.80,DONE
MV704189,SH103654,1,L-251,L-244,VIN203,D3119,2025-07-10 06:19,2025-07-11 08:55,276.06,DONE
MV704190,SH103655,1,L-250,L-216,VIN188,D3044,2026-01-09 14:03,2026-01-09 16:30,313.98,DONE
MV704191,SH103656,1,L-207,L-249,VIN137,D3020,2025-06-20 10:02,,311.71,ABORTED
MV704192,SH103657,1,L-256,L-230,VIN146,D3029,2026-05-06 14:39,2026-05-06 06:05,282.75,DONE
MV704193,SH103657,2,L-230,L-206,VIN212,D3101,2026-05-06 06:28,2026-05-06 15:27,318.38,DONE
MV704194,SH103657,3,L-206,L-221,VIN216,D3028,2026-05-07 14:01,2026-05-07 11:57,191.12,DONE
MV704195,SH103658,1,L-208,L-245,VIN214,D3084,2025-07-03 09:04,2025-07-04 10:06,110.18,DONE
MV704196,SH103659,1,L-201,L-258,VIN155,D3076,2026-02-26 08:33,2026-02-26 07:21,310.96,DONE
MV704197,SH103660,1,L-216,L-206,VIN207,D3014,2025-06-30 14:23,2025-06-30 15:40,116.51,DONE
MV704198,SH103661,1,L-234,L-203,VIN215,D3090,2026-04-16 08:05,2026-04-17 08:44,391.59,DONE
MV704199,SH103662,1,L-221,L-234,VIN111,D3023,2025-11-15 15:21,2025-11-15 16:40,358.94,DONE
MV704200,SH103663,1,L-210,L-220,VIN193,D3094,2025-09-08 13:26,2025-09-09 21:46,138.85,DONE
MV704201,SH103664,1,L-215,L-219,VIN166,D3004,2026-01-21 16:43,2026-01-21 13:12,173.72,DONE
MV704202,SH103665,1,L-212,L-205,VIN212,D3105,2025-12-23 21:09,2025-12-23 09:35,141.40,DONE
MV704203,SH103665,2,L-205,L-226,VIN115,D3014,2025-12-24 14:51,2025-12-24 08:14,332.52,DONE
MV704204,SH103666,1,L-220,L-258,VIN184,D3042,2025-08-24 12:40,2025-08-24 11:09,213.54,DONE
MV704205,SH103667,1,L-241,L-245,VIN167,D3077,2025-12-24 15:44,,30.44,ABORTED
MV704206,SH103668,1,L-218,L-235,VIN109,D3000,2025-10-05 12:40,2025-10-05 09:42,295.01,DONE
MV704207,SH103669,1,L-214,L-220,VIN191,D3070,2025-09-23 13:56,2025-09-24 08:50,59.76,DONE
MV704208,SH103669,2,L-220,L-248,VIN128,D3110,2025-09-23 13:11,2025-09-24 17:47,101.61,DONE
MV704209,SH103670,1,L-252,L-206,VIN139,D3016,2026-01-20 10:18,2026-01-20 16:58,311.24,DONE
MV704210,SH103671,1,L-208,L-224,VIN140,D3059,2026-02-17 15:55,2026-02-17 16:51,238.11,DONE
MV704211,SH103672,1,L-245,L-235,VIN123,D3018,2025-11-25 14:46,2025-11-26 17:19,342.86,DONE
MV704212,SH103672,2,L-235,L-255,VIN149,D3046,2025-11-26 09:43,2025-11-26 19:08,297.11,DONE
MV704213,SH103672,3,L-255,L-232,VIN155,D3018,2025-11-27 06:07,2025-11-28 07:59,401.52,DONE
MV704214,SH103673,1,L-221,L-218,VIN170,D3016,2026-02-24 20:01,2026-02-25 07:07,187.12,DONE
MV704215,SH103674,1,L-209,L-215,VIN150,D3066,2026-03-26 06:08,2026-03-26 09:31,397.69,DONE
MV704216,SH103675,1,L-249,L-213,VIN178,D3042,2026-04-12 19:40,2026-04-13 10:55,262.28,DONE
MV704217,SH103676,1,L-206,L-233,VIN202,D3071,2026-05-14 09:57,,358.31,PLANNED
MV704218,SH103677,1,L-251,L-249,VIN202,D3010,2025-07-12 08:19,2025-07-13 18:04,175.40,DONE
MV704219,SH103678,1,L-255,L-255,VIN193,D3116,2025-04-07 10:53,2025-04-07 17:02,375.21,DONE
MV704220,SH103678,2,L-255,L-213,VIN126,D3023,2025-04-08 07:52,2025-04-08 21:37,35.34,DONE
MV704221,SH103679,1,L-227,L-242,VIN100,D3046,2025-05-27 20:33,2025-05-27 20:30,68.32,DONE
MV704222,SH103680,1,L-208,L-214,VIN165,D3082,2025-10-11 14:22,2025-10-11 19:51,61.02,DONE
MV704223,SH103681,1,L-230,L-247,VIN157,D3093,2026-05-16 13:19,2026-05-16 14:48,392.38,DONE
MV704224,SH103683,1,L-246,L-242,VIN125,D3087,2026-02-04 20:23,2026-02-04 20:35,321.52,DONE
MV704225,SH103684,1,L-229,L-237,VIN170,D3022,2026-02-22 11:00,2026-02-22 09:02,350.29,DONE
MV704226,SH103685,1,L-248,L-206,VIN181,D3022,2025-11-11 10:44,2025-11-11 13:17,55.88,DONE
MV704227,SH103686,1,L-236,L-229,VIN110,D3093,2025-03-17 10:07,2025-03-18 20:48,84.61,DONE
MV704228,SH103688,1,L-205,L-227,VIN123,D3063,2026-02-27 10:14,2026-02-28 06:22,244.53,DONE
MV704229,SH103689,1,L-201,L-234,VIN116,D3044,2025-03-30 09:09,,288.54,PLANNED
MV704230,SH103690,1,L-233,L-222,VIN133,D3118,2025-11-14 19:53,2025-11-14 06:04,227.94,DONE
MV704231,SH103691,1,L-253,L-245,VIN201,D3000,2025-04-27 12:50,2025-04-27 18:36,168.22,DONE
MV704232,SH103692,1,L-219,L-240,VIN183,D3097,2026-01-31 15:15,2026-01-31 16:02,316.89,DONE
MV704233,SH103693,1,L-211,L-220,VIN123,D3017,2025-07-22 19:34,2025-07-23 10:39,384.78,DONE
MV704234,SH103693,2,L-220,L-255,VIN203,D3105,2025-07-22 13:17,2025-07-22 06:57,52.90,DONE
MV704235,SH103694,1,L-251,L-230,VIN166,D3115,2026-03-10 11:01,2026-03-10 08:23,172.34,DONE
MV704236,SH103694,2,L-230,L-249,VIN133,D3109,2026-03-11 15:27,2026-03-12 12:06,266.83,DONE
MV704237,SH103695,1,L-207,L-251,VIN105,D3095,2025-09-11 09:42,2025-09-11 20:23,284.45,DONE
MV704238,SH103696,1,L-232,L-215,VIN116,D3010,2026-02-19 17:26,2026-02-19 11:33,195.11,DONE
MV704239,SH103697,1,L-237,L-212,VIN146,D3018,2025-10-13 10:33,2025-10-13 13:19,33.76,DONE
MV704240,SH103698,1,L-203,L-226,VIN164,D3027,2026-02-09 10:39,2026-02-09 17:56,238.73,DONE
MV704241,SH103698,2,L-226,L-228,VIN162,D3099,2026-02-09 09:39,2026-02-09 18:26,128.54,DONE
MV704242,SH103700,1,L-213,L-208,VIN185,D3063,2025-05-12 20:18,2025-05-13 21:59,407.53,DONE
MV704243,SH103701,1,L-226,L-251,VIN136,D3005,2026-04-06 11:31,2026-04-06 20:38,183.52,DONE
MV704244,SH103702,1,L-229,L-240,VIN219,D3050,2026-03-11 14:59,2026-03-12 13:41,182.94,DONE
MV704245,SH103703,1,L-212,L-211,VIN203,D3071,2025-04-11 14:35,2025-04-11 07:13,193.89,DONE
MV704246,SH103703,2,L-211,L-213,VIN149,D3018,2025-04-12 14:17,2025-04-13 06:53,385.37,DONE
MV704247,SH103704,1,L-240,L-246,VIN153,D3069,2025-03-25 13:48,2025-03-26 11:27,31.19,DONE
MV704248,SH103704,2,L-246,L-207,VIN188,D3015,2025-03-26 07:38,2025-03-26 16:53,237.74,DONE
MV704249,SH103705,1,L-208,L-210,VIN144,D3059,2026-02-06 20:59,2026-02-06 14:39,404.01,DONE
MV704250,SH103705,2,L-210,L-227,VIN111,D3076,2026-02-07 12:18,2026-02-07 21:05,402.57,DONE
MV704251,SH103706,1,L-229,L-214,VIN109,D3081,2025-06-10 12:27,2025-06-11 18:23,41.27,DONE
MV704252,SH103707,1,L-216,L-246,VIN203,D3086,2025-02-20 10:21,2025-02-20 14:46,195.13,DONE
MV704253,SH103707,2,L-246,L-210,VIN169,D3061,2025-02-21 13:29,2025-02-21 21:05,126.69,DONE
MV704254,SH103707,3,L-210,L-252,VIN168,D3065,2025-02-21 15:20,2025-02-22 07:55,398.79,DONE
MV704255,SH103708,1,L-250,L-218,VIN218,D3046,2025-01-20 15:12,2025-01-20 21:53,127.95,DONE
MV704256,SH103710,1,L-256,L-233,VIN121,D3079,2026-04-26 20:38,2026-04-26 08:41,395.26,DONE
MV704257,SH103711,1,L-233,L-216,VIN199,D3001,2025-01-24 11:18,2025-01-24 15:17,377.32,DONE
MV704258,SH103711,2,L-216,L-220,VIN190,D3046,2025-01-25 17:47,2025-01-25 12:52,85.00,DONE
MV704259,SH103711,3,L-220,L-221,VIN114,D3098,2025-01-26 11:17,2025-01-27 08:08,227.82,DONE
MV704260,SH103712,1,L-258,L-246,VIN166,D3100,2025-12-31 15:19,2026-01-01 06:39,244.03,DONE
MV704261,SH103713,1,L-231,L-216,VIN154,D3072,2025-05-04 12:53,2025-05-05 16:52,76.07,DONE
MV704262,SH103714,1,L-208,L-227,VIN199,D3026,2026-05-10 20:18,2026-05-10 08:52,256.78,DONE
MV704263,SH103715,1,L-242,L-205,VIN194,D3041,2025-07-05 06:25,,282.27,PLANNED
MV704264,SH103716,1,L-208,L-247,VIN200,D3105,2026-02-17 06:57,2026-02-17 09:57,256.02,DONE
MV704265,SH103717,1,L-212,L-247,VIN177,D3010,2025-10-17 06:04,2025-10-17 13:20,317.84,DONE
MV704266,SH103718,1,L-239,L-260,VIN146,D3085,2026-03-23 10:23,2026-03-23 21:46,391.89,DONE
MV704267,SH103718,2,L-260,L-206,VIN137,D3109,2026-03-23 21:38,2026-03-24 06:31,110.83,DONE
MV704268,SH103718,3,L-206,L-234,VIN131,D3088,2026-03-24 10:03,2026-03-24 17:39,305.86,DONE
MV704269,SH103720,1,L-236,L-258,VIN136,D3041,2025-08-12 13:24,2025-08-12 13:02,152.27,DONE
MV704270,SH103721,1,L-212,L-256,VIN204,D3030,2026-02-05 20:46,2026-02-05 20:08,377.62,DONE
MV704271,SH103722,1,L-207,L-220,VIN122,D3061,2025-01-31 12:28,2025-01-31 12:24,34.73,DONE
MV704272,SH103722,2,L-220,L-236,VIN212,D3017,2025-01-31 06:20,2025-01-31 10:06,369.11,DONE
MV704273,SH103723,1,L-206,L-244,VIN112,D3000,2025-01-11 13:51,2025-01-11 18:00,80.34,DONE
MV704274,SH103724,1,L-226,L-206,VIN179,D3011,2026-03-04 09:39,2026-03-04 19:48,350.47,DONE
MV704275,SH103725,1,L-245,L-216,VIN106,D3085,2026-03-25 15:51,2026-03-26 13:08,134.30,DONE
MV704276,SH103726,1,L-222,L-253,VIN158,D3086,2026-02-23 13:18,2026-02-24 13:29,28.20,DONE
MV704277,SH103727,1,L-227,L-203,VIN184,D3058,2025-03-17 13:11,2025-03-17 10:18,380.13,DONE
MV704278,SH103728,1,L-260,L-230,VIN170,D3075,2025-10-29 08:53,2025-10-29 13:10,166.33,DONE
MV704279,SH103728,2,L-230,L-245,VIN182,D3083,2025-10-30 11:24,2025-10-31 18:41,100.91,DONE
MV704280,SH103728,3,L-245,L-232,VIN116,D3107,2025-10-30 15:05,,201.23,ABORTED
MV704281,SH103729,1,L-257,L-239,VIN201,D3055,2025-07-17 08:50,2025-07-17 13:04,95.68,DONE
MV704282,SH103730,1,L-226,L-242,VIN128,D3012,2025-06-14 21:58,2025-06-14 06:55,402.63,DONE
MV704283,SH103731,1,L-209,L-219,VIN203,D3076,2025-05-04 06:47,2025-05-05 17:46,393.17,DONE
MV704284,SH103732,1,L-205,L-217,VIN193,D3105,2025-09-11 18:33,2025-09-11 12:06,211.31,DONE
MV704285,SH103734,1,L-245,L-203,VIN123,D3109,2025-10-13 19:10,2025-10-14 15:24,264.09,DONE
MV704286,SH103735,1,L-239,L-207,VIN160,D3011,2025-07-29 17:24,2025-07-29 12:44,213.18,DONE
MV704287,SH103736,1,L-216,L-224,VIN145,D3112,2025-04-21 06:04,,154.84,PLANNED
MV704288,SH103737,1,L-250,L-259,VIN177,D3032,2025-06-14 10:06,2025-06-14 11:55,78.19,DONE
MV704289,SH103738,1,L-251,L-230,VIN138,D3101,2025-09-16 12:29,2025-09-16 14:38,127.69,DONE
MV704290,SH103739,1,L-211,L-242,VIN204,D3013,2025-09-11 21:17,,154.40,PLANNED
MV704291,SH103740,1,L-215,L-206,VIN167,D3041,2025-08-17 18:22,2025-08-17 18:41,163.93,DONE
MV704292,SH103740,2,L-206,L-210,VIN175,D3023,2025-08-18 16:44,2025-08-19 20:29,323.82,DONE
MV704293,SH103741,1,L-254,L-234,VIN176,D3027,2026-03-08 20:10,2026-03-08 14:22,353.99,DONE
MV704294,SH103742,1,L-208,L-214,VIN146,D3060,2025-08-28 13:39,2025-08-28 07:41,55.84,DONE
MV704295,SH103743,1,L-243,L-228,VIN150,D3097,2025-10-18 06:26,2025-10-18 07:12,98.91,DONE
MV704296,SH103744,1,L-258,L-249,VIN100,D3075,2025-01-04 18:58,2025-01-04 09:57,304.49,DONE
MV704297,SH103745,1,L-237,L-248,VIN161,D3107,2026-02-16 11:24,2026-02-17 13:05,122.19,DONE
MV704298,SH103746,1,L-217,L-239,VIN168,D3034,2026-01-22 10:23,2026-01-22 13:48,275.76,DONE
MV704299,SH103747,1,L-202,L-228,VIN101,D3105,2025-01-29 15:14,2025-01-29 20:12,128.19,DONE
MV704300,SH103748,1,L-207,L-226,VIN128,D3011,2025-05-04 15:06,2025-05-05 21:30,402.03,DONE
MV704301,SH103748,2,L-226,L-203,VIN139,D3039,2025-05-05 06:28,2025-05-05 13:39,409.49,DONE
MV704302,SH103749,1,L-222,L-240,VIN140,D3059,2025-05-13 08:05,2025-05-13 07:57,253.28,DONE
MV704303,SH103750,1,L-220,L-245,VIN123,D3119,2026-03-16 10:36,2026-03-17 12:12,387.54,DONE
MV704304,SH103752,1,L-255,L-207,VIN189,D3061,2025-08-19 17:13,2025-08-19 18:54,161.54,DONE
MV704305,SH103753,1,L-252,L-251,VIN127,D3035,2025-11-25 11:17,2025-11-25 15:29,191.14,DONE
MV704306,SH103753,2,L-251,L-230,VIN208,D3027,2025-11-26 16:38,2025-11-26 16:03,246.84,DONE
MV704307,SH103754,1,L-204,L-244,VIN107,D3003,2025-08-31 20:38,2025-09-01 13:32,387.41,DONE
MV704308,SH103755,1,L-235,L-227,VIN204,D3111,2025-04-24 13:35,2025-04-25 16:17,253.41,DONE
MV704309,SH103756,1,L-250,L-210,VIN121,D3030,2026-05-01 10:12,2026-05-01 09:24,132.64,DONE
MV704310,SH103756,2,L-210,L-201,VIN185,D3035,2026-05-02 06:04,2026-05-03 10:22,91.30,DONE
MV704311,SH103757,1,L-202,L-222,VIN204,D3063,2025-04-19 19:17,2025-04-20 12:02,79.74,DONE
MV704312,SH103760,1,L-220,L-201,VIN112,D3072,2026-05-02 20:11,2026-05-02 18:23,301.49,DONE
MV704313,SH103762,1,L-214,L-255,VIN173,D3057,2026-01-25 21:33,2026-01-25 06:40,91.71,DONE
MV704314,SH103763,1,L-229,L-201,VIN199,D3093,2025-09-24 14:00,2025-09-24 20:49,91.45,DONE
MV704315,SH103764,1,L-253,L-230,VIN216,D3096,2025-07-05 06:39,2025-07-05 08:46,262.02,DONE
MV704316,SH103764,2,L-230,L-217,VIN190,D3054,2025-07-06 06:01,2025-07-06 15:36,196.05,DONE
MV704317,SH103765,1,L-230,L-221,VIN208,D3012,2025-09-25 13:50,2025-09-25 11:03,233.42,DONE
MV704318,SH103766,1,L-222,L-204,VIN144,D3069,2026-04-23 11:25,2026-04-24 10:38,85.21,DONE
MV704319,SH103767,1,L-253,L-222,VIN188,D3070,2025-08-02 14:23,2025-08-03 11:51,251.93,DONE
MV704320,SH103768,1,L-212,L-218,VIN112,D3101,2026-03-02 18:57,2026-03-02 19:21,328.54,DONE
MV704321,SH103769,1,L-258,L-243,VIN197,D3002,2025-12-12 11:08,2025-12-12 17:49,156.06,DONE
MV704322,SH103770,1,L-255,L-249,VIN196,D3109,2025-04-17 19:13,2025-04-18 18:05,81.93,DONE
MV704323,SH103771,1,L-215,L-231,VIN192,D3037,2025-10-10 15:18,2025-10-11 19:45,339.22,DONE
MV704324,SH103772,1,L-225,L-220,VIN168,D3083,2026-04-19 08:21,2026-04-20 12:49,34.66,DONE
MV704325,SH103773,1,L-235,L-253,VIN201,D3053,2025-06-05 15:12,2025-06-05 09:53,113.12,DONE
MV704326,SH103774,1,L-209,L-238,VIN156,D3040,2025-02-04 19:57,2025-02-05 11:08,270.41,DONE
MV704327,SH103775,1,L-227,L-226,VIN125,D3042,2025-12-25 14:53,2025-12-25 08:03,64.79,DONE
MV704328,SH103775,2,L-226,L-215,VIN126,D3050,2025-12-25 19:47,2025-12-25 19:12,165.66,DONE
MV704329,SH103775,3,L-215,L-219,VIN102,D3096,2025-12-25 08:25,2025-12-25 21:27,143.40,DONE
MV704330,SH103776,1,L-245,L-202,VIN105,D3076,2025-12-31 16:11,2026-01-01 20:13,295.69,DONE
MV704331,SH103777,1,L-214,L-210,VIN190,D3066,2025-09-25 08:51,2025-09-26 06:56,224.10,DONE
MV704332,SH103777,2,L-210,L-211,VIN120,D3013,2025-09-26 11:24,2025-09-26 20:15,147.33,DONE
MV704333,SH103777,3,L-211,L-256,VIN126,D3017,2025-09-26 21:35,2025-09-26 06:06,164.90,DONE
MV704334,SH103778,1,L-226,L-215,VIN153,D3097,2025-12-16 11:18,2025-12-16 08:55,375.41,DONE
MV704335,SH103778,2,L-215,L-201,VIN211,D3109,2025-12-16 21:14,2025-12-16 10:19,93.98,DONE
MV704336,SH103779,1,L-259,L-260,VIN190,D3110,2025-06-25 18:14,2025-06-25 09:52,324.18,DONE
MV704337,SH103780,1,L-213,L-217,VIN154,D3116,2025-06-09 09:05,2025-06-10 16:12,32.92,DONE
MV704338,SH103781,1,L-224,L-241,VIN174,D3065,2025-04-15 08:59,2025-04-16 06:20,32.21,DONE
MV704339,SH103782,1,L-206,L-256,VIN114,D3090,2025-05-07 15:48,2025-05-07 10:24,40.14,DONE
MV704340,SH103782,2,L-256,L-257,VIN187,D3098,2025-05-08 06:47,2025-05-08 21:48,390.18,DONE
MV704341,SH103783,1,L-217,L-213,VIN132,D3111,2025-07-21 11:54,2025-07-21 11:05,233.25,DONE
MV704342,SH103784,1,L-245,L-215,VIN187,D3037,2026-01-11 20:56,2026-01-12 17:53,302.88,DONE
MV704343,SH103785,1,L-226,L-251,VIN180,D3027,2025-12-03 17:11,2025-12-04 11:34,405.01,DONE
MV704344,SH103786,1,L-253,L-211,VIN185,D3008,2025-02-07 16:07,2025-02-08 08:47,330.24,DONE
MV704345,SH103787,1,L-250,L-260,VIN168,D3063,2025-03-11 07:21,2025-03-12 10:43,355.71,DONE
MV704346,SH103789,1,L-212,L-228,VIN193,D3035,2025-12-06 12:11,2025-12-07 13:01,266.27,DONE
MV704347,SH103790,1,L-228,L-246,VIN215,D3110,2026-04-28 16:51,2026-04-28 07:17,295.35,DONE
MV704348,SH103791,1,L-248,L-219,VIN173,D3050,2025-02-22 16:46,2025-02-23 20:49,293.56,DONE
MV704349,SH103792,1,L-229,L-260,VIN171,D3007,2025-09-05 18:51,2025-09-05 20:40,405.82,DONE
MV704350,SH103793,1,L-238,L-222,VIN162,D3004,2026-02-19 07:46,2026-02-20 19:22,282.42,DONE
MV704351,SH103794,1,L-235,L-252,VIN145,D3031,2025-06-23 21:15,2025-06-24 08:53,134.92,DONE
MV704352,SH103795,1,L-217,L-230,VIN208,D3008,2025-06-03 10:32,,143.41,PLANNED
MV704353,SH103796,1,L-233,L-214,VIN147,D3097,2026-04-05 14:58,2026-04-05 14:09,205.40,DONE
MV704354,SH103797,1,L-252,L-220,VIN130,D3103,2025-03-10 21:38,2025-03-10 08:35,325.62,DONE
MV704355,SH103797,2,L-220,L-215,VIN108,D3103,2025-03-11 16:57,2025-03-11 11:18,64.05,DONE
MV704356,SH103798,1,L-204,L-253,VIN162,D3057,2025-05-16 19:37,2025-05-16 06:30,207.59,DONE
MV704357,SH103799,1,L-229,L-240,VIN179,D3039,2025-07-04 13:21,2025-07-05 07:02,230.16,DONE
MV704358,SH103801,1,L-246,L-211,VIN200,D3066,2025-10-10 17:30,2025-10-10 19:08,325.69,DONE
MV704359,SH103802,1,L-247,L-260,VIN100,D3089,2025-08-30 14:21,2025-08-30 20:50,210.45,DONE
MV704360,SH103803,1,L-240,L-234,VIN196,D3104,2025-09-12 15:02,2025-09-13 12:39,345.58,DONE
MV704361,SH103804,1,L-207,L-211,VIN175,D3071,2025-04-20 15:32,2025-04-20 20:24,141.73,DONE
MV704362,SH103804,2,L-211,L-239,VIN160,D3010,2025-04-20 15:48,2025-04-21 09:11,333.94,DONE
MV704363,SH103805,1,L-210,L-246,VIN203,D3027,2026-01-24 15:34,2026-01-24 09:47,122.21,DONE
MV704364,SH103805,2,L-246,L-214,VIN213,D3029,2026-01-24 12:13,2026-01-24 19:25,62.03,DONE
MV704365,SH103806,1,L-231,L-232,VIN138,D3101,2026-05-03 10:42,,46.77,PLANNED
MV704366,SH103807,1,L-201,L-257,VIN206,D3113,2026-01-13 16:43,2026-01-14 07:30,135.98,DONE
MV704367,SH103808,1,L-215,L-246,VIN160,D3076,2025-06-13 13:04,2025-06-13 20:20,166.57,DONE
MV704368,SH103808,2,L-246,L-236,VIN218,D3019,2025-06-14 14:52,2025-06-14 15:36,238.79,DONE
MV704369,SH103808,3,L-236,L-242,VIN119,D3036,2025-06-15 14:14,2025-06-15 07:19,91.88,DONE
MV704370,SH103809,1,L-232,L-245,VIN189,D3008,2026-03-30 17:37,2026-03-31 14:23,155.89,DONE
MV704371,SH103810,1,L-242,L-241,VIN116,D3118,2025-11-06 12:03,2025-11-06 11:29,260.14,DONE
MV704372,SH103810,2,L-241,L-214,VIN204,D3070,2025-11-06 09:42,2025-11-07 19:44,216.63,DONE
MV704373,SH103811,1,L-247,L-231,VIN102,D3024,2025-05-02 09:13,,369.84,PLANNED
MV704374,SH103812,1,L-240,L-219,VIN179,D3036,2025-12-30 19:49,2025-12-30 12:27,344.44,DONE
MV704375,SH103813,1,L-205,L-252,VIN158,D3031,2026-04-14 06:56,2026-04-14 17:40,233.25,DONE
MV704376,SH103814,1,L-214,L-211,VIN181,D3099,2025-04-07 09:18,2025-04-08 10:24,106.95,DONE
MV704377,SH103814,2,L-211,L-245,VIN105,D3107,2025-04-08 18:51,2025-04-08 10:01,28.03,DONE
MV704378,SH103814,3,L-245,L-224,VIN107,D3054,2025-04-08 21:31,2025-04-08 12:20,76.43,DONE
MV704379,SH103815,1,L-240,L-208,VIN158,D3109,2025-08-28 20:43,2025-08-28 14:33,252.17,DONE
MV704380,SH103816,1,L-235,L-207,VIN160,D3088,2025-10-20 10:26,2025-10-20 17:30,33.17,DONE
MV704381,SH103817,1,L-239,L-219,VIN192,D3008,2026-04-14 08:02,,171.17,PLANNED
MV704382,SH103818,1,L-204,L-252,VIN210,D3018,2025-06-14 20:29,2025-06-15 21:46,258.54,DONE
MV704383,SH103819,1,L-214,L-201,VIN210,D3018,2025-09-23 06:22,2025-09-23 16:03,73.62,DONE
MV704384,SH103821,1,L-213,L-237,VIN188,D3108,2025-04-05 06:56,2025-04-05 14:19,224.36,DONE
MV704385,SH103822,1,L-243,L-226,VIN110,D3030,2025-06-04 19:57,2025-06-04 09:17,366.08,DONE
MV704386,SH103823,1,L-222,L-220,VIN164,D3047,2025-01-30 15:30,,242.30,PLANNED
MV704387,SH103824,1,L-218,L-205,VIN163,D3034,2025-04-24 14:19,2025-04-24 06:10,384.14,DONE
MV704388,SH103824,2,L-205,L-242,VIN190,D3081,2025-04-25 16:50,2025-04-26 14:54,339.84,DONE
MV704389,SH103825,1,L-250,L-248,VIN199,D3082,2025-09-25 10:43,2025-09-25 16:26,404.77,DONE
MV704390,SH103826,1,L-256,L-250,VIN203,D3084,2026-05-05 20:06,2026-05-05 19:31,407.09,DONE
MV704391,SH103826,2,L-250,L-224,VIN107,D3062,2026-05-06 20:20,2026-05-06 08:59,126.65,DONE
MV704392,SH103827,1,L-222,L-260,VIN178,D3116,2025-10-07 06:04,2025-10-07 19:38,303.95,DONE
MV704393,SH103827,2,L-260,L-228,VIN101,D3031,2025-10-08 07:46,2025-10-09 20:14,316.35,DONE
MV704394,SH103828,1,L-231,L-230,VIN152,D3080,2026-03-13 16:47,2026-03-13 20:16,286.53,DONE
MV704395,SH103829,1,L-217,L-227,VIN116,D3104,2026-02-07 11:49,2026-02-07 15:30,86.00,DONE
MV704396,SH103830,1,L-245,L-240,VIN185,D3104,2025-07-19 21:09,2025-07-19 11:03,67.49,DONE
MV704397,SH103832,1,L-237,L-248,VIN126,D3032,2026-03-22 06:19,2026-03-22 07:38,44.70,DONE
MV704398,SH103833,1,L-204,L-234,VIN111,D3103,2025-11-04 09:28,,137.89,PLANNED
MV704399,SH103834,1,L-220,L-236,VIN172,D3115,2025-12-01 19:16,2025-12-01 15:17,136.30,DONE
MV704400,SH103835,1,L-217,L-220,VIN152,D3114,2025-01-03 13:56,2025-01-03 19:02,114.90,DONE
MV704401,SH103836,1,L-242,L-216,VIN123,D3046,2026-05-18 07:09,2026-05-18 16:40,182.64,DONE
MV704402,SH103836,2,L-216,L-243,VIN175,D3047,2026-05-19 18:28,2026-05-19 16:11,250.12,DONE
MV704403,SH103837,1,L-238,L-241,VIN218,D3056,2025-05-08 17:13,2025-05-08 16:50,216.60,DONE
MV704404,SH103838,1,L-256,L-241,VIN138,D3106,2025-03-04 07:57,2025-03-05 09:08,346.15,DONE
MV704405,SH103839,1,L-216,L-229,VIN213,D3025,2025-07-31 17:35,2025-07-31 07:10,340.30,DONE
MV704406,SH103840,1,L-204,L-213,VIN119,D3105,2025-08-27 10:59,2025-08-27 16:35,98.36,DONE
MV704407,SH103841,1,L-248,L-224,VIN163,D3094,2026-04-03 14:35,2026-04-03 15:59,76.12,DONE
MV704408,SH103842,1,L-241,L-260,VIN195,D3080,2025-12-03 18:53,2025-12-03 20:58,245.33,DONE
MV704409,SH103843,1,L-227,L-230,VIN100,D3091,2026-02-08 20:39,2026-02-08 18:04,143.98,DONE
MV704410,SH103843,2,L-230,L-256,VIN179,D3073,2026-02-09 14:00,2026-02-10 08:38,149.00,DONE
MV704411,SH103844,1,L-224,L-210,VIN200,D3103,2026-04-07 08:42,2026-04-07 07:53,237.60,DONE
MV704412,SH103845,1,L-259,L-231,VIN187,D3094,2025-03-23 21:33,2025-03-24 09:25,200.56,DONE
MV704413,SH103846,1,L-250,L-244,VIN117,D3040,2025-02-24 14:22,2025-02-25 06:59,383.18,DONE
MV704414,SH103847,1,L-251,L-236,VIN126,D3051,2026-02-28 18:30,2026-03-01 21:32,313.90,DONE
MV704415,SH103847,2,L-236,L-244,VIN125,D3105,2026-03-01 14:46,2026-03-01 16:42,173.95,DONE
MV704416,SH103848,1,L-259,L-234,VIN212,D3053,2025-08-26 07:07,2025-08-26 14:20,195.35,DONE
MV704417,SH103849,1,L-204,L-216,VIN144,D3077,2025-02-15 13:21,2025-02-16 06:08,202.65,DONE
MV704418,SH103849,2,L-216,L-225,VIN172,D3049,2025-02-16 20:27,2025-02-16 17:57,62.29,DONE
MV704419,SH103850,1,L-227,L-215,VIN144,D3051,2025-08-04 19:20,2025-08-05 12:54,237.96,DONE
MV704420,SH103850,2,L-215,L-240,VIN165,D3103,2025-08-04 15:08,2025-08-04 15:11,247.41,DONE
MV704421,SH103850,3,L-240,L-245,VIN188,D3059,2025-08-05 19:53,2025-08-05 18:40,68.98,DONE
MV704422,SH103851,1,L-254,L-242,VIN214,D3050,2025-06-15 15:01,2025-06-15 13:40,221.90,DONE
MV704423,SH103852,1,L-206,L-201,VIN163,D3096,2025-04-05 16:49,2025-04-05 19:12,28.05,DONE
MV704424,SH103852,2,L-201,L-257,VIN117,D3043,2025-04-06 14:16,2025-04-07 11:00,338.14,DONE
MV704425,SH103853,1,L-218,L-244,VIN128,D3113,2026-02-03 12:38,2026-02-03 16:24,131.48,DONE
MV704426,SH103854,1,L-239,L-211,VIN119,D3052,2025-01-02 08:55,2025-01-03 09:04,114.90,DONE
MV704427,SH103855,1,L-248,L-244,VIN147,D3030,2025-12-12 09:52,,256.25,ABORTED
MV704428,SH103856,1,L-225,L-203,VIN155,D3005,2025-06-18 15:18,2025-06-18 11:35,242.03,DONE
MV704429,SH103857,1,L-214,L-232,VIN105,D3092,2025-12-01 06:35,2025-12-02 14:43,83.24,DONE
MV704430,SH103858,1,L-259,L-226,VIN165,D3004,2025-08-14 19:58,,377.78,PLANNED
MV704431,SH103859,1,L-238,L-212,VIN174,D3072,2026-04-13 20:25,,82.74,ABORTED
MV704432,SH103860,1,L-230,L-235,VIN111,D3031,2026-03-12 06:14,2026-03-13 15:29,342.99,DONE
MV704433,SH103861,1,L-217,L-248,VIN144,D3114,2025-06-28 17:41,2025-06-28 08:46,94.97,DONE
MV704434,SH103862,1,L-255,L-227,VIN175,D3040,2025-03-05 12:08,,404.12,PLANNED
MV704435,SH103863,1,L-217,L-221,VIN209,D3038,2025-01-25 21:34,2025-01-25 10:28,209.25,DONE
MV704436,SH103863,2,L-221,L-236,VIN212,D3098,2025-01-25 17:08,2025-01-26 18:14,36.21,DONE
MV704437,SH103863,3,L-236,L-260,VIN148,D3080,2025-01-26 12:37,2025-01-26 08:18,167.47,DONE
MV704438,SH103867,1,L-218,L-241,VIN182,D3031,2025-03-28 16:38,2025-03-28 17:28,112.89,DONE
MV704439,SH103868,1,L-204,L-235,VIN217,D3068,2026-02-23 20:53,2026-02-23 06:56,238.59,DONE
MV704440,SH103868,2,L-235,L-210,VIN146,D3101,2026-02-24 19:23,2026-02-25 09:27,360.17,DONE
MV704441,SH103870,1,L-215,L-236,VIN202,D3046,2025-12-15 06:12,2025-12-15 20:07,294.93,DONE
MV704442,SH103870,2,L-236,L-220,VIN108,D3049,2025-12-15 16:35,2025-12-15 19:09,376.34,DONE
MV704443,SH103871,1,L-219,L-226,VIN136,D3046,2025-08-07 12:55,2025-08-07 08:53,61.56,DONE
MV704444,SH103871,2,L-226,L-220,VIN113,D3083,2025-08-08 20:40,2025-08-08 09:45,318.27,DONE
MV704445,SH103871,3,L-220,L-221,VIN151,D3094,2025-08-08 08:16,,373.24,PLANNED
MV704446,SH103872,1,L-210,L-215,VIN135,D3030,2025-01-27 12:32,2025-01-28 20:11,351.03,DONE
MV704447,SH103873,1,L-259,L-229,VIN106,D3031,2026-01-12 20:28,2026-01-13 09:13,405.10,DONE
MV704448,SH103875,1,L-251,L-260,VIN186,D3068,2026-03-09 07:30,2026-03-10 18:35,293.21,DONE
MV704449,SH103876,1,L-241,L-222,VIN141,D3066,2025-06-15 08:03,2025-06-16 15:13,179.29,DONE
MV704450,SH103877,1,L-243,L-205,VIN106,D3046,2025-09-04 13:11,2025-09-04 19:12,401.57,DONE
MV704451,SH103878,1,L-248,L-254,VIN172,D3053,2025-08-01 08:21,2025-08-01 11:56,158.38,DONE
MV704452,SH103879,1,L-253,L-222,VIN204,D3090,2025-08-20 12:47,2025-08-20 21:25,260.65,DONE
MV704453,SH103880,1,L-245,L-248,VIN205,D3044,2026-04-04 17:51,,327.20,PLANNED
MV704454,SH103881,1,L-213,L-255,VIN208,D3000,2025-09-08 07:40,2025-09-09 18:48,47.21,DONE
MV704455,SH103882,1,L-210,L-245,VIN172,D3030,2026-05-20 08:27,2026-05-20 07:43,83.38,DONE
MV704456,SH103883,1,L-248,L-205,VIN104,D3105,2025-11-21 17:20,2025-11-21 09:32,221.77,DONE
MV704457,SH103883,2,L-205,L-226,VIN154,D3052,2025-11-21 16:53,2025-11-21 20:47,116.67,DONE
MV704458,SH103884,1,L-250,L-236,VIN217,D3058,2025-06-14 16:37,2025-06-14 08:52,371.14,DONE
MV704459,SH103884,2,L-236,L-220,VIN204,D3088,2025-06-15 08:14,2025-06-15 07:38,395.81,DONE
MV704460,SH103885,1,L-236,L-217,VIN130,D3035,2025-08-30 15:29,2025-08-30 20:36,93.17,DONE
MV704461,SH103886,1,L-226,L-249,VIN113,D3000,2025-04-17 18:18,2025-04-17 13:36,71.59,DONE
MV704462,SH103888,1,L-245,L-205,VIN195,D3014,2025-08-06 12:26,2025-08-06 21:37,78.92,DONE
MV704463,SH103889,1,L-245,L-233,VIN108,D3045,2025-01-14 06:53,2025-01-15 08:40,90.34,DONE
MV704464,SH103890,1,L-230,L-219,VIN125,D3023,2025-10-13 15:09,2025-10-14 17:08,287.21,DONE
MV704465,SH103891,1,L-208,L-246,VIN175,D3023,2025-08-10 13:55,2025-08-11 07:56,313.99,DONE
MV704466,SH103891,2,L-246,L-260,VIN126,D3117,2025-08-10 13:39,2025-08-10 06:36,351.54,DONE
MV704467,SH103891,3,L-260,L-237,VIN116,D3095,2025-08-11 10:03,2025-08-11 08:25,298.28,DONE
MV704468,SH103893,1,L-236,L-248,VIN139,D3002,2025-10-22 12:26,2025-10-22 09:44,95.22,DONE
MV704469,SH103894,1,L-240,L-245,VIN178,D3055,2025-06-03 06:16,2025-06-03 17:40,201.82,DONE
MV704470,SH103895,1,L-250,L-230,VIN123,D3002,2025-12-09 19:09,2025-12-10 07:02,339.41,DONE
MV704471,SH103896,1,L-213,L-253,VIN157,D3105,2026-04-01 18:59,2026-04-01 18:58,377.81,DONE
MV704472,SH103899,1,L-252,L-204,VIN197,D3067,2026-02-20 12:03,2026-02-20 10:06,371.80,DONE
MV704473,SH103900,1,L-227,L-220,VIN120,D3097,2026-05-13 07:37,2026-05-13 13:37,350.99,DONE
MV704474,SH103900,2,L-220,L-205,VIN140,D3011,2026-05-14 07:28,2026-05-14 16:04,269.25,DONE
MV704475,SH103901,1,L-205,L-226,VIN106,D3071,2025-08-29 19:42,,320.20,ABORTED
MV704476,SH103902,1,L-258,L-251,VIN107,D3041,2025-02-21 07:21,2025-02-21 21:32,134.73,DONE
MV704477,SH103902,2,L-251,L-213,VIN170,D3081,2025-02-22 12:06,2025-02-23 14:18,318.36,DONE
MV704478,SH103903,1,L-207,L-256,VIN219,D3009,2025-07-08 07:47,2025-07-08 11:57,410.00,DONE
MV704479,SH103903,2,L-256,L-235,VIN172,D3058,2025-07-09 13:24,2025-07-10 20:44,58.59,DONE
MV704480,SH103903,3,L-235,L-233,VIN171,D3089,2025-07-10 21:19,2025-07-11 13:41,348.95,DONE
MV704481,SH103904,1,L-201,L-210,VIN204,D3102,2026-02-12 21:54,2026-02-12 21:55,299.25,DONE
MV704482,SH103904,2,L-210,L-221,VIN144,D3117,2026-02-13 17:05,2026-02-13 16:56,125.20,DONE
MV704483,SH103904,3,L-221,L-218,VIN187,D3068,2026-02-14 07:06,2026-02-15 15:30,336.27,DONE
MV704484,SH103905,1,L-242,L-231,VIN113,D3095,2025-03-25 12:34,,356.59,ABORTED
MV704485,SH103906,1,L-210,L-240,VIN105,D3004,2025-11-19 16:06,2025-11-20 15:19,408.32,DONE
MV704486,SH103906,2,L-240,L-215,VIN206,D3045,2025-11-20 16:30,2025-11-20 21:39,338.03,DONE
MV704487,SH103906,3,L-215,L-257,VIN159,D3015,2025-11-21 09:27,2025-11-22 11:46,375.78,DONE
MV704488,SH103907,1,L-236,L-256,VIN217,D3029,2026-05-04 20:32,2026-05-04 16:38,51.48,DONE
MV704489,SH103907,2,L-256,L-214,VIN201,D3036,2026-05-05 20:10,2026-05-05 21:12,187.70,DONE
MV704490,SH103908,1,L-231,L-228,VIN193,D3089,2026-01-07 09:14,2026-01-08 16:20,130.70,DONE
MV704491,SH103909,1,L-245,L-224,VIN194,D3107,2025-09-18 18:50,2025-09-18 06:26,288.61,DONE
MV704492,SH103910,1,L-206,L-237,VIN109,D3004,2025-02-08 10:21,2025-02-09 21:49,138.24,DONE
MV704493,SH103911,1,L-220,L-221,VIN129,D3051,2025-08-27 13:54,2025-08-27 08:20,407.97,DONE
MV704494,SH103912,1,L-255,L-246,VIN138,D3113,2026-02-23 11:02,2026-02-23 18:59,204.45,DONE
MV704495,SH103912,2,L-246,L-241,VIN199,D3061,2026-02-24 11:49,2026-02-24 06:01,345.84,DONE
MV704496,SH103912,3,L-241,L-235,VIN186,D3023,2026-02-25 19:16,2026-02-25 13:19,88.34,DONE
MV704497,SH103913,1,L-226,L-246,VIN167,D3052,2025-03-15 18:17,2025-03-15 06:17,140.15,DONE
MV704498,SH103914,1,L-239,L-256,VIN215,D3013,2025-05-13 16:21,,90.65,ABORTED
MV704499,SH103915,1,L-222,L-201,VIN149,D3014,2025-07-11 16:45,2025-07-11 07:15,36.21,DONE
MV704500,SH103915,2,L-201,L-235,VIN114,D3022,2025-07-11 09:48,2025-07-11 17:31,36.44,DONE
MV704501,SH103915,3,L-235,L-206,VIN208,D3024,2025-07-12 13:50,2025-07-12 09:41,373.34,DONE
MV704502,SH103916,1,L-216,L-228,VIN123,D3115,2025-02-06 10:52,2025-02-07 15:20,303.34,DONE
MV704503,SH103917,1,L-244,L-220,VIN127,D3086,2026-03-15 12:12,2026-03-15 15:44,224.74,DONE
MV704504,SH103918,1,L-235,L-249,VIN196,D3097,2026-02-26 14:31,2026-02-26 15:14,33.83,DONE
MV704505,SH103919,1,L-203,L-235,VIN148,D3026,2025-02-04 21:33,,34.96,PLANNED
MV704506,SH103920,1,L-260,L-249,VIN209,D3077,2025-06-16 11:07,2025-06-16 20:19,177.17,DONE
MV704507,SH103921,1,L-222,L-242,VIN119,D3028,2026-01-10 12:41,2026-01-11 12:35,280.38,DONE
MV704508,SH103922,1,L-245,L-215,VIN100,D3089,2025-05-31 11:10,2025-05-31 06:59,112.48,DONE
MV704509,SH103923,1,L-205,L-260,VIN127,D3105,2025-12-22 10:46,2025-12-23 20:15,358.68,DONE
MV704510,SH103923,2,L-260,L-244,VIN132,D3052,2025-12-23 16:40,2025-12-24 17:52,160.10,DONE
MV704511,SH103924,1,L-245,L-215,VIN211,D3038,2025-02-21 20:26,2025-02-21 11:55,235.64,DONE
MV704512,SH103925,1,L-240,L-245,VIN153,D3049,2025-12-26 19:02,2025-12-27 11:14,187.61,DONE
MV704513,SH103925,2,L-245,L-248,VIN129,D3110,2025-12-26 10:54,2025-12-27 19:46,332.11,DONE
MV704514,SH103926,1,L-205,L-217,VIN135,D3108,2025-04-29 15:36,2025-04-29 19:16,118.58,DONE
MV704515,SH103928,1,L-238,L-240,VIN209,D3011,2025-05-07 15:21,2025-05-08 14:09,110.74,DONE
MV704516,SH103928,2,L-240,L-226,VIN179,D3105,2025-05-08 17:19,2025-05-08 08:31,30.22,DONE
MV704517,SH103929,1,L-258,L-232,VIN164,D3041,2025-05-27 06:22,2025-05-27 17:33,329.03,DONE
MV704518,SH103930,1,L-211,L-257,VIN107,D3017,2025-04-06 09:32,,267.47,PLANNED
MV704519,SH103931,1,L-210,L-225,VIN181,D3057,2025-08-09 18:57,2025-08-09 09:27,279.39,DONE
MV704520,SH103931,2,L-225,L-224,VIN152,D3001,2025-08-09 06:06,2025-08-09 16:34,264.87,DONE
MV704521,SH103932,1,L-220,L-239,VIN201,D3050,2025-02-28 13:29,2025-03-01 10:02,203.01,DONE
MV704522,SH103934,1,L-216,L-201,VIN148,D3030,2025-11-21 19:40,2025-11-21 10:07,122.88,DONE
MV704523,SH103935,1,L-252,L-215,VIN183,D3015,2026-02-02 13:49,2026-02-03 20:15,190.68,DONE
MV704524,SH103935,2,L-215,L-214,VIN152,D3092,2026-02-03 10:25,2026-02-04 08:35,189.79,DONE
MV704525,SH103936,1,L-210,L-227,VIN183,D3000,2026-05-07 10:27,2026-05-07 08:44,192.57,DONE
MV704526,SH103937,1,L-224,L-203,VIN147,D3008,2025-03-23 16:54,2025-03-23 07:32,133.80,DONE
MV704527,SH103938,1,L-219,L-238,VIN153,D3014,2025-07-14 19:30,2025-07-14 21:15,76.03,DONE
MV704528,SH103939,1,L-242,L-245,VIN124,D3002,2025-07-28 20:53,2025-07-28 20:06,98.55,DONE
MV704529,SH103940,1,L-256,L-245,VIN122,D3084,2026-01-09 07:17,2026-01-09 12:51,262.19,DONE
MV704530,SH103940,2,L-245,L-259,VIN196,D3088,2026-01-10 17:49,2026-01-10 15:48,32.88,DONE
MV704531,SH103942,1,L-211,L-202,VIN145,D3034,2025-08-29 14:18,2025-08-30 11:36,193.81,DONE
MV704532,SH103943,1,L-211,L-260,VIN122,D3081,2025-09-29 10:14,2025-09-30 14:52,404.44,DONE
MV704533,SH103944,1,L-254,L-205,VIN163,D3092,2026-04-16 06:11,2026-04-16 11:25,215.99,DONE
MV704534,SH103944,2,L-205,L-233,VIN118,D3092,2026-04-16 11:58,2026-04-16 11:00,226.48,DONE
MV704535,SH103945,1,L-228,L-259,VIN128,D3015,2025-07-16 17:05,2025-07-16 07:03,355.78,DONE
MV704536,SH103946,1,L-251,L-208,VIN177,D3111,2025-07-20 18:33,2025-07-21 13:12,98.76,DONE
MV704537,SH103947,1,L-232,L-213,VIN178,D3003,2025-04-20 06:18,2025-04-20 13:48,56.82,DONE
MV704538,SH103948,1,L-237,L-213,VIN147,D3039,2025-01-20 10:39,2025-01-20 07:20,142.55,DONE
MV704539,SH103949,1,L-251,L-216,VIN200,D3075,2025-10-13 07:16,2025-10-14 08:45,149.70,DONE
MV704540,SH103949,2,L-216,L-227,VIN146,D3014,2025-10-14 12:39,,86.77,PLANNED
MV704541,SH103951,1,L-222,L-229,VIN162,D3055,2025-11-19 10:34,2025-11-19 20:59,229.32,DONE
MV704542,SH103952,1,L-246,L-214,VIN170,D3083,2025-07-29 20:39,2025-07-29 10:15,108.61,DONE
MV704543,SH103953,1,L-239,L-241,VIN171,D3048,2025-11-07 11:18,2025-11-07 13:51,108.25,DONE
MV704544,SH103954,1,L-248,L-259,VIN157,D3001,2026-01-23 18:57,2026-01-24 17:07,279.48,DONE
MV704545,SH103955,1,L-247,L-215,VIN181,D3015,2025-04-29 11:23,2025-04-29 10:07,84.93,DONE
MV704546,SH103956,1,L-246,L-256,VIN170,D3040,2025-10-28 09:51,2025-10-29 08:26,363.45,DONE
MV704547,SH103956,2,L-256,L-252,VIN180,D3022,2025-10-28 10:56,2025-10-28 17:17,398.48,DONE
MV704548,SH103957,1,L-239,L-201,VIN146,D3089,2025-08-31 11:03,,208.04,PLANNED
MV704549,SH103958,1,L-260,L-234,VIN165,D3045,2025-03-18 06:11,2025-03-18 06:28,384.45,DONE
MV704550,SH103959,1,L-249,L-204,VIN215,D3026,2025-01-06 10:59,2025-01-07 07:31,346.75,DONE
MV704551,SH103960,1,L-237,L-241,VIN109,D3011,2025-04-09 21:38,,354.21,ABORTED
MV704552,SH103961,1,L-206,L-225,VIN140,D3101,2025-03-27 07:25,2025-03-27 10:05,29.33,DONE
MV704553,SH103961,2,L-225,L-230,VIN171,D3057,2025-03-27 06:55,2025-03-27 11:33,126.20,DONE
MV704554,SH103961,3,L-230,L-236,VIN199,D3108,2025-03-28 11:53,2025-03-28 12:30,109.71,DONE
MV704555,SH103962,1,L-250,L-230,VIN173,D3037,2025-11-26 21:47,2025-11-26 18:55,407.54,DONE
MV704556,SH103962,2,L-230,L-230,VIN128,D3070,2025-11-26 07:49,2025-11-26 06:52,213.90,DONE
MV704557,SH103963,1,L-229,L-226,VIN173,D3071,2026-01-23 13:09,2026-01-24 07:42,106.99,DONE
MV704558,SH103963,2,L-226,L-254,VIN215,D3116,2026-01-24 19:12,2026-01-24 08:56,243.10,DONE
MV704559,SH103964,1,L-230,L-210,VIN174,D3062,2026-02-08 15:58,2026-02-08 11:57,109.91,DONE
MV704560,SH103964,2,L-210,L-220,VIN209,D3088,2026-02-09 10:53,2026-02-09 16:48,119.60,DONE
MV704561,SH103964,3,L-220,L-214,VIN114,D3084,2026-02-09 10:58,2026-02-09 09:09,271.71,DONE
MV704562,SH103965,1,L-255,L-248,VIN203,D3083,2026-04-26 14:38,2026-04-26 11:19,73.95,DONE
MV704563,SH103966,1,L-249,L-207,VIN195,D3039,2025-12-24 18:03,2025-12-24 07:32,257.84,DONE
MV704564,SH103967,1,L-222,L-243,VIN144,D3061,2025-05-27 21:18,2025-05-27 20:01,331.16,DONE
MV704565,SH103968,1,L-219,L-214,VIN109,D3076,2025-06-06 13:34,2025-06-06 10:31,333.67,DONE
MV704566,SH103969,1,L-239,L-235,VIN200,D3114,2025-08-10 20:26,2025-08-10 20:00,305.30,DONE
MV704567,SH103970,1,L-218,L-240,VIN109,D3072,2025-04-22 13:46,2025-04-22 11:23,378.33,DONE
MV704568,SH103970,2,L-240,L-250,VIN133,D3014,2025-04-23 11:47,2025-04-24 10:25,407.37,DONE
MV704569,SH103970,3,L-250,L-244,VIN158,D3012,2025-04-24 16:13,2025-04-24 08:23,395.74,DONE
MV704570,SH103971,1,L-225,L-226,VIN132,D3080,2025-12-18 20:55,2025-12-18 16:09,312.16,DONE
MV704571,SH103971,2,L-226,L-249,VIN144,D3059,2025-12-19 07:57,2025-12-19 10:03,339.74,DONE
MV704572,SH103972,1,L-226,L-228,VIN205,D3077,2025-08-04 21:48,2025-08-05 18:33,228.75,DONE
MV704573,SH103973,1,L-211,L-233,VIN120,D3047,2025-09-23 14:41,2025-09-23 21:23,284.96,DONE
MV704574,SH103974,1,L-247,L-211,VIN134,D3087,2025-11-28 21:26,2025-11-29 13:02,85.94,DONE
MV704575,SH103975,1,L-214,L-216,VIN161,D3006,2025-10-10 09:36,2025-10-10 20:05,198.84,DONE
MV704576,SH103977,1,L-234,L-235,VIN172,D3054,2025-09-27 14:49,2025-09-27 15:55,385.15,DONE
MV704577,SH103977,2,L-235,L-246,VIN134,D3114,2025-09-28 21:33,2025-09-28 16:35,374.14,DONE
MV704578,SH103979,1,L-214,L-219,VIN158,D3009,2025-07-08 12:51,2025-07-08 14:22,177.04,DONE
MV704579,SH103980,1,L-256,L-255,VIN188,D3116,2025-09-13 16:55,2025-09-13 06:26,409.70,DONE
MV704580,SH103981,1,L-214,L-210,VIN130,D3016,2026-02-01 11:59,2026-02-02 08:07,148.91,DONE
MV704581,SH103982,1,L-234,L-258,VIN197,D3035,2025-01-28 13:14,2025-01-28 07:52,322.98,DONE
MV704582,SH103983,1,L-224,L-222,VIN203,D3046,2025-10-24 07:59,2025-10-24 20:02,102.03,DONE
MV704583,SH103984,1,L-230,L-239,VIN164,D3079,2025-06-01 16:21,2025-06-01 21:27,384.06,DONE
MV704584,SH103985,1,L-213,L-236,VIN165,D3075,2026-01-29 12:36,,136.18,PLANNED
MV704585,SH103986,1,L-207,L-218,VIN107,D3064,2025-07-24 15:01,,90.99,ABORTED
MV704586,SH103987,1,L-248,L-235,VIN216,D3108,2025-03-09 16:04,2025-03-09 06:50,238.41,DONE
MV704587,SH103987,2,L-235,L-251,VIN197,D3034,2025-03-10 07:10,2025-03-10 08:56,266.94,DONE
MV704588,SH103987,3,L-251,L-218,VIN116,D3016,2025-03-11 09:42,2025-03-11 11:03,131.13,DONE
MV704589,SH103988,1,L-250,L-215,VIN117,D3112,2025-03-17 19:15,,256.85,PLANNED
MV704590,SH103989,1,L-207,L-220,VIN154,D3019,2026-02-02 08:39,2026-02-02 11:32,228.76,DONE
MV704591,SH103991,1,L-249,L-258,VIN174,D3112,2025-06-04 06:19,2025-06-04 10:05,360.29,DONE
MV704592,SH103992,1,L-246,L-240,VIN187,D3049,2025-08-20 06:44,2025-08-20 09:37,164.52,DONE
MV704593,SH103992,2,L-240,L-231,VIN128,D3019,2025-08-20 06:35,2025-08-21 13:44,185.80,DONE
MV704594,SH103993,1,L-222,L-260,VIN207,D3066,2026-04-15 21:40,2026-04-15 09:14,68.76,DONE
MV704595,SH103994,1,L-244,L-227,VIN158,D3084,2025-12-31 15:26,2026-01-01 14:38,299.60,DONE
MV704596,SH103995,1,L-221,L-255,VIN173,D3046,2025-11-24 21:53,2025-11-24 12:11,351.87,DONE
MV704597,SH103995,2,L-255,L-204,VIN133,D3025,2025-11-25 18:29,2025-11-26 08:57,289.97,DONE
MV704598,SH103996,1,L-204,L-225,VIN216,D3104,2025-04-08 06:26,2025-04-09 11:11,69.58,DONE
MV704599,SH103997,1,L-245,L-215,VIN186,D3058,2025-05-13 15:59,2025-05-14 19:33,308.67,DONE
MV704600,SH103997,2,L-215,L-237,VIN118,D3092,2025-05-13 16:29,,367.25,PLANNED
MV704601,SH103998,1,L-244,L-224,VIN174,D3013,2025-05-15 07:04,,378.05,PLANNED
MV704602,SH103999,1,L-218,L-239,VIN174,D3015,2025-04-14 14:57,2025-04-14 19:06,135.28,DONE
MV704603,SH104000,1,L-240,L-244,VIN198,D3099,2025-08-07 10:36,2025-08-07 08:27,360.47,DONE
MV704604,SH104001,1,L-237,L-253,VIN110,D3095,2025-03-10 11:51,2025-03-10 20:29,47.49,DONE
MV704605,SH104002,1,L-225,L-235,VIN146,D3037,2025-07-05 14:23,2025-07-05 10:33,248.63,DONE
MV704606,SH104003,1,L-211,L-212,VIN124,D3101,2026-03-12 18:29,2026-03-12 07:06,291.39,DONE
MV704607,SH104005,1,L-237,L-227,VIN113,D3036,2025-09-06 08:26,2025-09-07 07:54,374.75,DONE
MV704608,SH104006,1,L-256,L-249,VIN167,D3084,2025-12-27 16:13,2025-12-28 21:55,311.23,DONE
MV704609,SH104007,1,L-207,L-250,VIN187,D3109,2025-08-15 12:37,2025-08-15 12:19,269.50,DONE
MV704610,SH104007,2,L-250,L-201,VIN140,D3056,2025-08-16 07:23,2025-08-16 07:20,356.25,DONE
MV704611,SH104007,3,L-201,L-237,VIN127,D3059,2025-08-17 09:55,2025-08-17 09:56,149.98,DONE
MV704612,SH104008,1,L-239,L-204,VIN149,D3014,2025-05-16 14:32,2025-05-17 19:00,281.19,DONE
MV704613,SH104009,1,L-246,L-218,VIN115,D3073,2025-07-17 10:26,2025-07-17 07:36,253.03,DONE
MV704614,SH104010,1,L-214,L-229,VIN208,D3021,2026-01-20 12:52,2026-01-20 07:05,404.34,DONE
MV704615,SH104011,1,L-250,L-241,VIN189,D3030,2025-02-23 16:16,,301.35,PLANNED
MV704616,SH104012,1,L-248,L-249,VIN208,D3106,2025-03-16 08:23,2025-03-16 08:22,28.79,DONE
MV704617,SH104014,1,L-246,L-252,VIN150,D3093,2025-02-14 20:38,2025-02-15 20:00,94.27,DONE
MV704618,SH104015,1,L-218,L-232,VIN154,D3097,2025-08-19 20:19,2025-08-19 08:34,353.79,DONE
MV704619,SH104016,1,L-246,L-250,VIN125,D3038,2026-03-22 15:21,2026-03-23 15:06,156.22,DONE
MV704620,SH104017,1,L-219,L-252,VIN195,D3043,2025-04-18 11:40,2025-04-18 16:54,370.20,DONE
MV704621,SH104018,1,L-252,L-254,VIN136,D3100,2025-10-06 18:17,2025-10-06 17:53,382.35,DONE
MV704622,SH104019,1,L-229,L-237,VIN152,D3077,2026-04-27 13:37,2026-04-28 19:05,223.01,DONE
MV704623,SH104020,1,L-212,L-257,VIN177,D3105,2025-02-08 10:28,,254.13,PLANNED
MV704624,SH104021,1,L-253,L-210,VIN133,D3095,2025-04-22 19:35,2025-04-22 15:45,67.52,DONE
MV704625,SH104022,1,L-255,L-214,VIN152,D3105,2025-02-16 12:42,2025-02-16 17:40,373.09,DONE
MV704626,SH104023,1,L-230,L-227,VIN149,D3028,2025-05-10 09:32,2025-05-10 11:39,186.49,DONE
MV704627,SH104024,1,L-248,L-256,VIN116,D3072,2025-09-24 06:56,,34.71,PLANNED
MV704628,SH104025,1,L-229,L-256,VIN123,D3044,2025-07-07 19:35,2025-07-07 09:50,194.89,DONE
MV704629,SH104026,1,L-219,L-230,VIN179,D3089,2025-06-18 16:18,2025-06-19 09:46,28.99,DONE
MV704630,SH104027,1,L-224,L-259,VIN101,D3039,2026-02-01 15:47,2026-02-01 08:24,157.03,DONE
MV704631,SH104028,1,L-203,L-220,VIN207,D3068,2025-07-24 15:42,2025-07-25 13:11,136.71,DONE
MV704632,SH104028,2,L-220,L-248,VIN113,D3003,2025-07-25 13:38,2025-07-26 11:31,247.92,DONE
MV704633,SH104029,1,L-206,L-244,VIN208,D3107,2025-08-21 09:59,2025-08-21 07:03,178.35,DONE
MV704634,SH104030,1,L-254,L-228,VIN200,D3082,2026-02-04 09:16,,256.63,PLANNED
MV704635,SH104031,1,L-217,L-213,VIN122,D3041,2026-02-18 18:32,2026-02-18 15:25,265.87,DONE
MV704636,SH104032,1,L-216,L-233,VIN178,D3116,2025-11-06 11:15,2025-11-06 19:28,243.17,DONE
MV704637,SH104033,1,L-249,L-205,VIN216,D3037,2025-02-16 17:36,2025-02-16 20:05,99.52,DONE
MV704638,SH104033,2,L-205,L-235,VIN102,D3062,2025-02-16 15:30,2025-02-16 09:13,393.68,DONE
MV704639,SH104034,1,L-251,L-246,VIN194,D3027,2025-06-01 08:50,2025-06-01 13:44,380.11,DONE
MV704640,SH104034,2,L-246,L-211,VIN201,D3009,2025-06-01 16:15,2025-06-01 09:18,276.35,DONE
MV704641,SH104034,3,L-211,L-203,VIN182,D3030,2025-06-02 15:26,2025-06-02 16:25,374.96,DONE
MV704642,SH104035,1,L-212,L-258,VIN214,D3019,2025-08-23 15:47,2025-08-23 16:38,137.91,DONE
MV704643,SH104036,1,L-213,L-205,VIN124,D3095,2025-05-28 06:32,,205.39,PLANNED
MV704644,SH104037,1,L-201,L-250,VIN107,D3035,2025-11-13 19:33,2025-11-13 08:53,367.77,DONE
MV704645,SH104039,1,L-230,L-235,VIN163,D3061,2025-12-28 17:47,2025-12-29 15:47,217.08,DONE
MV704646,SH104040,1,L-219,L-256,VIN196,D3106,2025-07-21 10:10,2025-07-22 08:25,51.93,DONE
MV704647,SH104040,2,L-256,L-225,VIN104,D3020,2025-07-22 11:47,2025-07-22 11:54,385.43,DONE
MV704648,SH104040,3,L-225,L-203,VIN125,D3082,2025-07-23 10:19,2025-07-23 17:11,191.57,DONE
MV704649,SH104041,1,L-253,L-250,VIN199,D3066,2025-10-12 12:53,2025-10-12 09:21,127.53,DONE
MV704650,SH104042,1,L-204,L-238,VIN104,D3063,2026-05-10 19:28,,128.03,ABORTED
MV704651,SH104043,1,L-242,L-234,VIN191,D3098,2026-02-02 06:50,2026-02-03 19:48,173.87,DONE
MV704652,SH104044,1,L-257,L-239,VIN173,D3011,2025-05-10 13:04,2025-05-10 08:10,313.08,DONE
MV704653,SH104045,1,L-224,L-250,VIN102,D3011,2025-07-29 19:20,2025-07-29 13:03,32.96,DONE
MV704654,SH104046,1,L-217,L-242,VIN120,D3024,2025-03-18 09:49,2025-03-18 14:16,81.23,DONE
MV704655,SH104047,1,L-228,L-251,VIN151,D3021,2025-11-16 18:39,2025-11-17 21:55,281.13,DONE
MV704656,SH104048,1,L-235,L-220,VIN195,D3068,2025-05-05 20:41,2025-05-05 07:14,388.31,DONE
MV704657,SH104049,1,L-207,L-214,VIN115,D3094,2026-03-07 07:14,2026-03-07 17:58,125.19,DONE
MV704658,SH104051,1,L-213,L-226,VIN129,D3026,2026-01-16 09:46,2026-01-16 10:23,387.26,DONE
MV704659,SH104051,2,L-226,L-203,VIN213,D3020,2026-01-17 07:47,2026-01-17 16:28,380.97,DONE
MV704660,SH104052,1,L-219,L-236,VIN176,D3005,2026-03-14 12:27,2026-03-14 06:06,316.66,DONE
MV704661,SH104052,2,L-236,L-244,VIN211,D3041,2026-03-14 14:46,2026-03-14 08:59,270.68,DONE
MV704662,SH104054,1,L-216,L-220,VIN181,D3004,2026-03-31 16:57,2026-03-31 10:44,379.75,DONE
MV704663,SH104055,1,L-227,L-248,VIN205,D3040,2026-02-04 15:03,2026-02-04 16:22,306.93,DONE
MV704664,SH104056,1,L-242,L-204,VIN163,D3071,2026-03-31 13:32,2026-03-31 21:51,172.00,DONE
MV704665,SH104057,1,L-243,L-211,VIN168,D3040,2025-08-11 17:45,2025-08-12 13:55,344.10,DONE
MV704666,SH104058,1,L-214,L-250,VIN115,D3112,2026-04-10 09:53,2026-04-10 06:32,340.22,DONE
MV704667,SH104059,1,L-215,L-233,VIN218,D3083,2026-03-08 15:45,2026-03-08 13:10,334.52,DONE
MV704668,SH104060,1,L-227,L-211,VIN102,D3044,2025-10-10 21:52,2025-10-11 17:55,349.71,DONE
MV704669,SH104060,2,L-211,L-232,VIN199,D3106,2025-10-11 13:49,2025-10-11 08:20,163.52,DONE
MV704670,SH104061,1,L-220,L-255,VIN218,D3108,2025-06-20 06:02,2025-06-20 12:49,347.95,DONE
MV704671,SH104062,1,L-219,L-255,VIN129,D3072,2025-06-22 18:37,2025-06-22 06:53,121.02,DONE
MV704672,SH104062,2,L-255,L-229,VIN208,D3101,2025-06-23 19:30,2025-06-23 08:02,197.30,DONE
MV704673,SH104063,1,L-231,L-225,VIN125,D3101,2025-08-08 10:37,2025-08-09 18:08,31.86,DONE
MV704674,SH104063,2,L-225,L-210,VIN115,D3058,2025-08-09 09:51,2025-08-09 14:35,284.55,DONE
MV704675,SH104064,1,L-245,L-207,VIN197,D3081,2026-03-18 08:40,2026-03-19 14:37,241.56,DONE
MV704676,SH104065,1,L-208,L-205,VIN218,D3117,2025-08-18 14:41,,329.15,PLANNED
MV704677,SH104066,1,L-225,L-236,VIN105,D3007,2025-12-07 19:59,2025-12-07 21:16,203.47,DONE
MV704678,SH104066,2,L-236,L-243,VIN167,D3074,2025-12-08 17:36,,75.48,PLANNED
MV704679,SH104067,1,L-234,L-240,VIN202,D3016,2025-11-26 15:07,2025-11-26 18:05,265.91,DONE
MV704680,SH104069,1,L-241,L-220,VIN209,D3044,2026-04-16 21:39,2026-04-16 18:40,298.13,DONE
MV704681,SH104070,1,L-235,L-216,VIN154,D3079,2026-03-20 18:47,2026-03-20 16:31,129.31,DONE
MV704682,SH104070,2,L-216,L-241,VIN169,D3050,2026-03-21 12:28,2026-03-21 15:02,151.51,DONE
MV704683,SH104071,1,L-226,L-206,VIN170,D3097,2025-06-08 10:37,2025-06-08 16:41,284.45,DONE
MV704684,SH104073,1,L-202,L-225,VIN136,D3084,2025-11-04 12:48,,256.33,ABORTED
MV704685,SH104074,1,L-229,L-218,VIN143,D3115,2025-06-23 06:37,2025-06-24 06:45,63.39,DONE
MV704686,SH104075,1,L-203,L-211,VIN182,D3068,2025-01-13 13:57,2025-01-13 11:12,211.78,DONE
MV704687,SH104076,1,L-242,L-214,VIN166,D3047,2025-08-05 15:00,,79.69,ABORTED
MV704688,SH104077,1,L-257,L-250,VIN161,D3061,2026-04-01 08:22,2026-04-01 08:30,182.70,DONE
MV704689,SH104077,2,L-250,L-205,VIN145,D3071,2026-04-01 14:44,2026-04-02 06:27,129.27,DONE
MV704690,SH104078,1,L-258,L-233,VIN179,D3009,2025-10-12 06:30,2025-10-12 06:22,296.22,DONE
MV704691,SH104079,1,L-254,L-215,VIN129,D3080,2025-07-03 10:28,2025-07-03 13:28,101.47,DONE
MV704692,SH104080,1,L-215,L-215,VIN218,D3098,2025-08-05 20:48,2025-08-05 14:52,243.07,DONE
MV704693,SH104080,2,L-215,L-248,VIN204,D3015,2025-08-05 20:06,,367.28,ABORTED
MV704694,SH104081,1,L-213,L-208,VIN207,D3021,2025-01-21 14:37,2025-01-22 06:52,141.82,DONE
MV704695,SH104082,1,L-259,L-211,VIN182,D3031,2025-02-13 15:23,2025-02-13 15:39,358.29,DONE
MV704696,SH104084,1,L-226,L-225,VIN145,D3030,2025-07-10 18:06,2025-07-10 11:26,335.86,DONE
MV704697,SH104084,2,L-225,L-208,VIN180,D3051,2025-07-11 13:59,2025-07-11 06:30,356.02,DONE
MV704698,SH104085,1,L-225,L-254,VIN216,D3096,2026-02-23 13:51,2026-02-23 21:27,78.90,DONE
MV704699,SH104086,1,L-248,L-219,VIN170,D3104,2025-12-28 17:03,2025-12-28 13:03,225.30,DONE
MV704700,SH104087,1,L-236,L-209,VIN219,D3095,2026-02-10 20:31,2026-02-10 09:39,400.82,DONE
MV704701,SH104088,1,L-207,L-257,VIN160,D3116,2026-03-15 14:04,,350.08,ABORTED
MV704702,SH104090,1,L-260,L-209,VIN163,D3072,2025-02-11 07:35,2025-02-11 12:56,402.77,DONE
MV704703,SH104091,1,L-242,L-204,VIN204,D3095,2025-02-03 12:36,2025-02-03 15:33,304.31,DONE
MV704704,SH104092,1,L-215,L-217,VIN158,D3105,2025-04-15 10:40,2025-04-15 21:07,223.23,DONE
MV704705,SH104093,1,L-259,L-229,VIN186,D3054,2025-01-05 12:31,2025-01-05 07:13,207.84,DONE
MV704706,SH104094,1,L-247,L-250,VIN143,D3033,2026-03-22 15:53,2026-03-22 21:15,227.55,DONE
MV704707,SH104096,1,L-237,L-231,VIN209,D3088,2025-10-15 16:01,2025-10-16 10:42,308.06,DONE
MV704708,SH104096,2,L-231,L-235,VIN142,D3005,2025-10-16 20:08,2025-10-16 18:35,334.18,DONE
MV704709,SH104097,1,L-237,L-239,VIN134,D3116,2025-12-19 10:09,2025-12-19 13:18,202.47,DONE
MV704710,SH104098,1,L-216,L-226,VIN203,D3002,2025-11-26 20:27,2025-11-26 16:20,387.78,DONE
MV704711,SH104098,2,L-226,L-203,VIN197,D3031,2025-11-26 14:47,2025-11-27 20:40,398.16,DONE
MV704712,SH104099,1,L-234,L-231,VIN109,D3060,2025-07-09 08:15,2025-07-09 06:15,274.87,DONE
MV704713,SH104101,1,L-205,L-243,VIN213,D3087,2026-04-17 19:06,2026-04-17 21:46,292.22,DONE
MV704714,SH104102,1,L-224,L-205,VIN107,D3049,2026-03-03 21:05,2026-03-03 07:29,147.05,DONE
MV704715,SH104102,2,L-205,L-258,VIN171,D3056,2026-03-03 15:41,2026-03-03 09:31,355.89,DONE
MV704716,SH104104,1,L-248,L-246,VIN209,D3033,2026-01-24 07:48,2026-01-24 15:35,32.17,DONE
MV704717,SH104105,1,L-214,L-220,VIN100,D3000,2025-05-19 18:54,2025-05-19 11:11,45.89,DONE
MV704718,SH104105,2,L-220,L-234,VIN175,D3115,2025-05-20 11:57,2025-05-20 11:26,137.77,DONE
MV704719,SH104106,1,L-201,L-252,VIN155,D3035,2025-06-19 07:44,2025-06-19 06:44,62.89,DONE
MV704720,SH104107,1,L-225,L-253,VIN130,D3021,2025-12-26 13:59,,261.14,PLANNED
MV704721,SH104108,1,L-255,L-221,VIN131,D3101,2025-07-21 16:55,2025-07-22 13:30,47.12,DONE
MV704722,SH104108,2,L-221,L-254,VIN115,D3083,2025-07-22 19:11,2025-07-22 08:02,236.44,DONE
MV704723,SH104109,1,L-201,L-235,VIN144,D3074,2025-05-13 07:42,2025-05-14 11:04,109.86,DONE
MV704724,SH104109,2,L-235,L-226,VIN117,D3079,2025-05-14 16:17,2025-05-15 11:13,50.07,DONE
MV704725,SH104110,1,L-209,L-216,VIN205,D3112,2026-05-11 09:48,,178.86,ABORTED
MV704726,SH104111,1,L-206,L-248,VIN125,D3030,2026-02-13 08:50,2026-02-13 17:23,343.20,DONE
MV704727,SH104112,1,L-219,L-251,VIN215,D3061,2025-04-03 13:40,2025-04-03 10:23,331.60,DONE
MV704728,SH104113,1,L-250,L-254,VIN119,D3062,2025-06-03 17:40,2025-06-04 16:45,207.92,DONE
MV704729,SH104115,1,L-249,L-231,VIN109,D3049,2025-08-15 06:05,2025-08-16 14:37,98.15,DONE
MV704730,SH104116,1,L-203,L-228,VIN105,D3032,2026-02-18 08:32,2026-02-18 07:20,284.03,DONE
MV704731,SH104117,1,L-226,L-236,VIN161,D3076,2025-05-02 06:49,,264.89,PLANNED
MV704732,SH104120,1,L-239,L-211,VIN113,D3045,2026-05-12 12:40,2026-05-13 17:37,274.50,DONE
MV704733,SH104121,1,L-206,L-235,VIN185,D3040,2025-02-15 11:08,2025-02-16 17:02,367.99,DONE
MV704734,SH104122,1,L-252,L-238,VIN199,D3073,2026-03-13 20:39,2026-03-13 08:17,259.01,DONE
MV704735,SH104124,1,L-215,L-242,VIN212,D3039,2025-04-18 19:05,2025-04-18 15:18,394.18,DONE
MV704736,SH104125,1,L-221,L-252,VIN150,D3087,2025-08-17 16:01,2025-08-18 09:36,211.19,DONE
MV704737,SH104126,1,L-211,L-255,VIN109,D3033,2025-03-02 18:35,2025-03-02 09:22,63.12,DONE
MV704738,SH104127,1,L-255,L-260,VIN118,D3002,2025-07-15 11:02,2025-07-16 14:05,205.89,DONE
MV704739,SH104128,1,L-218,L-202,VIN128,D3055,2026-05-19 21:40,2026-05-20 07:17,386.60,DONE
MV704740,SH104129,1,L-218,L-246,VIN102,D3117,2026-05-02 19:29,2026-05-03 14:54,262.79,DONE
MV704741,SH104130,1,L-218,L-259,VIN124,D3013,2025-01-28 11:23,2025-01-28 20:23,273.38,DONE
MV704742,SH104131,1,L-202,L-218,VIN147,D3085,2026-02-22 20:47,2026-02-22 16:20,184.67,DONE
MV704743,SH104132,1,L-241,L-253,VIN100,D3100,2026-01-15 15:14,2026-01-16 19:03,54.94,DONE
MV704744,SH104133,1,L-258,L-257,VIN123,D3031,2025-06-17 11:15,2025-06-18 11:57,72.56,DONE
MV704745,SH104134,1,L-205,L-260,VIN141,D3039,2025-01-02 12:49,2025-01-02 16:07,85.72,DONE
MV704746,SH104135,1,L-249,L-243,VIN175,D3030,2025-11-05 18:09,,147.86,PLANNED
MV704747,SH104136,1,L-257,L-251,VIN131,D3023,2026-03-22 06:37,2026-03-22 13:41,110.49,DONE
MV704748,SH104137,1,L-228,L-237,VIN202,D3010,2025-10-22 09:43,2025-10-23 16:29,361.94,DONE
MV704749,SH104138,1,L-258,L-213,VIN135,D3038,2025-01-15 08:40,2025-01-15 14:11,103.43,DONE
MV704750,SH104139,1,L-230,L-258,VIN213,D3112,2025-10-15 20:17,2025-10-16 08:30,66.57,DONE
MV704751,SH104140,1,L-245,L-207,VIN185,D3070,2025-04-29 07:58,2025-04-30 17:39,228.38,DONE
MV704752,SH104141,1,L-239,L-238,VIN180,D3065,2025-09-27 20:04,2025-09-27 08:10,171.28,DONE
MV704753,SH104142,1,L-226,L-251,VIN180,D3035,2025-09-28 15:04,2025-09-28 12:55,240.09,DONE
MV704754,SH104142,2,L-251,L-240,VIN105,D3109,2025-09-28 11:38,2025-09-28 20:21,31.45,DONE
MV704755,SH104142,3,L-240,L-201,VIN200,D3057,2025-09-29 10:09,2025-09-29 17:15,363.10,DONE
MV704756,SH104143,1,L-248,L-239,VIN107,D3080,2025-09-22 16:32,2025-09-23 14:36,309.38,DONE
MV704757,SH104144,1,L-235,L-244,VIN113,D3010,2025-07-27 09:48,2025-07-27 07:12,233.90,DONE
MV704758,SH104145,1,L-211,L-216,VIN136,D3070,2026-05-07 17:40,,190.69,PLANNED
MV704759,SH104146,1,L-211,L-239,VIN107,D3066,2025-07-28 16:45,2025-07-28 06:13,80.08,DONE
MV704760,SH104147,1,L-257,L-202,VIN167,D3052,2025-08-03 13:10,2025-08-03 19:40,32.18,DONE
MV704761,SH104148,1,L-230,L-221,VIN124,D3097,2025-02-06 19:40,2025-02-07 14:58,368.72,DONE
MV704762,SH104149,1,L-215,L-238,VIN127,D3100,2025-09-28 14:25,2025-09-28 14:11,59.99,DONE
MV704763,SH104150,1,L-252,L-245,VIN108,D3084,2025-09-29 19:19,2025-09-29 11:58,323.08,DONE
MV704764,SH104150,2,L-245,L-231,VIN104,D3071,2025-09-30 06:19,2025-10-01 06:54,171.53,DONE
MV704765,SH104150,3,L-231,L-211,VIN213,D3061,2025-10-01 16:30,2025-10-01 20:46,390.95,DONE
MV704766,SH104152,1,L-218,L-245,VIN183,D3069,2026-04-16 21:47,2026-04-16 21:22,405.88,DONE
MV704767,SH104152,2,L-245,L-243,VIN219,D3011,2026-04-16 15:05,2026-04-17 06:26,217.08,DONE
MV704768,SH104153,1,L-249,L-215,VIN100,D3032,2026-05-15 14:27,,302.12,PLANNED
MV704769,SH104154,1,L-227,L-230,VIN207,D3051,2025-09-09 10:05,2025-09-09 19:54,235.89,DONE
MV704770,SH104154,2,L-230,L-212,VIN203,D3012,2025-09-10 12:17,2025-09-10 18:54,301.47,DONE
MV704771,SH104155,1,L-210,L-212,VIN152,D3000,2025-10-22 19:47,2025-10-22 07:00,62.13,DONE
MV704772,SH104156,1,L-232,L-252,VIN215,D3073,2025-07-23 08:12,2025-07-23 16:24,146.80,DONE
MV704773,SH104157,1,L-201,L-233,VIN178,D3003,2025-06-28 16:31,2025-06-28 18:58,143.61,DONE
MV704774,SH104158,1,L-249,L-229,VIN112,D3057,2025-12-07 08:55,2025-12-08 11:51,295.06,DONE
MV704775,SH104159,1,L-240,L-208,VIN143,D3085,2025-12-10 21:15,2025-12-10 13:46,275.91,DONE
MV704776,SH104160,1,L-248,L-227,VIN205,D3096,2025-05-22 20:12,2025-05-23 09:29,72.49,DONE
MV704777,SH104161,1,L-244,L-225,VIN145,D3010,2026-02-28 11:29,2026-02-28 06:33,152.70,DONE
MV704778,SH104161,2,L-225,L-256,VIN158,D3082,2026-03-01 06:31,2026-03-01 21:47,290.53,DONE
MV704779,SH104162,1,L-254,L-221,VIN139,D3063,2025-02-06 18:47,2025-02-07 16:20,105.09,DONE
MV704780,SH104163,1,L-236,L-205,VIN111,D3067,2026-04-24 07:06,2026-04-24 09:49,359.50,DONE
MV704781,SH104164,1,L-202,L-208,VIN210,D3034,2026-01-04 14:28,2026-01-05 08:18,402.98,DONE
MV704782,SH104165,1,L-216,L-257,VIN212,D3009,2026-02-13 13:59,2026-02-13 19:45,39.44,DONE
MV704783,SH104166,1,L-244,L-206,VIN194,D3070,2025-09-12 12:07,2025-09-12 13:50,95.93,DONE
MV704784,SH104166,2,L-206,L-231,VIN177,D3110,2025-09-13 18:16,2025-09-14 11:22,50.01,DONE
MV704785,SH104167,1,L-235,L-225,VIN105,D3006,2025-06-14 12:50,2025-06-14 13:56,230.68,DONE
MV704786,SH104167,2,L-225,L-201,VIN178,D3093,2025-06-14 08:53,,70.45,PLANNED
MV704787,SH104168,1,L-206,L-243,VIN142,D3035,2026-03-23 19:33,2026-03-23 20:41,390.39,DONE
MV704788,SH104169,1,L-221,L-211,VIN172,D3000,2026-01-14 18:23,2026-01-14 18:47,76.56,DONE
MV704789,SH104169,2,L-211,L-213,VIN203,D3095,2026-01-15 13:54,2026-01-15 06:35,178.54,DONE
MV704790,SH104170,1,L-227,L-253,VIN128,D3005,2025-11-27 18:17,2025-11-27 16:24,206.11,DONE
MV704791,SH104171,1,L-241,L-224,VIN200,D3043,2025-12-09 12:21,2025-12-09 07:58,367.83,DONE
MV704792,SH104172,1,L-220,L-215,VIN191,D3076,2025-03-18 06:09,2025-03-18 07:48,161.22,DONE
MV704793,SH104173,1,L-209,L-246,VIN177,D3112,2026-04-21 21:51,2026-04-21 07:12,238.98,DONE
MV704794,SH104174,1,L-250,L-240,VIN194,D3004,2025-06-02 13:43,2025-06-03 10:02,377.90,DONE
MV704795,SH104174,2,L-240,L-255,VIN112,D3041,2025-06-03 08:52,2025-06-03 17:13,122.42,DONE
MV704796,SH104174,3,L-255,L-219,VIN107,D3036,2025-06-03 11:10,2025-06-03 06:38,45.04,DONE
MV704797,SH104175,1,L-202,L-215,VIN169,D3060,2025-11-18 16:07,2025-11-18 09:57,291.39,DONE
MV704798,SH104175,2,L-215,L-224,VIN137,D3087,2025-11-19 18:13,2025-11-20 20:55,395.85,DONE
MV704799,SH104176,1,L-212,L-243,VIN211,D3115,2025-03-17 21:23,2025-03-18 17:26,33.50,DONE
MV704800,SH104177,1,L-225,L-204,VIN173,D3111,2025-02-10 09:26,2025-02-10 10:57,358.95,DONE
MV704801,SH104178,1,L-254,L-238,VIN207,D3096,2025-06-03 08:45,2025-06-03 17:50,222.05,DONE
MV704802,SH104179,1,L-227,L-235,VIN125,D3090,2025-11-13 17:16,2025-11-14 17:15,252.14,DONE
MV704803,SH104180,1,L-244,L-260,VIN167,D3107,2025-05-02 19:35,2025-05-03 13:04,141.11,DONE
MV704804,SH104180,2,L-260,L-256,VIN150,D3063,2025-05-02 17:52,2025-05-02 19:35,221.63,DONE
MV704805,SH104181,1,L-224,L-217,VIN130,D3034,2025-07-05 07:37,2025-07-06 07:14,28.26,DONE
MV704806,SH104182,1,L-257,L-215,VIN139,D3078,2025-04-11 07:49,2025-04-11 20:11,196.80,DONE
MV704807,SH104182,2,L-215,L-230,VIN196,D3078,2025-04-12 19:50,2025-04-12 20:31,37.39,DONE
MV704808,SH104182,3,L-230,L-226,VIN122,D3048,2025-04-13 21:41,,291.89,PLANNED
MV704809,SH104184,1,L-240,L-238,VIN139,D3032,2025-09-30 11:38,2025-10-01 21:31,384.07,DONE
MV704810,SH104185,1,L-232,L-246,VIN152,D3082,2025-11-30 14:32,2025-12-01 16:55,206.43,DONE
MV704811,SH104185,2,L-246,L-260,VIN168,D3051,2025-12-01 07:02,2025-12-02 09:32,49.84,DONE
MV704812,SH104185,3,L-260,L-240,VIN155,D3022,2025-12-02 06:51,2025-12-02 07:58,219.00,DONE
MV704813,SH104186,1,L-252,L-221,VIN158,D3098,2025-05-10 19:48,2025-05-10 07:55,153.42,DONE
MV704814,SH104186,2,L-221,L-236,VIN185,D3097,2025-05-11 14:55,2025-05-11 19:23,279.78,DONE
MV704815,SH104187,1,L-201,L-220,VIN136,D3106,2025-02-15 16:12,2025-02-15 13:25,126.39,DONE
MV704816,SH104189,1,L-248,L-201,VIN122,D3102,2025-08-27 11:28,2025-08-28 15:02,226.42,DONE
MV704817,SH104189,2,L-201,L-231,VIN200,D3108,2025-08-28 11:09,2025-08-29 06:50,181.28,DONE
MV704818,SH104190,1,L-242,L-240,VIN160,D3027,2026-02-27 13:30,2026-02-27 14:07,243.53,DONE
MV704819,SH104192,1,L-209,L-225,VIN180,D3094,2026-03-07 20:58,2026-03-07 12:42,327.55,DONE
MV704820,SH104192,2,L-225,L-246,VIN218,D3119,2026-03-08 06:11,2026-03-08 17:20,377.61,DONE
MV704821,SH104192,3,L-246,L-259,VIN191,D3077,2026-03-08 20:10,2026-03-09 06:16,50.30,DONE
MV704822,SH104193,1,L-233,L-257,VIN118,D3085,2026-05-09 17:39,2026-05-09 07:58,180.40,DONE
MV704823,SH104194,1,L-209,L-212,VIN142,D3107,2025-04-10 14:55,2025-04-10 13:04,156.95,DONE
MV704824,SH104196,1,L-236,L-213,VIN187,D3110,2025-10-07 10:43,2025-10-07 06:38,60.97,DONE
MV704825,SH104197,1,L-238,L-220,VIN202,D3091,2025-11-23 09:29,2025-11-23 15:50,173.12,DONE
MV704826,SH104197,2,L-220,L-248,VIN110,D3009,2025-11-24 12:45,2025-11-25 14:56,230.16,DONE
MV704827,SH104198,1,L-249,L-221,VIN163,D3072,2025-07-12 20:43,2025-07-12 11:20,241.83,DONE
MV704828,SH104199,1,L-221,L-219,VIN145,D3057,2026-05-16 07:02,2026-05-17 11:17,341.51,DONE
MV704829,SH104200,1,L-258,L-201,VIN116,D3052,2026-04-25 08:01,2026-04-26 14:58,98.61,DONE
MV704830,SH104200,2,L-201,L-206,VIN144,D3023,2026-04-26 06:52,2026-04-26 11:35,202.85,DONE
