Id,ship_ref,scan_ts,loc,signee
POD40001,SH100001,2025-01-10 20:25,L-222,Hamid Adler
POD40002,SH100002,2025-06-03 16:03,L-229,Katya Marek
POD40003,SH100006,2026-03-25 09:51,L-258,Tomas Novak
POD40004,SH100007,2025-03-12 18:41,L-214,Katya Iqbal
POD40005,SH100008,2025-08-01 19:58,L-229,Tomas Okafor
POD40006,SH100009,2025-09-10 10:18,L-251,Rosa Kovacs
POD40007,SH100010,2025-01-20 18:39,L-206,Elena Gallo
POD40008,SH100011,2025-09-02 19:21,L-209,Femi Jensen
POD40009,SH100012,2025-05-21 07:32,L-252,Katya Lindgren
POD40010,SH100013,2025-07-02 14:04,L-206,Hamid Quist
POD40011,SH100017,2026-02-10 18:51,L-237,Priya Brennan
POD40012,SH100018,2025-09-22 19:54,L-231,Priya Kovacs
POD40013,SH100020,2025-03-19 18:31,L-251,Greta Brennan
POD40014,SH100022,2025-02-08 13:34,L-208,Nadia Jensen
POD40015,SH100023,2025-01-16 06:46,L-251,Lars Brennan
POD40016,SH100024,2025-07-28 09:29,L-226,Boris Dvorak
POD40017,SH100025,2025-03-01 14:35,L-220,Hamid Adler
POD40018,SH100027,2025-04-16 15:47,L-206,Boris Adler
POD40019,SH100029,2025-01-18 07:38,L-226,Nadia Dvorak
POD40020,SH100031,2025-04-28 18:02,L-248,Aisha Novak
POD40021,SH100032,2025-01-12 07:18,L-231,Aisha Kovacs
POD40022,SH100033,2026-01-01 15:21,L-204,Lars Lindgren
POD40023,SH100035,2025-10-06 12:15,L-206,Aisha Marek
POD40024,SH100036,2025-12-17 15:49,L-201,Priya Marek
POD40025,SH100037,2025-01-25 12:56,L-229,Jonas Novak
POD40026,SH100038,2025-05-05 21:50,L-220,Omar Costa
POD40027,SH100040,2025-04-28 20:53,L-214,Omar Okafor
POD40028,SH100042,2025-04-05 11:20,L-224,Lars Fuentes
POD40029,SH100043,2025-03-16 17:32,L-256,Stefan Fuentes
POD40030,SH100044,2025-01-08 18:56,L-208,Greta Iqbal
POD40031,SH100045,2026-02-16 20:10,L-250,Aisha Kovacs
POD40032,SH100046,2025-11-03 12:49,L-226,Lars Marek
POD40033,SH100047,2026-02-10 10:49,L-201,Ines Fuentes
POD40034,SH100048,2025-09-12 14:20,L-224,Dev Sorensen
POD40035,SH100049,2025-10-16 21:14,L-203,Nadia Hansen
POD40036,SH100050,2025-12-15 20:20,L-241,Hamid Riva
POD40037,SH100051,2026-03-05 11:40,L-225,Greta Petrov
POD40038,SH100054,2025-09-10 10:46,L-201,Elena Okafor
POD40039,SH100055,2025-02-18 21:36,L-240,Hamid Quist
POD40040,SH100056,2025-03-29 15:46,L-216,Aisha Lindgren
POD40041,SH100057,2025-10-20 06:32,L-210,Mei Novak
POD40042,SH100058,2025-12-04 06:11,L-240,Mei Tanaka
POD40043,SH100060,2025-01-22 18:36,L-227,Lars Kovacs
POD40044,SH100061,2025-06-20 07:53,L-207,Rosa Fuentes
POD40045,SH100062,2026-04-05 15:51,L-258,Elena Tanaka
POD40046,SH100063,2025-12-22 09:05,L-240,Nadia Eriksen
POD40047,SH100065,2025-12-10 13:00,L-248,Lars Costa
POD40048,SH100066,2026-01-25 13:00,L-253,Quinn Riva
POD40049,SH100067,2026-04-21 19:38,L-203,Omar Sorensen
POD40050,SH100068,2025-09-28 20:01,L-205,Rosa Iqbal
POD40051,SH100069,2025-11-30 17:20,L-231,Greta Kovacs
POD40052,SH100071,2025-07-21 18:43,L-260,Omar Brennan
POD40053,SH100074,2025-08-06 13:49,L-256,Boris Brennan
POD40054,SH100076,2025-04-20 12:56,L-215,Carmen Lindgren
POD40055,SH100077,2025-04-12 06:34,L-242,Jonas Riva
POD40056,SH100078,2025-02-28 09:07,L-210,Elena Sorensen
POD40057,SH100079,2025-04-05 17:54,L-204,Aisha Riva
POD40058,SH100081,2026-04-22 10:03,L-236,Aisha Hansen
POD40059,SH100082,2025-05-04 13:30,L-242,Omar Dvorak
POD40060,SH100083,2025-06-24 21:10,L-204,Stefan Hansen
POD40061,SH100084,2025-01-30 21:11,L-216,Femi Brennan
POD40062,SH100085,2025-07-19 18:13,L-238,Greta Adler
POD40063,SH100086,2025-03-04 13:00,L-255,Hamid Fuentes
POD40064,SH100087,2025-02-09 16:10,L-253,Aisha Gallo
POD40065,SH100088,2025-11-01 20:52,L-228,Dev Marek
POD40066,SH100089,2025-09-05 19:46,L-205,Hamid Fuentes
POD40067,SH100090,2025-10-30 10:11,L-258,Greta Okafor
POD40068,SH100091,2025-01-20 16:14,L-249,Katya Jensen
POD40069,SH100092,2025-05-17 18:07,L-258,Femi Adler
POD40070,SH100093,2026-04-05 18:25,L-238,Rosa Brennan
POD40071,SH100094,2025-05-11 09:58,L-256,Hamid Kovacs
POD40072,SH100095,2025-12-18 15:10,L-246,Priya Quist
POD40073,SH100098,2025-02-22 11:03,L-241,Jonas Brennan
POD40074,SH100100,2026-01-30 17:57,L-245,Elena Costa
POD40075,SH100101,2025-03-19 17:58,L-253,Carmen Sorensen
POD40076,SH100104,2025-07-21 08:49,L-221,Jonas Lindgren
POD40077,SH100105,2026-03-03 14:34,L-205,Omar Eriksen
POD40078,SH100107,2025-01-27 21:08,L-205,Tomas Marek
POD40079,SH100108,2025-02-05 08:16,L-207,Jonas Jensen
POD40080,SH100111,2025-12-12 19:50,L-239,Boris Tanaka
POD40081,SH100112,2025-07-11 13:40,L-216,Tomas Hansen
POD40082,SH100113,2026-02-01 18:06,L-217,Stefan Quist
POD40083,SH100115,2025-04-25 16:20,L-222,Dev Eriksen
POD40084,SH100116,2026-05-13 15:06,L-260,Hamid Hansen
POD40085,SH100118,2025-06-29 11:41,L-226,Carmen Petrov
POD40086,SH100120,2025-12-25 11:06,L-206,Priya Hansen
POD40087,SH100122,2025-12-19 11:48,L-224,Quinn Marek
POD40088,SH100124,2025-01-12 11:45,L-253,Aisha Kovacs
POD40089,SH100125,2025-08-27 13:34,L-236,Aisha Adler
POD40090,SH100128,2025-10-19 11:57,L-208,Quinn Sorensen
POD40091,SH100129,2025-07-31 13:39,L-203,Hamid Riva
POD40092,SH100130,2026-01-29 17:27,L-201,Greta Hansen
POD40093,SH100131,2025-05-05 19:37,L-231,Boris Okafor
POD40094,SH100132,2025-05-30 11:44,L-201,Stefan Lindgren
POD40095,SH100133,2026-05-30 15:00,L-218,Jonas Petrov
POD40096,SH100135,2025-10-03 11:35,L-232,Boris Adler
POD40097,SH100136,2025-05-07 09:48,L-202,Quinn Jensen
POD40098,SH100137,2025-07-26 07:21,L-219,Jonas Kovacs
POD40099,SH100138,2026-03-03 11:05,L-214,Tomas Adler
POD40100,SH100141,2025-10-01 13:37,L-208,Jonas Brennan
POD40101,SH100142,2025-02-13 10:15,L-214,Lars Sorensen
POD40102,SH100143,2025-07-29 15:38,L-226,Nadia Okafor
POD40103,SH100144,2025-12-10 08:31,L-230,Rosa Iqbal
POD40104,SH100145,2025-04-08 19:09,L-224,Mei Sorensen
POD40105,SH100146,2025-05-04 11:25,L-209,Priya Costa
POD40106,SH100147,2026-05-15 18:11,L-257,Priya Lindgren
POD40107,SH100148,2025-08-19 06:06,L-252,Stefan Jensen
POD40108,SH100149,2025-03-08 10:56,L-205,Greta Kovacs
POD40109,SH100150,2025-12-31 21:32,L-247,Katya Eriksen
POD40110,SH100151,2025-05-29 19:42,L-239,Greta Costa
POD40111,SH100152,2025-09-17 17:59,L-218,Stefan Okafor
POD40112,SH100153,2026-01-26 06:23,L-206,Boris Kovacs
POD40113,SH100154,2025-09-10 13:13,L-203,Mei Brennan
POD40114,SH100155,2025-10-16 20:07,L-254,Quinn Iqbal
POD40115,SH100156,2025-02-18 16:19,L-256,Rosa Brennan
POD40116,SH100157,2025-05-18 15:56,L-211,Greta Petrov
POD40117,SH100158,2025-06-16 21:09,L-251,Dev Tanaka
POD40118,SH100159,2025-11-05 11:08,L-202,Quinn Okafor
POD40119,SH100160,2025-07-02 14:04,L-237,Carmen Iqbal
POD40120,SH100161,2025-09-15 15:50,L-237,Hamid Novak
POD40121,SH100162,2025-08-28 06:48,L-247,Quinn Dvorak
POD40122,SH100163,2025-12-14 07:05,L-252,Ines Brennan
POD40123,SH100164,2025-04-04 11:36,L-254,Priya Hansen
POD40124,SH100165,2025-04-04 11:10,L-237,Mei Eriksen
POD40125,SH100166,2026-01-09 14:21,L-234,Quinn Iqbal
POD40126,SH100167,2025-09-16 16:32,L-227,Mei Adler
POD40127,SH100169,2026-04-15 10:24,L-237,Carmen Sorensen
POD40128,SH100170,2026-05-22 21:06,L-247,Quinn Tanaka
POD40129,SH100172,2025-06-23 07:00,L-241,Carmen Petrov
POD40130,SH100173,2026-01-01 12:50,L-213,Mei Adler
POD40131,SH100174,2025-09-10 19:10,L-206,Rosa Tanaka
POD40132,SH100175,2026-03-03 15:57,L-226,Katya Dvorak
POD40133,SH100176,2026-05-16 11:41,L-260,Stefan Kovacs
POD40134,SH100177,2025-09-27 11:53,L-211,Carmen Novak
POD40135,SH100178,2025-05-03 09:40,L-210,Elena Tanaka
POD40136,SH100179,2025-10-23 15:06,L-247,Rosa Adler
POD40137,SH100180,2025-11-02 21:51,L-238,Nadia Eriksen
POD40138,SH100181,2025-04-12 19:49,L-252,Femi Riva
POD40139,SH100182,2025-01-27 11:29,L-222,Elena Tanaka
POD40140,SH100183,2025-02-11 06:06,L-248,Lars Lindgren
POD40141,SH100184,2025-06-10 14:00,L-214,Carmen Fuentes
POD40142,SH100185,2026-01-04 07:20,L-235,Nadia Okafor
POD40143,SH100186,2026-04-13 10:17,L-251,Katya Quist
POD40144,SH100187,2025-10-13 15:11,L-231,Femi Fuentes
POD40145,SH100188,2025-03-04 17:28,L-248,Stefan Adler
POD40146,SH100190,2026-04-09 21:59,L-215,Lars Tanaka
POD40147,SH100192,2025-09-28 13:22,L-231,Quinn Tanaka
POD40148,SH100196,2025-09-08 06:39,L-215,Katya Kovacs
POD40149,SH100197,2025-08-07 21:44,L-208,Katya Riva
POD40150,SH100199,2025-05-05 06:35,L-218,Elena Hansen
POD40151,SH100200,2026-04-15 10:36,L-253,Nadia Gallo
POD40152,SH100201,2025-07-22 12:26,L-204,Carmen Quist
POD40153,SH100202,2025-05-10 16:17,L-249,Boris Adler
POD40154,SH100203,2026-02-08 17:34,L-204,Mei Tanaka
POD40155,SH100204,2025-08-29 15:43,L-212,Greta Iqbal
POD40156,SH100205,2025-06-13 10:25,L-226,Boris Okafor
POD40157,SH100207,2025-07-19 06:17,L-254,Mei Iqbal
POD40158,SH100208,2025-11-06 07:48,L-230,Lars Lindgren
POD40159,SH100209,2025-10-16 15:48,L-240,Ines Riva
POD40160,SH100211,2025-09-11 10:56,L-224,Aisha Dvorak
POD40161,SH100212,2025-09-27 10:00,L-239,Greta Petrov
POD40162,SH100213,2026-04-05 20:36,L-253,Tomas Dvorak
POD40163,SH100214,2025-06-16 20:01,L-207,Katya Sorensen
POD40164,SH100215,2025-01-22 08:48,L-258,Rosa Quist
POD40165,SH100216,2025-06-11 07:24,L-260,Nadia Eriksen
POD40166,SH100217,2025-01-29 08:32,L-250,Stefan Eriksen
POD40167,SH100219,2025-01-25 11:52,L-250,Greta Dvorak
POD40168,SH100220,2025-03-31 12:28,L-251,Lars Brennan
POD40169,SH100222,2025-08-24 16:24,L-247,Jonas Adler
POD40170,SH100223,2025-11-09 17:04,L-251,Nadia Eriksen
POD40171,SH100225,2025-12-27 08:26,L-244,Lars Eriksen
POD40172,SH100226,2025-05-25 08:03,L-204,Lars Marek
POD40173,SH100227,2025-05-22 08:11,L-219,Elena Fuentes
POD40174,SH100228,2025-12-06 09:55,L-230,Jonas Sorensen
POD40175,SH100229,2025-02-18 12:32,L-207,Aisha Riva
POD40176,SH100230,2025-11-04 11:06,L-258,Greta Quist
POD40177,SH100231,2025-07-28 21:35,L-208,Jonas Jensen
POD40178,SH100232,2025-08-27 21:59,L-213,Priya Costa
POD40179,SH100233,2025-05-16 20:18,L-203,Greta Adler
POD40180,SH100234,2025-07-31 12:31,L-229,Femi Dvorak
POD40181,SH100235,2026-05-13 20:04,L-259,Aisha Eriksen
POD40182,SH100236,2025-06-21 20:08,L-232,Femi Quist
POD40183,SH100237,2025-10-26 17:48,L-241,Katya Okafor
POD40184,SH100238,2025-05-30 11:09,L-252,Priya Costa
POD40185,SH100239,2026-01-21 15:52,L-247,Rosa Adler
POD40186,SH100240,2025-08-01 19:28,L-237,Greta Dvorak
POD40187,SH100241,2026-01-16 16:39,L-235,Quinn Quist
POD40188,SH100242,2026-02-18 11:58,L-257,Omar Brennan
POD40189,SH100244,2026-04-22 14:18,L-221,Stefan Tanaka
POD40190,SH100245,2025-11-27 14:55,L-252,Tomas Lindgren
POD40191,SH100246,2026-04-04 15:59,L-239,Lars Novak
POD40192,SH100248,2026-02-04 13:32,L-201,Rosa Sorensen
POD40193,SH100250,2025-03-27 12:52,L-231,Boris Marek
POD40194,SH100253,2026-04-28 18:20,L-219,Omar Quist
POD40195,SH100254,2025-06-07 16:33,L-216,Greta Novak
POD40196,SH100255,2025-08-27 13:52,L-209,Lars Tanaka
POD40197,SH100257,2025-11-16 19:37,L-219,Mei Riva
POD40198,SH100258,2026-04-25 14:11,L-227,Carmen Iqbal
POD40199,SH100259,2026-01-03 17:01,L-214,Hamid Iqbal
POD40200,SH100260,2026-01-19 21:12,L-248,Omar Iqbal
POD40201,SH100261,2025-11-05 14:01,L-231,Dev Gallo
POD40202,SH100262,2026-04-01 19:19,L-239,Elena Novak
POD40203,SH100263,2026-02-21 12:09,L-204,Hamid Tanaka
POD40204,SH100264,2025-12-02 17:27,L-226,Tomas Lindgren
POD40205,SH100265,2026-04-15 09:50,L-227,Jonas Brennan
POD40206,SH100266,2025-08-07 08:24,L-243,Quinn Okafor
POD40207,SH100267,2025-04-15 21:25,L-213,Katya Gallo
POD40208,SH100268,2025-01-18 19:08,L-210,Femi Eriksen
POD40209,SH100269,2025-05-05 08:19,L-213,Hamid Jensen
POD40210,SH100270,2025-02-12 15:09,L-231,Tomas Eriksen
POD40211,SH100271,2025-12-15 20:44,L-255,Hamid Hansen
POD40212,SH100272,2026-04-13 09:03,L-203,Dev Riva
POD40213,SH100273,2026-03-05 16:53,L-242,Hamid Dvorak
POD40214,SH100274,2025-12-24 11:53,L-208,Nadia Lindgren
POD40215,SH100275,2025-02-17 20:13,L-219,Jonas Jensen
POD40216,SH100276,2025-09-30 09:30,L-210,Rosa Tanaka
POD40217,SH100277,2025-03-15 09:55,L-214,Femi Quist
POD40218,SH100279,2025-08-15 06:23,L-251,Dev Quist
POD40219,SH100280,2025-02-20 06:05,L-207,Mei Fuentes
POD40220,SH100281,2025-06-04 21:49,L-211,Nadia Okafor
POD40221,SH100282,2025-12-13 07:01,L-233,Femi Petrov
POD40222,SH100283,2025-07-20 19:08,L-201,Quinn Costa
POD40223,SH100285,2025-03-24 18:30,L-226,Femi Brennan
POD40224,SH100286,2025-01-13 15:56,L-235,Greta Lindgren
POD40225,SH100287,2025-12-29 15:00,L-236,Dev Jensen
POD40226,SH100288,2026-01-08 16:17,L-260,Femi Riva
POD40227,SH100290,2025-07-08 13:16,L-207,Ines Brennan
POD40228,SH100291,2026-04-15 15:46,L-230,Tomas Petrov
POD40229,SH100292,2025-07-03 06:38,L-258,Femi Kovacs
POD40230,SH100293,2025-11-21 08:58,L-253,Lars Iqbal
POD40231,SH100294,2026-01-18 07:57,L-235,Katya Hansen
POD40232,SH100295,2025-01-26 12:53,L-252,Mei Kovacs
POD40233,SH100296,2025-04-12 17:15,L-209,Rosa Sorensen
POD40234,SH100297,2025-08-31 21:48,L-256,Lars Adler
POD40235,SH100298,2025-05-28 09:05,L-220,Ines Jensen
POD40236,SH100299,2025-05-20 14:24,L-211,Lars Novak
POD40237,SH100300,2025-08-01 09:04,L-243,Carmen Fuentes
POD40238,SH100301,2025-06-22 17:39,L-242,Rosa Jensen
POD40239,SH100302,2025-09-19 20:33,L-207,Aisha Petrov
POD40240,SH100303,2026-01-22 21:21,L-213,Rosa Quist
POD40241,SH100305,2025-02-22 15:07,L-206,Carmen Tanaka
POD40242,SH100306,2026-02-21 20:20,L-203,Dev Tanaka
POD40243,SH100307,2025-09-09 14:03,L-219,Quinn Lindgren
POD40244,SH100308,2025-11-20 18:36,L-202,Priya Tanaka
POD40245,SH100309,2025-12-05 21:13,L-213,Elena Brennan
POD40246,SH100310,2026-05-03 20:56,L-230,Dev Dvorak
POD40247,SH100311,2025-01-17 20:18,L-242,Tomas Brennan
POD40248,SH100312,2025-04-08 07:45,L-201,Femi Iqbal
POD40249,SH100314,2025-02-11 14:45,L-255,Jonas Brennan
POD40250,SH100315,2025-08-29 17:32,L-228,Omar Petrov
POD40251,SH100316,2026-03-28 10:40,L-244,Aisha Tanaka
POD40252,SH100317,2026-05-08 15:02,L-241,Femi Fuentes
POD40253,SH100318,2025-04-25 13:09,L-238,Mei Marek
POD40254,SH100319,2025-11-25 09:39,L-230,Jonas Jensen
POD40255,SH100320,2025-03-28 07:46,L-257,Lars Novak
POD40256,SH100321,2025-12-02 10:31,L-216,Aisha Gallo
POD40257,SH100322,2026-04-22 14:33,L-217,Dev Brennan
POD40258,SH100324,2026-02-24 11:10,L-260,Greta Sorensen
POD40259,SH100325,2025-08-24 10:19,L-228,Jonas Petrov
POD40260,SH100327,2026-03-31 14:02,L-243,Quinn Kovacs
POD40261,SH100328,2025-05-30 09:29,L-240,Femi Sorensen
POD40262,SH100329,2025-05-02 14:27,L-206,Boris Marek
POD40263,SH100330,2025-01-12 09:09,L-258,Tomas Brennan
POD40264,SH100331,2025-11-28 20:31,L-224,Tomas Iqbal
POD40265,SH100332,2026-01-19 21:26,L-216,Greta Riva
POD40266,SH100334,2026-03-21 18:54,L-236,Katya Petrov
POD40267,SH100335,2025-10-10 07:38,L-216,Dev Fuentes
POD40268,SH100336,2025-01-09 11:31,L-203,Jonas Hansen
POD40269,SH100338,2026-03-03 21:57,L-216,Stefan Quist
POD40270,SH100339,2025-03-16 08:22,L-205,Priya Lindgren
POD40271,SH100340,2025-10-25 13:57,L-257,Tomas Lindgren
POD40272,SH100342,2025-09-21 18:03,L-207,Ines Riva
POD40273,SH100343,2025-10-03 11:52,L-211,Elena Gallo
POD40274,SH100344,2025-12-14 18:57,L-232,Tomas Riva
POD40275,SH100345,2026-05-11 14:19,L-243,Nadia Riva
POD40276,SH100346,2025-06-13 15:29,L-225,Carmen Gallo
POD40277,SH100347,2025-04-29 07:49,L-220,Omar Quist
POD40278,SH100348,2026-03-07 20:52,L-219,Priya Fuentes
POD40279,SH100349,2025-12-15 08:41,L-228,Lars Novak
POD40280,SH100350,2026-03-07 18:37,L-203,Quinn Quist
POD40281,SH100351,2025-07-27 17:54,L-219,Quinn Fuentes
POD40282,SH100353,2025-08-21 20:41,L-234,Hamid Costa
POD40283,SH100354,2025-01-22 07:44,L-214,Dev Costa
POD40284,SH100355,2025-07-22 12:05,L-256,Katya Jensen
POD40285,SH100356,2025-02-03 18:18,L-202,Rosa Kovacs
POD40286,SH100357,2025-11-12 13:34,L-247,Dev Adler
POD40287,SH100358,2026-04-29 06:28,L-233,Ines Kovacs
POD40288,SH100359,2026-01-15 07:10,L-252,Jonas Fuentes
POD40289,SH100360,2025-08-01 08:50,L-239,Femi Okafor
POD40290,SH100362,2025-09-08 09:50,L-209,Rosa Riva
POD40291,SH100364,2026-01-19 08:34,L-201,Greta Tanaka
POD40292,SH100365,2025-12-01 06:12,L-214,Mei Jensen
POD40293,SH100366,2025-08-29 10:51,L-229,Greta Lindgren
POD40294,SH100368,2026-04-18 20:44,L-259,Greta Novak
POD40295,SH100369,2026-05-25 21:42,L-214,Elena Sorensen
POD40296,SH100370,2026-03-17 19:02,L-203,Mei Sorensen
POD40297,SH100371,2025-04-28 18:22,L-218,Omar Sorensen
POD40298,SH100372,2025-12-01 18:41,L-255,Lars Sorensen
POD40299,SH100374,2025-11-19 14:56,L-226,Dev Tanaka
POD40300,SH100375,2025-07-30 12:10,L-241,Lars Fuentes
POD40301,SH100376,2025-07-10 14:52,L-218,Tomas Tanaka
POD40302,SH100377,2025-04-24 15:17,L-257,Dev Fuentes
POD40303,SH100378,2025-02-06 10:56,L-257,Hamid Petrov
POD40304,SH100380,2026-01-08 21:58,L-240,Nadia Gallo
POD40305,SH100382,2025-08-02 21:29,L-241,Jonas Lindgren
POD40306,SH100383,2025-08-13 18:03,L-217,Boris Iqbal
POD40307,SH100384,2025-07-11 08:46,L-241,Lars Quist
POD40308,SH100385,2025-08-29 08:25,L-242,Ines Iqbal
POD40309,SH100387,2026-05-15 14:15,L-255,Tomas Fuentes
POD40310,SH100388,2025-10-18 17:10,L-207,Mei Costa
POD40311,SH100389,2025-10-07 16:48,L-215,Katya Quist
POD40312,SH100390,2025-05-03 09:59,L-238,Boris Petrov
POD40313,SH100391,2025-09-30 18:28,L-225,Tomas Lindgren
POD40314,SH100392,2025-08-20 09:54,L-251,Rosa Lindgren
POD40315,SH100393,2025-03-24 14:33,L-246,Hamid Novak
POD40316,SH100395,2026-02-22 18:48,L-222,Boris Costa
POD40317,SH100396,2025-11-29 15:31,L-201,Katya Lindgren
POD40318,SH100397,2026-02-15 14:47,L-207,Elena Brennan
POD40319,SH100399,2025-06-14 14:15,L-260,Nadia Jensen
POD40320,SH100400,2025-10-18 17:36,L-226,Quinn Quist
POD40321,SH100401,2025-12-19 18:13,L-224,Hamid Riva
POD40322,SH100403,2026-01-18 12:46,L-218,Femi Costa
POD40323,SH100404,2026-01-21 08:15,L-207,Carmen Jensen
POD40324,SH100405,2025-04-17 13:22,L-201,Carmen Gallo
POD40325,SH100406,2025-12-16 09:32,L-233,Quinn Okafor
POD40326,SH100407,2025-02-01 16:13,L-202,Nadia Jensen
POD40327,SH100409,2025-05-07 10:28,L-260,Hamid Brennan
POD40328,SH100410,2025-01-30 16:02,L-204,Rosa Eriksen
POD40329,SH100411,2025-06-03 17:51,L-214,Carmen Lindgren
POD40330,SH100412,2025-05-31 08:28,L-232,Mei Fuentes
POD40331,SH100413,2025-03-14 20:10,L-208,Tomas Riva
POD40332,SH100416,2025-09-05 18:46,L-243,Quinn Fuentes
POD40333,SH100417,2025-02-01 07:46,L-215,Carmen Novak
POD40334,SH100418,2025-04-13 20:13,L-225,Nadia Kovacs
POD40335,SH100419,2025-10-24 11:04,L-255,Rosa Adler
POD40336,SH100420,2025-10-29 06:24,L-258,Aisha Okafor
POD40337,SH100421,2025-11-10 11:26,L-232,Ines Petrov
POD40338,SH100422,2025-01-30 07:25,L-208,Ines Tanaka
POD40339,SH100423,2025-03-05 21:22,L-219,Femi Gallo
POD40340,SH100424,2025-08-15 17:26,L-258,Stefan Costa
POD40341,SH100425,2025-12-10 16:53,L-240,Ines Gallo
POD40342,SH100427,2025-03-13 18:07,L-242,Carmen Marek
POD40343,SH100428,2025-08-11 06:21,L-240,Rosa Lindgren
POD40344,SH100431,2025-01-13 18:29,L-234,Jonas Iqbal
POD40345,SH100432,2025-11-05 11:31,L-216,Quinn Novak
POD40346,SH100433,2026-03-27 07:46,L-231,Elena Tanaka
POD40347,SH100435,2025-02-12 21:32,L-217,Nadia Lindgren
POD40348,SH100436,2025-08-28 13:29,L-235,Rosa Tanaka
POD40349,SH100437,2025-06-09 15:56,L-231,Ines Sorensen
POD40350,SH100438,2025-10-10 18:28,L-245,Lars Iqbal
POD40351,SH100439,2026-03-03 09:21,L-203,Katya Kovacs
POD40352,SH100440,2026-04-07 07:10,L-217,Stefan Sorensen
POD40353,SH100441,2025-01-23 21:48,L-218,Hamid Lindgren
POD40354,SH100442,2025-11-20 06:53,L-226,Katya Novak
POD40355,SH100443,2026-02-22 08:53,L-215,Carmen Adler
POD40356,SH100444,2025-12-31 18:23,L-260,Elena Jensen
POD40357,SH100446,2025-01-28 14:54,L-207,Carmen Brennan
POD40358,SH100447,2026-03-31 08:03,L-251,Boris Lindgren
POD40359,SH100448,2025-09-07 10:28,L-257,Aisha Fuentes
POD40360,SH100449,2025-07-27 09:38,L-257,Katya Brennan
POD40361,SH100450,2025-10-26 09:47,L-212,Aisha Dvorak
POD40362,SH100451,2025-10-16 21:06,L-254,Mei Costa
POD40363,SH100452,2026-03-12 16:01,L-254,Priya Lindgren
POD40364,SH100454,2025-03-24 15:39,L-222,Omar Lindgren
POD40365,SH100455,2025-12-16 19:28,L-253,Dev Adler
POD40366,SH100456,2026-02-23 16:08,L-231,Carmen Marek
POD40367,SH100457,2026-01-01 14:05,L-252,Mei Gallo
POD40368,SH100458,2026-02-27 12:43,L-244,Quinn Quist
POD40369,SH100459,2026-01-31 14:05,L-210,Mei Novak
POD40370,SH100460,2025-08-31 07:06,L-209,Aisha Kovacs
POD40371,SH100461,2026-05-02 15:55,L-232,Rosa Kovacs
POD40372,SH100462,2026-03-06 14:40,L-208,Stefan Lindgren
POD40373,SH100463,2025-10-24 07:08,L-236,Katya Marek
POD40374,SH100465,2025-01-14 08:12,L-245,Lars Dvorak
POD40375,SH100466,2025-12-27 06:17,L-228,Elena Eriksen
POD40376,SH100467,2025-06-24 11:15,L-212,Ines Kovacs
POD40377,SH100469,2026-01-01 18:56,L-260,Lars Gallo
POD40378,SH100470,2025-07-05 07:23,L-229,Priya Costa
POD40379,SH100471,2025-01-18 08:00,L-235,Ines Jensen
POD40380,SH100472,2025-06-28 09:01,L-238,Katya Jensen
POD40381,SH100473,2025-09-14 18:51,L-235,Dev Marek
POD40382,SH100474,2026-01-11 16:25,L-218,Quinn Eriksen
POD40383,SH100475,2025-06-10 13:35,L-252,Boris Jensen
POD40384,SH100476,2025-01-09 12:29,L-221,Omar Quist
POD40385,SH100477,2026-01-29 11:43,L-259,Hamid Iqbal
POD40386,SH100478,2025-08-29 15:08,L-247,Lars Riva
POD40387,SH100479,2025-11-16 12:57,L-235,Femi Petrov
POD40388,SH100480,2025-11-22 20:11,L-222,Carmen Petrov
POD40389,SH100482,2025-04-18 12:33,L-225,Rosa Quist
POD40390,SH100484,2025-07-28 13:21,L-241,Aisha Dvorak
POD40391,SH100485,2026-02-17 09:39,L-237,Elena Iqbal
POD40392,SH100486,2025-01-16 20:46,L-220,Rosa Fuentes
POD40393,SH100490,2025-09-16 09:39,L-208,Katya Riva
POD40394,SH100491,2026-01-17 11:07,L-228,Femi Novak
POD40395,SH100492,2025-05-21 14:17,L-206,Tomas Marek
POD40396,SH100493,2025-04-26 16:34,L-208,Omar Petrov
POD40397,SH100494,2025-03-04 21:52,L-254,Carmen Sorensen
POD40398,SH100495,2025-08-29 17:34,L-203,Hamid Adler
POD40399,SH100497,2026-01-31 16:42,L-222,Dev Iqbal
POD40400,SH100498,2025-09-24 18:42,L-229,Aisha Marek
POD40401,SH100499,2025-05-07 18:11,L-258,Quinn Quist
POD40402,SH100500,2025-08-22 18:52,L-207,Femi Marek
POD40403,SH100501,2025-03-23 15:52,L-216,Mei Marek
POD40404,SH100502,2025-01-12 14:02,L-211,Greta Lindgren
POD40405,SH100504,2025-07-11 17:57,L-208,Nadia Riva
POD40406,SH100505,2025-02-15 21:16,L-233,Katya Sorensen
POD40407,SH100506,2026-01-09 18:35,L-254,Priya Tanaka
POD40408,SH100507,2025-08-16 18:03,L-202,Tomas Iqbal
POD40409,SH100508,2025-08-15 06:49,L-222,Katya Kovacs
POD40410,SH100509,2025-08-05 14:10,L-209,Lars Marek
POD40411,SH100510,2025-10-25 14:22,L-208,Mei Eriksen
POD40412,SH100511,2025-12-11 10:25,L-207,Boris Adler
POD40413,SH100512,2026-02-08 18:03,L-249,Nadia Tanaka
POD40414,SH100513,2026-02-02 11:27,L-256,Tomas Okafor
POD40415,SH100514,2026-05-11 18:26,L-253,Femi Costa
POD40416,SH100515,2025-03-02 20:52,L-242,Stefan Jensen
POD40417,SH100516,2025-06-23 16:25,L-249,Ines Tanaka
POD40418,SH100517,2025-10-06 11:38,L-214,Dev Brennan
POD40419,SH100518,2025-07-07 20:44,L-255,Quinn Eriksen
POD40420,SH100519,2025-11-13 19:48,L-246,Stefan Costa
POD40421,SH100520,2025-12-10 16:24,L-205,Dev Fuentes
POD40422,SH100522,2025-08-21 07:03,L-242,Jonas Petrov
POD40423,SH100523,2025-05-03 13:22,L-212,Femi Costa
POD40424,SH100524,2025-09-09 15:53,L-248,Tomas Eriksen
POD40425,SH100525,2025-05-03 08:27,L-226,Omar Tanaka
POD40426,SH100527,2026-01-25 10:01,L-229,Boris Kovacs
POD40427,SH100528,2025-06-03 15:25,L-206,Ines Adler
POD40428,SH100529,2026-01-27 12:59,L-257,Priya Costa
POD40429,SH100530,2025-07-22 18:48,L-206,Carmen Marek
POD40430,SH100531,2025-02-14 17:00,L-220,Quinn Sorensen
POD40431,SH100532,2025-11-27 15:48,L-227,Ines Iqbal
POD40432,SH100533,2025-02-13 09:50,L-241,Priya Okafor
POD40433,SH100535,2026-02-21 15:31,L-228,Dev Hansen
POD40434,SH100536,2025-12-06 18:00,L-211,Dev Adler
POD40435,SH100538,2025-10-31 18:50,L-241,Jonas Riva
POD40436,SH100539,2025-01-18 20:07,L-219,Quinn Dvorak
POD40437,SH100540,2025-09-07 13:52,L-208,Jonas Sorensen
POD40438,SH100541,2025-08-12 13:05,L-239,Katya Hansen
POD40439,SH100542,2025-09-06 15:31,L-252,Katya Riva
POD40440,SH100543,2025-10-31 07:09,L-241,Tomas Sorensen
POD40441,SH100544,2025-06-03 13:24,L-215,Jonas Riva
POD40442,SH100545,2025-01-25 09:05,L-246,Femi Marek
POD40443,SH100546,2025-02-10 08:19,L-260,Hamid Petrov
POD40444,SH100547,2025-05-09 10:06,L-258,Mei Okafor
POD40445,SH100549,2025-11-28 08:21,L-213,Tomas Kovacs
POD40446,SH100550,2025-09-22 16:30,L-259,Rosa Costa
POD40447,SH100551,2026-05-09 15:06,L-203,Elena Fuentes
POD40448,SH100552,2025-04-26 20:05,L-227,Omar Lindgren
POD40449,SH100553,2025-06-26 19:25,L-216,Stefan Brennan
POD40450,SH100554,2026-03-24 10:47,L-235,Rosa Novak
POD40451,SH100555,2025-08-15 19:07,L-209,Omar Quist
POD40452,SH100556,2026-03-16 10:51,L-210,Lars Tanaka
POD40453,SH100558,2025-11-01 09:08,L-244,Rosa Iqbal
POD40454,SH100559,2025-05-18 19:37,L-245,Rosa Quist
POD40455,SH100560,2026-01-26 21:32,L-242,Greta Tanaka
POD40456,SH100561,2025-06-14 21:56,L-243,Katya Riva
POD40457,SH100562,2025-04-29 08:09,L-257,Mei Hansen
POD40458,SH100563,2025-07-21 07:07,L-257,Katya Quist
POD40459,SH100564,2026-05-01 09:41,L-242,Rosa Quist
POD40460,SH100565,2025-10-08 20:26,L-250,Stefan Sorensen
POD40461,SH100566,2025-04-18 08:51,L-248,Hamid Kovacs
POD40462,SH100567,2025-11-23 10:22,L-215,Jonas Adler
POD40463,SH100568,2025-03-10 14:50,L-244,Greta Okafor
POD40464,SH100569,2025-10-15 06:19,L-232,Rosa Adler
POD40465,SH100570,2025-05-05 19:52,L-212,Greta Adler
POD40466,SH100571,2025-11-30 13:46,L-209,Femi Costa
POD40467,SH100572,2025-02-15 10:12,L-209,Nadia Petrov
POD40468,SH100573,2025-09-17 20:31,L-245,Aisha Marek
POD40469,SH100574,2026-04-20 15:03,L-208,Jonas Okafor
POD40470,SH100575,2025-08-01 13:03,L-218,Hamid Petrov
POD40471,SH100577,2025-03-20 18:34,L-250,Aisha Brennan
POD40472,SH100579,2025-04-05 10:15,L-228,Mei Riva
POD40473,SH100580,2025-02-21 15:49,L-240,Tomas Costa
POD40474,SH100581,2025-05-04 06:45,L-205,Jonas Fuentes
POD40475,SH100582,2025-04-02 09:28,L-253,Hamid Petrov
POD40476,SH100583,2026-01-02 20:40,L-214,Carmen Sorensen
POD40477,SH100584,2025-10-29 06:09,L-211,Greta Quist
POD40478,SH100585,2026-03-12 06:45,L-245,Hamid Lindgren
POD40479,SH100586,2026-03-15 08:35,L-247,Priya Adler
POD40480,SH100587,2025-06-10 15:38,L-240,Mei Marek
POD40481,SH100588,2025-03-25 17:31,L-251,Hamid Hansen
POD40482,SH100589,2025-12-31 19:31,L-214,Hamid Marek
POD40483,SH100591,2025-09-20 10:11,L-205,Omar Brennan
POD40484,SH100593,2025-10-04 13:28,L-252,Dev Kovacs
POD40485,SH100594,2025-12-12 12:25,L-247,Hamid Tanaka
POD40486,SH100595,2025-08-24 17:37,L-245,Nadia Okafor
POD40487,SH100596,2025-10-08 11:08,L-216,Katya Novak
POD40488,SH100597,2025-06-04 13:19,L-201,Stefan Riva
POD40489,SH100598,2025-07-09 11:15,L-206,Tomas Novak
POD40490,SH100599,2026-03-03 10:00,L-201,Katya Brennan
POD40491,SH100600,2026-01-01 18:37,L-237,Elena Brennan
POD40492,SH100601,2025-10-06 07:02,L-234,Katya Sorensen
POD40493,SH100602,2025-08-18 06:37,L-232,Stefan Novak
POD40494,SH100603,2026-01-02 20:14,L-236,Femi Jensen
POD40495,SH100604,2025-08-18 13:13,L-229,Mei Novak
POD40496,SH100606,2026-05-05 15:32,L-215,Ines Riva
POD40497,SH100609,2026-01-25 06:55,L-257,Greta Hansen
POD40498,SH100610,2025-03-22 20:11,L-245,Greta Adler
POD40499,SH100611,2025-12-16 18:05,L-202,Priya Adler
POD40500,SH100612,2025-02-04 08:42,L-247,Greta Hansen
POD40501,SH100613,2026-04-09 10:03,L-248,Nadia Petrov
POD40502,SH100614,2025-02-02 09:43,L-230,Elena Petrov
POD40503,SH100615,2025-08-08 16:27,L-251,Tomas Fuentes
POD40504,SH100616,2025-10-06 20:26,L-236,Carmen Sorensen
POD40505,SH100617,2025-07-23 14:36,L-216,Nadia Iqbal
POD40506,SH100618,2025-09-09 18:52,L-205,Rosa Iqbal
POD40507,SH100619,2025-03-21 06:47,L-252,Hamid Okafor
POD40508,SH100620,2025-01-10 11:39,L-213,Omar Lindgren
POD40509,SH100621,2025-05-31 10:11,L-236,Omar Dvorak
POD40510,SH100622,2026-03-30 08:56,L-226,Elena Gallo
POD40511,SH100623,2025-10-19 08:17,L-243,Tomas Kovacs
POD40512,SH100626,2026-02-08 14:49,L-226,Greta Tanaka
POD40513,SH100627,2026-02-22 21:11,L-202,Priya Fuentes
POD40514,SH100628,2025-06-14 18:15,L-246,Aisha Hansen
POD40515,SH100629,2025-03-31 15:54,L-219,Katya Tanaka
POD40516,SH100630,2026-03-04 08:44,L-209,Katya Lindgren
POD40517,SH100631,2025-08-30 15:25,L-229,Boris Tanaka
POD40518,SH100633,2025-02-18 08:59,L-209,Elena Petrov
POD40519,SH100634,2025-05-20 13:50,L-256,Nadia Fuentes
POD40520,SH100635,2026-02-06 11:09,L-221,Jonas Riva
POD40521,SH100637,2026-05-04 16:15,L-239,Mei Costa
POD40522,SH100638,2025-04-17 06:27,L-243,Priya Fuentes
POD40523,SH100640,2025-04-06 11:54,L-204,Dev Petrov
POD40524,SH100641,2026-05-08 16:46,L-240,Tomas Brennan
POD40525,SH100642,2025-01-18 09:42,L-237,Omar Petrov
POD40526,SH100643,2025-09-22 21:42,L-218,Boris Lindgren
POD40527,SH100644,2026-03-19 20:49,L-219,Jonas Hansen
POD40528,SH100645,2025-07-10 19:48,L-241,Dev Jensen
POD40529,SH100646,2026-01-14 19:56,L-239,Nadia Adler
POD40530,SH100647,2025-08-14 07:46,L-249,Lars Fuentes
POD40531,SH100648,2025-09-11 16:30,L-217,Femi Adler
POD40532,SH100649,2026-04-25 13:14,L-232,Stefan Eriksen
POD40533,SH100650,2025-11-01 18:23,L-212,Stefan Hansen
POD40534,SH100651,2026-04-17 21:25,L-236,Omar Adler
POD40535,SH100652,2025-12-11 07:50,L-215,Nadia Iqbal
POD40536,SH100653,2025-10-09 12:38,L-260,Femi Costa
POD40537,SH100655,2025-05-14 11:18,L-213,Femi Marek
POD40538,SH100656,2025-10-11 14:04,L-238,Greta Eriksen
POD40539,SH100657,2025-02-11 13:29,L-230,Nadia Adler
POD40540,SH100658,2026-05-12 19:50,L-233,Katya Okafor
POD40541,SH100659,2025-02-13 13:08,L-256,Dev Fuentes
POD40542,SH100660,2026-02-06 16:30,L-221,Lars Eriksen
POD40543,SH100662,2025-05-20 19:37,L-210,Carmen Novak
POD40544,SH100663,2026-03-23 08:27,L-237,Greta Iqbal
POD40545,SH100664,2025-03-17 18:42,L-228,Jonas Hansen
POD40546,SH100665,2025-08-14 10:19,L-222,Katya Kovacs
POD40547,SH100669,2025-08-25 21:05,L-240,Aisha Petrov
POD40548,SH100670,2025-04-12 09:24,L-259,Stefan Okafor
POD40549,SH100671,2025-11-28 15:02,L-245,Hamid Adler
POD40550,SH100673,2025-12-28 13:57,L-251,Boris Novak
POD40551,SH100674,2025-09-09 07:44,L-227,Hamid Tanaka
POD40552,SH100675,2025-04-27 06:36,L-245,Jonas Tanaka
POD40553,SH100676,2025-10-03 14:13,L-233,Mei Dvorak
POD40554,SH100677,2025-08-14 09:46,L-234,Femi Okafor
POD40555,SH100679,2025-02-11 15:42,L-210,Stefan Fuentes
POD40556,SH100680,2026-03-01 08:26,L-241,Lars Riva
POD40557,SH100682,2025-07-19 18:34,L-248,Rosa Brennan
POD40558,SH100683,2025-08-03 16:34,L-219,Priya Brennan
POD40559,SH100684,2026-04-21 08:44,L-238,Jonas Novak
POD40560,SH100685,2025-10-08 15:27,L-250,Dev Quist
POD40561,SH100686,2025-04-07 06:31,L-240,Stefan Iqbal
POD40562,SH100688,2025-01-18 18:58,L-216,Quinn Okafor
POD40563,SH100689,2025-09-24 10:41,L-258,Hamid Jensen
POD40564,SH100690,2026-01-19 17:20,L-231,Katya Jensen
POD40565,SH100691,2025-06-05 16:44,L-243,Priya Sorensen
POD40566,SH100694,2026-03-23 16:17,L-202,Rosa Riva
POD40567,SH100695,2025-04-11 14:55,L-226,Ines Fuentes
POD40568,SH100696,2025-12-21 09:16,L-237,Tomas Quist
POD40569,SH100697,2025-01-17 07:23,L-245,Stefan Lindgren
POD40570,SH100698,2026-01-10 06:55,L-237,Elena Lindgren
POD40571,SH100700,2026-03-18 08:14,L-224,Femi Petrov
POD40572,SH100701,2025-08-24 11:00,L-205,Hamid Gallo
POD40573,SH100702,2025-10-09 08:23,L-253,Dev Marek
POD40574,SH100703,2025-06-27 11:14,L-215,Tomas Sorensen
POD40575,SH100704,2025-04-24 20:10,L-248,Femi Fuentes
POD40576,SH100705,2025-11-29 08:45,L-241,Jonas Riva
POD40577,SH100706,2025-06-12 14:33,L-230,Aisha Jensen
POD40578,SH100707,2025-06-01 14:40,L-219,Stefan Riva
POD40579,SH100708,2026-02-12 13:12,L-241,Tomas Quist
POD40580,SH100709,2025-06-21 19:07,L-215,Femi Novak
POD40581,SH100710,2026-01-23 13:50,L-225,Quinn Dvorak
POD40582,SH100711,2025-10-19 14:34,L-256,Omar Gallo
POD40583,SH100712,2025-10-23 07:17,L-251,Elena Kovacs
POD40584,SH100713,2025-06-03 06:58,L-248,Greta Fuentes
POD40585,SH100714,2025-09-27 12:32,L-256,Hamid Marek
POD40586,SH100715,2025-08-25 07:56,L-246,Rosa Jensen
POD40587,SH100718,2026-01-13 21:12,L-237,Femi Riva
POD40588,SH100719,2026-01-21 08:03,L-255,Lars Fuentes
POD40589,SH100720,2025-10-28 07:35,L-211,Stefan Gallo
POD40590,SH100721,2026-01-05 10:24,L-221,Omar Gallo
POD40591,SH100725,2025-09-10 21:39,L-211,Ines Eriksen
POD40592,SH100726,2025-01-30 11:50,L-229,Dev Petrov
POD40593,SH100727,2025-08-25 19:32,L-259,Stefan Brennan
POD40594,SH100728,2026-03-11 10:34,L-244,Boris Costa
POD40595,SH100729,2026-04-27 16:33,L-236,Lars Costa
POD40596,SH100730,2025-04-17 19:30,L-216,Katya Lindgren
POD40597,SH100732,2025-07-01 11:35,L-212,Ines Novak
POD40598,SH100733,2025-06-08 19:45,L-214,Lars Sorensen
POD40599,SH100734,2026-02-15 12:45,L-227,Boris Gallo
POD40600,SH100735,2025-07-10 20:08,L-213,Omar Riva
POD40601,SH100736,2025-10-06 18:22,L-221,Boris Dvorak
POD40602,SH100737,2025-05-13 12:10,L-257,Greta Tanaka
POD40603,SH100738,2025-01-22 08:37,L-218,Jonas Okafor
POD40604,SH100739,2025-08-30 08:15,L-208,Lars Sorensen
POD40605,SH100741,2026-05-18 17:01,L-210,Nadia Sorensen
POD40606,SH100742,2025-09-22 18:16,L-207,Tomas Costa
POD40607,SH100745,2025-06-19 18:40,L-228,Hamid Okafor
POD40608,SH100746,2025-11-12 17:41,L-254,Dev Marek
POD40609,SH100747,2026-01-28 18:04,L-224,Hamid Fuentes
POD40610,SH100748,2026-03-25 14:47,L-229,Dev Marek
POD40611,SH100750,2025-10-04 14:54,L-234,Priya Dvorak
POD40612,SH100751,2025-01-12 08:41,L-216,Stefan Marek
POD40613,SH100752,2025-08-28 14:54,L-214,Boris Okafor
POD40614,SH100753,2026-04-24 18:16,L-203,Femi Kovacs
POD40615,SH100755,2026-03-13 08:46,L-237,Rosa Kovacs
POD40616,SH100756,2026-04-15 08:18,L-257,Aisha Tanaka
POD40617,SH100758,2025-01-13 06:18,L-241,Jonas Costa
POD40618,SH100760,2026-01-24 09:54,L-254,Ines Quist
POD40619,SH100761,2025-10-26 12:52,L-215,Elena Costa
POD40620,SH100763,2026-02-09 10:05,L-211,Mei Iqbal
POD40621,SH100764,2025-12-19 20:30,L-256,Boris Petrov
POD40622,SH100765,2025-03-04 18:45,L-236,Katya Brennan
POD40623,SH100766,2025-05-13 08:36,L-236,Boris Gallo
POD40624,SH100767,2025-04-05 21:21,L-229,Tomas Gallo
POD40625,SH100768,2025-11-11 12:04,L-246,Boris Sorensen
POD40626,SH100769,2025-11-13 18:55,L-245,Priya Iqbal
POD40627,SH100771,2025-03-13 09:01,L-251,Stefan Dvorak
POD40628,SH100772,2025-06-23 20:58,L-240,Jonas Riva
POD40629,SH100773,2025-01-08 09:10,L-219,Stefan Gallo
POD40630,SH100774,2025-04-23 11:32,L-244,Rosa Tanaka
POD40631,SH100775,2026-01-16 07:56,L-244,Tomas Novak
POD40632,SH100776,2025-03-28 17:32,L-209,Priya Costa
POD40633,SH100777,2026-05-09 18:48,L-202,Mei Iqbal
POD40634,SH100778,2026-03-29 12:41,L-227,Jonas Eriksen
POD40635,SH100779,2025-12-05 12:32,L-227,Dev Marek
POD40636,SH100780,2025-05-26 15:14,L-245,Mei Sorensen
POD40637,SH100781,2025-03-07 10:35,L-212,Stefan Eriksen
POD40638,SH100782,2026-01-10 21:46,L-215,Lars Tanaka
POD40639,SH100783,2025-03-09 17:04,L-203,Omar Eriksen
POD40640,SH100784,2026-04-12 17:40,L-226,Greta Eriksen
POD40641,SH100785,2026-03-16 12:30,L-250,Ines Tanaka
POD40642,SH100786,2026-01-06 18:05,L-238,Carmen Tanaka
POD40643,SH100788,2025-01-17 17:49,L-253,Femi Iqbal
POD40644,SH100789,2025-05-14 12:28,L-204,Tomas Eriksen
POD40645,SH100790,2026-04-02 21:32,L-230,Quinn Sorensen
POD40646,SH100792,2025-09-19 10:46,L-207,Hamid Lindgren
POD40647,SH100793,2026-03-21 16:19,L-246,Elena Jensen
POD40648,SH100794,2025-10-15 13:17,L-244,Jonas Lindgren
POD40649,SH100795,2026-01-10 16:58,L-245,Lars Kovacs
POD40650,SH100797,2025-06-13 11:17,L-231,Lars Novak
POD40651,SH100798,2025-08-06 08:31,L-251,Nadia Lindgren
POD40652,SH100799,2025-04-27 06:17,L-254,Lars Tanaka
POD40653,SH100800,2025-06-13 16:09,L-248,Aisha Adler
POD40654,SH100801,2025-10-08 09:32,L-220,Tomas Tanaka
POD40655,SH100802,2025-06-29 12:59,L-256,Katya Costa
POD40656,SH100803,2025-12-25 15:43,L-259,Aisha Quist
POD40657,SH100804,2025-01-14 06:58,L-220,Katya Hansen
POD40658,SH100805,2026-05-16 09:53,L-241,Omar Lindgren
POD40659,SH100806,2025-05-15 08:07,L-243,Dev Okafor
POD40660,SH100808,2026-01-21 16:18,L-205,Elena Marek
POD40661,SH100810,2025-07-24 13:48,L-227,Hamid Fuentes
POD40662,SH100811,2025-10-10 10:46,L-217,Rosa Hansen
POD40663,SH100813,2026-01-22 17:11,L-214,Nadia Kovacs
POD40664,SH100814,2026-01-29 15:42,L-256,Elena Tanaka
POD40665,SH100815,2025-01-31 20:24,L-244,Dev Eriksen
POD40666,SH100816,2025-04-11 12:14,L-241,Katya Brennan
POD40667,SH100818,2025-04-30 15:03,L-258,Stefan Costa
POD40668,SH100820,2025-06-08 19:51,L-210,Ines Novak
POD40669,SH100822,2025-11-02 18:23,L-258,Hamid Okafor
POD40670,SH100823,2026-04-27 13:36,L-203,Femi Costa
POD40671,SH100824,2025-10-29 10:51,L-255,Boris Costa
POD40672,SH100825,2025-02-26 12:56,L-202,Tomas Eriksen
POD40673,SH100826,2025-02-25 10:32,L-208,Stefan Okafor
POD40674,SH100827,2025-05-29 17:09,L-259,Katya Sorensen
POD40675,SH100828,2025-09-02 20:00,L-238,Quinn Adler
POD40676,SH100829,2026-05-07 18:07,L-220,Elena Riva
POD40677,SH100830,2025-07-05 09:02,L-225,Omar Petrov
POD40678,SH100831,2026-05-06 07:16,L-251,Elena Riva
POD40679,SH100832,2025-12-07 07:25,L-255,Tomas Sorensen
POD40680,SH100833,2025-02-10 14:39,L-219,Carmen Gallo
POD40681,SH100834,2025-08-08 17:19,L-232,Lars Petrov
POD40682,SH100835,2026-03-24 08:29,L-209,Hamid Dvorak
POD40683,SH100836,2025-04-24 09:14,L-246,Rosa Adler
POD40684,SH100837,2025-12-05 20:55,L-222,Jonas Hansen
POD40685,SH100838,2025-07-26 14:54,L-252,Dev Novak
POD40686,SH100839,2026-03-11 21:52,L-250,Tomas Novak
POD40687,SH100840,2026-03-16 18:11,L-257,Ines Riva
POD40688,SH100841,2026-01-04 21:37,L-254,Elena Marek
POD40689,SH100842,2025-09-10 19:38,L-252,Hamid Kovacs
POD40690,SH100844,2026-05-16 18:02,L-247,Greta Eriksen
POD40691,SH100846,2025-07-01 17:17,L-212,Lars Eriksen
POD40692,SH100847,2026-04-08 08:14,L-259,Rosa Petrov
POD40693,SH100848,2025-07-27 20:32,L-256,Greta Brennan
POD40694,SH100851,2025-03-23 17:16,L-244,Rosa Eriksen
POD40695,SH100852,2025-07-15 17:54,L-234,Carmen Dvorak
POD40696,SH100853,2025-08-21 08:53,L-254,Carmen Sorensen
POD40697,SH100854,2026-05-06 12:36,L-248,Quinn Tanaka
POD40698,SH100856,2026-04-12 10:14,L-203,Tomas Dvorak
POD40699,SH100857,2026-02-18 20:41,L-255,Aisha Lindgren
POD40700,SH100859,2025-03-30 20:57,L-203,Katya Adler
POD40701,SH100860,2026-05-16 18:55,L-207,Greta Lindgren
POD40702,SH100861,2025-01-21 11:13,L-220,Priya Quist
POD40703,SH100862,2026-05-16 20:46,L-251,Jonas Iqbal
POD40704,SH100863,2025-09-23 13:48,L-220,Aisha Sorensen
POD40705,SH100864,2025-02-13 15:11,L-256,Dev Fuentes
POD40706,SH100865,2025-12-21 11:43,L-215,Priya Gallo
POD40707,SH100867,2025-05-28 08:07,L-222,Omar Iqbal
POD40708,SH100868,2025-04-27 21:37,L-206,Aisha Iqbal
POD40709,SH100869,2025-04-03 08:09,L-227,Elena Marek
POD40710,SH100870,2025-12-28 07:01,L-240,Carmen Hansen
POD40711,SH100871,2025-04-24 19:28,L-227,Katya Okafor
POD40712,SH100872,2025-03-02 16:54,L-243,Hamid Hansen
POD40713,SH100874,2026-05-02 18:17,L-210,Ines Petrov
POD40714,SH100876,2026-05-16 07:23,L-234,Omar Costa
POD40715,SH100877,2026-05-13 21:07,L-257,Stefan Quist
POD40716,SH100878,2025-09-03 17:36,L-240,Lars Adler
POD40717,SH100880,2026-05-14 15:34,L-203,Jonas Kovacs
POD40718,SH100881,2026-05-15 12:58,L-213,Ines Eriksen
POD40719,SH100883,2025-03-07 19:08,L-242,Mei Hansen
POD40720,SH100884,2026-02-01 06:30,L-203,Rosa Sorensen
POD40721,SH100886,2025-04-14 07:43,L-209,Ines Hansen
POD40722,SH100887,2025-02-01 21:20,L-225,Rosa Kovacs
POD40723,SH100888,2025-03-05 06:03,L-251,Rosa Costa
POD40724,SH100889,2026-05-19 18:00,L-224,Femi Tanaka
POD40725,SH100890,2025-11-05 17:00,L-252,Hamid Adler
POD40726,SH100891,2025-12-08 21:42,L-209,Elena Marek
POD40727,SH100892,2025-09-23 10:16,L-209,Ines Novak
POD40728,SH100893,2025-10-25 13:59,L-225,Omar Dvorak
POD40729,SH100894,2025-09-05 06:22,L-236,Lars Jensen
POD40730,SH100895,2025-04-23 08:48,L-256,Lars Marek
POD40731,SH100896,2025-03-11 13:12,L-241,Katya Jensen
POD40732,SH100897,2025-02-04 16:35,L-216,Tomas Adler
POD40733,SH100898,2025-04-02 11:31,L-241,Stefan Kovacs
POD40734,SH100899,2025-01-19 17:08,L-244,Rosa Fuentes
POD40735,SH100900,2025-05-11 10:33,L-238,Mei Gallo
POD40736,SH100901,2025-08-21 19:57,L-248,Mei Quist
POD40737,SH100902,2025-09-21 06:21,L-242,Katya Okafor
POD40738,SH100903,2025-07-19 09:40,L-213,Ines Eriksen
POD40739,SH100904,2025-10-22 17:40,L-253,Boris Jensen
POD40740,SH100905,2026-03-30 21:40,L-258,Hamid Eriksen
POD40741,SH100906,2025-07-21 18:52,L-243,Mei Petrov
POD40742,SH100908,2025-05-26 19:55,L-204,Elena Petrov
POD40743,SH100909,2025-03-10 18:06,L-242,Greta Adler
POD40744,SH100910,2026-04-21 14:14,L-226,Stefan Fuentes
POD40745,SH100911,2025-01-15 07:48,L-216,Greta Gallo
POD40746,SH100912,2026-03-18 09:35,L-203,Nadia Novak
POD40747,SH100913,2025-02-11 11:56,L-221,Stefan Brennan
POD40748,SH100914,2025-05-16 17:31,L-209,Greta Fuentes
POD40749,SH100916,2025-11-26 19:08,L-227,Rosa Hansen
POD40750,SH100917,2025-01-14 15:17,L-235,Jonas Marek
POD40751,SH100918,2025-07-13 14:50,L-228,Hamid Iqbal
POD40752,SH100920,2026-05-04 06:40,L-255,Lars Brennan
POD40753,SH100921,2025-05-08 10:03,L-252,Stefan Fuentes
POD40754,SH100923,2025-02-13 14:00,L-255,Ines Okafor
POD40755,SH100925,2025-11-14 20:27,L-211,Boris Novak
POD40756,SH100926,2025-04-19 09:36,L-221,Femi Marek
POD40757,SH100927,2025-06-19 18:55,L-256,Mei Hansen
POD40758,SH100928,2025-08-07 09:57,L-236,Stefan Iqbal
POD40759,SH100929,2025-12-22 14:26,L-216,Mei Gallo
POD40760,SH100930,2026-01-12 19:48,L-231,Femi Gallo
POD40761,SH100931,2025-05-29 06:22,L-253,Lars Adler
POD40762,SH100933,2025-07-13 12:06,L-242,Ines Quist
POD40763,SH100934,2025-05-12 13:57,L-253,Rosa Kovacs
POD40764,SH100935,2025-06-30 08:38,L-257,Greta Adler
POD40765,SH100936,2025-11-05 19:57,L-249,Tomas Riva
POD40766,SH100939,2025-05-13 18:41,L-217,Priya Dvorak
POD40767,SH100941,2025-12-31 07:40,L-230,Femi Petrov
POD40768,SH100942,2025-05-16 12:53,L-212,Greta Okafor
POD40769,SH100943,2026-03-25 15:39,L-220,Boris Lindgren
POD40770,SH100944,2025-12-10 11:40,L-210,Boris Lindgren
POD40771,SH100945,2026-05-17 06:51,L-236,Hamid Lindgren
POD40772,SH100947,2026-01-16 16:00,L-252,Boris Gallo
POD40773,SH100948,2025-06-22 21:28,L-255,Mei Lindgren
POD40774,SH100949,2026-01-03 11:42,L-206,Omar Dvorak
POD40775,SH100950,2026-03-16 20:08,L-204,Omar Eriksen
POD40776,SH100952,2025-02-27 19:27,L-218,Jonas Sorensen
POD40777,SH100953,2026-04-19 08:26,L-244,Omar Quist
POD40778,SH100954,2025-05-23 16:15,L-221,Jonas Iqbal
POD40779,SH100955,2025-06-05 19:27,L-213,Elena Iqbal
POD40780,SH100956,2026-02-08 11:39,L-231,Quinn Iqbal
POD40781,SH100957,2025-03-29 07:21,L-229,Mei Iqbal
POD40782,SH100959,2025-07-17 20:31,L-234,Lars Brennan
POD40783,SH100960,2025-09-15 20:50,L-241,Tomas Gallo
POD40784,SH100963,2026-02-18 12:00,L-225,Omar Eriksen
POD40785,SH100964,2025-06-20 07:42,L-230,Ines Petrov
POD40786,SH100965,2025-09-01 08:58,L-245,Rosa Novak
POD40787,SH100967,2026-01-29 16:15,L-253,Lars Eriksen
POD40788,SH100969,2025-11-07 21:55,L-225,Katya Jensen
POD40789,SH100970,2025-03-10 14:21,L-224,Tomas Dvorak
POD40790,SH100971,2026-01-02 16:55,L-249,Femi Hansen
POD40791,SH100972,2025-02-15 12:56,L-242,Femi Petrov
POD40792,SH100973,2025-07-30 06:23,L-233,Aisha Iqbal
POD40793,SH100974,2025-10-18 09:53,L-226,Jonas Tanaka
POD40794,SH100975,2025-09-02 15:32,L-252,Quinn Petrov
POD40795,SH100976,2026-04-22 19:30,L-256,Katya Jensen
POD40796,SH100977,2025-09-01 07:50,L-243,Boris Petrov
POD40797,SH100978,2026-03-07 07:21,L-253,Carmen Eriksen
POD40798,SH100979,2025-03-31 12:25,L-242,Carmen Iqbal
POD40799,SH100980,2025-12-10 07:29,L-240,Carmen Quist
POD40800,SH100981,2025-05-24 09:01,L-245,Carmen Riva
POD40801,SH100983,2025-03-29 18:32,L-230,Greta Quist
POD40802,SH100984,2025-04-02 06:19,L-219,Quinn Hansen
POD40803,SH100985,2025-01-29 07:16,L-221,Ines Fuentes
POD40804,SH100986,2025-01-29 08:36,L-219,Carmen Jensen
POD40805,SH100988,2026-05-18 21:43,L-259,Katya Quist
POD40806,SH100989,2025-08-18 17:24,L-247,Nadia Sorensen
POD40807,SH100990,2025-12-19 14:54,L-224,Quinn Brennan
POD40808,SH100992,2025-12-02 12:22,L-228,Jonas Marek
POD40809,SH100993,2025-06-18 20:20,L-256,Greta Novak
POD40810,SH100994,2025-07-15 13:01,L-220,Dev Gallo
POD40811,SH100995,2025-11-21 14:37,L-230,Carmen Petrov
POD40812,SH100996,2025-08-13 08:17,L-242,Elena Fuentes
POD40813,SH100997,2025-10-07 14:38,L-239,Boris Gallo
POD40814,SH101000,2025-01-10 06:37,L-214,Priya Eriksen
POD40815,SH101001,2025-01-24 21:48,L-204,Quinn Petrov
POD40816,SH101003,2026-01-01 17:07,L-225,Quinn Costa
POD40817,SH101004,2025-06-30 21:11,L-246,Omar Jensen
POD40818,SH101005,2025-11-30 12:48,L-255,Mei Brennan
POD40819,SH101006,2026-03-26 19:16,L-214,Hamid Brennan
POD40820,SH101008,2025-11-18 14:29,L-212,Greta Petrov
POD40821,SH101009,2025-03-11 10:46,L-241,Hamid Brennan
POD40822,SH101010,2025-10-25 13:49,L-243,Quinn Novak
POD40823,SH101011,2025-12-07 14:13,L-250,Katya Quist
POD40824,SH101014,2025-07-12 07:07,L-247,Carmen Jensen
POD40825,SH101015,2025-12-03 17:21,L-225,Aisha Gallo
POD40826,SH101018,2025-01-28 10:46,L-212,Quinn Lindgren
POD40827,SH101019,2025-04-16 06:22,L-212,Carmen Lindgren
POD40828,SH101020,2025-07-09 06:35,L-225,Hamid Hansen
POD40829,SH101021,2025-12-24 21:31,L-247,Katya Hansen
POD40830,SH101022,2025-02-10 18:37,L-224,Boris Gallo
POD40831,SH101023,2026-03-25 09:06,L-233,Mei Riva
POD40832,SH101024,2025-03-25 13:04,L-203,Nadia Fuentes
POD40833,SH101025,2025-06-28 15:57,L-226,Rosa Sorensen
POD40834,SH101028,2026-03-30 10:37,L-220,Priya Dvorak
POD40835,SH101030,2025-02-23 08:40,L-259,Ines Eriksen
POD40836,SH101031,2025-04-10 10:56,L-216,Priya Sorensen
POD40837,SH101032,2025-09-16 12:53,L-204,Priya Riva
POD40838,SH101033,2025-12-29 13:46,L-229,Lars Riva
POD40839,SH101034,2026-04-27 17:24,L-213,Nadia Marek
POD40840,SH101035,2026-04-23 09:53,L-203,Tomas Lindgren
POD40841,SH101036,2025-04-18 20:47,L-251,Rosa Petrov
POD40842,SH101037,2025-08-09 19:16,L-250,Elena Brennan
POD40843,SH101039,2025-07-03 10:21,L-234,Tomas Sorensen
POD40844,SH101040,2025-01-26 19:08,L-214,Boris Jensen
POD40845,SH101042,2025-05-01 14:03,L-214,Hamid Gallo
POD40846,SH101043,2025-11-24 07:59,L-209,Mei Fuentes
POD40847,SH101045,2025-06-18 14:02,L-226,Femi Brennan
POD40848,SH101046,2025-03-13 13:16,L-224,Boris Jensen
POD40849,SH101047,2025-05-14 10:14,L-201,Mei Dvorak
POD40850,SH101049,2025-09-30 07:43,L-203,Elena Marek
POD40851,SH101053,2025-03-14 18:00,L-221,Femi Eriksen
POD40852,SH101054,2026-04-12 14:13,L-238,Mei Lindgren
POD40853,SH101055,2025-07-17 16:10,L-245,Hamid Fuentes
POD40854,SH101057,2025-11-08 09:42,L-217,Hamid Quist
POD40855,SH101058,2025-08-21 18:31,L-205,Omar Jensen
POD40856,SH101059,2025-08-12 15:25,L-202,Katya Dvorak
POD40857,SH101061,2025-02-25 13:46,L-232,Aisha Tanaka
POD40858,SH101062,2025-03-29 11:35,L-246,Mei Sorensen
POD40859,SH101063,2026-03-03 16:56,L-228,Nadia Brennan
POD40860,SH101064,2025-08-03 17:58,L-224,Nadia Quist
POD40861,SH101065,2025-12-31 15:29,L-233,Lars Costa
POD40862,SH101067,2026-05-23 18:18,L-225,Mei Tanaka
POD40863,SH101068,2025-11-13 12:14,L-208,Femi Dvorak
POD40864,SH101069,2026-03-13 10:12,L-212,Aisha Quist
POD40865,SH101070,2025-10-19 18:31,L-208,Priya Adler
POD40866,SH101071,2025-03-07 15:37,L-234,Femi Okafor
POD40867,SH101072,2026-01-22 09:28,L-259,Dev Fuentes
POD40868,SH101073,2025-09-15 06:00,L-226,Femi Sorensen
POD40869,SH101074,2025-01-19 21:46,L-238,Greta Eriksen
POD40870,SH101075,2026-02-16 07:48,L-220,Nadia Gallo
POD40871,SH101076,2026-03-21 15:31,L-215,Katya Petrov
POD40872,SH101078,2025-10-09 11:31,L-240,Mei Brennan
POD40873,SH101079,2025-06-27 21:36,L-234,Tomas Lindgren
POD40874,SH101080,2025-04-27 21:57,L-208,Rosa Quist
POD40875,SH101081,2026-04-17 21:34,L-205,Greta Sorensen
POD40876,SH101083,2025-11-07 13:51,L-236,Aisha Jensen
POD40877,SH101084,2026-02-22 08:13,L-246,Hamid Dvorak
POD40878,SH101085,2026-05-08 06:24,L-233,Priya Marek
POD40879,SH101086,2025-06-22 06:47,L-226,Katya Okafor
POD40880,SH101087,2025-06-27 06:53,L-203,Tomas Eriksen
POD40881,SH101088,2026-02-02 17:00,L-226,Omar Jensen
POD40882,SH101089,2026-04-30 14:16,L-235,Katya Iqbal
POD40883,SH101090,2025-05-09 18:26,L-258,Greta Hansen
POD40884,SH101091,2025-05-03 19:16,L-225,Lars Marek
POD40885,SH101092,2025-02-19 20:32,L-225,Stefan Kovacs
POD40886,SH101093,2025-05-04 21:37,L-245,Elena Lindgren
POD40887,SH101094,2025-06-16 18:01,L-236,Omar Fuentes
POD40888,SH101095,2026-04-12 11:21,L-254,Carmen Lindgren
POD40889,SH101096,2026-02-04 17:04,L-216,Dev Tanaka
POD40890,SH101098,2025-07-10 07:30,L-234,Katya Gallo
POD40891,SH101099,2026-04-22 13:58,L-227,Nadia Brennan
POD40892,SH101100,2026-01-08 10:53,L-253,Jonas Riva
POD40893,SH101101,2025-04-15 16:38,L-244,Katya Fuentes
POD40894,SH101102,2025-12-24 12:34,L-249,Hamid Fuentes
POD40895,SH101103,2026-01-27 17:05,L-242,Priya Brennan
POD40896,SH101104,2025-04-28 14:57,L-235,Lars Marek
POD40897,SH101106,2025-02-08 21:33,L-242,Carmen Costa
POD40898,SH101107,2025-01-12 19:55,L-231,Katya Brennan
POD40899,SH101108,2025-07-13 10:51,L-239,Ines Costa
POD40900,SH101109,2025-08-13 16:18,L-211,Lars Jensen
POD40901,SH101110,2026-04-03 11:25,L-219,Carmen Jensen
POD40902,SH101111,2026-04-25 07:31,L-245,Tomas Hansen
POD40903,SH101112,2025-12-16 14:59,L-228,Boris Marek
POD40904,SH101113,2026-05-18 20:39,L-219,Ines Kovacs
POD40905,SH101114,2025-10-13 20:35,L-208,Quinn Marek
POD40906,SH101115,2025-11-23 12:59,L-236,Femi Jensen
POD40907,SH101116,2025-01-26 20:24,L-225,Nadia Novak
POD40908,SH101117,2025-08-27 19:19,L-208,Omar Lindgren
POD40909,SH101118,2025-09-06 18:56,L-232,Omar Fuentes
POD40910,SH101120,2025-03-13 06:35,L-250,Greta Lindgren
POD40911,SH101122,2026-01-19 08:37,L-230,Hamid Quist
POD40912,SH101123,2026-01-27 19:24,L-255,Aisha Petrov
POD40913,SH101124,2025-05-03 18:48,L-210,Omar Marek
POD40914,SH101125,2025-03-26 12:04,L-221,Nadia Iqbal
POD40915,SH101126,2026-04-25 18:06,L-250,Lars Tanaka
POD40916,SH101128,2025-11-29 13:20,L-204,Lars Iqbal
POD40917,SH101129,2025-07-21 18:44,L-250,Femi Costa
POD40918,SH101130,2025-07-19 15:38,L-201,Femi Dvorak
POD40919,SH101131,2025-05-03 10:52,L-235,Lars Tanaka
POD40920,SH101132,2025-06-08 18:40,L-258,Ines Kovacs
POD40921,SH101133,2026-03-29 15:19,L-239,Aisha Costa
POD40922,SH101134,2025-11-26 12:04,L-244,Quinn Gallo
POD40923,SH101135,2025-09-24 20:44,L-238,Aisha Hansen
POD40924,SH101136,2026-02-07 12:04,L-209,Elena Sorensen
POD40925,SH101138,2025-08-24 08:41,L-250,Elena Okafor
POD40926,SH101139,2025-07-05 19:52,L-231,Priya Lindgren
POD40927,SH101140,2025-07-11 09:25,L-247,Carmen Petrov
POD40928,SH101141,2025-09-07 17:44,L-212,Mei Riva
POD40929,SH101142,2025-09-07 08:10,L-212,Hamid Hansen
POD40930,SH101143,2025-08-30 11:54,L-251,Quinn Gallo
POD40931,SH101144,2025-07-15 07:35,L-252,Lars Marek
POD40932,SH101145,2025-07-21 12:00,L-246,Stefan Kovacs
POD40933,SH101146,2025-07-08 11:17,L-231,Carmen Quist
POD40934,SH101147,2025-10-29 07:40,L-237,Dev Hansen
POD40935,SH101148,2025-05-21 07:03,L-222,Aisha Tanaka
POD40936,SH101149,2025-05-14 16:59,L-207,Boris Tanaka
POD40937,SH101150,2025-05-04 15:29,L-240,Katya Sorensen
POD40938,SH101151,2025-06-07 09:32,L-249,Lars Fuentes
POD40939,SH101152,2026-01-12 10:08,L-206,Hamid Eriksen
POD40940,SH101153,2025-05-15 13:57,L-216,Dev Marek
POD40941,SH101154,2025-04-07 07:11,L-204,Mei Novak
POD40942,SH101155,2026-01-28 18:43,L-209,Quinn Kovacs
POD40943,SH101157,2025-07-21 12:35,L-212,Dev Costa
POD40944,SH101158,2025-08-04 09:28,L-225,Hamid Iqbal
POD40945,SH101160,2025-12-03 07:14,L-202,Rosa Petrov
POD40946,SH101161,2025-09-16 08:23,L-203,Stefan Sorensen
POD40947,SH101162,2025-01-28 14:29,L-246,Jonas Dvorak
POD40948,SH101163,2026-02-20 08:02,L-212,Lars Dvorak
POD40949,SH101164,2025-03-18 08:37,L-245,Omar Kovacs
POD40950,SH101165,2025-06-04 21:18,L-249,Dev Riva
POD40951,SH101167,2026-05-05 18:52,L-219,Aisha Gallo
POD40952,SH101168,2025-08-23 16:37,L-220,Ines Adler
POD40953,SH101169,2025-08-29 20:42,L-260,Boris Quist
POD40954,SH101170,2025-07-04 16:40,L-252,Femi Tanaka
POD40955,SH101172,2026-03-18 20:47,L-231,Elena Jensen
POD40956,SH101173,2025-05-13 20:24,L-207,Nadia Marek
POD40957,SH101174,2025-09-06 16:34,L-240,Greta Marek
POD40958,SH101175,2026-03-13 08:07,L-253,Mei Kovacs
POD40959,SH101177,2025-10-25 18:57,L-221,Femi Marek
POD40960,SH101178,2025-06-07 07:01,L-238,Carmen Hansen
POD40961,SH101179,2025-04-24 17:48,L-222,Ines Lindgren
POD40962,SH101180,2026-02-23 10:37,L-216,Quinn Adler
POD40963,SH101182,2026-01-06 11:59,L-221,Ines Sorensen
POD40964,SH101183,2025-07-08 13:20,L-214,Stefan Lindgren
POD40965,SH101184,2026-05-24 19:36,L-227,Femi Costa
POD40966,SH101185,2025-02-20 16:26,L-218,Greta Sorensen
POD40967,SH101187,2025-01-07 14:48,L-236,Quinn Eriksen
POD40968,SH101189,2025-11-14 12:43,L-215,Lars Adler
POD40969,SH101190,2025-09-02 14:11,L-201,Omar Eriksen
POD40970,SH101192,2025-06-08 21:11,L-229,Hamid Hansen
POD40971,SH101193,2026-03-09 13:54,L-211,Greta Fuentes
POD40972,SH101195,2025-05-09 21:02,L-256,Rosa Sorensen
POD40973,SH101196,2025-03-02 11:20,L-250,Elena Tanaka
POD40974,SH101197,2026-02-22 16:08,L-252,Jonas Lindgren
POD40975,SH101198,2026-05-04 18:35,L-251,Priya Kovacs
POD40976,SH101199,2025-07-18 11:19,L-207,Hamid Petrov
POD40977,SH101200,2025-02-13 06:40,L-232,Quinn Dvorak
POD40978,SH101201,2026-02-06 07:53,L-253,Nadia Quist
POD40979,SH101202,2025-09-15 07:17,L-206,Greta Kovacs
POD40980,SH101204,2025-10-31 07:41,L-209,Nadia Brennan
POD40981,SH101205,2025-06-24 21:03,L-213,Stefan Riva
POD40982,SH101206,2025-12-08 18:25,L-237,Carmen Brennan
POD40983,SH101207,2026-04-05 21:11,L-230,Mei Jensen
POD40984,SH101208,2025-05-26 19:59,L-201,Quinn Quist
POD40985,SH101209,2025-06-04 18:35,L-219,Tomas Brennan
POD40986,SH101210,2025-12-22 08:15,L-238,Elena Riva
POD40987,SH101211,2025-01-19 13:06,L-257,Quinn Petrov
POD40988,SH101212,2025-08-20 15:38,L-248,Mei Jensen
POD40989,SH101213,2025-09-12 16:23,L-251,Carmen Eriksen
POD40990,SH101215,2025-04-28 21:52,L-232,Quinn Petrov
POD40991,SH101216,2026-05-03 10:32,L-221,Dev Brennan
POD40992,SH101219,2025-04-02 16:50,L-209,Femi Brennan
POD40993,SH101220,2025-07-31 10:27,L-245,Tomas Okafor
POD40994,SH101222,2025-05-13 18:45,L-255,Priya Iqbal
POD40995,SH101223,2025-05-02 06:05,L-247,Boris Adler
POD40996,SH101224,2025-08-26 07:07,L-256,Priya Adler
POD40997,SH101225,2025-02-28 08:08,L-206,Jonas Tanaka
POD40998,SH101226,2025-02-06 14:05,L-259,Aisha Adler
POD40999,SH101227,2026-03-20 21:47,L-206,Tomas Eriksen
POD41000,SH101230,2025-08-02 17:26,L-240,Rosa Sorensen
POD41001,SH101231,2025-02-18 07:51,L-229,Katya Marek
POD41002,SH101232,2025-12-30 06:08,L-235,Hamid Brennan
POD41003,SH101233,2026-04-15 12:05,L-247,Greta Quist
POD41004,SH101234,2025-08-25 20:49,L-228,Omar Hansen
POD41005,SH101236,2026-01-23 12:18,L-239,Jonas Tanaka
POD41006,SH101237,2025-03-15 12:52,L-248,Lars Hansen
POD41007,SH101238,2026-01-21 15:54,L-253,Aisha Riva
POD41008,SH101241,2025-04-29 15:50,L-213,Aisha Iqbal
POD41009,SH101242,2025-03-02 08:48,L-226,Aisha Costa
POD41010,SH101245,2025-01-15 16:07,L-235,Dev Okafor
POD41011,SH101246,2026-04-15 06:45,L-236,Elena Adler
POD41012,SH101247,2025-10-01 07:43,L-212,Lars Brennan
POD41013,SH101248,2025-06-11 08:38,L-209,Boris Petrov
POD41014,SH101249,2026-02-10 07:23,L-247,Tomas Lindgren
POD41015,SH101250,2025-12-20 20:37,L-232,Carmen Iqbal
POD41016,SH101252,2025-10-22 07:32,L-210,Omar Riva
POD41017,SH101253,2025-09-17 07:30,L-213,Jonas Petrov
POD41018,SH101254,2025-11-13 06:20,L-213,Lars Novak
POD41019,SH101255,2025-01-22 19:36,L-230,Greta Costa
POD41020,SH101256,2025-09-19 10:32,L-259,Ines Lindgren
POD41021,SH101257,2025-07-17 17:51,L-242,Tomas Costa
POD41022,SH101258,2025-06-04 08:22,L-230,Femi Costa
POD41023,SH101260,2025-09-09 12:26,L-212,Tomas Hansen
POD41024,SH101263,2025-09-29 09:53,L-214,Hamid Costa
POD41025,SH101264,2025-05-07 11:20,L-217,Dev Dvorak
POD41026,SH101265,2025-12-02 13:03,L-231,Mei Adler
POD41027,SH101266,2025-03-06 13:40,L-212,Carmen Novak
POD41028,SH101267,2025-04-05 08:17,L-257,Elena Quist
POD41029,SH101268,2025-03-04 18:47,L-255,Greta Marek
POD41030,SH101269,2026-02-10 17:26,L-239,Rosa Jensen
POD41031,SH101270,2025-08-29 19:42,L-216,Katya Lindgren
POD41032,SH101271,2025-07-22 18:46,L-207,Mei Quist
POD41033,SH101272,2026-04-14 07:13,L-239,Lars Iqbal
POD41034,SH101273,2025-10-25 09:03,L-248,Ines Lindgren
POD41035,SH101274,2025-09-27 12:15,L-203,Jonas Quist
POD41036,SH101276,2026-05-19 20:04,L-256,Katya Iqbal
POD41037,SH101277,2025-11-30 07:54,L-232,Tomas Adler
POD41038,SH101279,2025-08-18 20:02,L-249,Dev Quist
POD41039,SH101280,2025-10-24 20:35,L-206,Stefan Iqbal
POD41040,SH101281,2025-02-12 06:08,L-232,Jonas Dvorak
POD41041,SH101282,2025-05-08 21:29,L-204,Greta Hansen
POD41042,SH101283,2025-02-02 08:54,L-258,Carmen Iqbal
POD41043,SH101284,2025-08-16 21:03,L-204,Hamid Gallo
POD41044,SH101285,2025-12-29 17:20,L-214,Hamid Brennan
POD41045,SH101288,2025-07-04 08:22,L-243,Katya Marek
POD41046,SH101289,2026-05-01 18:57,L-247,Nadia Marek
POD41047,SH101290,2025-02-25 09:13,L-242,Omar Okafor
POD41048,SH101291,2026-02-02 20:37,L-246,Jonas Sorensen
POD41049,SH101292,2026-01-15 08:01,L-202,Mei Iqbal
POD41050,SH101294,2026-02-25 19:35,L-215,Aisha Fuentes
POD41051,SH101295,2025-03-11 09:46,L-249,Aisha Fuentes
POD41052,SH101296,2025-07-19 16:54,L-260,Tomas Riva
POD41053,SH101297,2025-12-06 12:01,L-225,Femi Marek
POD41054,SH101298,2025-07-17 11:18,L-256,Omar Kovacs
POD41055,SH101299,2025-04-23 08:28,L-234,Nadia Kovacs
POD41056,SH101300,2025-02-16 14:27,L-248,Priya Hansen
POD41057,SH101301,2025-05-06 09:30,L-212,Jonas Hansen
POD41058,SH101302,2026-03-15 20:11,L-205,Dev Quist
POD41059,SH101303,2025-09-21 15:17,L-251,Quinn Riva
POD41060,SH101304,2025-09-14 21:25,L-243,Carmen Costa
POD41061,SH101305,2025-05-03 12:27,L-209,Tomas Marek
POD41062,SH101306,2025-02-26 08:17,L-226,Elena Gallo
POD41063,SH101307,2025-12-13 17:01,L-249,Katya Hansen
POD41064,SH101308,2025-10-11 09:03,L-241,Quinn Brennan
POD41065,SH101309,2025-12-21 12:43,L-241,Carmen Quist
POD41066,SH101311,2026-02-26 11:32,L-235,Stefan Petrov
POD41067,SH101312,2025-02-27 08:02,L-244,Mei Gallo
POD41068,SH101314,2025-05-06 08:16,L-236,Hamid Kovacs
POD41069,SH101315,2026-04-09 09:59,L-239,Hamid Fuentes
POD41070,SH101316,2025-04-23 17:05,L-217,Priya Gallo
POD41071,SH101317,2025-03-03 08:35,L-252,Carmen Adler
POD41072,SH101318,2026-04-23 06:18,L-253,Ines Iqbal
POD41073,SH101320,2025-06-15 16:51,L-203,Dev Brennan
POD41074,SH101321,2025-01-25 17:08,L-216,Lars Dvorak
POD41075,SH101322,2025-10-04 08:01,L-201,Stefan Fuentes
POD41076,SH101323,2025-03-09 08:47,L-247,Hamid Adler
POD41077,SH101324,2026-03-12 17:58,L-229,Ines Petrov
POD41078,SH101325,2025-06-28 09:24,L-230,Hamid Fuentes
POD41079,SH101326,2025-01-07 08:00,L-207,Lars Tanaka
POD41080,SH101327,2026-01-29 14:45,L-209,Stefan Riva
POD41081,SH101328,2025-04-22 14:37,L-217,Dev Iqbal
POD41082,SH101329,2026-05-19 15:00,L-247,Rosa Gallo
POD41083,SH101331,2025-01-12 13:32,L-243,Stefan Fuentes
POD41084,SH101332,2026-03-27 07:38,L-243,Tomas Lindgren
POD41085,SH101333,2025-06-15 15:25,L-251,Aisha Novak
POD41086,SH101334,2025-11-06 21:45,L-225,Carmen Tanaka
POD41087,SH101335,2025-11-14 14:25,L-221,Nadia Jensen
POD41088,SH101337,2025-08-26 16:31,L-221,Priya Okafor
POD41089,SH101338,2025-12-04 17:51,L-215,Katya Hansen
POD41090,SH101339,2026-03-09 12:31,L-230,Lars Marek
POD41091,SH101340,2025-08-18 15:03,L-260,Hamid Dvorak
POD41092,SH101342,2025-09-04 17:31,L-209,Rosa Hansen
POD41093,SH101344,2025-06-28 21:47,L-208,Jonas Petrov
POD41094,SH101346,2026-01-07 07:47,L-202,Elena Fuentes
POD41095,SH101348,2026-04-24 10:05,L-235,Dev Novak
POD41096,SH101349,2026-05-07 10:12,L-254,Mei Okafor
POD41097,SH101350,2025-01-14 17:19,L-222,Dev Gallo
POD41098,SH101351,2025-03-22 08:34,L-249,Jonas Petrov
POD41099,SH101354,2025-06-04 07:59,L-251,Katya Marek
POD41100,SH101355,2026-03-14 18:59,L-231,Ines Lindgren
POD41101,SH101356,2025-05-31 13:34,L-233,Nadia Marek
POD41102,SH101357,2025-09-19 06:57,L-246,Greta Costa
POD41103,SH101358,2025-10-30 08:17,L-242,Omar Kovacs
POD41104,SH101359,2026-05-26 11:46,L-246,Jonas Costa
POD41105,SH101362,2026-04-10 15:25,L-235,Jonas Petrov
POD41106,SH101363,2025-11-14 13:55,L-213,Ines Brennan
POD41107,SH101364,2025-03-24 07:36,L-234,Nadia Sorensen
POD41108,SH101367,2025-07-31 18:59,L-216,Lars Sorensen
POD41109,SH101368,2026-01-22 16:42,L-239,Greta Riva
POD41110,SH101369,2025-10-18 17:48,L-233,Elena Petrov
POD41111,SH101370,2025-12-21 16:06,L-240,Mei Quist
POD41112,SH101371,2025-01-24 11:55,L-213,Boris Fuentes
POD41113,SH101372,2026-04-16 08:53,L-234,Greta Tanaka
POD41114,SH101373,2025-01-14 10:36,L-216,Greta Hansen
POD41115,SH101374,2025-11-30 11:09,L-245,Omar Okafor
POD41116,SH101375,2026-05-14 15:50,L-258,Jonas Lindgren
POD41117,SH101376,2025-05-18 12:58,L-204,Aisha Jensen
POD41118,SH101377,2026-01-08 07:22,L-258,Stefan Adler
POD41119,SH101378,2026-01-26 15:12,L-256,Quinn Adler
POD41120,SH101379,2025-12-21 10:43,L-204,Carmen Quist
POD41121,SH101380,2026-02-17 15:28,L-233,Femi Costa
POD41122,SH101381,2025-01-29 15:52,L-221,Greta Tanaka
POD41123,SH101383,2026-03-10 08:04,L-208,Nadia Riva
POD41124,SH101384,2026-05-01 16:58,L-242,Jonas Eriksen
POD41125,SH101387,2026-04-07 13:08,L-201,Boris Brennan
POD41126,SH101388,2025-09-19 11:00,L-240,Lars Adler
POD41127,SH101389,2025-03-28 14:11,L-246,Aisha Eriksen
POD41128,SH101390,2025-02-08 16:12,L-235,Tomas Okafor
POD41129,SH101391,2025-12-04 08:51,L-258,Tomas Lindgren
POD41130,SH101392,2025-01-30 18:11,L-252,Stefan Fuentes
POD41131,SH101393,2025-04-12 10:22,L-216,Jonas Tanaka
POD41132,SH101394,2026-04-10 19:57,L-252,Carmen Dvorak
POD41133,SH101396,2025-06-26 15:56,L-215,Hamid Marek
POD41134,SH101397,2026-04-29 08:12,L-221,Quinn Riva
POD41135,SH101399,2025-10-20 20:56,L-234,Katya Petrov
POD41136,SH101402,2026-03-25 21:38,L-232,Dev Iqbal
POD41137,SH101403,2026-05-15 07:29,L-201,Ines Lindgren
POD41138,SH101404,2025-05-27 17:58,L-211,Carmen Gallo
POD41139,SH101405,2025-08-14 09:34,L-213,Priya Lindgren
POD41140,SH101407,2025-04-01 13:10,L-202,Dev Adler
POD41141,SH101408,2025-08-12 08:58,L-220,Ines Eriksen
POD41142,SH101409,2025-04-26 15:07,L-208,Ines Jensen
POD41143,SH101410,2025-12-16 20:47,L-251,Lars Okafor
POD41144,SH101411,2025-03-08 16:52,L-203,Ines Kovacs
POD41145,SH101412,2025-08-07 14:02,L-253,Lars Quist
POD41146,SH101413,2025-05-10 10:50,L-248,Elena Iqbal
POD41147,SH101414,2026-04-03 09:40,L-243,Greta Marek
POD41148,SH101415,2025-04-17 07:34,L-222,Ines Kovacs
POD41149,SH101416,2025-10-01 07:12,L-247,Aisha Fuentes
POD41150,SH101417,2025-07-10 20:50,L-256,Greta Hansen
POD41151,SH101418,2026-02-09 13:26,L-235,Jonas Iqbal
POD41152,SH101420,2025-08-24 19:11,L-241,Tomas Eriksen
POD41153,SH101421,2025-09-24 10:36,L-250,Ines Lindgren
POD41154,SH101422,2025-06-29 20:18,L-257,Tomas Jensen
POD41155,SH101423,2025-10-20 13:21,L-256,Rosa Riva
POD41156,SH101424,2026-04-28 15:22,L-253,Dev Tanaka
POD41157,SH101425,2026-04-11 17:08,L-237,Carmen Fuentes
POD41158,SH101426,2025-10-17 10:49,L-245,Quinn Tanaka
POD41159,SH101427,2025-10-09 16:34,L-202,Greta Riva
POD41160,SH101428,2025-08-02 18:16,L-235,Rosa Lindgren
POD41161,SH101430,2026-03-10 17:49,L-217,Jonas Sorensen
POD41162,SH101431,2026-01-21 21:32,L-208,Aisha Adler
POD41163,SH101432,2025-06-03 10:44,L-222,Aisha Jensen
POD41164,SH101433,2025-07-09 07:28,L-211,Quinn Fuentes
POD41165,SH101434,2026-05-13 08:29,L-243,Ines Sorensen
POD41166,SH101435,2026-05-09 07:38,L-235,Mei Costa
POD41167,SH101436,2025-05-17 08:53,L-229,Katya Okafor
POD41168,SH101437,2025-06-19 10:59,L-240,Nadia Brennan
POD41169,SH101438,2025-06-04 21:46,L-257,Nadia Brennan
POD41170,SH101439,2025-12-06 06:58,L-236,Femi Costa
POD41171,SH101440,2026-01-03 09:34,L-259,Carmen Okafor
POD41172,SH101441,2026-01-15 13:28,L-206,Greta Riva
POD41173,SH101443,2025-08-16 12:59,L-253,Jonas Novak
POD41174,SH101444,2025-12-14 20:04,L-222,Stefan Riva
POD41175,SH101445,2025-07-20 15:08,L-243,Jonas Hansen
POD41176,SH101446,2026-01-04 18:37,L-233,Elena Lindgren
POD41177,SH101447,2025-05-10 08:51,L-244,Carmen Sorensen
POD41178,SH101448,2025-03-24 16:23,L-208,Quinn Eriksen
POD41179,SH101449,2025-11-26 08:19,L-210,Jonas Costa
POD41180,SH101450,2026-01-31 10:38,L-201,Tomas Eriksen
POD41181,SH101451,2025-09-07 17:01,L-260,Dev Gallo
POD41182,SH101452,2025-07-25 16:58,L-237,Dev Dvorak
POD41183,SH101453,2026-02-04 18:32,L-256,Femi Fuentes
POD41184,SH101454,2025-01-17 15:39,L-233,Jonas Kovacs
POD41185,SH101455,2026-01-18 19:31,L-222,Jonas Riva
POD41186,SH101457,2025-08-20 18:51,L-249,Stefan Lindgren
POD41187,SH101459,2026-02-07 10:03,L-237,Greta Tanaka
POD41188,SH101460,2025-04-15 11:36,L-232,Hamid Okafor
POD41189,SH101461,2025-04-29 09:03,L-219,Dev Eriksen
POD41190,SH101462,2026-01-14 08:18,L-211,Quinn Sorensen
POD41191,SH101463,2026-03-12 16:37,L-211,Carmen Fuentes
POD41192,SH101465,2025-07-15 09:11,L-238,Dev Okafor
POD41193,SH101466,2025-11-12 06:40,L-235,Quinn Iqbal
POD41194,SH101468,2025-11-19 20:44,L-227,Mei Tanaka
POD41195,SH101469,2025-02-11 10:59,L-230,Mei Riva
POD41196,SH101470,2025-05-03 06:34,L-248,Tomas Costa
POD41197,SH101471,2025-01-24 17:36,L-258,Tomas Marek
POD41198,SH101472,2026-01-03 18:58,L-247,Elena Jensen
POD41199,SH101473,2025-07-03 09:40,L-217,Aisha Brennan
POD41200,SH101474,2026-05-01 19:55,L-228,Nadia Sorensen
POD41201,SH101475,2025-05-22 14:50,L-208,Ines Sorensen
POD41202,SH101476,2025-02-01 13:26,L-236,Nadia Iqbal
POD41203,SH101479,2026-02-20 10:36,L-245,Rosa Petrov
POD41204,SH101480,2026-03-10 19:10,L-258,Rosa Fuentes
POD41205,SH101481,2025-02-18 15:35,L-244,Tomas Eriksen
POD41206,SH101483,2025-11-03 09:59,L-230,Elena Okafor
POD41207,SH101484,2025-01-18 12:38,L-260,Jonas Hansen
POD41208,SH101485,2025-02-13 21:09,L-218,Ines Kovacs
POD41209,SH101486,2026-04-10 21:54,L-248,Aisha Dvorak
POD41210,SH101487,2025-07-03 07:52,L-253,Priya Costa
POD41211,SH101488,2025-07-01 08:23,L-228,Priya Sorensen
POD41212,SH101489,2026-04-21 17:26,L-227,Dev Marek
POD41213,SH101490,2026-03-14 13:36,L-256,Quinn Petrov
POD41214,SH101491,2025-10-14 08:18,L-236,Quinn Kovacs
POD41215,SH101492,2025-02-07 10:19,L-259,Hamid Lindgren
POD41216,SH101493,2025-04-17 15:54,L-214,Boris Eriksen
POD41217,SH101494,2025-01-19 10:19,L-243,Priya Jensen
POD41218,SH101495,2026-02-26 09:43,L-214,Dev Gallo
POD41219,SH101496,2025-06-27 12:35,L-226,Tomas Dvorak
POD41220,SH101497,2025-12-08 18:13,L-251,Quinn Okafor
POD41221,SH101498,2025-08-14 15:21,L-260,Carmen Hansen
POD41222,SH101500,2025-01-29 10:42,L-203,Aisha Sorensen
POD41223,SH101502,2025-07-19 07:14,L-212,Femi Brennan
POD41224,SH101503,2025-05-29 07:30,L-251,Nadia Adler
POD41225,SH101504,2026-03-30 16:05,L-209,Rosa Marek
POD41226,SH101505,2025-01-29 18:01,L-232,Nadia Lindgren
POD41227,SH101506,2025-10-16 09:46,L-251,Katya Adler
POD41228,SH101507,2025-04-11 13:03,L-236,Nadia Kovacs
POD41229,SH101508,2025-11-03 09:31,L-234,Katya Adler
POD41230,SH101509,2025-05-20 18:28,L-231,Rosa Tanaka
POD41231,SH101510,2025-01-12 08:26,L-246,Stefan Gallo
POD41232,SH101511,2025-07-02 15:41,L-249,Rosa Marek
POD41233,SH101512,2026-04-22 06:43,L-247,Quinn Riva
POD41234,SH101513,2025-07-04 11:04,L-222,Tomas Tanaka
POD41235,SH101514,2025-08-08 12:05,L-211,Carmen Lindgren
POD41236,SH101515,2025-04-20 09:01,L-258,Katya Eriksen
POD41237,SH101516,2025-06-20 20:01,L-229,Aisha Sorensen
POD41238,SH101518,2026-04-04 11:52,L-247,Ines Lindgren
POD41239,SH101519,2025-08-10 11:41,L-226,Hamid Novak
POD41240,SH101520,2025-06-18 20:23,L-212,Jonas Adler
POD41241,SH101521,2025-11-19 12:26,L-207,Elena Tanaka
POD41242,SH101522,2025-05-20 13:42,L-211,Carmen Hansen
POD41243,SH101525,2025-09-06 08:38,L-226,Femi Costa
POD41244,SH101527,2026-03-03 12:02,L-217,Ines Dvorak
POD41245,SH101528,2025-01-15 15:17,L-253,Omar Brennan
POD41246,SH101530,2025-08-04 08:51,L-225,Femi Sorensen
POD41247,SH101531,2025-07-13 16:16,L-229,Priya Brennan
POD41248,SH101532,2025-03-29 19:28,L-218,Carmen Lindgren
POD41249,SH101533,2025-11-10 13:15,L-208,Carmen Petrov
POD41250,SH101534,2026-02-20 14:57,L-222,Elena Jensen
POD41251,SH101535,2025-05-31 16:58,L-232,Boris Riva
POD41252,SH101537,2026-02-04 11:58,L-226,Dev Fuentes
POD41253,SH101538,2025-07-03 14:30,L-238,Priya Sorensen
POD41254,SH101540,2026-02-18 19:46,L-239,Lars Dvorak
POD41255,SH101541,2025-01-18 10:09,L-233,Jonas Kovacs
POD41256,SH101542,2025-01-29 20:37,L-210,Femi Sorensen
POD41257,SH101543,2025-05-02 08:01,L-201,Carmen Brennan
POD41258,SH101544,2026-05-11 17:18,L-234,Katya Gallo
POD41259,SH101545,2025-07-13 14:35,L-243,Nadia Tanaka
POD41260,SH101546,2025-04-01 12:06,L-209,Ines Hansen
POD41261,SH101547,2026-05-12 21:57,L-227,Femi Okafor
POD41262,SH101548,2026-05-12 19:15,L-229,Mei Sorensen
POD41263,SH101550,2025-08-20 15:56,L-242,Hamid Hansen
POD41264,SH101552,2025-05-05 17:44,L-237,Tomas Marek
POD41265,SH101553,2026-01-19 21:47,L-216,Katya Costa
POD41266,SH101554,2025-02-14 21:33,L-254,Carmen Quist
POD41267,SH101555,2025-04-26 16:01,L-212,Boris Jensen
POD41268,SH101556,2026-05-21 18:50,L-211,Aisha Eriksen
POD41269,SH101557,2026-05-15 13:24,L-234,Nadia Adler
POD41270,SH101559,2025-03-31 08:43,L-259,Stefan Quist
POD41271,SH101560,2026-02-01 10:10,L-203,Katya Gallo
POD41272,SH101561,2025-09-19 20:02,L-212,Tomas Brennan
POD41273,SH101562,2026-04-10 16:59,L-229,Nadia Riva
POD41274,SH101563,2025-01-23 10:03,L-231,Dev Iqbal
POD41275,SH101564,2025-02-26 20:21,L-225,Tomas Petrov
POD41276,SH101565,2025-05-13 08:30,L-212,Aisha Eriksen
POD41277,SH101566,2025-10-12 07:06,L-215,Femi Costa
POD41278,SH101567,2026-03-22 08:06,L-258,Lars Iqbal
POD41279,SH101569,2025-06-18 16:48,L-227,Ines Jensen
POD41280,SH101570,2026-04-23 09:49,L-218,Aisha Quist
POD41281,SH101571,2025-02-07 16:21,L-225,Lars Riva
POD41282,SH101572,2025-03-27 10:37,L-246,Priya Quist
POD41283,SH101573,2025-02-01 13:10,L-235,Mei Fuentes
POD41284,SH101574,2025-01-21 18:25,L-260,Boris Adler
POD41285,SH101575,2025-06-27 10:41,L-260,Femi Dvorak
POD41286,SH101576,2025-11-10 20:25,L-206,Nadia Kovacs
POD41287,SH101577,2026-04-16 12:01,L-216,Mei Novak
POD41288,SH101578,2026-02-27 11:35,L-239,Omar Tanaka
POD41289,SH101579,2025-11-08 06:33,L-225,Jonas Riva
POD41290,SH101580,2025-09-11 11:09,L-237,Rosa Okafor
POD41291,SH101581,2025-03-23 21:32,L-249,Tomas Novak
POD41292,SH101582,2025-01-17 21:07,L-205,Aisha Quist
POD41293,SH101583,2025-03-03 12:39,L-256,Nadia Kovacs
POD41294,SH101584,2025-06-08 14:56,L-217,Quinn Hansen
POD41295,SH101585,2025-01-29 11:53,L-253,Lars Marek
POD41296,SH101586,2025-02-02 19:50,L-259,Greta Petrov
POD41297,SH101587,2026-03-15 08:14,L-234,Priya Costa
POD41298,SH101588,2026-01-09 21:31,L-232,Greta Dvorak
POD41299,SH101589,2026-04-21 17:59,L-254,Quinn Iqbal
POD41300,SH101590,2025-10-11 17:51,L-225,Carmen Lindgren
POD41301,SH101591,2025-03-16 17:26,L-245,Lars Kovacs
POD41302,SH101592,2025-03-22 18:35,L-227,Tomas Hansen
POD41303,SH101594,2025-04-19 17:19,L-229,Omar Sorensen
POD41304,SH101597,2025-09-25 11:35,L-206,Dev Quist
POD41305,SH101599,2025-06-26 19:57,L-237,Hamid Kovacs
POD41306,SH101600,2025-01-20 12:17,L-213,Jonas Petrov
POD41307,SH101601,2026-01-11 09:54,L-236,Mei Fuentes
POD41308,SH101602,2025-04-02 09:12,L-239,Katya Kovacs
POD41309,SH101603,2025-10-16 15:54,L-243,Carmen Riva
POD41310,SH101605,2025-11-20 13:31,L-259,Rosa Brennan
POD41311,SH101606,2025-10-05 07:40,L-225,Jonas Sorensen
POD41312,SH101607,2025-11-12 08:03,L-215,Greta Hansen
POD41313,SH101608,2025-04-24 16:14,L-247,Rosa Fuentes
POD41314,SH101609,2025-10-17 06:13,L-252,Nadia Tanaka
POD41315,SH101610,2025-04-23 09:42,L-238,Femi Adler
POD41316,SH101612,2026-02-17 21:47,L-220,Greta Lindgren
POD41317,SH101614,2025-09-25 09:34,L-249,Greta Jensen
POD41318,SH101615,2026-01-22 08:55,L-244,Femi Lindgren
POD41319,SH101616,2025-04-08 19:48,L-252,Mei Quist
POD41320,SH101617,2025-09-16 12:09,L-222,Nadia Fuentes
POD41321,SH101618,2026-02-04 08:57,L-258,Femi Gallo
POD41322,SH101619,2025-06-15 13:38,L-259,Stefan Dvorak
POD41323,SH101620,2025-05-16 16:24,L-250,Nadia Adler
POD41324,SH101621,2026-02-06 07:22,L-239,Jonas Costa
POD41325,SH101622,2025-01-21 11:14,L-230,Jonas Hansen
POD41326,SH101623,2026-04-30 06:17,L-234,Quinn Sorensen
POD41327,SH101624,2025-08-21 15:31,L-224,Mei Adler
POD41328,SH101626,2025-05-04 12:36,L-231,Hamid Dvorak
POD41329,SH101627,2025-04-24 10:29,L-213,Tomas Kovacs
POD41330,SH101628,2026-02-04 12:45,L-204,Elena Gallo
POD41331,SH101629,2025-11-09 10:22,L-256,Stefan Fuentes
POD41332,SH101630,2025-06-13 11:44,L-209,Jonas Marek
POD41333,SH101631,2025-09-13 13:40,L-208,Hamid Lindgren
POD41334,SH101634,2025-03-01 19:36,L-226,Ines Marek
POD41335,SH101636,2025-07-16 06:30,L-227,Carmen Sorensen
POD41336,SH101637,2025-08-05 11:46,L-260,Nadia Gallo
POD41337,SH101638,2025-12-22 17:03,L-228,Rosa Riva
POD41338,SH101639,2025-05-23 11:05,L-227,Nadia Petrov
POD41339,SH101640,2025-03-04 20:55,L-231,Stefan Tanaka
POD41340,SH101641,2025-04-12 18:53,L-212,Boris Iqbal
POD41341,SH101643,2025-10-23 14:54,L-242,Hamid Jensen
POD41342,SH101644,2025-12-04 12:19,L-217,Rosa Lindgren
POD41343,SH101645,2026-03-31 17:24,L-218,Femi Marek
POD41344,SH101646,2026-02-27 12:44,L-256,Hamid Kovacs
POD41345,SH101647,2026-02-12 07:03,L-206,Jonas Riva
POD41346,SH101649,2025-04-14 10:54,L-216,Stefan Dvorak
POD41347,SH101650,2025-08-12 20:09,L-235,Elena Quist
POD41348,SH101651,2025-05-12 14:23,L-215,Stefan Tanaka
POD41349,SH101652,2025-10-16 16:52,L-236,Aisha Brennan
POD41350,SH101653,2025-08-09 20:29,L-209,Rosa Petrov
POD41351,SH101654,2025-05-09 21:51,L-220,Priya Iqbal
POD41352,SH101655,2026-05-03 09:46,L-244,Lars Petrov
POD41353,SH101656,2026-02-21 12:50,L-226,Nadia Quist
POD41354,SH101657,2026-04-12 13:28,L-217,Greta Iqbal
POD41355,SH101659,2026-03-19 18:21,L-228,Katya Adler
POD41356,SH101660,2025-03-29 17:13,L-239,Stefan Riva
POD41357,SH101661,2025-07-03 20:27,L-260,Rosa Quist
POD41358,SH101662,2025-09-15 17:52,L-220,Elena Petrov
POD41359,SH101663,2026-02-13 06:57,L-238,Dev Adler
POD41360,SH101664,2025-01-08 12:50,L-208,Tomas Adler
POD41361,SH101666,2025-05-07 07:43,L-214,Dev Jensen
POD41362,SH101668,2025-02-10 16:32,L-203,Ines Adler
POD41363,SH101669,2025-04-26 14:12,L-253,Carmen Okafor
POD41364,SH101670,2025-11-08 21:49,L-221,Nadia Kovacs
POD41365,SH101671,2025-03-18 18:09,L-249,Carmen Petrov
POD41366,SH101672,2025-12-24 10:21,L-247,Ines Novak
POD41367,SH101673,2025-08-13 19:11,L-225,Jonas Eriksen
POD41368,SH101675,2026-03-11 18:07,L-221,Quinn Iqbal
POD41369,SH101677,2025-10-13 15:09,L-226,Elena Brennan
POD41370,SH101678,2025-07-23 07:29,L-239,Boris Riva
POD41371,SH101679,2025-03-29 07:13,L-260,Omar Okafor
POD41372,SH101680,2025-06-30 12:36,L-209,Dev Iqbal
POD41373,SH101681,2025-04-03 12:31,L-240,Ines Lindgren
POD41374,SH101683,2025-01-05 09:20,L-238,Elena Kovacs
POD41375,SH101684,2025-11-30 19:22,L-201,Rosa Fuentes
POD41376,SH101685,2025-05-09 10:42,L-208,Tomas Brennan
POD41377,SH101686,2025-09-21 09:20,L-250,Tomas Sorensen
POD41378,SH101687,2025-02-06 13:09,L-224,Lars Gallo
POD41379,SH101688,2025-05-27 20:53,L-242,Quinn Kovacs
POD41380,SH101689,2025-12-13 10:23,L-219,Omar Okafor
POD41381,SH101690,2025-05-30 17:37,L-222,Omar Novak
POD41382,SH101691,2026-04-14 12:08,L-204,Hamid Hansen
POD41383,SH101692,2025-10-07 21:44,L-238,Omar Jensen
POD41384,SH101693,2026-03-16 12:33,L-247,Elena Costa
POD41385,SH101695,2026-01-21 17:11,L-201,Omar Costa
POD41386,SH101697,2026-03-03 13:55,L-204,Carmen Riva
POD41387,SH101698,2025-07-05 10:31,L-245,Hamid Brennan
POD41388,SH101699,2025-12-02 19:56,L-224,Greta Brennan
POD41389,SH101700,2025-03-26 18:34,L-247,Mei Kovacs
POD41390,SH101701,2025-08-20 19:34,L-231,Katya Kovacs
POD41391,SH101702,2026-03-04 10:52,L-214,Quinn Eriksen
POD41392,SH101703,2025-01-26 17:52,L-220,Jonas Novak
POD41393,SH101704,2026-02-15 21:45,L-232,Priya Gallo
POD41394,SH101705,2026-04-25 12:44,L-238,Nadia Costa
POD41395,SH101706,2026-02-13 16:05,L-203,Hamid Okafor
POD41396,SH101708,2026-01-21 18:56,L-215,Tomas Tanaka
POD41397,SH101710,2026-05-11 18:23,L-201,Mei Sorensen
POD41398,SH101712,2026-01-28 16:23,L-226,Quinn Tanaka
POD41399,SH101713,2025-01-09 17:11,L-257,Ines Kovacs
POD41400,SH101714,2025-11-03 18:40,L-231,Tomas Eriksen
POD41401,SH101715,2026-05-19 10:43,L-249,Aisha Kovacs
POD41402,SH101716,2025-02-18 19:37,L-235,Boris Sorensen
POD41403,SH101718,2026-02-04 19:24,L-217,Mei Marek
POD41404,SH101720,2025-10-08 08:55,L-235,Aisha Novak
POD41405,SH101721,2025-03-31 19:22,L-246,Dev Lindgren
POD41406,SH101722,2025-09-15 13:58,L-221,Katya Fuentes
POD41407,SH101724,2025-04-04 10:12,L-217,Jonas Lindgren
POD41408,SH101725,2026-03-13 17:11,L-246,Ines Jensen
POD41409,SH101727,2026-02-22 21:32,L-245,Femi Costa
POD41410,SH101728,2026-03-21 13:40,L-220,Mei Eriksen
POD41411,SH101729,2025-01-06 16:00,L-204,Dev Sorensen
POD41412,SH101730,2025-03-04 17:03,L-237,Priya Kovacs
POD41413,SH101731,2025-01-25 16:06,L-256,Lars Kovacs
POD41414,SH101732,2026-03-22 16:38,L-256,Stefan Adler
POD41415,SH101733,2025-03-15 12:18,L-212,Jonas Riva
POD41416,SH101734,2026-03-11 19:27,L-254,Priya Dvorak
POD41417,SH101735,2025-07-28 11:02,L-218,Dev Petrov
POD41418,SH101736,2025-08-02 17:28,L-203,Katya Costa
POD41419,SH101737,2025-07-21 15:41,L-212,Femi Eriksen
POD41420,SH101738,2025-01-05 07:42,L-245,Boris Petrov
POD41421,SH101739,2026-01-08 10:19,L-234,Rosa Okafor
POD41422,SH101740,2025-12-15 16:57,L-255,Katya Hansen
POD41423,SH101742,2025-07-15 16:32,L-232,Aisha Iqbal
POD41424,SH101743,2025-06-22 07:21,L-207,Elena Hansen
POD41425,SH101745,2026-01-26 14:41,L-218,Katya Petrov
POD41426,SH101746,2025-06-15 14:37,L-260,Rosa Dvorak
POD41427,SH101747,2025-09-09 15:23,L-213,Nadia Iqbal
POD41428,SH101748,2026-03-11 15:41,L-234,Boris Marek
POD41429,SH101749,2025-06-08 13:30,L-202,Hamid Costa
POD41430,SH101750,2025-07-26 09:28,L-244,Elena Petrov
POD41431,SH101751,2025-10-22 11:02,L-228,Katya Sorensen
POD41432,SH101752,2025-09-07 18:47,L-245,Hamid Jensen
POD41433,SH101753,2025-03-06 07:01,L-224,Omar Adler
POD41434,SH101754,2025-06-22 18:50,L-230,Tomas Marek
POD41435,SH101755,2026-01-10 16:16,L-219,Greta Quist
POD41436,SH101756,2026-05-15 17:49,L-236,Mei Sorensen
POD41437,SH101757,2025-11-26 12:12,L-228,Dev Tanaka
POD41438,SH101758,2025-04-09 16:33,L-216,Rosa Kovacs
POD41439,SH101760,2025-09-17 15:03,L-230,Hamid Riva
POD41440,SH101762,2025-09-25 08:58,L-246,Tomas Iqbal
POD41441,SH101763,2026-02-27 06:07,L-238,Femi Jensen
POD41442,SH101764,2025-08-17 09:02,L-225,Stefan Sorensen
POD41443,SH101765,2025-09-20 21:51,L-228,Hamid Quist
POD41444,SH101766,2026-01-22 14:38,L-251,Jonas Sorensen
POD41445,SH101767,2026-02-24 18:40,L-228,Jonas Eriksen
POD41446,SH101768,2025-12-20 15:37,L-235,Ines Hansen
POD41447,SH101769,2026-01-22 17:59,L-226,Jonas Fuentes
POD41448,SH101770,2025-01-17 16:17,L-218,Priya Hansen
POD41449,SH101771,2025-08-29 18:16,L-254,Stefan Hansen
POD41450,SH101772,2025-12-17 13:53,L-221,Stefan Sorensen
POD41451,SH101773,2025-01-06 07:34,L-240,Aisha Lindgren
POD41452,SH101774,2025-10-07 16:14,L-233,Aisha Adler
POD41453,SH101777,2026-02-02 17:42,L-236,Omar Sorensen
POD41454,SH101778,2026-01-31 19:05,L-204,Rosa Novak
POD41455,SH101779,2026-01-17 10:25,L-242,Omar Quist
POD41456,SH101780,2026-04-01 06:59,L-219,Quinn Jensen
POD41457,SH101781,2025-12-15 08:10,L-208,Elena Jensen
POD41458,SH101782,2025-02-14 11:47,L-219,Greta Gallo
POD41459,SH101783,2025-03-30 17:20,L-216,Quinn Adler
POD41460,SH101784,2025-12-09 07:39,L-216,Greta Novak
POD41461,SH101787,2025-05-08 21:19,L-219,Jonas Tanaka
POD41462,SH101788,2026-05-08 17:53,L-207,Aisha Eriksen
POD41463,SH101789,2026-05-15 18:05,L-210,Dev Dvorak
POD41464,SH101790,2025-10-18 14:41,L-244,Jonas Lindgren
POD41465,SH101792,2026-01-24 12:23,L-235,Katya Petrov
POD41466,SH101793,2025-07-27 19:22,L-218,Aisha Tanaka
POD41467,SH101795,2025-10-12 08:37,L-237,Stefan Tanaka
POD41468,SH101796,2025-05-11 09:39,L-206,Dev Brennan
POD41469,SH101797,2026-02-01 09:18,L-205,Rosa Eriksen
POD41470,SH101798,2025-06-30 08:27,L-206,Dev Riva
POD41471,SH101799,2025-02-17 17:30,L-249,Tomas Jensen
POD41472,SH101800,2026-03-26 09:25,L-235,Aisha Adler
POD41473,SH101801,2025-10-16 09:42,L-210,Lars Tanaka
POD41474,SH101802,2026-02-23 18:10,L-251,Omar Adler
POD41475,SH101804,2026-02-07 13:58,L-222,Femi Hansen
POD41476,SH101805,2026-02-05 15:02,L-230,Hamid Iqbal
POD41477,SH101806,2025-04-01 10:11,L-245,Greta Adler
POD41478,SH101807,2025-12-22 07:35,L-239,Lars Fuentes
POD41479,SH101808,2026-04-12 07:53,L-225,Priya Riva
POD41480,SH101809,2025-07-05 21:46,L-225,Quinn Hansen
POD41481,SH101810,2025-02-16 08:39,L-247,Quinn Dvorak
POD41482,SH101811,2026-01-11 21:49,L-206,Omar Iqbal
POD41483,SH101812,2025-06-05 19:51,L-258,Ines Petrov
POD41484,SH101813,2025-01-10 18:17,L-217,Quinn Costa
POD41485,SH101814,2025-02-20 16:38,L-225,Quinn Riva
POD41486,SH101816,2025-01-30 13:09,L-230,Carmen Adler
POD41487,SH101817,2025-04-18 14:28,L-209,Femi Tanaka
POD41488,SH101818,2025-10-26 15:11,L-221,Ines Sorensen
POD41489,SH101819,2025-02-22 17:38,L-205,Hamid Adler
POD41490,SH101821,2025-12-16 19:00,L-241,Elena Dvorak
POD41491,SH101822,2025-05-31 06:14,L-227,Priya Tanaka
POD41492,SH101823,2026-01-07 17:09,L-216,Nadia Gallo
POD41493,SH101825,2026-02-07 06:18,L-201,Stefan Brennan
POD41494,SH101827,2026-03-05 18:05,L-217,Carmen Costa
POD41495,SH101828,2025-07-23 18:03,L-247,Nadia Iqbal
POD41496,SH101830,2026-03-30 16:20,L-246,Quinn Costa
POD41497,SH101831,2025-02-14 16:28,L-258,Nadia Eriksen
POD41498,SH101832,2025-01-23 19:09,L-221,Carmen Lindgren
POD41499,SH101833,2025-10-28 14:52,L-222,Carmen Eriksen
POD41500,SH101834,2025-12-06 13:35,L-233,Elena Marek
POD41501,SH101835,2025-04-07 13:43,L-201,Hamid Dvorak
POD41502,SH101836,2026-02-02 09:40,L-210,Aisha Tanaka
POD41503,SH101837,2025-06-21 09:43,L-210,Dev Tanaka
POD41504,SH101838,2025-11-17 18:35,L-250,Lars Quist
POD41505,SH101840,2025-12-29 19:34,L-221,Tomas Dvorak
POD41506,SH101841,2026-03-27 16:58,L-239,Mei Riva
POD41507,SH101843,2026-02-12 17:01,L-230,Lars Marek
POD41508,SH101844,2025-09-21 07:57,L-201,Priya Riva
POD41509,SH101847,2026-05-01 14:36,L-216,Rosa Costa
POD41510,SH101848,2025-12-06 12:43,L-255,Femi Fuentes
POD41511,SH101849,2025-11-04 13:39,L-245,Carmen Riva
POD41512,SH101850,2025-02-08 11:07,L-206,Tomas Brennan
POD41513,SH101851,2025-06-02 16:01,L-204,Carmen Petrov
POD41514,SH101852,2026-04-16 20:54,L-248,Lars Hansen
POD41515,SH101853,2026-04-28 14:22,L-233,Carmen Petrov
POD41516,SH101854,2025-06-26 20:50,L-211,Stefan Hansen
POD41517,SH101855,2025-07-11 16:30,L-214,Elena Quist
POD41518,SH101856,2025-09-16 08:00,L-256,Lars Hansen
POD41519,SH101857,2025-06-21 07:36,L-258,Boris Lindgren
POD41520,SH101858,2025-04-17 15:11,L-217,Omar Petrov
POD41521,SH101859,2025-01-15 09:35,L-210,Rosa Fuentes
POD41522,SH101861,2026-01-03 08:46,L-253,Elena Kovacs
POD41523,SH101862,2026-01-12 21:44,L-247,Tomas Tanaka
POD41524,SH101863,2025-11-27 07:16,L-256,Nadia Sorensen
POD41525,SH101864,2026-04-02 20:50,L-250,Carmen Novak
POD41526,SH101865,2025-05-06 12:56,L-247,Quinn Kovacs
POD41527,SH101867,2025-07-31 08:43,L-222,Priya Sorensen
POD41528,SH101868,2025-02-03 10:07,L-250,Aisha Novak
POD41529,SH101869,2025-05-11 15:03,L-212,Dev Adler
POD41530,SH101870,2025-03-14 14:06,L-240,Greta Marek
POD41531,SH101871,2025-01-04 21:14,L-226,Aisha Sorensen
POD41532,SH101873,2026-02-28 17:06,L-229,Dev Eriksen
POD41533,SH101874,2025-07-14 09:18,L-239,Ines Kovacs
POD41534,SH101875,2026-05-03 13:26,L-215,Stefan Brennan
POD41535,SH101876,2026-03-11 17:52,L-207,Dev Tanaka
POD41536,SH101877,2025-01-26 11:04,L-256,Greta Lindgren
POD41537,SH101880,2026-02-05 09:42,L-258,Mei Eriksen
POD41538,SH101881,2025-09-26 15:42,L-252,Katya Tanaka
POD41539,SH101882,2025-03-27 17:24,L-212,Katya Dvorak
POD41540,SH101884,2025-03-06 17:56,L-206,Elena Fuentes
POD41541,SH101887,2026-02-14 11:42,L-207,Priya Petrov
POD41542,SH101888,2026-01-18 21:58,L-256,Elena Hansen
POD41543,SH101889,2025-12-04 13:40,L-243,Lars Jensen
POD41544,SH101890,2026-02-27 18:21,L-255,Carmen Marek
POD41545,SH101891,2026-05-21 13:29,L-237,Carmen Sorensen
POD41546,SH101892,2026-01-29 08:08,L-220,Carmen Fuentes
POD41547,SH101894,2025-08-01 16:14,L-243,Omar Sorensen
POD41548,SH101895,2026-03-24 06:49,L-257,Aisha Marek
POD41549,SH101899,2025-05-29 09:19,L-201,Priya Sorensen
POD41550,SH101900,2025-11-02 13:07,L-259,Stefan Quist
POD41551,SH101901,2026-04-12 12:06,L-240,Boris Gallo
POD41552,SH101902,2026-03-25 13:16,L-243,Omar Jensen
POD41553,SH101903,2026-01-17 15:49,L-214,Katya Gallo
POD41554,SH101904,2026-01-16 17:47,L-224,Nadia Gallo
POD41555,SH101905,2025-07-02 20:34,L-254,Greta Quist
POD41556,SH101906,2025-03-22 13:34,L-215,Quinn Sorensen
POD41557,SH101907,2026-05-01 12:10,L-233,Quinn Novak
POD41558,SH101908,2025-06-26 13:33,L-228,Jonas Riva
POD41559,SH101909,2025-04-03 19:00,L-224,Omar Adler
POD41560,SH101910,2025-08-06 14:11,L-202,Carmen Kovacs
POD41561,SH101911,2025-11-08 09:46,L-202,Boris Riva
POD41562,SH101912,2026-04-18 18:57,L-204,Aisha Eriksen
POD41563,SH101913,2025-08-04 11:12,L-243,Nadia Sorensen
POD41564,SH101914,2025-10-04 21:28,L-235,Boris Quist
POD41565,SH101916,2025-01-25 17:45,L-247,Boris Riva
POD41566,SH101917,2025-12-21 10:50,L-220,Greta Adler
POD41567,SH101918,2025-11-27 13:55,L-232,Tomas Jensen
POD41568,SH101919,2026-03-17 12:08,L-255,Nadia Gallo
POD41569,SH101920,2025-05-23 16:33,L-256,Carmen Okafor
POD41570,SH101921,2025-06-29 15:07,L-232,Ines Iqbal
POD41571,SH101923,2025-10-24 16:43,L-239,Ines Iqbal
POD41572,SH101925,2025-01-22 12:50,L-210,Elena Sorensen
POD41573,SH101926,2025-12-30 10:27,L-218,Greta Costa
POD41574,SH101927,2025-11-22 15:35,L-240,Mei Iqbal
POD41575,SH101928,2025-12-21 12:50,L-206,Katya Petrov
POD41576,SH101930,2025-07-25 15:54,L-224,Femi Jensen
POD41577,SH101931,2025-02-02 06:14,L-255,Greta Costa
POD41578,SH101932,2026-01-29 08:53,L-241,Stefan Brennan
POD41579,SH101933,2025-07-18 06:17,L-204,Elena Jensen
POD41580,SH101935,2025-01-28 21:25,L-228,Ines Iqbal
POD41581,SH101936,2025-12-16 19:49,L-224,Stefan Dvorak
POD41582,SH101938,2025-10-04 20:47,L-251,Jonas Costa
POD41583,SH101939,2026-03-20 09:31,L-231,Mei Iqbal
POD41584,SH101940,2025-12-29 13:45,L-260,Femi Marek
POD41585,SH101941,2026-05-19 20:15,L-226,Quinn Dvorak
POD41586,SH101942,2026-01-13 11:51,L-240,Lars Petrov
POD41587,SH101943,2025-03-31 06:24,L-219,Stefan Novak
POD41588,SH101944,2025-09-30 16:15,L-234,Aisha Iqbal
POD41589,SH101945,2025-04-16 07:21,L-247,Priya Eriksen
POD41590,SH101946,2025-12-11 12:28,L-202,Greta Kovacs
POD41591,SH101947,2025-04-10 19:24,L-250,Carmen Gallo
POD41592,SH101948,2025-07-04 20:39,L-253,Greta Lindgren
POD41593,SH101949,2025-03-27 16:50,L-207,Stefan Marek
POD41594,SH101950,2025-02-02 19:50,L-210,Rosa Marek
POD41595,SH101951,2025-10-29 18:23,L-220,Katya Hansen
POD41596,SH101952,2026-02-12 12:48,L-260,Carmen Quist
POD41597,SH101953,2025-06-07 06:01,L-221,Dev Iqbal
POD41598,SH101954,2025-03-31 19:57,L-201,Aisha Novak
POD41599,SH101955,2025-08-12 12:54,L-257,Dev Gallo
POD41600,SH101956,2025-08-15 09:54,L-226,Rosa Sorensen
POD41601,SH101958,2025-03-16 16:26,L-255,Carmen Iqbal
POD41602,SH101959,2025-10-31 18:27,L-203,Hamid Riva
POD41603,SH101960,2026-05-06 13:47,L-241,Greta Hansen
POD41604,SH101961,2025-04-20 06:04,L-211,Katya Eriksen
POD41605,SH101962,2025-07-07 11:43,L-244,Mei Quist
POD41606,SH101963,2026-01-07 15:50,L-254,Ines Lindgren
POD41607,SH101964,2026-04-10 11:26,L-213,Quinn Adler
POD41608,SH101965,2025-01-13 09:15,L-257,Nadia Brennan
POD41609,SH101966,2025-09-20 10:30,L-202,Tomas Novak
POD41610,SH101967,2026-02-08 18:44,L-215,Carmen Riva
POD41611,SH101968,2025-11-01 18:58,L-239,Nadia Lindgren
POD41612,SH101969,2026-03-31 06:45,L-237,Jonas Brennan
POD41613,SH101970,2026-04-05 08:58,L-259,Femi Jensen
POD41614,SH101972,2025-11-01 08:33,L-252,Omar Eriksen
POD41615,SH101973,2025-01-28 15:01,L-252,Ines Costa
POD41616,SH101975,2026-03-05 17:26,L-252,Nadia Fuentes
POD41617,SH101976,2025-06-07 08:10,L-260,Lars Dvorak
POD41618,SH101977,2026-02-06 09:05,L-203,Quinn Okafor
POD41619,SH101978,2025-01-11 19:44,L-238,Rosa Riva
POD41620,SH101979,2025-08-02 13:59,L-245,Rosa Tanaka
POD41621,SH101980,2026-02-10 06:39,L-245,Hamid Okafor
POD41622,SH101983,2025-01-16 06:43,L-224,Aisha Dvorak
POD41623,SH101984,2025-01-06 11:34,L-216,Greta Costa
POD41624,SH101985,2026-01-29 19:52,L-216,Aisha Tanaka
POD41625,SH101986,2025-06-19 16:40,L-249,Jonas Dvorak
POD41626,SH101988,2025-05-26 13:59,L-231,Ines Adler
POD41627,SH101989,2025-06-08 15:40,L-230,Boris Novak
POD41628,SH101990,2025-01-19 12:20,L-234,Stefan Fuentes
POD41629,SH101991,2025-08-16 08:54,L-206,Femi Eriksen
POD41630,SH101992,2025-04-01 20:37,L-220,Ines Brennan
POD41631,SH101993,2026-01-19 11:10,L-212,Boris Adler
POD41632,SH101994,2025-04-16 14:48,L-212,Priya Okafor
POD41633,SH101995,2025-02-09 18:50,L-245,Hamid Novak
POD41634,SH101996,2025-11-15 13:19,L-235,Nadia Adler
POD41635,SH101997,2025-05-20 16:46,L-212,Omar Iqbal
POD41636,SH101998,2025-06-01 08:23,L-239,Stefan Riva
POD41637,SH101999,2026-03-26 20:26,L-208,Boris Quist
POD41638,SH102000,2025-06-30 12:45,L-249,Elena Adler
POD41639,SH102001,2026-04-25 13:31,L-241,Tomas Lindgren
POD41640,SH102002,2026-02-14 07:27,L-233,Tomas Quist
POD41641,SH102003,2025-06-23 16:12,L-225,Ines Petrov
POD41642,SH102004,2025-08-24 16:01,L-211,Mei Tanaka
POD41643,SH102005,2025-05-28 19:25,L-245,Priya Riva
POD41644,SH102007,2026-04-28 15:07,L-237,Priya Quist
POD41645,SH102009,2026-04-04 13:49,L-216,Dev Eriksen
POD41646,SH102010,2025-11-28 07:39,L-219,Omar Tanaka
POD41647,SH102011,2026-03-24 11:30,L-233,Omar Lindgren
POD41648,SH102014,2025-11-11 06:52,L-247,Dev Fuentes
POD41649,SH102015,2025-10-05 17:52,L-204,Rosa Riva
POD41650,SH102017,2025-09-30 08:46,L-239,Greta Fuentes
POD41651,SH102018,2026-04-27 13:06,L-258,Quinn Quist
POD41652,SH102019,2025-08-23 14:57,L-213,Elena Fuentes
POD41653,SH102020,2025-03-14 15:06,L-206,Mei Riva
POD41654,SH102021,2025-09-26 16:30,L-203,Stefan Lindgren
POD41655,SH102022,2025-01-07 11:20,L-240,Quinn Marek
POD41656,SH102023,2025-08-07 07:16,L-251,Katya Okafor
POD41657,SH102024,2025-06-11 07:53,L-212,Omar Okafor
POD41658,SH102026,2025-01-20 15:00,L-236,Jonas Okafor
POD41659,SH102027,2025-07-09 19:12,L-213,Hamid Sorensen
POD41660,SH102028,2026-02-13 15:29,L-221,Greta Petrov
POD41661,SH102029,2025-11-20 14:07,L-246,Carmen Gallo
POD41662,SH102030,2025-05-14 06:11,L-237,Rosa Brennan
POD41663,SH102031,2025-09-12 08:46,L-206,Boris Sorensen
POD41664,SH102033,2025-08-11 18:50,L-259,Priya Iqbal
POD41665,SH102034,2025-08-14 16:09,L-246,Jonas Petrov
POD41666,SH102036,2025-01-14 11:34,L-254,Ines Tanaka
POD41667,SH102037,2025-07-10 13:32,L-247,Ines Hansen
POD41668,SH102038,2025-11-20 11:31,L-208,Tomas Petrov
POD41669,SH102039,2026-04-05 12:42,L-234,Priya Hansen
POD41670,SH102040,2025-10-16 10:34,L-205,Greta Quist
POD41671,SH102042,2026-03-04 15:41,L-210,Aisha Costa
POD41672,SH102043,2026-05-02 13:47,L-203,Nadia Okafor
POD41673,SH102044,2025-08-23 07:09,L-260,Nadia Costa
POD41674,SH102045,2025-09-23 14:03,L-255,Quinn Costa
POD41675,SH102046,2025-02-01 11:37,L-209,Priya Novak
POD41676,SH102047,2025-04-19 06:16,L-218,Greta Brennan
POD41677,SH102048,2025-05-02 20:22,L-229,Rosa Novak
POD41678,SH102051,2025-10-20 10:11,L-238,Greta Costa
POD41679,SH102052,2025-07-26 14:21,L-235,Femi Petrov
POD41680,SH102054,2025-01-20 06:00,L-226,Lars Kovacs
POD41681,SH102055,2025-10-28 18:17,L-209,Priya Jensen
POD41682,SH102056,2025-12-22 18:26,L-208,Hamid Tanaka
POD41683,SH102057,2025-07-13 18:49,L-235,Femi Quist
POD41684,SH102058,2026-03-11 17:59,L-233,Mei Petrov
POD41685,SH102059,2026-01-04 19:19,L-228,Quinn Petrov
POD41686,SH102061,2025-09-24 15:26,L-207,Hamid Adler
POD41687,SH102062,2025-09-22 07:34,L-237,Jonas Iqbal
POD41688,SH102063,2025-02-10 11:48,L-252,Quinn Dvorak
POD41689,SH102064,2025-09-30 08:52,L-219,Femi Fuentes
POD41690,SH102065,2025-07-18 14:48,L-225,Nadia Sorensen
POD41691,SH102066,2025-11-29 08:12,L-206,Mei Tanaka
POD41692,SH102067,2025-09-09 06:24,L-249,Stefan Hansen
POD41693,SH102068,2026-02-04 07:59,L-222,Tomas Petrov
POD41694,SH102069,2025-09-19 18:02,L-202,Mei Tanaka
POD41695,SH102071,2026-01-09 12:08,L-210,Aisha Jensen
POD41696,SH102072,2025-02-15 16:07,L-215,Femi Quist
POD41697,SH102074,2026-01-04 13:20,L-247,Ines Sorensen
POD41698,SH102075,2025-06-13 18:21,L-204,Rosa Brennan
POD41699,SH102076,2025-11-03 09:11,L-228,Quinn Fuentes
POD41700,SH102077,2025-04-25 10:35,L-206,Tomas Sorensen
POD41701,SH102078,2025-04-16 21:27,L-229,Quinn Costa
POD41702,SH102080,2025-01-10 18:00,L-226,Nadia Quist
POD41703,SH102081,2025-02-24 10:50,L-244,Jonas Iqbal
POD41704,SH102082,2026-03-14 16:15,L-232,Femi Sorensen
POD41705,SH102084,2026-05-02 07:19,L-256,Femi Fuentes
POD41706,SH102085,2025-06-25 18:42,L-260,Carmen Lindgren
POD41707,SH102086,2025-04-15 07:30,L-257,Katya Quist
POD41708,SH102088,2025-05-01 20:19,L-249,Dev Gallo
POD41709,SH102089,2025-05-05 10:42,L-224,Hamid Brennan
POD41710,SH102091,2026-01-26 12:32,L-251,Ines Marek
POD41711,SH102093,2025-12-24 18:08,L-212,Tomas Costa
POD41712,SH102094,2025-04-10 16:33,L-242,Femi Lindgren
POD41713,SH102095,2025-09-02 20:27,L-225,Elena Hansen
POD41714,SH102096,2026-05-13 11:29,L-235,Elena Kovacs
POD41715,SH102097,2025-03-29 14:23,L-204,Elena Eriksen
POD41716,SH102098,2025-06-08 09:26,L-238,Lars Fuentes
POD41717,SH102099,2025-01-16 07:02,L-210,Mei Fuentes
POD41718,SH102100,2025-06-24 09:27,L-255,Tomas Sorensen
POD41719,SH102101,2025-06-08 20:13,L-226,Quinn Costa
POD41720,SH102102,2025-08-15 07:47,L-245,Ines Lindgren
POD41721,SH102103,2025-10-19 09:44,L-249,Dev Dvorak
POD41722,SH102104,2025-06-27 11:30,L-220,Nadia Quist
POD41723,SH102105,2025-10-26 21:52,L-211,Ines Kovacs
POD41724,SH102106,2025-08-09 13:38,L-234,Jonas Iqbal
POD41725,SH102107,2025-06-01 11:07,L-214,Omar Petrov
POD41726,SH102108,2025-11-25 10:04,L-224,Mei Adler
POD41727,SH102109,2025-11-16 11:34,L-252,Omar Kovacs
POD41728,SH102111,2025-11-17 06:29,L-257,Boris Kovacs
POD41729,SH102112,2025-06-20 12:18,L-246,Elena Riva
POD41730,SH102114,2025-05-06 12:25,L-244,Nadia Lindgren
POD41731,SH102115,2025-11-07 10:39,L-249,Aisha Tanaka
POD41732,SH102117,2026-03-23 14:58,L-205,Lars Dvorak
POD41733,SH102118,2026-01-04 10:23,L-230,Rosa Tanaka
POD41734,SH102119,2025-06-13 20:30,L-205,Katya Sorensen
POD41735,SH102121,2025-08-13 13:54,L-234,Priya Adler
POD41736,SH102123,2025-08-27 06:18,L-257,Elena Eriksen
POD41737,SH102125,2026-01-29 09:19,L-204,Priya Jensen
POD41738,SH102126,2026-03-03 10:47,L-246,Carmen Tanaka
POD41739,SH102128,2025-06-22 10:30,L-251,Greta Costa
POD41740,SH102130,2026-04-11 14:12,L-245,Mei Quist
POD41741,SH102131,2025-01-21 08:01,L-214,Dev Eriksen
POD41742,SH102133,2026-01-05 10:25,L-243,Carmen Adler
POD41743,SH102134,2025-06-22 16:18,L-228,Quinn Lindgren
POD41744,SH102135,2026-02-08 14:16,L-205,Quinn Petrov
POD41745,SH102136,2025-01-20 20:22,L-255,Carmen Lindgren
POD41746,SH102140,2026-01-29 12:52,L-230,Jonas Lindgren
POD41747,SH102142,2025-05-01 14:55,L-247,Dev Okafor
POD41748,SH102143,2026-02-12 14:39,L-212,Rosa Okafor
POD41749,SH102144,2026-02-13 20:07,L-241,Greta Hansen
POD41750,SH102145,2025-06-04 07:43,L-239,Katya Novak
POD41751,SH102146,2025-08-26 20:48,L-237,Boris Quist
POD41752,SH102147,2025-10-03 19:43,L-254,Hamid Jensen
POD41753,SH102148,2025-12-03 19:10,L-234,Katya Tanaka
POD41754,SH102149,2025-12-08 06:49,L-244,Priya Novak
POD41755,SH102151,2026-02-05 18:30,L-242,Elena Marek
POD41756,SH102152,2025-06-17 13:47,L-201,Aisha Sorensen
POD41757,SH102153,2026-03-17 21:44,L-247,Femi Marek
POD41758,SH102154,2026-02-04 09:14,L-213,Omar Okafor
POD41759,SH102155,2026-05-12 10:38,L-204,Elena Sorensen
POD41760,SH102156,2025-12-07 12:30,L-204,Mei Hansen
POD41761,SH102157,2025-06-14 17:03,L-249,Lars Iqbal
POD41762,SH102159,2026-04-27 11:45,L-211,Katya Lindgren
POD41763,SH102160,2026-04-15 14:37,L-258,Katya Okafor
POD41764,SH102161,2026-01-22 21:25,L-229,Tomas Riva
POD41765,SH102162,2025-12-16 14:40,L-210,Elena Hansen
POD41766,SH102163,2025-12-07 15:22,L-203,Quinn Eriksen
POD41767,SH102164,2025-01-10 10:46,L-236,Greta Tanaka
POD41768,SH102165,2025-03-31 21:09,L-228,Elena Adler
POD41769,SH102166,2025-04-13 21:24,L-249,Carmen Hansen
POD41770,SH102167,2025-09-17 07:58,L-249,Quinn Kovacs
POD41771,SH102169,2025-11-10 18:17,L-208,Carmen Petrov
POD41772,SH102170,2025-04-24 20:04,L-254,Omar Costa
POD41773,SH102172,2025-02-19 07:18,L-252,Stefan Riva
POD41774,SH102173,2025-02-27 13:31,L-239,Jonas Dvorak
POD41775,SH102174,2025-09-13 16:15,L-254,Femi Jensen
POD41776,SH102175,2025-08-27 16:47,L-203,Omar Gallo
POD41777,SH102176,2025-05-03 16:38,L-208,Mei Riva
POD41778,SH102177,2026-02-10 16:23,L-232,Hamid Petrov
POD41779,SH102178,2025-03-07 10:29,L-242,Boris Brennan
POD41780,SH102179,2025-06-25 18:17,L-220,Mei Gallo
POD41781,SH102180,2026-01-03 19:22,L-255,Hamid Novak
POD41782,SH102181,2026-04-07 16:03,L-228,Greta Petrov
POD41783,SH102182,2025-05-31 06:17,L-259,Omar Sorensen
POD41784,SH102183,2025-07-19 15:17,L-241,Quinn Lindgren
POD41785,SH102184,2025-09-03 11:29,L-227,Stefan Sorensen
POD41786,SH102185,2025-02-01 08:00,L-252,Mei Novak
POD41787,SH102186,2025-01-18 21:46,L-258,Aisha Sorensen
POD41788,SH102187,2025-02-24 20:33,L-231,Femi Gallo
POD41789,SH102188,2026-01-08 18:19,L-226,Dev Fuentes
POD41790,SH102189,2025-09-27 08:09,L-247,Priya Kovacs
POD41791,SH102191,2025-11-18 12:41,L-236,Boris Hansen
POD41792,SH102192,2025-11-04 20:06,L-220,Ines Adler
POD41793,SH102193,2026-04-13 20:07,L-260,Mei Sorensen
POD41794,SH102194,2025-06-21 18:22,L-259,Jonas Iqbal
POD41795,SH102195,2025-02-01 08:04,L-243,Nadia Brennan
POD41796,SH102196,2025-09-06 18:33,L-248,Jonas Eriksen
POD41797,SH102197,2025-02-14 09:59,L-259,Dev Hansen
POD41798,SH102198,2025-09-08 16:16,L-241,Ines Kovacs
POD41799,SH102200,2025-12-08 12:25,L-216,Carmen Fuentes
POD41800,SH102202,2025-04-02 08:46,L-232,Femi Marek
POD41801,SH102204,2025-06-05 21:50,L-202,Boris Petrov
POD41802,SH102205,2026-03-17 06:41,L-240,Rosa Costa
POD41803,SH102206,2025-05-20 13:42,L-204,Quinn Novak
POD41804,SH102208,2025-04-22 17:16,L-236,Dev Lindgren
POD41805,SH102209,2026-03-19 08:08,L-232,Priya Tanaka
POD41806,SH102210,2026-03-19 07:12,L-244,Carmen Sorensen
POD41807,SH102212,2025-12-28 19:58,L-205,Quinn Costa
POD41808,SH102213,2025-03-24 10:53,L-210,Stefan Okafor
POD41809,SH102214,2025-01-05 08:13,L-236,Elena Sorensen
POD41810,SH102215,2025-03-10 10:41,L-215,Carmen Novak
POD41811,SH102216,2025-10-01 10:33,L-222,Priya Okafor
POD41812,SH102217,2025-06-30 12:09,L-249,Lars Eriksen
POD41813,SH102219,2025-12-15 21:03,L-212,Jonas Costa
POD41814,SH102221,2025-03-20 13:15,L-225,Dev Brennan
POD41815,SH102222,2025-10-10 17:00,L-207,Omar Eriksen
POD41816,SH102223,2026-01-12 10:35,L-260,Rosa Marek
POD41817,SH102224,2026-04-09 07:13,L-214,Carmen Tanaka
POD41818,SH102225,2026-02-14 16:15,L-244,Quinn Jensen
POD41819,SH102226,2025-12-24 18:51,L-256,Aisha Petrov
POD41820,SH102229,2026-03-22 16:41,L-214,Rosa Riva
POD41821,SH102230,2025-12-30 07:45,L-230,Femi Fuentes
POD41822,SH102231,2025-07-27 18:52,L-236,Katya Kovacs
POD41823,SH102232,2025-12-12 08:22,L-257,Priya Tanaka
POD41824,SH102233,2026-03-18 12:55,L-235,Katya Marek
POD41825,SH102234,2025-01-21 14:47,L-258,Ines Iqbal
POD41826,SH102235,2026-02-17 18:45,L-237,Greta Petrov
POD41827,SH102236,2025-11-29 08:32,L-256,Aisha Sorensen
POD41828,SH102237,2026-05-06 13:57,L-203,Greta Petrov
POD41829,SH102238,2025-10-09 06:00,L-243,Katya Brennan
POD41830,SH102239,2025-08-30 21:51,L-213,Dev Sorensen
POD41831,SH102241,2025-03-04 15:43,L-246,Mei Costa
POD41832,SH102242,2025-03-31 06:46,L-234,Nadia Fuentes
POD41833,SH102244,2025-09-25 11:35,L-231,Stefan Adler
POD41834,SH102245,2025-08-25 10:06,L-203,Rosa Kovacs
POD41835,SH102246,2025-05-18 18:01,L-206,Femi Quist
POD41836,SH102247,2026-05-18 13:11,L-240,Rosa Dvorak
POD41837,SH102248,2025-03-12 06:14,L-217,Nadia Eriksen
POD41838,SH102250,2025-08-17 06:03,L-239,Stefan Brennan
POD41839,SH102251,2025-04-13 13:44,L-232,Tomas Adler
POD41840,SH102252,2025-10-09 08:36,L-211,Femi Novak
POD41841,SH102254,2025-02-18 18:01,L-215,Greta Brennan
POD41842,SH102255,2026-03-24 13:36,L-225,Aisha Eriksen
POD41843,SH102256,2026-04-11 13:27,L-231,Katya Fuentes
POD41844,SH102257,2025-08-31 06:14,L-234,Mei Okafor
POD41845,SH102258,2025-05-03 19:59,L-217,Ines Costa
POD41846,SH102259,2026-02-21 11:49,L-240,Boris Kovacs
POD41847,SH102260,2025-02-14 16:31,L-240,Nadia Jensen
POD41848,SH102261,2025-06-29 10:32,L-207,Stefan Quist
POD41849,SH102262,2026-02-11 19:26,L-236,Carmen Sorensen
POD41850,SH102263,2025-02-15 12:44,L-238,Tomas Okafor
POD41851,SH102264,2026-05-20 13:58,L-238,Omar Novak
POD41852,SH102265,2026-01-12 16:06,L-217,Rosa Dvorak
POD41853,SH102266,2026-04-15 12:10,L-217,Hamid Iqbal
POD41854,SH102268,2025-08-11 17:36,L-225,Priya Sorensen
POD41855,SH102270,2026-01-08 10:35,L-244,Dev Riva
POD41856,SH102271,2025-01-07 21:26,L-227,Nadia Jensen
POD41857,SH102272,2026-04-25 19:04,L-228,Boris Novak
POD41858,SH102274,2025-11-09 14:03,L-253,Jonas Dvorak
POD41859,SH102275,2025-01-20 08:12,L-206,Rosa Novak
POD41860,SH102276,2025-07-30 11:20,L-235,Stefan Kovacs
POD41861,SH102277,2025-12-02 11:08,L-259,Quinn Jensen
POD41862,SH102278,2025-01-24 08:08,L-229,Ines Gallo
POD41863,SH102280,2025-06-10 07:54,L-210,Jonas Costa
POD41864,SH102282,2026-01-15 21:08,L-222,Dev Hansen
POD41865,SH102283,2025-11-10 20:35,L-237,Aisha Marek
POD41866,SH102284,2025-12-25 16:11,L-211,Hamid Kovacs
POD41867,SH102285,2026-05-12 19:20,L-203,Femi Petrov
POD41868,SH102286,2025-11-05 11:49,L-206,Ines Gallo
POD41869,SH102287,2026-05-14 15:47,L-241,Nadia Petrov
POD41870,SH102288,2025-09-06 13:20,L-249,Nadia Adler
POD41871,SH102289,2026-03-28 16:21,L-220,Femi Quist
POD41872,SH102291,2026-05-12 18:31,L-228,Lars Kovacs
POD41873,SH102292,2025-05-18 13:36,L-236,Lars Costa
POD41874,SH102293,2025-07-07 16:24,L-258,Omar Kovacs
POD41875,SH102296,2026-03-23 07:54,L-251,Femi Gallo
POD41876,SH102297,2026-01-30 20:53,L-217,Boris Petrov
POD41877,SH102298,2025-08-20 15:19,L-201,Elena Sorensen
POD41878,SH102299,2025-11-13 20:07,L-234,Rosa Hansen
POD41879,SH102301,2025-08-26 16:48,L-225,Nadia Eriksen
POD41880,SH102302,2026-02-27 12:07,L-227,Dev Kovacs
POD41881,SH102303,2025-03-17 15:48,L-221,Dev Jensen
POD41882,SH102305,2026-04-10 13:34,L-221,Katya Lindgren
POD41883,SH102306,2026-02-07 15:17,L-225,Katya Marek
POD41884,SH102308,2025-09-01 09:28,L-203,Dev Adler
POD41885,SH102310,2025-11-27 07:05,L-201,Hamid Okafor
POD41886,SH102311,2025-02-24 20:02,L-251,Lars Costa
POD41887,SH102313,2025-11-10 15:53,L-218,Jonas Gallo
POD41888,SH102314,2025-04-01 19:24,L-230,Ines Fuentes
POD41889,SH102315,2026-04-22 18:00,L-215,Carmen Hansen
POD41890,SH102316,2025-10-19 08:06,L-239,Quinn Iqbal
POD41891,SH102317,2025-07-14 17:37,L-245,Rosa Okafor
POD41892,SH102318,2026-02-19 17:56,L-239,Mei Sorensen
POD41893,SH102319,2026-01-16 07:14,L-237,Hamid Dvorak
POD41894,SH102320,2025-07-01 11:36,L-256,Nadia Riva
POD41895,SH102321,2025-04-10 21:20,L-221,Nadia Lindgren
POD41896,SH102323,2025-05-07 13:51,L-221,Jonas Riva
POD41897,SH102324,2025-04-26 15:41,L-205,Lars Eriksen
POD41898,SH102326,2026-04-19 10:26,L-215,Hamid Gallo
POD41899,SH102327,2025-10-18 17:22,L-243,Quinn Costa
POD41900,SH102329,2025-10-13 18:53,L-214,Femi Dvorak
POD41901,SH102330,2026-03-13 08:40,L-256,Jonas Costa
POD41902,SH102331,2025-08-30 15:24,L-251,Omar Adler
POD41903,SH102332,2026-03-17 14:00,L-258,Rosa Adler
POD41904,SH102333,2026-01-28 14:14,L-213,Rosa Marek
POD41905,SH102334,2025-09-04 20:07,L-224,Lars Gallo
POD41906,SH102335,2025-09-30 10:01,L-225,Boris Jensen
POD41907,SH102336,2025-10-23 11:51,L-236,Boris Costa
POD41908,SH102337,2026-01-29 07:16,L-225,Tomas Okafor
POD41909,SH102338,2026-03-29 13:31,L-204,Femi Novak
POD41910,SH102339,2026-03-14 17:07,L-244,Nadia Gallo
POD41911,SH102341,2025-10-08 06:53,L-254,Stefan Novak
POD41912,SH102342,2025-02-03 07:28,L-256,Elena Fuentes
POD41913,SH102343,2025-09-15 19:54,L-230,Ines Iqbal
POD41914,SH102344,2025-12-17 16:06,L-220,Elena Brennan
POD41915,SH102345,2025-11-05 15:46,L-230,Tomas Gallo
POD41916,SH102347,2026-02-03 15:43,L-258,Boris Jensen
POD41917,SH102348,2026-01-11 08:13,L-203,Greta Riva
POD41918,SH102349,2026-02-21 10:45,L-254,Mei Tanaka
POD41919,SH102350,2025-12-26 18:10,L-231,Tomas Kovacs
POD41920,SH102351,2026-05-12 08:10,L-242,Omar Gallo
POD41921,SH102353,2025-04-26 18:32,L-259,Rosa Gallo
POD41922,SH102356,2025-12-07 06:26,L-205,Boris Costa
POD41923,SH102358,2025-11-23 14:59,L-212,Stefan Costa
POD41924,SH102361,2026-01-07 14:29,L-221,Quinn Kovacs
POD41925,SH102362,2026-03-18 11:17,L-257,Hamid Fuentes
POD41926,SH102363,2025-04-03 17:39,L-252,Katya Kovacs
POD41927,SH102364,2026-02-17 21:30,L-221,Carmen Gallo
POD41928,SH102365,2025-05-20 11:35,L-229,Greta Riva
POD41929,SH102366,2025-10-03 20:13,L-245,Priya Quist
POD41930,SH102367,2026-05-24 08:08,L-248,Aisha Iqbal
POD41931,SH102368,2025-11-07 15:53,L-236,Jonas Quist
POD41932,SH102370,2025-01-14 21:49,L-215,Carmen Lindgren
POD41933,SH102371,2025-04-02 06:07,L-240,Lars Brennan
POD41934,SH102372,2025-06-18 09:45,L-211,Quinn Tanaka
POD41935,SH102374,2026-03-11 12:03,L-260,Hamid Riva
POD41936,SH102375,2025-08-06 14:11,L-215,Dev Sorensen
POD41937,SH102376,2026-01-11 09:36,L-251,Rosa Adler
POD41938,SH102377,2025-07-28 14:36,L-232,Quinn Jensen
POD41939,SH102378,2025-03-30 19:50,L-218,Ines Riva
POD41940,SH102379,2025-05-06 12:39,L-255,Omar Costa
POD41941,SH102380,2025-03-18 17:12,L-201,Boris Tanaka
POD41942,SH102381,2025-07-06 18:36,L-202,Jonas Eriksen
POD41943,SH102382,2026-01-31 06:01,L-238,Rosa Novak
POD41944,SH102384,2025-09-03 13:56,L-207,Carmen Dvorak
POD41945,SH102385,2025-04-17 07:50,L-216,Stefan Kovacs
POD41946,SH102386,2026-02-24 12:44,L-216,Jonas Riva
POD41947,SH102390,2025-02-11 06:13,L-206,Hamid Brennan
POD41948,SH102392,2025-12-30 11:26,L-247,Jonas Brennan
POD41949,SH102394,2026-01-18 14:20,L-218,Lars Hansen
POD41950,SH102395,2025-10-30 12:38,L-225,Dev Jensen
POD41951,SH102396,2026-04-26 06:10,L-207,Jonas Jensen
POD41952,SH102397,2025-03-10 16:54,L-251,Mei Sorensen
POD41953,SH102398,2026-04-20 06:53,L-247,Elena Okafor
POD41954,SH102399,2026-03-15 21:28,L-242,Elena Hansen
POD41955,SH102400,2025-12-20 15:40,L-216,Stefan Kovacs
POD41956,SH102401,2025-09-03 12:33,L-237,Katya Quist
POD41957,SH102402,2026-03-04 20:56,L-237,Femi Iqbal
POD41958,SH102403,2025-01-06 16:26,L-226,Katya Eriksen
POD41959,SH102404,2026-05-10 13:46,L-259,Mei Gallo
POD41960,SH102405,2026-05-16 19:03,L-221,Tomas Marek
POD41961,SH102406,2025-07-19 12:44,L-226,Ines Kovacs
POD41962,SH102407,2026-03-17 10:41,L-221,Omar Riva
POD41963,SH102408,2025-11-05 18:32,L-260,Femi Tanaka
POD41964,SH102409,2025-10-24 15:30,L-205,Boris Riva
POD41965,SH102410,2026-05-19 20:29,L-238,Stefan Gallo
POD41966,SH102411,2025-03-25 20:22,L-231,Omar Sorensen
POD41967,SH102412,2025-09-05 08:31,L-241,Hamid Hansen
POD41968,SH102413,2025-05-31 11:48,L-221,Tomas Sorensen
POD41969,SH102414,2025-03-16 21:28,L-232,Quinn Novak
POD41970,SH102415,2026-02-02 21:09,L-210,Dev Kovacs
POD41971,SH102416,2025-07-19 20:25,L-217,Dev Costa
POD41972,SH102417,2025-07-07 21:41,L-225,Lars Dvorak
POD41973,SH102418,2025-01-13 17:43,L-203,Greta Tanaka
POD41974,SH102419,2025-12-22 14:39,L-233,Ines Fuentes
POD41975,SH102420,2025-02-16 09:32,L-238,Omar Sorensen
POD41976,SH102421,2026-01-16 18:26,L-221,Aisha Novak
POD41977,SH102422,2025-01-09 16:51,L-228,Omar Fuentes
POD41978,SH102423,2025-10-20 07:10,L-253,Omar Adler
POD41979,SH102424,2025-09-26 07:09,L-203,Lars Hansen
POD41980,SH102425,2025-10-22 20:57,L-252,Rosa Petrov
POD41981,SH102426,2025-11-24 17:12,L-258,Elena Novak
POD41982,SH102427,2025-07-09 17:40,L-217,Jonas Riva
POD41983,SH102428,2025-09-21 08:55,L-222,Aisha Gallo
POD41984,SH102429,2025-06-05 15:57,L-252,Greta Jensen
POD41985,SH102431,2025-06-11 13:20,L-242,Femi Jensen
POD41986,SH102432,2025-09-30 14:32,L-259,Omar Kovacs
POD41987,SH102433,2025-10-21 17:58,L-240,Priya Riva
POD41988,SH102435,2026-02-02 08:48,L-207,Femi Brennan
POD41989,SH102436,2025-04-13 15:21,L-255,Stefan Sorensen
POD41990,SH102438,2025-04-19 10:02,L-246,Katya Riva
POD41991,SH102439,2026-05-15 17:53,L-242,Jonas Kovacs
POD41992,SH102440,2025-12-02 21:03,L-251,Mei Eriksen
POD41993,SH102441,2026-02-08 20:54,L-213,Nadia Sorensen
POD41994,SH102443,2026-01-07 21:01,L-226,Nadia Lindgren
POD41995,SH102444,2025-10-01 11:23,L-210,Boris Hansen
POD41996,SH102445,2026-01-28 17:21,L-242,Ines Quist
POD41997,SH102446,2025-09-01 13:46,L-213,Quinn Riva
POD41998,SH102447,2025-12-10 10:44,L-244,Rosa Quist
POD41999,SH102448,2025-11-22 06:59,L-246,Carmen Quist
POD42000,SH102449,2026-05-10 06:10,L-229,Mei Brennan
POD42001,SH102450,2026-02-04 17:54,L-260,Mei Gallo
POD42002,SH102451,2026-01-03 08:41,L-206,Stefan Brennan
POD42003,SH102452,2026-04-07 21:48,L-212,Nadia Okafor
POD42004,SH102453,2026-01-18 11:34,L-231,Rosa Kovacs
POD42005,SH102454,2025-07-19 19:46,L-248,Greta Riva
POD42006,SH102455,2025-05-02 09:13,L-230,Quinn Iqbal
POD42007,SH102456,2025-11-26 21:16,L-245,Omar Sorensen
POD42008,SH102457,2025-03-19 14:12,L-228,Dev Costa
POD42009,SH102458,2025-07-18 13:58,L-216,Femi Brennan
POD42010,SH102459,2025-04-17 21:31,L-244,Femi Hansen
POD42011,SH102461,2025-12-03 11:17,L-253,Stefan Eriksen
POD42012,SH102462,2026-05-18 10:03,L-203,Hamid Gallo
POD42013,SH102463,2025-08-07 19:13,L-219,Ines Tanaka
POD42014,SH102465,2025-11-25 21:46,L-256,Quinn Costa
POD42015,SH102466,2025-10-05 06:58,L-240,Aisha Okafor
POD42016,SH102467,2025-09-30 11:19,L-205,Elena Dvorak
POD42017,SH102468,2025-03-10 15:30,L-237,Aisha Sorensen
POD42018,SH102469,2025-06-18 11:04,L-232,Femi Lindgren
POD42019,SH102470,2026-05-13 11:49,L-216,Priya Kovacs
POD42020,SH102471,2025-10-31 19:12,L-252,Boris Novak
POD42021,SH102472,2025-04-15 11:40,L-236,Priya Petrov
POD42022,SH102473,2026-03-26 15:23,L-217,Greta Sorensen
POD42023,SH102476,2025-10-03 08:24,L-215,Mei Sorensen
POD42024,SH102479,2025-05-25 08:52,L-242,Omar Tanaka
POD42025,SH102480,2025-10-28 19:48,L-259,Elena Jensen
POD42026,SH102482,2025-02-18 21:29,L-250,Femi Adler
POD42027,SH102483,2025-01-19 14:48,L-237,Tomas Quist
POD42028,SH102485,2026-03-31 20:46,L-205,Carmen Tanaka
POD42029,SH102486,2026-04-22 14:36,L-225,Priya Hansen
POD42030,SH102487,2026-02-15 20:24,L-206,Aisha Riva
POD42031,SH102488,2025-10-15 16:36,L-258,Femi Tanaka
POD42032,SH102489,2025-01-15 20:49,L-241,Elena Okafor
POD42033,SH102490,2026-04-10 13:57,L-203,Omar Sorensen
POD42034,SH102492,2025-04-20 12:31,L-202,Stefan Hansen
POD42035,SH102493,2025-05-29 11:56,L-257,Rosa Okafor
POD42036,SH102494,2025-02-04 15:34,L-260,Dev Okafor
POD42037,SH102495,2025-08-28 14:37,L-201,Boris Fuentes
POD42038,SH102496,2025-03-28 07:39,L-225,Priya Lindgren
POD42039,SH102497,2026-02-01 14:42,L-258,Boris Novak
POD42040,SH102498,2025-10-27 19:54,L-245,Aisha Dvorak
POD42041,SH102501,2025-07-29 09:15,L-244,Jonas Riva
POD42042,SH102503,2025-02-02 07:17,L-203,Omar Quist
POD42043,SH102504,2025-06-15 21:57,L-221,Ines Marek
POD42044,SH102505,2025-02-25 10:10,L-207,Hamid Lindgren
POD42045,SH102506,2025-06-22 08:21,L-216,Priya Tanaka
POD42046,SH102507,2026-03-05 09:25,L-208,Ines Petrov
POD42047,SH102508,2026-05-05 14:23,L-218,Lars Okafor
POD42048,SH102509,2025-07-03 10:24,L-216,Carmen Tanaka
POD42049,SH102511,2025-09-25 12:20,L-236,Hamid Jensen
POD42050,SH102512,2025-02-13 08:17,L-252,Hamid Iqbal
POD42051,SH102513,2025-10-13 10:33,L-254,Femi Iqbal
POD42052,SH102514,2025-04-11 15:11,L-260,Katya Gallo
POD42053,SH102516,2026-01-22 12:15,L-250,Nadia Sorensen
POD42054,SH102517,2026-01-10 18:13,L-207,Quinn Brennan
POD42055,SH102520,2025-01-16 11:03,L-244,Rosa Tanaka
POD42056,SH102521,2025-09-28 19:48,L-256,Stefan Fuentes
POD42057,SH102522,2025-03-21 13:37,L-208,Jonas Adler
POD42058,SH102523,2026-04-28 18:21,L-240,Hamid Jensen
POD42059,SH102524,2026-02-21 19:16,L-216,Nadia Lindgren
POD42060,SH102525,2025-11-27 08:21,L-251,Carmen Dvorak
POD42061,SH102526,2025-08-01 10:10,L-225,Tomas Novak
POD42062,SH102527,2026-03-01 21:18,L-204,Elena Quist
POD42063,SH102529,2025-08-16 10:07,L-252,Rosa Iqbal
POD42064,SH102530,2025-07-08 17:21,L-258,Mei Iqbal
POD42065,SH102531,2025-12-27 17:18,L-235,Tomas Petrov
POD42066,SH102532,2025-09-14 11:59,L-240,Hamid Gallo
POD42067,SH102533,2025-03-11 06:49,L-208,Femi Marek
POD42068,SH102534,2025-06-29 20:01,L-207,Boris Okafor
POD42069,SH102535,2025-03-07 17:47,L-226,Femi Eriksen
POD42070,SH102536,2026-05-12 20:34,L-260,Stefan Costa
POD42071,SH102537,2025-10-25 18:46,L-202,Priya Riva
POD42072,SH102538,2025-05-02 12:29,L-201,Katya Quist
POD42073,SH102539,2025-10-30 11:45,L-256,Quinn Fuentes
POD42074,SH102540,2025-10-03 14:20,L-207,Femi Fuentes
POD42075,SH102541,2025-01-30 17:13,L-221,Boris Lindgren
POD42076,SH102544,2025-10-18 21:41,L-217,Rosa Brennan
POD42077,SH102545,2025-12-16 21:25,L-245,Rosa Fuentes
POD42078,SH102546,2025-05-27 10:48,L-206,Nadia Tanaka
POD42079,SH102548,2025-04-16 10:03,L-222,Katya Gallo
POD42080,SH102549,2025-09-19 06:31,L-227,Femi Jensen
POD42081,SH102550,2026-01-20 10:03,L-235,Quinn Marek
POD42082,SH102553,2025-03-04 18:30,L-207,Lars Iqbal
POD42083,SH102554,2025-10-05 21:20,L-203,Ines Dvorak
POD42084,SH102555,2025-02-08 10:26,L-203,Carmen Kovacs
POD42085,SH102557,2026-05-05 20:12,L-235,Hamid Costa
POD42086,SH102558,2025-04-03 13:22,L-236,Dev Petrov
POD42087,SH102560,2025-12-23 13:06,L-227,Nadia Novak
POD42088,SH102561,2026-04-20 21:02,L-202,Omar Novak
POD42089,SH102562,2026-04-26 06:28,L-230,Omar Lindgren
POD42090,SH102563,2025-08-05 10:04,L-243,Carmen Fuentes
POD42091,SH102564,2026-03-06 12:10,L-259,Greta Hansen
POD42092,SH102565,2026-02-25 21:14,L-211,Quinn Gallo
POD42093,SH102566,2025-11-05 06:36,L-239,Femi Dvorak
POD42094,SH102568,2025-11-26 14:14,L-241,Elena Riva
POD42095,SH102570,2025-02-24 19:44,L-233,Ines Tanaka
POD42096,SH102571,2025-03-01 13:31,L-219,Tomas Sorensen
POD42097,SH102572,2025-06-03 10:22,L-256,Greta Quist
POD42098,SH102573,2026-02-07 11:17,L-212,Rosa Kovacs
POD42099,SH102574,2025-03-18 11:47,L-204,Aisha Tanaka
POD42100,SH102577,2025-08-04 06:49,L-252,Lars Riva
POD42101,SH102578,2025-04-16 07:23,L-246,Lars Tanaka
POD42102,SH102579,2026-05-11 10:42,L-216,Jonas Brennan
POD42103,SH102580,2025-05-18 08:32,L-254,Quinn Tanaka
POD42104,SH102581,2025-10-16 11:59,L-239,Ines Iqbal
POD42105,SH102582,2026-02-19 10:29,L-216,Elena Brennan
POD42106,SH102584,2025-08-26 21:54,L-245,Jonas Quist
POD42107,SH102585,2026-03-31 09:56,L-248,Greta Riva
POD42108,SH102586,2025-10-22 14:09,L-212,Jonas Novak
POD42109,SH102587,2025-07-31 17:32,L-213,Tomas Hansen
POD42110,SH102588,2025-01-30 15:34,L-229,Ines Lindgren
POD42111,SH102589,2025-09-28 17:59,L-241,Femi Hansen
POD42112,SH102590,2026-03-13 21:04,L-247,Ines Tanaka
POD42113,SH102591,2025-04-19 17:48,L-245,Rosa Adler
POD42114,SH102592,2026-05-17 21:34,L-258,Priya Quist
POD42115,SH102593,2025-05-16 18:09,L-255,Stefan Adler
POD42116,SH102594,2025-02-24 10:06,L-242,Ines Adler
POD42117,SH102595,2025-07-31 11:42,L-211,Tomas Kovacs
POD42118,SH102596,2025-08-29 13:45,L-258,Jonas Novak
POD42119,SH102598,2025-10-12 20:08,L-208,Mei Hansen
POD42120,SH102599,2025-08-27 09:56,L-235,Nadia Tanaka
POD42121,SH102600,2025-05-22 13:33,L-224,Greta Gallo
POD42122,SH102601,2025-06-24 21:00,L-201,Greta Petrov
POD42123,SH102602,2025-04-28 15:53,L-210,Nadia Brennan
POD42124,SH102604,2025-10-07 13:04,L-244,Ines Marek
POD42125,SH102605,2026-05-14 21:10,L-231,Omar Lindgren
POD42126,SH102606,2025-02-14 16:33,L-237,Elena Novak
POD42127,SH102607,2026-02-25 14:35,L-254,Priya Riva
POD42128,SH102608,2025-10-11 19:34,L-219,Greta Fuentes
POD42129,SH102609,2025-06-06 15:16,L-240,Elena Costa
POD42130,SH102610,2025-03-12 07:32,L-236,Dev Kovacs
POD42131,SH102611,2025-06-25 09:38,L-218,Greta Brennan
POD42132,SH102612,2026-05-19 17:37,L-217,Greta Marek
POD42133,SH102613,2025-12-29 19:12,L-227,Mei Fuentes
POD42134,SH102614,2025-08-18 14:18,L-244,Ines Eriksen
POD42135,SH102616,2025-11-16 14:10,L-205,Carmen Quist
POD42136,SH102618,2026-02-26 18:43,L-203,Aisha Petrov
POD42137,SH102619,2025-03-11 13:01,L-255,Lars Quist
POD42138,SH102621,2025-08-18 14:59,L-245,Tomas Brennan
POD42139,SH102622,2026-04-30 17:24,L-252,Jonas Dvorak
POD42140,SH102623,2025-09-22 15:44,L-233,Ines Costa
POD42141,SH102625,2025-06-05 16:52,L-208,Elena Iqbal
POD42142,SH102626,2026-01-27 07:58,L-248,Katya Marek
POD42143,SH102628,2025-06-30 19:48,L-214,Carmen Costa
POD42144,SH102630,2026-05-11 18:06,L-251,Katya Lindgren
POD42145,SH102633,2025-06-04 17:06,L-252,Boris Iqbal
POD42146,SH102634,2025-04-13 20:29,L-257,Omar Riva
POD42147,SH102636,2025-08-15 13:14,L-215,Rosa Adler
POD42148,SH102637,2025-02-19 06:02,L-234,Mei Brennan
POD42149,SH102638,2025-07-19 16:32,L-238,Nadia Novak
POD42150,SH102639,2026-02-03 19:23,L-204,Femi Lindgren
POD42151,SH102640,2025-10-04 10:48,L-252,Katya Kovacs
POD42152,SH102641,2025-03-07 20:21,L-233,Jonas Costa
POD42153,SH102642,2025-01-19 09:04,L-230,Jonas Brennan
POD42154,SH102643,2025-08-19 19:36,L-248,Tomas Brennan
POD42155,SH102644,2026-01-04 07:33,L-239,Katya Sorensen
POD42156,SH102645,2025-09-12 13:11,L-207,Katya Kovacs
POD42157,SH102646,2025-10-22 18:53,L-213,Quinn Sorensen
POD42158,SH102649,2026-03-17 11:01,L-250,Quinn Quist
POD42159,SH102650,2025-01-22 08:11,L-242,Lars Dvorak
POD42160,SH102651,2025-03-27 09:37,L-230,Dev Novak
POD42161,SH102652,2025-11-25 15:57,L-252,Mei Costa
POD42162,SH102653,2025-05-15 13:42,L-226,Quinn Marek
POD42163,SH102655,2025-05-19 11:30,L-246,Jonas Iqbal
POD42164,SH102656,2025-04-15 13:38,L-257,Lars Costa
POD42165,SH102657,2025-10-04 19:08,L-249,Omar Costa
POD42166,SH102658,2025-02-14 15:04,L-247,Ines Hansen
POD42167,SH102659,2025-03-10 20:03,L-259,Hamid Quist
POD42168,SH102660,2025-08-27 11:59,L-258,Nadia Iqbal
POD42169,SH102661,2025-05-03 08:45,L-213,Carmen Sorensen
POD42170,SH102662,2025-10-18 08:33,L-227,Aisha Novak
POD42171,SH102663,2026-03-30 20:34,L-211,Rosa Jensen
POD42172,SH102664,2025-07-08 19:00,L-210,Priya Gallo
POD42173,SH102665,2025-02-26 08:07,L-255,Tomas Riva
POD42174,SH102666,2026-03-10 20:13,L-259,Stefan Jensen
POD42175,SH102667,2026-03-16 12:45,L-246,Quinn Marek
POD42176,SH102669,2025-12-30 15:57,L-203,Femi Jensen
POD42177,SH102670,2026-04-11 15:15,L-247,Ines Eriksen
POD42178,SH102671,2025-03-18 11:59,L-253,Mei Sorensen
POD42179,SH102672,2026-03-13 21:58,L-220,Nadia Lindgren
POD42180,SH102674,2026-03-28 21:17,L-241,Jonas Okafor
POD42181,SH102676,2025-09-23 06:07,L-229,Mei Petrov
POD42182,SH102677,2025-04-15 06:48,L-239,Rosa Adler
POD42183,SH102679,2025-08-31 07:50,L-226,Katya Gallo
POD42184,SH102680,2025-02-06 14:37,L-204,Katya Adler
POD42185,SH102681,2026-02-26 15:08,L-233,Dev Sorensen
POD42186,SH102682,2025-05-14 13:32,L-246,Quinn Hansen
POD42187,SH102684,2025-07-06 19:25,L-249,Tomas Quist
POD42188,SH102685,2025-12-01 15:23,L-242,Mei Okafor
POD42189,SH102686,2026-03-21 09:36,L-259,Rosa Costa
POD42190,SH102687,2025-08-25 20:19,L-254,Lars Riva
POD42191,SH102688,2025-03-24 15:19,L-205,Nadia Fuentes
POD42192,SH102689,2025-10-27 17:32,L-246,Elena Adler
POD42193,SH102691,2025-03-31 10:53,L-245,Tomas Eriksen
POD42194,SH102692,2026-03-31 17:43,L-254,Lars Dvorak
POD42195,SH102693,2025-12-22 15:36,L-252,Quinn Okafor
POD42196,SH102694,2025-07-26 09:45,L-234,Elena Okafor
POD42197,SH102701,2025-05-23 06:29,L-201,Priya Riva
POD42198,SH102702,2026-04-03 06:50,L-260,Boris Jensen
POD42199,SH102703,2025-07-09 18:58,L-260,Nadia Fuentes
POD42200,SH102704,2025-03-02 06:14,L-225,Omar Lindgren
POD42201,SH102705,2025-01-15 19:35,L-242,Rosa Gallo
POD42202,SH102706,2026-01-25 11:04,L-232,Priya Gallo
POD42203,SH102708,2025-02-08 13:07,L-222,Lars Quist
POD42204,SH102709,2025-10-15 21:57,L-246,Lars Petrov
POD42205,SH102710,2025-04-14 18:57,L-201,Hamid Dvorak
POD42206,SH102712,2025-07-14 15:39,L-211,Tomas Adler
POD42207,SH102713,2025-04-16 14:51,L-260,Boris Hansen
POD42208,SH102714,2025-08-06 06:56,L-239,Stefan Petrov
POD42209,SH102715,2025-12-31 20:32,L-216,Elena Adler
POD42210,SH102716,2025-03-23 10:37,L-238,Quinn Novak
POD42211,SH102719,2026-01-18 16:31,L-245,Jonas Kovacs
POD42212,SH102720,2025-03-16 20:22,L-215,Boris Okafor
POD42213,SH102723,2025-05-14 07:14,L-243,Quinn Sorensen
POD42214,SH102724,2025-09-08 11:49,L-204,Lars Gallo
POD42215,SH102725,2026-04-20 13:19,L-236,Rosa Tanaka
POD42216,SH102727,2026-02-20 18:08,L-204,Aisha Okafor
POD42217,SH102730,2025-12-31 19:51,L-247,Femi Novak
POD42218,SH102731,2025-08-04 09:21,L-249,Carmen Iqbal
POD42219,SH102732,2025-10-08 15:56,L-214,Boris Iqbal
POD42220,SH102733,2025-01-19 09:50,L-202,Rosa Marek
POD42221,SH102734,2025-04-23 15:17,L-205,Jonas Eriksen
POD42222,SH102735,2026-03-19 17:32,L-255,Femi Tanaka
POD42223,SH102736,2025-11-07 14:20,L-248,Mei Eriksen
POD42224,SH102737,2026-01-23 20:31,L-225,Jonas Adler
POD42225,SH102738,2025-04-09 09:35,L-245,Greta Marek
POD42226,SH102739,2026-04-26 20:21,L-211,Dev Riva
POD42227,SH102740,2025-08-20 11:51,L-222,Tomas Quist
POD42228,SH102741,2025-04-19 09:03,L-242,Katya Dvorak
POD42229,SH102742,2025-12-03 17:37,L-247,Stefan Quist
POD42230,SH102743,2025-10-21 06:49,L-220,Boris Dvorak
POD42231,SH102744,2025-11-19 11:45,L-208,Tomas Costa
POD42232,SH102745,2026-04-21 07:26,L-233,Lars Petrov
POD42233,SH102746,2026-04-18 14:47,L-240,Carmen Costa
POD42234,SH102747,2025-04-21 15:23,L-245,Ines Riva
POD42235,SH102748,2026-03-25 11:50,L-251,Elena Jensen
POD42236,SH102749,2025-09-25 06:18,L-236,Lars Quist
POD42237,SH102752,2025-09-07 10:51,L-228,Elena Jensen
POD42238,SH102753,2025-02-19 07:20,L-249,Lars Lindgren
POD42239,SH102754,2025-05-27 19:04,L-252,Priya Tanaka
POD42240,SH102755,2025-08-22 07:12,L-207,Carmen Adler
POD42241,SH102756,2025-02-04 08:33,L-239,Ines Eriksen
POD42242,SH102758,2025-10-16 18:48,L-232,Hamid Okafor
POD42243,SH102759,2025-08-07 20:07,L-212,Carmen Okafor
POD42244,SH102760,2025-01-20 14:02,L-258,Tomas Hansen
POD42245,SH102761,2025-01-31 21:57,L-220,Rosa Gallo
POD42246,SH102762,2025-09-22 18:59,L-253,Lars Okafor
POD42247,SH102763,2025-08-17 07:08,L-250,Tomas Hansen
POD42248,SH102765,2025-09-28 14:59,L-219,Tomas Iqbal
POD42249,SH102768,2026-04-13 13:51,L-219,Femi Dvorak
POD42250,SH102770,2026-04-17 08:49,L-249,Hamid Marek
POD42251,SH102772,2025-06-09 12:16,L-238,Priya Marek
POD42252,SH102773,2026-04-19 12:14,L-251,Dev Adler
POD42253,SH102774,2025-02-26 10:31,L-227,Stefan Marek
POD42254,SH102775,2025-04-26 07:52,L-212,Omar Fuentes
POD42255,SH102777,2025-12-07 10:30,L-240,Dev Quist
POD42256,SH102778,2025-04-20 11:22,L-216,Omar Iqbal
POD42257,SH102779,2025-06-24 09:22,L-230,Priya Lindgren
POD42258,SH102780,2025-10-13 18:08,L-227,Ines Tanaka
POD42259,SH102781,2025-06-20 18:30,L-243,Stefan Dvorak
POD42260,SH102782,2025-07-06 19:30,L-206,Elena Gallo
POD42261,SH102783,2025-07-27 17:40,L-254,Stefan Riva
POD42262,SH102784,2025-09-26 06:16,L-220,Stefan Eriksen
POD42263,SH102785,2025-03-21 18:32,L-224,Rosa Fuentes
POD42264,SH102788,2025-09-02 19:07,L-228,Katya Novak
POD42265,SH102789,2026-03-11 10:38,L-257,Aisha Okafor
POD42266,SH102791,2025-04-08 19:26,L-238,Aisha Quist
POD42267,SH102792,2025-03-13 06:51,L-258,Carmen Fuentes
POD42268,SH102793,2025-12-18 18:54,L-201,Lars Fuentes
POD42269,SH102794,2025-02-18 16:35,L-231,Carmen Costa
POD42270,SH102795,2025-07-30 17:26,L-208,Priya Quist
POD42271,SH102796,2025-07-25 18:33,L-228,Rosa Dvorak
POD42272,SH102798,2026-03-15 12:24,L-204,Omar Marek
POD42273,SH102799,2026-03-04 09:17,L-230,Boris Fuentes
POD42274,SH102801,2025-05-16 19:02,L-204,Boris Dvorak
POD42275,SH102802,2025-02-14 20:47,L-218,Jonas Quist
POD42276,SH102804,2025-02-07 18:41,L-251,Katya Iqbal
POD42277,SH102805,2025-10-21 18:36,L-225,Elena Brennan
POD42278,SH102806,2025-10-11 11:08,L-201,Rosa Jensen
POD42279,SH102807,2026-04-18 16:20,L-219,Boris Marek
POD42280,SH102808,2026-03-30 07:38,L-203,Ines Lindgren
POD42281,SH102809,2025-04-24 19:36,L-204,Boris Hansen
POD42282,SH102810,2025-08-26 13:43,L-220,Mei Eriksen
POD42283,SH102811,2025-11-29 06:14,L-228,Aisha Dvorak
POD42284,SH102812,2026-04-16 16:27,L-231,Mei Adler
POD42285,SH102813,2025-06-29 09:25,L-243,Aisha Marek
POD42286,SH102814,2026-05-05 06:50,L-219,Femi Okafor
POD42287,SH102815,2025-09-18 08:13,L-245,Tomas Fuentes
POD42288,SH102816,2025-08-05 08:37,L-218,Jonas Kovacs
POD42289,SH102817,2026-03-31 15:58,L-213,Carmen Dvorak
POD42290,SH102818,2025-03-17 06:07,L-211,Carmen Sorensen
POD42291,SH102819,2025-05-19 21:52,L-251,Omar Hansen
POD42292,SH102820,2025-07-09 13:03,L-253,Lars Adler
POD42293,SH102822,2025-03-10 14:09,L-216,Rosa Novak
POD42294,SH102823,2025-08-08 19:54,L-224,Priya Novak
POD42295,SH102825,2026-03-16 21:46,L-243,Carmen Adler
POD42296,SH102826,2025-09-17 17:11,L-201,Carmen Jensen
POD42297,SH102827,2025-09-27 10:47,L-226,Dev Iqbal
POD42298,SH102828,2026-03-21 10:58,L-213,Omar Petrov
POD42299,SH102829,2025-06-12 17:00,L-233,Quinn Marek
POD42300,SH102830,2026-04-26 17:58,L-207,Ines Dvorak
POD42301,SH102831,2025-06-05 12:01,L-251,Aisha Fuentes
POD42302,SH102832,2025-05-01 10:31,L-241,Mei Adler
POD42303,SH102833,2025-04-13 07:07,L-202,Omar Tanaka
POD42304,SH102834,2025-04-25 09:22,L-235,Carmen Adler
POD42305,SH102836,2025-12-08 09:33,L-241,Elena Petrov
POD42306,SH102837,2025-11-27 16:57,L-241,Greta Tanaka
POD42307,SH102838,2025-12-07 09:06,L-213,Boris Okafor
POD42308,SH102839,2025-07-09 15:43,L-226,Omar Tanaka
POD42309,SH102840,2025-04-25 11:33,L-242,Femi Quist
POD42310,SH102841,2026-04-14 06:41,L-214,Femi Jensen
POD42311,SH102842,2025-06-05 11:46,L-201,Katya Iqbal
POD42312,SH102846,2025-09-06 06:43,L-259,Ines Fuentes
POD42313,SH102847,2026-04-18 21:06,L-244,Katya Marek
POD42314,SH102848,2025-11-15 08:32,L-219,Omar Riva
POD42315,SH102849,2026-03-22 21:20,L-224,Omar Adler
POD42316,SH102850,2025-01-12 08:46,L-233,Jonas Okafor
POD42317,SH102851,2025-07-13 09:49,L-230,Aisha Iqbal
POD42318,SH102852,2025-04-08 09:53,L-219,Hamid Quist
POD42319,SH102853,2025-11-08 14:40,L-203,Elena Adler
POD42320,SH102854,2025-09-12 20:00,L-248,Dev Marek
POD42321,SH102855,2025-05-12 08:13,L-213,Nadia Lindgren
POD42322,SH102856,2025-03-11 15:26,L-240,Priya Eriksen
POD42323,SH102857,2026-03-05 18:23,L-224,Ines Kovacs
POD42324,SH102858,2026-04-17 11:51,L-260,Greta Brennan
POD42325,SH102859,2025-09-19 13:10,L-216,Carmen Kovacs
POD42326,SH102860,2025-01-26 07:46,L-244,Femi Riva
POD42327,SH102861,2026-04-01 12:21,L-226,Quinn Hansen
POD42328,SH102862,2025-04-09 09:43,L-233,Dev Eriksen
POD42329,SH102863,2025-10-14 16:43,L-241,Mei Costa
POD42330,SH102865,2025-07-14 07:40,L-219,Stefan Petrov
POD42331,SH102867,2026-03-07 07:03,L-251,Boris Fuentes
POD42332,SH102868,2025-10-09 21:57,L-260,Femi Riva
POD42333,SH102870,2025-01-07 06:46,L-259,Carmen Tanaka
POD42334,SH102871,2025-11-26 08:43,L-245,Aisha Gallo
POD42335,SH102872,2025-10-09 07:56,L-248,Greta Costa
POD42336,SH102873,2025-11-05 13:04,L-207,Katya Sorensen
POD42337,SH102874,2025-07-22 20:47,L-241,Dev Quist
POD42338,SH102875,2025-01-24 11:08,L-257,Jonas Fuentes
POD42339,SH102877,2025-11-24 21:30,L-233,Boris Lindgren
POD42340,SH102878,2026-01-04 20:18,L-205,Mei Adler
POD42341,SH102879,2026-02-06 08:12,L-224,Greta Hansen
POD42342,SH102881,2026-04-10 15:45,L-218,Mei Petrov
POD42343,SH102882,2026-01-02 16:10,L-246,Ines Brennan
POD42344,SH102884,2026-03-03 21:09,L-207,Boris Gallo
POD42345,SH102885,2026-02-21 13:46,L-226,Ines Sorensen
POD42346,SH102886,2025-03-09 12:54,L-238,Tomas Marek
POD42347,SH102887,2025-01-24 14:52,L-201,Omar Tanaka
POD42348,SH102888,2026-05-15 18:39,L-256,Carmen Okafor
POD42349,SH102889,2025-11-05 18:03,L-234,Nadia Marek
POD42350,SH102891,2026-03-12 09:29,L-209,Hamid Sorensen
POD42351,SH102892,2025-08-25 20:47,L-257,Omar Kovacs
POD42352,SH102893,2025-10-10 12:22,L-220,Rosa Kovacs
POD42353,SH102896,2025-08-29 21:41,L-208,Elena Tanaka
POD42354,SH102897,2025-09-24 21:27,L-253,Greta Gallo
POD42355,SH102898,2025-08-24 12:50,L-229,Mei Jensen
POD42356,SH102899,2026-01-18 17:57,L-243,Femi Sorensen
POD42357,SH102900,2025-01-16 06:54,L-224,Boris Riva
POD42358,SH102901,2025-02-12 18:10,L-247,Carmen Iqbal
POD42359,SH102902,2025-03-12 12:08,L-251,Tomas Adler
POD42360,SH102904,2025-11-30 10:30,L-204,Rosa Brennan
POD42361,SH102905,2025-04-30 20:58,L-219,Quinn Riva
POD42362,SH102906,2026-02-01 13:12,L-228,Dev Gallo
POD42363,SH102907,2025-02-10 12:13,L-213,Lars Tanaka
POD42364,SH102908,2025-03-31 16:31,L-255,Omar Dvorak
POD42365,SH102909,2025-07-12 09:08,L-236,Mei Eriksen
POD42366,SH102910,2026-04-25 09:39,L-205,Jonas Gallo
POD42367,SH102911,2025-05-07 12:43,L-244,Elena Costa
POD42368,SH102912,2025-03-08 17:55,L-245,Priya Gallo
POD42369,SH102913,2025-01-03 17:38,L-248,Ines Sorensen
POD42370,SH102914,2025-05-26 20:34,L-222,Katya Tanaka
POD42371,SH102916,2026-02-09 17:43,L-226,Ines Fuentes
POD42372,SH102917,2026-01-26 17:19,L-210,Omar Costa
POD42373,SH102918,2025-11-03 17:23,L-249,Boris Dvorak
POD42374,SH102919,2026-04-26 07:32,L-254,Stefan Adler
POD42375,SH102921,2025-12-28 16:36,L-258,Aisha Iqbal
POD42376,SH102922,2025-09-03 10:22,L-229,Rosa Brennan
POD42377,SH102923,2025-04-12 14:13,L-240,Priya Jensen
POD42378,SH102924,2025-01-26 17:57,L-255,Dev Fuentes
POD42379,SH102925,2026-03-26 19:37,L-240,Greta Adler
POD42380,SH102926,2025-06-13 18:15,L-217,Omar Costa
POD42381,SH102927,2025-06-04 17:08,L-255,Jonas Jensen
POD42382,SH102929,2025-05-31 15:18,L-205,Stefan Adler
POD42383,SH102930,2026-03-07 16:40,L-245,Katya Dvorak
POD42384,SH102931,2025-02-23 06:29,L-217,Mei Dvorak
POD42385,SH102932,2026-01-06 08:19,L-244,Ines Riva
POD42386,SH102933,2025-07-30 14:33,L-248,Rosa Kovacs
POD42387,SH102934,2025-04-28 18:41,L-230,Tomas Marek
POD42388,SH102935,2026-05-13 18:19,L-258,Priya Marek
POD42389,SH102936,2026-03-12 16:31,L-246,Dev Riva
POD42390,SH102937,2026-01-22 14:29,L-226,Dev Sorensen
POD42391,SH102939,2026-02-17 16:15,L-247,Femi Okafor
POD42392,SH102942,2025-03-03 09:10,L-245,Rosa Sorensen
POD42393,SH102944,2026-04-18 07:44,L-254,Boris Quist
POD42394,SH102945,2025-03-23 11:35,L-209,Lars Tanaka
POD42395,SH102948,2025-07-25 12:58,L-233,Dev Novak
POD42396,SH102949,2025-02-23 20:44,L-225,Lars Quist
POD42397,SH102950,2026-04-29 16:15,L-241,Tomas Hansen
POD42398,SH102954,2025-04-16 14:52,L-229,Greta Costa
POD42399,SH102956,2025-09-19 13:44,L-210,Ines Brennan
POD42400,SH102957,2026-05-13 13:38,L-255,Mei Novak
POD42401,SH102958,2025-12-31 13:42,L-250,Jonas Costa
POD42402,SH102959,2026-05-05 07:42,L-245,Aisha Adler
POD42403,SH102960,2025-11-18 20:18,L-213,Femi Lindgren
POD42404,SH102961,2025-02-28 21:10,L-245,Lars Quist
POD42405,SH102962,2025-05-27 10:30,L-231,Boris Brennan
POD42406,SH102963,2025-10-21 09:49,L-247,Mei Okafor
POD42407,SH102964,2026-05-03 12:58,L-258,Omar Costa
POD42408,SH102965,2025-11-21 21:27,L-242,Hamid Riva
POD42409,SH102966,2025-05-14 19:12,L-225,Aisha Sorensen
POD42410,SH102967,2025-06-17 17:25,L-207,Mei Adler
POD42411,SH102968,2026-02-21 13:34,L-254,Carmen Kovacs
POD42412,SH102969,2026-02-20 08:27,L-203,Priya Brennan
POD42413,SH102970,2025-09-23 13:51,L-245,Jonas Okafor
POD42414,SH102971,2025-03-01 21:39,L-209,Priya Novak
POD42415,SH102973,2026-01-18 07:57,L-258,Lars Brennan
POD42416,SH102974,2025-12-13 06:05,L-260,Ines Fuentes
POD42417,SH102976,2025-05-17 20:50,L-255,Katya Costa
POD42418,SH102977,2025-12-20 11:02,L-237,Femi Hansen
POD42419,SH102978,2025-06-05 13:41,L-215,Stefan Costa
POD42420,SH102979,2026-02-17 08:54,L-229,Omar Fuentes
POD42421,SH102981,2026-01-12 10:35,L-204,Carmen Adler
POD42422,SH102982,2026-03-21 17:18,L-239,Priya Quist
POD42423,SH102984,2025-10-23 10:07,L-229,Ines Marek
POD42424,SH102986,2025-04-21 21:33,L-237,Carmen Fuentes
POD42425,SH102987,2026-04-13 20:27,L-210,Ines Quist
POD42426,SH102989,2025-08-03 08:32,L-201,Ines Costa
POD42427,SH102991,2026-04-26 11:36,L-258,Mei Riva
POD42428,SH102992,2025-10-16 17:57,L-252,Greta Riva
POD42429,SH102993,2025-05-17 12:49,L-212,Greta Hansen
POD42430,SH102994,2026-04-07 18:17,L-226,Jonas Petrov
POD42431,SH102995,2026-03-22 21:36,L-227,Boris Brennan
POD42432,SH102996,2025-09-29 19:27,L-216,Dev Brennan
POD42433,SH102998,2026-04-04 17:53,L-204,Nadia Kovacs
POD42434,SH102999,2026-05-11 16:12,L-235,Carmen Lindgren
POD42435,SH103000,2026-05-16 16:11,L-224,Hamid Adler
POD42436,SH103001,2025-08-04 21:59,L-213,Jonas Kovacs
POD42437,SH103002,2025-08-16 16:03,L-217,Nadia Costa
POD42438,SH103003,2026-02-16 07:15,L-231,Ines Quist
POD42439,SH103004,2026-05-15 09:38,L-221,Mei Dvorak
POD42440,SH103005,2025-10-15 19:54,L-222,Tomas Tanaka
POD42441,SH103006,2025-04-27 18:53,L-201,Quinn Jensen
POD42442,SH103007,2025-10-10 15:42,L-238,Tomas Quist
POD42443,SH103008,2025-03-08 09:02,L-211,Tomas Tanaka
POD42444,SH103009,2025-12-30 18:17,L-224,Quinn Hansen
POD42445,SH103010,2025-09-09 13:45,L-222,Lars Lindgren
POD42446,SH103012,2025-05-22 14:04,L-211,Carmen Jensen
POD42447,SH103013,2025-05-14 20:14,L-225,Carmen Eriksen
POD42448,SH103014,2025-05-04 17:57,L-201,Mei Tanaka
POD42449,SH103016,2025-10-13 19:31,L-248,Carmen Sorensen
POD42450,SH103017,2025-07-29 06:47,L-235,Quinn Lindgren
POD42451,SH103018,2026-02-15 19:13,L-236,Mei Costa
POD42452,SH103019,2025-05-23 09:31,L-224,Quinn Hansen
POD42453,SH103020,2026-04-22 12:04,L-218,Omar Brennan
POD42454,SH103021,2025-09-05 07:16,L-257,Ines Dvorak
POD42455,SH103022,2026-01-19 17:21,L-233,Nadia Dvorak
POD42456,SH103023,2025-03-23 20:53,L-208,Nadia Costa
POD42457,SH103025,2025-05-08 20:17,L-224,Omar Riva
POD42458,SH103026,2026-02-06 06:19,L-259,Lars Tanaka
POD42459,SH103027,2026-03-20 21:03,L-228,Hamid Lindgren
POD42460,SH103028,2026-03-01 08:21,L-201,Priya Riva
POD42461,SH103029,2025-03-20 20:51,L-244,Dev Quist
POD42462,SH103030,2025-05-12 21:06,L-232,Ines Fuentes
POD42463,SH103031,2025-12-30 08:59,L-219,Elena Gallo
POD42464,SH103032,2026-05-22 07:29,L-236,Greta Lindgren
POD42465,SH103033,2025-05-27 21:36,L-220,Carmen Gallo
POD42466,SH103035,2025-04-12 20:06,L-243,Nadia Adler
POD42467,SH103037,2025-12-23 19:36,L-212,Hamid Lindgren
POD42468,SH103038,2025-02-22 09:43,L-252,Hamid Okafor
POD42469,SH103040,2026-05-02 10:24,L-201,Femi Marek
POD42470,SH103041,2025-03-10 18:24,L-204,Quinn Brennan
POD42471,SH103042,2026-01-04 10:38,L-252,Femi Eriksen
POD42472,SH103044,2026-05-17 14:14,L-235,Ines Okafor
POD42473,SH103045,2025-02-21 11:16,L-254,Nadia Riva
POD42474,SH103046,2026-02-15 12:15,L-259,Omar Quist
POD42475,SH103047,2026-04-12 18:46,L-238,Nadia Okafor
POD42476,SH103048,2025-01-20 07:37,L-237,Dev Okafor
POD42477,SH103049,2025-03-23 21:59,L-219,Quinn Dvorak
POD42478,SH103050,2025-07-18 15:01,L-208,Priya Jensen
POD42479,SH103051,2025-05-15 19:57,L-253,Priya Kovacs
POD42480,SH103053,2025-07-28 21:15,L-241,Katya Costa
POD42481,SH103054,2025-03-05 06:54,L-237,Hamid Jensen
POD42482,SH103055,2026-02-06 16:48,L-215,Femi Costa
POD42483,SH103056,2025-06-14 21:04,L-205,Greta Jensen
POD42484,SH103057,2026-04-08 13:19,L-207,Aisha Dvorak
POD42485,SH103058,2025-08-16 14:07,L-218,Aisha Marek
POD42486,SH103059,2025-04-27 14:22,L-222,Priya Lindgren
POD42487,SH103060,2025-05-07 11:06,L-216,Rosa Sorensen
POD42488,SH103061,2025-06-30 08:53,L-213,Jonas Brennan
POD42489,SH103062,2025-12-10 09:40,L-253,Aisha Novak
POD42490,SH103063,2025-02-18 14:33,L-205,Tomas Adler
POD42491,SH103064,2026-03-13 06:43,L-206,Quinn Iqbal
POD42492,SH103065,2025-09-30 20:44,L-245,Katya Novak
POD42493,SH103067,2025-05-10 06:17,L-202,Dev Riva
POD42494,SH103068,2026-01-25 14:27,L-224,Hamid Gallo
POD42495,SH103069,2026-03-06 12:19,L-232,Hamid Costa
POD42496,SH103070,2025-12-24 17:00,L-202,Omar Costa
POD42497,SH103071,2025-03-27 13:19,L-248,Priya Riva
POD42498,SH103072,2026-01-01 14:24,L-204,Aisha Marek
POD42499,SH103074,2025-04-24 11:47,L-225,Ines Brennan
POD42500,SH103076,2026-01-24 15:29,L-250,Stefan Sorensen
POD42501,SH103077,2025-12-03 20:20,L-206,Nadia Lindgren
POD42502,SH103079,2025-05-08 10:14,L-234,Priya Riva
POD42503,SH103080,2025-02-25 11:44,L-231,Aisha Riva
POD42504,SH103081,2025-02-13 18:33,L-254,Greta Petrov
POD42505,SH103082,2026-01-18 06:56,L-202,Omar Marek
POD42506,SH103083,2026-05-16 21:07,L-249,Ines Fuentes
POD42507,SH103084,2025-12-22 19:28,L-212,Jonas Okafor
POD42508,SH103085,2025-07-07 08:38,L-219,Stefan Sorensen
POD42509,SH103086,2025-06-25 10:31,L-253,Dev Gallo
POD42510,SH103087,2026-03-22 12:19,L-203,Femi Novak
POD42511,SH103088,2025-09-15 09:43,L-227,Rosa Brennan
POD42512,SH103089,2025-10-17 07:30,L-233,Ines Riva
POD42513,SH103090,2025-07-23 13:09,L-211,Dev Iqbal
POD42514,SH103091,2026-01-15 09:11,L-243,Aisha Sorensen
POD42515,SH103093,2025-08-19 17:30,L-225,Ines Fuentes
POD42516,SH103094,2025-11-02 15:09,L-234,Dev Petrov
POD42517,SH103096,2026-05-14 09:19,L-250,Omar Tanaka
POD42518,SH103097,2025-10-16 10:20,L-208,Tomas Costa
POD42519,SH103098,2026-02-18 12:27,L-252,Ines Lindgren
POD42520,SH103099,2026-02-14 18:20,L-225,Aisha Fuentes
POD42521,SH103100,2025-11-04 19:44,L-256,Aisha Novak
POD42522,SH103101,2025-05-10 11:46,L-257,Katya Novak
POD42523,SH103102,2026-02-24 08:51,L-224,Nadia Iqbal
POD42524,SH103103,2026-05-14 12:22,L-220,Priya Okafor
POD42525,SH103105,2025-08-28 12:09,L-226,Katya Fuentes
POD42526,SH103106,2025-01-05 17:17,L-254,Priya Okafor
POD42527,SH103107,2025-09-04 13:46,L-254,Carmen Fuentes
POD42528,SH103108,2026-01-01 14:44,L-244,Stefan Kovacs
POD42529,SH103109,2025-04-24 14:30,L-207,Femi Jensen
POD42530,SH103111,2025-02-03 13:01,L-229,Katya Iqbal
POD42531,SH103112,2026-03-07 14:23,L-245,Boris Kovacs
POD42532,SH103113,2025-02-20 15:23,L-218,Katya Fuentes
POD42533,SH103115,2025-10-24 10:19,L-235,Carmen Quist
POD42534,SH103116,2025-05-12 06:08,L-231,Lars Brennan
POD42535,SH103117,2026-05-10 07:25,L-215,Carmen Lindgren
POD42536,SH103118,2025-08-15 08:24,L-221,Hamid Gallo
POD42537,SH103119,2026-01-20 10:50,L-247,Greta Marek
POD42538,SH103120,2026-03-08 10:53,L-253,Lars Lindgren
POD42539,SH103121,2025-10-02 10:38,L-255,Quinn Iqbal
POD42540,SH103122,2025-05-20 07:47,L-201,Stefan Dvorak
POD42541,SH103123,2026-01-17 20:20,L-204,Mei Lindgren
POD42542,SH103124,2026-04-13 11:03,L-255,Katya Adler
POD42543,SH103125,2025-05-23 06:27,L-205,Hamid Brennan
POD42544,SH103126,2025-06-19 19:40,L-226,Quinn Gallo
POD42545,SH103127,2025-11-27 13:41,L-242,Nadia Jensen
POD42546,SH103128,2025-07-22 15:48,L-203,Nadia Dvorak
POD42547,SH103129,2026-01-27 13:35,L-207,Elena Okafor
POD42548,SH103130,2026-04-27 12:15,L-204,Greta Sorensen
POD42549,SH103131,2025-03-27 15:39,L-258,Nadia Brennan
POD42550,SH103132,2025-03-05 10:26,L-208,Jonas Lindgren
POD42551,SH103133,2025-07-18 17:28,L-216,Aisha Hansen
POD42552,SH103134,2026-03-04 14:55,L-231,Tomas Hansen
POD42553,SH103135,2025-12-03 18:59,L-215,Elena Novak
POD42554,SH103136,2025-09-09 21:56,L-248,Stefan Quist
POD42555,SH103137,2025-04-16 17:21,L-216,Dev Quist
POD42556,SH103138,2025-11-11 17:08,L-243,Ines Iqbal
POD42557,SH103139,2025-01-30 15:30,L-260,Dev Kovacs
POD42558,SH103140,2025-02-17 09:19,L-235,Nadia Kovacs
POD42559,SH103141,2025-09-24 07:37,L-237,Aisha Tanaka
POD42560,SH103142,2025-11-18 17:42,L-201,Priya Quist
POD42561,SH103143,2025-02-24 20:31,L-201,Jonas Sorensen
POD42562,SH103145,2025-04-30 15:23,L-254,Femi Novak
POD42563,SH103146,2025-09-08 13:01,L-258,Elena Hansen
POD42564,SH103147,2026-01-28 18:07,L-256,Tomas Brennan
POD42565,SH103148,2026-03-15 06:57,L-254,Nadia Costa
POD42566,SH103149,2026-05-04 21:33,L-221,Jonas Marek
POD42567,SH103150,2026-01-09 13:34,L-204,Femi Sorensen
POD42568,SH103151,2025-12-06 08:16,L-220,Nadia Novak
POD42569,SH103152,2025-03-15 15:41,L-242,Hamid Fuentes
POD42570,SH103153,2025-11-28 12:28,L-224,Omar Quist
POD42571,SH103154,2025-10-20 21:45,L-206,Mei Marek
POD42572,SH103156,2025-07-27 08:16,L-231,Quinn Lindgren
POD42573,SH103157,2025-04-22 21:06,L-239,Boris Brennan
POD42574,SH103158,2025-07-15 13:04,L-258,Stefan Eriksen
POD42575,SH103159,2025-06-26 08:39,L-206,Tomas Lindgren
POD42576,SH103160,2025-11-21 15:42,L-253,Jonas Quist
POD42577,SH103161,2025-06-11 16:01,L-212,Carmen Riva
POD42578,SH103162,2025-05-05 15:03,L-234,Hamid Costa
POD42579,SH103163,2025-10-11 12:43,L-256,Ines Costa
POD42580,SH103165,2025-06-10 15:16,L-228,Jonas Sorensen
POD42581,SH103166,2026-02-28 17:32,L-252,Carmen Costa
POD42582,SH103167,2025-01-25 20:59,L-248,Carmen Lindgren
POD42583,SH103168,2025-07-10 21:41,L-244,Quinn Marek
POD42584,SH103169,2025-03-12 21:38,L-248,Ines Adler
POD42585,SH103170,2025-08-22 21:35,L-257,Priya Quist
POD42586,SH103171,2025-12-23 20:16,L-241,Jonas Gallo
POD42587,SH103172,2026-02-04 20:12,L-259,Hamid Novak
POD42588,SH103173,2025-01-26 08:16,L-253,Katya Novak
POD42589,SH103174,2026-05-04 12:55,L-247,Femi Sorensen
POD42590,SH103175,2025-03-10 17:10,L-248,Boris Jensen
POD42591,SH103176,2025-10-30 12:34,L-209,Priya Hansen
POD42592,SH103177,2026-04-11 07:07,L-214,Hamid Costa
POD42593,SH103178,2026-01-04 08:57,L-233,Omar Eriksen
POD42594,SH103179,2025-11-23 19:58,L-244,Aisha Jensen
POD42595,SH103180,2025-03-10 07:49,L-221,Katya Riva
POD42596,SH103181,2025-02-23 18:15,L-219,Ines Okafor
POD42597,SH103182,2025-04-25 19:21,L-260,Hamid Fuentes
POD42598,SH103183,2025-04-29 10:16,L-245,Hamid Quist
POD42599,SH103184,2025-12-01 17:23,L-231,Priya Petrov
POD42600,SH103185,2025-11-13 19:38,L-248,Elena Jensen
POD42601,SH103186,2026-01-12 20:32,L-250,Omar Gallo
POD42602,SH103188,2026-03-09 15:53,L-253,Tomas Adler
POD42603,SH103189,2026-01-01 17:24,L-230,Stefan Adler
POD42604,SH103191,2026-01-31 13:05,L-201,Tomas Brennan
POD42605,SH103192,2025-06-21 21:00,L-208,Ines Sorensen
POD42606,SH103193,2026-01-22 19:51,L-221,Priya Okafor
POD42607,SH103194,2025-12-11 16:36,L-260,Rosa Eriksen
POD42608,SH103196,2025-05-14 17:40,L-245,Omar Riva
POD42609,SH103197,2025-09-16 21:43,L-202,Katya Sorensen
POD42610,SH103198,2025-09-23 06:43,L-224,Dev Lindgren
POD42611,SH103199,2025-03-13 10:35,L-253,Tomas Sorensen
POD42612,SH103200,2026-02-15 08:35,L-205,Rosa Lindgren
POD42613,SH103201,2026-01-26 13:58,L-257,Stefan Marek
POD42614,SH103202,2025-04-25 16:24,L-216,Dev Brennan
POD42615,SH103203,2025-12-28 13:31,L-201,Katya Novak
POD42616,SH103204,2026-01-12 18:59,L-250,Katya Novak
POD42617,SH103205,2026-02-27 20:17,L-228,Carmen Tanaka
POD42618,SH103206,2025-11-23 20:31,L-243,Quinn Hansen
POD42619,SH103208,2026-02-04 12:15,L-239,Priya Lindgren
POD42620,SH103211,2025-05-19 19:07,L-207,Stefan Tanaka
POD42621,SH103212,2025-12-11 13:36,L-216,Stefan Quist
POD42622,SH103213,2026-01-30 20:06,L-203,Quinn Costa
POD42623,SH103214,2026-05-07 13:45,L-235,Elena Tanaka
POD42624,SH103215,2025-06-16 20:45,L-217,Lars Lindgren
POD42625,SH103216,2025-10-04 20:51,L-217,Ines Tanaka
POD42626,SH103218,2025-06-08 18:01,L-227,Tomas Marek
POD42627,SH103219,2025-04-04 06:30,L-203,Ines Hansen
POD42628,SH103220,2025-12-09 20:36,L-245,Rosa Hansen
POD42629,SH103221,2025-08-19 18:05,L-205,Nadia Lindgren
POD42630,SH103222,2026-01-18 09:23,L-240,Hamid Quist
POD42631,SH103223,2025-04-09 15:27,L-233,Greta Lindgren
POD42632,SH103224,2026-05-05 19:18,L-205,Carmen Dvorak
POD42633,SH103225,2025-01-27 17:39,L-229,Nadia Eriksen
POD42634,SH103226,2025-01-22 07:40,L-252,Stefan Adler
POD42635,SH103227,2025-05-18 18:25,L-210,Priya Sorensen
POD42636,SH103228,2025-07-01 14:54,L-249,Aisha Okafor
POD42637,SH103229,2025-05-22 07:21,L-227,Tomas Novak
POD42638,SH103231,2026-03-13 17:42,L-256,Hamid Marek
POD42639,SH103232,2026-01-04 14:49,L-250,Priya Tanaka
POD42640,SH103234,2025-11-26 14:35,L-218,Greta Brennan
POD42641,SH103235,2025-04-24 21:54,L-209,Priya Iqbal
POD42642,SH103236,2025-09-25 09:39,L-203,Elena Quist
POD42643,SH103237,2025-08-08 16:59,L-201,Jonas Jensen
POD42644,SH103238,2025-10-24 07:44,L-206,Nadia Dvorak
POD42645,SH103239,2026-04-08 12:49,L-202,Lars Novak
POD42646,SH103240,2026-04-28 06:05,L-225,Rosa Iqbal
POD42647,SH103241,2025-02-06 18:40,L-237,Boris Tanaka
POD42648,SH103243,2025-09-27 20:53,L-230,Greta Jensen
POD42649,SH103244,2025-12-24 13:09,L-260,Nadia Petrov
POD42650,SH103245,2025-03-15 07:02,L-249,Stefan Dvorak
POD42651,SH103246,2025-09-20 11:57,L-204,Femi Petrov
POD42652,SH103247,2025-03-04 09:20,L-257,Elena Jensen
POD42653,SH103248,2026-05-02 07:32,L-257,Quinn Quist
POD42654,SH103249,2025-10-10 19:33,L-207,Elena Petrov
POD42655,SH103250,2025-12-09 18:35,L-204,Carmen Riva
POD42656,SH103251,2026-04-18 10:38,L-235,Hamid Lindgren
POD42657,SH103252,2025-10-11 10:21,L-251,Tomas Hansen
POD42658,SH103253,2026-04-23 20:49,L-221,Stefan Petrov
POD42659,SH103254,2026-02-07 19:40,L-212,Jonas Marek
POD42660,SH103255,2025-10-09 21:18,L-254,Quinn Lindgren
POD42661,SH103256,2025-10-19 20:47,L-229,Carmen Costa
POD42662,SH103257,2025-07-24 20:41,L-202,Nadia Adler
POD42663,SH103258,2025-05-19 16:11,L-232,Tomas Costa
POD42664,SH103259,2026-01-01 21:06,L-253,Stefan Jensen
POD42665,SH103260,2025-07-12 17:01,L-228,Dev Fuentes
POD42666,SH103261,2025-02-28 19:32,L-244,Rosa Marek
POD42667,SH103263,2026-03-17 18:55,L-237,Boris Jensen
POD42668,SH103264,2025-03-25 17:53,L-249,Quinn Costa
POD42669,SH103265,2026-02-04 19:36,L-216,Femi Novak
POD42670,SH103266,2025-08-14 14:51,L-226,Lars Sorensen
POD42671,SH103267,2025-03-21 16:17,L-230,Quinn Quist
POD42672,SH103268,2025-10-26 09:02,L-239,Tomas Kovacs
POD42673,SH103271,2025-06-07 16:23,L-205,Lars Lindgren
POD42674,SH103272,2025-04-05 09:04,L-220,Hamid Quist
POD42675,SH103273,2026-03-24 09:42,L-206,Femi Marek
POD42676,SH103274,2025-10-22 16:32,L-252,Rosa Tanaka
POD42677,SH103275,2025-10-01 12:06,L-217,Priya Costa
POD42678,SH103278,2025-07-22 08:31,L-208,Quinn Costa
POD42679,SH103279,2025-10-11 13:12,L-210,Dev Marek
POD42680,SH103281,2025-10-30 18:48,L-247,Lars Okafor
POD42681,SH103282,2026-05-13 18:12,L-246,Stefan Lindgren
POD42682,SH103283,2025-01-15 20:46,L-232,Dev Quist
POD42683,SH103284,2025-03-08 06:38,L-231,Omar Kovacs
POD42684,SH103285,2025-05-10 20:22,L-218,Boris Okafor
POD42685,SH103286,2025-12-25 13:20,L-243,Ines Costa
POD42686,SH103287,2026-04-07 13:36,L-253,Lars Tanaka
POD42687,SH103293,2026-05-18 17:33,L-216,Greta Lindgren
POD42688,SH103294,2025-07-07 13:36,L-243,Elena Riva
POD42689,SH103296,2025-07-14 18:05,L-218,Lars Iqbal
POD42690,SH103297,2025-07-12 14:00,L-230,Omar Brennan
POD42691,SH103298,2025-11-14 10:58,L-254,Dev Quist
POD42692,SH103299,2025-08-16 07:21,L-235,Rosa Lindgren
POD42693,SH103300,2025-04-29 19:30,L-251,Greta Quist
POD42694,SH103301,2025-07-01 10:10,L-247,Ines Eriksen
POD42695,SH103302,2025-03-16 16:38,L-211,Rosa Sorensen
POD42696,SH103303,2025-10-14 13:40,L-211,Carmen Hansen
POD42697,SH103305,2025-12-30 18:45,L-239,Femi Fuentes
POD42698,SH103308,2025-03-24 07:31,L-260,Carmen Kovacs
POD42699,SH103309,2026-03-25 07:34,L-237,Hamid Novak
POD42700,SH103310,2025-09-20 10:37,L-218,Katya Okafor
POD42701,SH103311,2025-12-31 16:24,L-235,Jonas Okafor
POD42702,SH103312,2026-01-21 11:47,L-215,Boris Dvorak
POD42703,SH103313,2026-03-02 08:11,L-207,Rosa Lindgren
POD42704,SH103314,2026-03-18 12:34,L-239,Stefan Lindgren
POD42705,SH103315,2026-05-16 13:59,L-212,Omar Lindgren
POD42706,SH103316,2025-10-14 12:15,L-249,Tomas Eriksen
POD42707,SH103317,2025-10-27 09:16,L-237,Tomas Marek
POD42708,SH103318,2026-04-20 20:13,L-229,Femi Okafor
POD42709,SH103319,2025-06-16 17:53,L-232,Dev Brennan
POD42710,SH103320,2025-06-12 07:08,L-213,Hamid Eriksen
POD42711,SH103321,2025-09-15 08:55,L-218,Elena Fuentes
POD42712,SH103322,2025-04-30 18:31,L-232,Tomas Quist
POD42713,SH103323,2026-02-11 14:18,L-221,Katya Iqbal
POD42714,SH103324,2025-02-09 13:45,L-254,Mei Lindgren
POD42715,SH103325,2026-04-14 07:14,L-239,Tomas Lindgren
POD42716,SH103326,2025-02-01 21:55,L-217,Dev Tanaka
POD42717,SH103327,2025-05-17 17:13,L-240,Greta Marek
POD42718,SH103328,2025-10-09 08:49,L-242,Tomas Costa
POD42719,SH103329,2025-10-30 12:31,L-245,Carmen Kovacs
POD42720,SH103330,2025-11-26 08:04,L-240,Aisha Iqbal
POD42721,SH103331,2025-07-11 07:02,L-235,Quinn Adler
POD42722,SH103332,2026-01-02 13:13,L-248,Hamid Petrov
POD42723,SH103334,2026-03-08 14:19,L-231,Tomas Eriksen
POD42724,SH103335,2026-03-10 10:02,L-245,Tomas Tanaka
POD42725,SH103337,2025-02-01 12:59,L-244,Jonas Lindgren
POD42726,SH103339,2025-02-03 15:54,L-204,Aisha Sorensen
POD42727,SH103340,2025-04-28 15:41,L-230,Hamid Adler
POD42728,SH103341,2025-04-30 14:06,L-259,Priya Hansen
POD42729,SH103342,2025-07-09 15:26,L-249,Carmen Okafor
POD42730,SH103343,2026-02-24 10:56,L-253,Dev Jensen
POD42731,SH103344,2025-03-06 16:50,L-226,Lars Adler
POD42732,SH103346,2025-09-30 18:42,L-232,Mei Hansen
POD42733,SH103350,2025-02-17 06:46,L-226,Tomas Brennan
POD42734,SH103351,2025-11-03 09:42,L-217,Stefan Kovacs
POD42735,SH103352,2026-01-11 18:11,L-249,Mei Riva
POD42736,SH103354,2025-08-20 20:18,L-251,Tomas Lindgren
POD42737,SH103355,2025-07-22 20:29,L-225,Jonas Gallo
POD42738,SH103358,2025-10-04 20:15,L-205,Boris Riva
POD42739,SH103359,2025-08-13 13:50,L-231,Hamid Jensen
POD42740,SH103360,2025-01-11 19:17,L-206,Mei Novak
POD42741,SH103361,2025-08-29 20:44,L-255,Dev Adler
POD42742,SH103362,2025-05-14 21:53,L-203,Nadia Quist
POD42743,SH103363,2026-04-04 16:04,L-250,Dev Lindgren
POD42744,SH103364,2025-12-21 06:56,L-213,Aisha Lindgren
POD42745,SH103368,2025-05-28 14:23,L-229,Lars Eriksen
POD42746,SH103369,2025-10-21 10:01,L-212,Carmen Costa
POD42747,SH103370,2026-04-27 09:41,L-256,Aisha Novak
POD42748,SH103371,2025-02-04 15:53,L-245,Omar Hansen
POD42749,SH103372,2025-09-03 19:36,L-207,Elena Eriksen
POD42750,SH103373,2026-05-03 13:09,L-229,Hamid Lindgren
POD42751,SH103374,2026-03-31 18:06,L-214,Katya Gallo
POD42752,SH103375,2026-01-18 09:55,L-217,Stefan Adler
POD42753,SH103376,2025-06-16 14:37,L-211,Femi Jensen
POD42754,SH103377,2026-01-31 17:42,L-260,Priya Lindgren
POD42755,SH103378,2025-07-05 10:42,L-221,Greta Okafor
POD42756,SH103379,2025-07-26 14:03,L-229,Femi Sorensen
POD42757,SH103380,2025-01-06 08:16,L-222,Elena Gallo
POD42758,SH103381,2025-08-29 13:14,L-255,Hamid Riva
POD42759,SH103382,2025-10-13 16:27,L-248,Nadia Quist
POD42760,SH103383,2025-08-31 21:30,L-212,Omar Okafor
POD42761,SH103384,2026-04-17 08:51,L-212,Nadia Brennan
POD42762,SH103385,2026-03-02 10:07,L-245,Quinn Eriksen
POD42763,SH103386,2026-03-08 12:48,L-208,Boris Gallo
POD42764,SH103387,2026-05-12 13:24,L-259,Jonas Hansen
POD42765,SH103388,2025-09-25 09:57,L-228,Lars Fuentes
POD42766,SH103389,2025-09-12 14:42,L-219,Dev Costa
POD42767,SH103390,2025-03-05 16:29,L-214,Carmen Sorensen
POD42768,SH103391,2025-07-01 08:05,L-242,Rosa Novak
POD42769,SH103392,2025-03-28 21:20,L-251,Ines Lindgren
POD42770,SH103393,2025-11-03 07:33,L-254,Hamid Sorensen
POD42771,SH103394,2026-04-30 10:56,L-230,Rosa Hansen
POD42772,SH103395,2025-11-07 09:22,L-217,Priya Dvorak
POD42773,SH103396,2025-07-23 08:14,L-237,Dev Kovacs
POD42774,SH103397,2026-03-22 19:19,L-217,Priya Costa
POD42775,SH103398,2025-10-12 21:48,L-204,Ines Costa
POD42776,SH103399,2025-07-25 10:14,L-206,Boris Kovacs
POD42777,SH103400,2025-12-02 17:55,L-236,Omar Iqbal
POD42778,SH103403,2025-06-03 17:39,L-251,Femi Lindgren
POD42779,SH103404,2026-02-18 17:23,L-258,Elena Okafor
POD42780,SH103405,2026-03-17 15:34,L-248,Priya Marek
POD42781,SH103406,2025-04-10 19:49,L-211,Elena Jensen
POD42782,SH103407,2026-05-16 14:37,L-237,Quinn Kovacs
POD42783,SH103408,2026-02-06 21:04,L-226,Stefan Riva
POD42784,SH103409,2026-01-18 10:13,L-244,Nadia Marek
POD42785,SH103410,2026-04-19 06:24,L-217,Dev Okafor
POD42786,SH103411,2025-02-16 14:54,L-214,Boris Brennan
POD42787,SH103412,2025-12-15 20:15,L-231,Katya Sorensen
POD42788,SH103413,2025-06-04 13:49,L-232,Greta Eriksen
POD42789,SH103415,2025-06-02 12:25,L-225,Omar Hansen
POD42790,SH103416,2025-05-01 07:50,L-226,Quinn Jensen
POD42791,SH103417,2025-10-10 07:10,L-218,Tomas Brennan
POD42792,SH103418,2025-08-01 07:17,L-252,Rosa Quist
POD42793,SH103419,2026-05-21 18:48,L-256,Quinn Adler
POD42794,SH103420,2025-08-02 09:48,L-242,Femi Lindgren
POD42795,SH103421,2025-12-24 17:41,L-219,Tomas Eriksen
POD42796,SH103422,2025-10-09 13:29,L-254,Stefan Petrov
POD42797,SH103423,2025-04-28 20:12,L-259,Aisha Quist
POD42798,SH103424,2025-04-05 19:24,L-255,Rosa Okafor
POD42799,SH103425,2025-03-26 07:27,L-222,Dev Adler
POD42800,SH103426,2025-05-22 21:39,L-230,Mei Lindgren
POD42801,SH103428,2026-04-26 15:20,L-218,Carmen Adler
POD42802,SH103430,2025-03-23 12:51,L-213,Hamid Dvorak
POD42803,SH103431,2025-08-12 14:18,L-244,Quinn Kovacs
POD42804,SH103432,2026-04-17 08:18,L-238,Elena Novak
POD42805,SH103433,2026-03-20 14:07,L-247,Priya Iqbal
POD42806,SH103435,2025-11-30 16:35,L-214,Lars Fuentes
POD42807,SH103436,2025-07-10 13:53,L-214,Boris Gallo
POD42808,SH103437,2025-02-02 09:41,L-226,Rosa Dvorak
POD42809,SH103438,2025-09-23 20:37,L-226,Aisha Eriksen
POD42810,SH103439,2025-08-02 13:48,L-236,Boris Fuentes
POD42811,SH103440,2025-02-14 07:05,L-256,Tomas Dvorak
POD42812,SH103441,2025-11-29 08:05,L-202,Stefan Petrov
POD42813,SH103442,2026-04-09 12:27,L-248,Quinn Costa
POD42814,SH103443,2026-05-08 20:57,L-235,Nadia Okafor
POD42815,SH103444,2026-01-15 19:35,L-214,Ines Okafor
POD42816,SH103446,2025-03-11 10:35,L-215,Carmen Iqbal
POD42817,SH103447,2026-05-20 19:29,L-221,Femi Brennan
POD42818,SH103448,2025-11-25 11:13,L-246,Stefan Eriksen
POD42819,SH103450,2025-11-14 14:21,L-246,Nadia Iqbal
POD42820,SH103451,2025-06-02 17:51,L-259,Carmen Novak
POD42821,SH103452,2025-03-15 10:00,L-249,Carmen Adler
POD42822,SH103453,2026-05-17 17:17,L-208,Stefan Novak
POD42823,SH103454,2025-03-25 10:40,L-206,Mei Quist
POD42824,SH103455,2025-06-26 14:37,L-243,Boris Novak
POD42825,SH103456,2025-06-18 18:43,L-231,Elena Riva
POD42826,SH103457,2026-02-02 13:00,L-227,Carmen Kovacs
POD42827,SH103458,2025-01-24 07:28,L-249,Priya Brennan
POD42828,SH103459,2025-09-14 17:38,L-228,Mei Brennan
POD42829,SH103460,2025-05-13 10:26,L-254,Stefan Brennan
POD42830,SH103461,2025-02-01 10:58,L-245,Dev Kovacs
POD42831,SH103462,2025-02-28 07:38,L-216,Greta Iqbal
POD42832,SH103464,2025-05-18 16:21,L-241,Ines Adler
POD42833,SH103466,2025-06-02 10:34,L-206,Dev Petrov
POD42834,SH103467,2025-08-10 21:30,L-240,Aisha Brennan
POD42835,SH103468,2026-03-14 11:44,L-253,Quinn Hansen
POD42836,SH103469,2026-03-10 06:04,L-241,Tomas Brennan
POD42837,SH103472,2025-11-29 16:53,L-239,Rosa Adler
POD42838,SH103473,2025-05-22 07:38,L-224,Ines Eriksen
POD42839,SH103474,2025-12-13 19:31,L-241,Quinn Brennan
POD42840,SH103476,2025-08-18 15:09,L-246,Aisha Sorensen
POD42841,SH103478,2025-05-14 18:31,L-218,Nadia Eriksen
POD42842,SH103479,2025-06-14 09:20,L-232,Greta Adler
POD42843,SH103480,2025-09-23 06:33,L-242,Hamid Hansen
POD42844,SH103482,2026-02-12 16:51,L-224,Nadia Novak
POD42845,SH103483,2026-02-09 07:08,L-258,Tomas Costa
POD42846,SH103484,2025-06-01 17:29,L-247,Nadia Okafor
POD42847,SH103485,2025-05-28 11:24,L-239,Tomas Brennan
POD42848,SH103486,2025-03-08 08:48,L-237,Lars Costa
POD42849,SH103487,2025-01-20 20:30,L-232,Elena Hansen
POD42850,SH103488,2025-03-14 10:29,L-206,Aisha Dvorak
POD42851,SH103489,2026-04-17 18:56,L-237,Stefan Hansen
POD42852,SH103490,2025-06-12 18:16,L-260,Femi Okafor
POD42853,SH103491,2026-03-20 09:28,L-244,Nadia Iqbal
POD42854,SH103493,2025-12-25 19:09,L-215,Lars Costa
POD42855,SH103494,2025-04-22 07:52,L-244,Aisha Gallo
POD42856,SH103495,2026-04-23 12:47,L-254,Omar Tanaka
POD42857,SH103497,2025-10-30 11:00,L-222,Quinn Okafor
POD42858,SH103498,2026-05-13 14:13,L-242,Tomas Tanaka
POD42859,SH103499,2025-04-12 20:59,L-235,Aisha Lindgren
POD42860,SH103500,2025-01-16 07:52,L-254,Dev Marek
POD42861,SH103501,2026-01-17 13:19,L-253,Stefan Hansen
POD42862,SH103502,2025-05-10 07:27,L-255,Femi Iqbal
POD42863,SH103503,2026-02-28 10:21,L-244,Boris Dvorak
POD42864,SH103505,2025-06-09 17:41,L-246,Lars Petrov
POD42865,SH103506,2025-12-10 13:01,L-250,Femi Lindgren
POD42866,SH103507,2025-08-16 06:58,L-220,Quinn Novak
POD42867,SH103509,2025-07-09 16:14,L-205,Aisha Petrov
POD42868,SH103510,2025-07-28 06:58,L-201,Hamid Riva
POD42869,SH103511,2026-04-27 14:34,L-260,Jonas Brennan
POD42870,SH103512,2025-07-31 06:12,L-248,Femi Dvorak
POD42871,SH103514,2025-10-13 15:04,L-234,Hamid Petrov
POD42872,SH103515,2025-06-09 21:56,L-205,Omar Adler
POD42873,SH103516,2025-03-08 10:16,L-220,Stefan Iqbal
POD42874,SH103517,2026-02-17 20:49,L-203,Priya Jensen
POD42875,SH103518,2025-01-21 20:48,L-238,Carmen Fuentes
POD42876,SH103519,2025-05-07 11:14,L-245,Aisha Hansen
POD42877,SH103520,2025-09-24 20:57,L-210,Hamid Iqbal
POD42878,SH103521,2026-01-16 09:05,L-220,Mei Gallo
POD42879,SH103522,2026-02-13 16:17,L-248,Priya Gallo
POD42880,SH103524,2025-08-03 16:58,L-205,Quinn Iqbal
POD42881,SH103525,2025-05-18 15:59,L-203,Jonas Riva
POD42882,SH103528,2025-05-28 06:18,L-222,Carmen Petrov
POD42883,SH103529,2026-05-16 21:32,L-202,Mei Tanaka
POD42884,SH103530,2025-06-13 12:09,L-250,Hamid Lindgren
POD42885,SH103532,2025-09-22 15:36,L-225,Rosa Tanaka
POD42886,SH103534,2025-06-22 16:22,L-216,Elena Riva
POD42887,SH103535,2026-03-29 17:24,L-214,Priya Eriksen
POD42888,SH103537,2026-05-18 17:58,L-202,Lars Marek
POD42889,SH103538,2025-10-12 21:50,L-219,Tomas Adler
POD42890,SH103541,2025-05-21 08:09,L-237,Dev Quist
POD42891,SH103542,2026-05-17 11:58,L-220,Elena Costa
POD42892,SH103543,2025-02-13 18:04,L-254,Ines Marek
POD42893,SH103544,2025-01-07 11:58,L-237,Aisha Dvorak
POD42894,SH103546,2026-02-18 09:24,L-207,Femi Tanaka
POD42895,SH103547,2026-02-10 06:03,L-228,Tomas Okafor
POD42896,SH103548,2025-05-23 18:29,L-249,Greta Marek
POD42897,SH103549,2026-01-10 13:27,L-242,Mei Novak
POD42898,SH103550,2026-01-29 19:40,L-201,Priya Iqbal
POD42899,SH103551,2025-03-23 09:13,L-203,Rosa Lindgren
POD42900,SH103552,2025-06-13 09:37,L-232,Dev Quist
POD42901,SH103553,2026-02-21 14:12,L-253,Hamid Eriksen
POD42902,SH103554,2025-03-21 13:32,L-256,Dev Quist
POD42903,SH103555,2025-09-11 13:49,L-213,Nadia Okafor
POD42904,SH103556,2026-03-07 07:35,L-215,Quinn Fuentes
POD42905,SH103557,2025-12-17 19:49,L-257,Omar Gallo
POD42906,SH103558,2025-09-24 17:58,L-242,Ines Dvorak
POD42907,SH103559,2025-04-11 11:41,L-220,Lars Brennan
POD42908,SH103560,2025-12-18 18:06,L-232,Boris Costa
POD42909,SH103561,2026-04-10 21:12,L-225,Quinn Dvorak
POD42910,SH103563,2025-03-18 17:17,L-202,Greta Dvorak
POD42911,SH103565,2026-01-12 20:57,L-243,Katya Iqbal
POD42912,SH103567,2026-01-26 18:07,L-205,Stefan Novak
POD42913,SH103568,2026-03-25 14:17,L-206,Mei Gallo
POD42914,SH103569,2025-01-09 14:32,L-250,Stefan Costa
POD42915,SH103570,2026-01-20 13:52,L-240,Jonas Brennan
POD42916,SH103571,2026-01-04 16:58,L-201,Mei Quist
POD42917,SH103572,2026-05-04 06:11,L-227,Stefan Dvorak
POD42918,SH103573,2025-12-22 16:38,L-209,Priya Adler
POD42919,SH103575,2026-01-21 15:05,L-209,Stefan Gallo
POD42920,SH103576,2026-04-09 15:43,L-210,Carmen Jensen
POD42921,SH103577,2026-01-08 06:40,L-216,Ines Hansen
POD42922,SH103578,2025-06-24 14:00,L-246,Hamid Brennan
POD42923,SH103580,2025-12-16 11:19,L-259,Jonas Okafor
POD42924,SH103581,2026-04-26 12:12,L-212,Elena Gallo
POD42925,SH103583,2025-06-10 09:07,L-231,Carmen Sorensen
POD42926,SH103584,2025-12-29 16:40,L-222,Quinn Iqbal
POD42927,SH103585,2025-02-17 07:35,L-213,Elena Brennan
POD42928,SH103586,2025-01-17 12:07,L-216,Quinn Marek
POD42929,SH103588,2025-12-11 11:47,L-229,Elena Hansen
POD42930,SH103589,2026-04-30 15:15,L-218,Katya Jensen
POD42931,SH103590,2025-07-26 09:24,L-259,Quinn Sorensen
POD42932,SH103591,2026-02-23 09:46,L-248,Omar Dvorak
POD42933,SH103592,2025-08-01 09:15,L-250,Boris Petrov
POD42934,SH103593,2026-03-14 07:18,L-236,Hamid Hansen
POD42935,SH103594,2025-06-16 16:23,L-240,Omar Hansen
POD42936,SH103595,2025-02-08 12:58,L-208,Carmen Okafor
POD42937,SH103596,2025-10-01 17:16,L-248,Tomas Gallo
POD42938,SH103597,2025-03-20 12:19,L-259,Hamid Brennan
POD42939,SH103599,2025-03-10 10:48,L-226,Greta Iqbal
POD42940,SH103600,2026-01-09 13:56,L-224,Nadia Iqbal
POD42941,SH103601,2025-03-24 16:17,L-251,Mei Eriksen
POD42942,SH103602,2025-05-19 13:05,L-254,Tomas Adler
POD42943,SH103603,2025-05-18 16:07,L-227,Carmen Sorensen
POD42944,SH103604,2025-03-24 17:21,L-208,Katya Costa
POD42945,SH103605,2026-04-12 13:42,L-241,Rosa Gallo
POD42946,SH103606,2025-09-12 16:10,L-228,Omar Hansen
POD42947,SH103607,2025-01-16 18:50,L-201,Nadia Okafor
POD42948,SH103608,2026-04-12 10:05,L-207,Greta Dvorak
POD42949,SH103609,2025-03-13 20:40,L-256,Jonas Kovacs
POD42950,SH103610,2025-10-01 19:35,L-259,Stefan Gallo
POD42951,SH103611,2025-09-01 14:04,L-210,Jonas Jensen
POD42952,SH103613,2026-03-03 07:04,L-236,Femi Sorensen
POD42953,SH103614,2025-07-02 19:27,L-218,Boris Hansen
POD42954,SH103615,2025-11-28 20:34,L-235,Quinn Eriksen
POD42955,SH103618,2025-05-09 07:43,L-206,Tomas Fuentes
POD42956,SH103619,2025-09-20 07:27,L-235,Omar Adler
POD42957,SH103621,2026-02-11 19:31,L-234,Carmen Lindgren
POD42958,SH103622,2026-01-03 12:45,L-211,Priya Sorensen
POD42959,SH103623,2025-09-13 08:19,L-253,Greta Kovacs
POD42960,SH103624,2026-02-08 17:07,L-236,Rosa Iqbal
POD42961,SH103625,2025-01-29 20:42,L-260,Hamid Marek
POD42962,SH103626,2025-08-22 07:10,L-260,Boris Hansen
POD42963,SH103627,2025-02-15 14:22,L-217,Hamid Okafor
POD42964,SH103628,2025-12-23 09:48,L-210,Lars Brennan
POD42965,SH103629,2026-02-09 17:43,L-246,Dev Okafor
POD42966,SH103630,2025-06-23 14:27,L-203,Jonas Quist
POD42967,SH103631,2025-04-27 14:03,L-208,Ines Adler
POD42968,SH103634,2025-09-12 16:16,L-238,Stefan Gallo
POD42969,SH103635,2025-09-20 15:27,L-254,Rosa Hansen
POD42970,SH103636,2025-01-15 10:25,L-202,Stefan Quist
POD42971,SH103637,2025-02-11 07:08,L-244,Boris Kovacs
POD42972,SH103638,2025-12-30 06:46,L-214,Katya Iqbal
POD42973,SH103639,2025-08-25 11:13,L-260,Hamid Quist
POD42974,SH103641,2026-05-02 20:47,L-258,Priya Eriksen
POD42975,SH103642,2025-11-10 06:18,L-228,Omar Quist
POD42976,SH103643,2025-09-30 20:30,L-206,Rosa Petrov
POD42977,SH103644,2025-06-03 17:13,L-208,Omar Fuentes
POD42978,SH103645,2025-12-23 10:30,L-251,Stefan Novak
POD42979,SH103648,2025-08-24 11:09,L-213,Quinn Kovacs
POD42980,SH103649,2025-08-17 08:01,L-218,Lars Novak
POD42981,SH103650,2025-04-13 06:26,L-260,Stefan Lindgren
POD42982,SH103651,2026-03-03 20:08,L-244,Ines Novak
POD42983,SH103652,2026-01-05 18:10,L-202,Nadia Jensen
POD42984,SH103653,2025-01-12 15:22,L-226,Priya Eriksen
POD42985,SH103654,2025-07-16 21:11,L-244,Greta Iqbal
POD42986,SH103655,2026-01-10 20:50,L-216,Katya Costa
POD42987,SH103657,2026-05-18 06:48,L-221,Greta Hansen
POD42988,SH103658,2025-07-05 08:25,L-245,Carmen Hansen
POD42989,SH103659,2026-02-27 10:47,L-258,Elena Okafor
POD42990,SH103660,2025-07-01 13:49,L-206,Boris Eriksen
POD42991,SH103661,2026-04-17 12:40,L-203,Ines Fuentes
POD42992,SH103662,2025-11-18 14:55,L-234,Stefan Quist
POD42993,SH103663,2025-09-10 16:57,L-220,Omar Novak
POD42994,SH103664,2026-01-24 21:50,L-219,Nadia Okafor
POD42995,SH103665,2025-12-31 18:27,L-226,Tomas Novak
POD42996,SH103666,2025-08-26 13:42,L-258,Aisha Hansen
POD42997,SH103668,2025-10-07 13:03,L-235,Carmen Kovacs
POD42998,SH103669,2025-09-24 16:33,L-248,Elena Marek
POD42999,SH103670,2026-01-28 09:20,L-206,Nadia Jensen
POD43000,SH103671,2026-02-25 19:14,L-224,Boris Quist
POD43001,SH103672,2025-12-04 18:16,L-232,Katya Eriksen
POD43002,SH103673,2026-02-28 07:46,L-218,Tomas Dvorak
POD43003,SH103674,2026-03-27 18:02,L-215,Hamid Lindgren
POD43004,SH103675,2026-04-13 10:15,L-213,Ines Eriksen
POD43005,SH103677,2025-07-13 15:59,L-249,Mei Iqbal
POD43006,SH103678,2025-04-13 13:47,L-213,Katya Petrov
POD43007,SH103679,2025-06-02 10:42,L-242,Jonas Lindgren
POD43008,SH103680,2025-10-12 21:56,L-214,Lars Jensen
POD43009,SH103681,2026-05-18 07:54,L-247,Quinn Riva
POD43010,SH103683,2026-02-05 07:54,L-242,Priya Riva
POD43011,SH103684,2026-02-23 09:15,L-237,Omar Tanaka
POD43012,SH103685,2025-11-12 14:10,L-206,Ines Kovacs
POD43013,SH103686,2025-03-18 12:56,L-229,Priya Gallo
POD43014,SH103688,2026-03-02 20:11,L-227,Elena Iqbal
POD43015,SH103690,2025-11-18 15:35,L-222,Ines Dvorak
POD43016,SH103691,2025-05-02 10:07,L-245,Stefan Novak
POD43017,SH103692,2026-02-06 19:08,L-240,Nadia Petrov
POD43018,SH103693,2025-07-28 20:56,L-255,Boris Tanaka
POD43019,SH103694,2026-03-12 20:37,L-249,Priya Adler
POD43020,SH103695,2025-09-14 16:05,L-251,Rosa Adler
POD43021,SH103696,2026-02-21 07:01,L-215,Katya Tanaka
POD43022,SH103697,2025-10-14 17:10,L-212,Greta Adler
POD43023,SH103698,2026-02-12 15:33,L-228,Elena Jensen
POD43024,SH103700,2025-05-13 16:12,L-208,Dev Kovacs
POD43025,SH103701,2026-04-16 19:19,L-251,Katya Lindgren
POD43026,SH103702,2026-03-12 16:27,L-240,Greta Novak
POD43027,SH103703,2025-04-18 10:18,L-213,Boris Okafor
POD43028,SH103704,2025-03-30 17:23,L-207,Mei Gallo
POD43029,SH103705,2026-02-09 15:49,L-227,Dev Novak
POD43030,SH103706,2025-06-12 18:02,L-214,Elena Adler
POD43031,SH103707,2025-02-28 14:58,L-252,Stefan Costa
POD43032,SH103708,2025-01-28 18:09,L-218,Carmen Adler
POD43033,SH103710,2026-04-29 20:17,L-233,Aisha Adler
POD43034,SH103711,2025-01-27 12:47,L-221,Priya Riva
POD43035,SH103712,2026-01-01 14:10,L-246,Mei Marek
POD43036,SH103713,2025-05-08 12:01,L-216,Nadia Marek
POD43037,SH103714,2026-05-16 12:54,L-227,Lars Novak
POD43038,SH103716,2026-02-18 20:00,L-247,Greta Iqbal
POD43039,SH103717,2025-10-18 20:58,L-247,Hamid Iqbal
POD43040,SH103718,2026-03-25 11:52,L-234,Omar Lindgren
POD43041,SH103720,2025-08-13 13:16,L-258,Carmen Sorensen
POD43042,SH103721,2026-02-06 11:24,L-256,Tomas Brennan
POD43043,SH103722,2025-02-04 11:02,L-236,Lars Petrov
POD43044,SH103723,2025-01-12 13:04,L-244,Nadia Fuentes
POD43045,SH103724,2026-03-05 07:27,L-206,Jonas Tanaka
POD43046,SH103725,2026-04-04 07:08,L-216,Elena Dvorak
POD43047,SH103726,2026-02-24 08:28,L-253,Nadia Hansen
POD43048,SH103727,2025-03-20 20:19,L-203,Rosa Jensen
POD43049,SH103729,2025-07-19 09:16,L-239,Aisha Lindgren
POD43050,SH103730,2025-06-17 17:00,L-242,Stefan Fuentes
POD43051,SH103731,2025-05-08 19:06,L-219,Aisha Jensen
POD43052,SH103732,2025-09-19 12:29,L-217,Lars Eriksen
POD43053,SH103734,2025-10-14 06:11,L-203,Hamid Eriksen
POD43054,SH103735,2025-07-31 20:04,L-207,Quinn Quist
POD43055,SH103737,2025-06-15 15:39,L-259,Katya Kovacs
POD43056,SH103738,2025-09-20 15:17,L-230,Nadia Iqbal
POD43057,SH103740,2025-08-22 18:41,L-210,Rosa Marek
POD43058,SH103741,2026-03-10 10:25,L-234,Lars Kovacs
POD43059,SH103742,2025-09-01 10:24,L-214,Stefan Kovacs
POD43060,SH103743,2025-10-21 11:16,L-228,Ines Brennan
POD43061,SH103744,2025-01-05 10:49,L-249,Lars Eriksen
POD43062,SH103745,2026-02-19 17:14,L-248,Elena Dvorak
POD43063,SH103746,2026-01-26 17:12,L-239,Rosa Eriksen
POD43064,SH103747,2025-01-30 14:26,L-228,Elena Kovacs
POD43065,SH103748,2025-05-09 08:05,L-203,Carmen Kovacs
POD43066,SH103749,2025-05-15 17:27,L-240,Aisha Marek
POD43067,SH103750,2026-03-17 09:29,L-245,Elena Jensen
POD43068,SH103752,2025-08-23 08:31,L-207,Greta Dvorak
POD43069,SH103753,2025-11-28 13:00,L-230,Rosa Hansen
POD43070,SH103754,2025-09-03 21:45,L-244,Hamid Lindgren
POD43071,SH103755,2025-04-25 20:13,L-227,Hamid Sorensen
POD43072,SH103756,2026-05-03 12:29,L-201,Femi Fuentes
POD43073,SH103757,2025-04-22 16:28,L-222,Elena Eriksen
POD43074,SH103760,2026-05-08 08:11,L-201,Omar Iqbal
POD43075,SH103762,2026-01-26 21:21,L-255,Jonas Petrov
POD43076,SH103763,2025-09-26 17:33,L-201,Lars Iqbal
POD43077,SH103764,2025-07-08 16:43,L-217,Carmen Petrov
POD43078,SH103765,2025-09-28 09:58,L-221,Jonas Brennan
POD43079,SH103766,2026-04-24 17:31,L-204,Stefan Jensen
POD43080,SH103767,2025-08-04 17:29,L-222,Carmen Hansen
POD43081,SH103768,2026-03-04 13:27,L-218,Elena Jensen
POD43082,SH103769,2025-12-17 16:06,L-243,Hamid Petrov
POD43083,SH103770,2025-04-19 18:19,L-249,Lars Fuentes
POD43084,SH103771,2025-10-21 08:44,L-231,Elena Costa
POD43085,SH103772,2026-04-20 07:00,L-220,Priya Quist
POD43086,SH103773,2025-06-06 18:39,L-253,Tomas Hansen
POD43087,SH103774,2025-02-06 20:47,L-238,Carmen Dvorak
POD43088,SH103775,2025-12-26 12:21,L-219,Aisha Novak
POD43089,SH103776,2026-01-06 17:33,L-202,Mei Fuentes
POD43090,SH103777,2025-09-29 20:26,L-256,Hamid Tanaka
POD43091,SH103778,2025-12-21 06:07,L-201,Priya Iqbal
POD43092,SH103779,2025-06-26 15:20,L-260,Mei Petrov
POD43093,SH103780,2025-06-10 09:29,L-217,Ines Iqbal
POD43094,SH103781,2025-04-17 13:27,L-241,Rosa Fuentes
POD43095,SH103782,2025-05-08 15:25,L-257,Aisha Costa
POD43096,SH103783,2025-07-24 09:46,L-213,Boris Adler
POD43097,SH103784,2026-01-17 10:04,L-215,Nadia Jensen
POD43098,SH103785,2025-12-05 09:29,L-251,Quinn Hansen
POD43099,SH103786,2025-02-08 21:49,L-211,Boris Marek
POD43100,SH103787,2025-03-12 09:41,L-260,Femi Adler
POD43101,SH103789,2025-12-08 10:00,L-228,Ines Kovacs
POD43102,SH103790,2026-04-29 06:39,L-246,Katya Gallo
POD43103,SH103791,2025-02-26 20:40,L-219,Katya Okafor
POD43104,SH103792,2025-09-06 18:41,L-260,Femi Hansen
POD43105,SH103793,2026-02-20 08:39,L-222,Mei Fuentes
POD43106,SH103794,2025-06-27 18:02,L-252,Boris Riva
POD43107,SH103796,2026-04-08 11:36,L-214,Tomas Marek
POD43108,SH103797,2025-03-16 19:37,L-215,Dev Tanaka
POD43109,SH103798,2025-05-17 06:52,L-253,Nadia Riva
POD43110,SH103799,2025-07-05 21:20,L-240,Elena Tanaka
POD43111,SH103801,2025-10-15 16:18,L-211,Stefan Okafor
POD43112,SH103802,2025-09-05 08:28,L-260,Dev Dvorak
POD43113,SH103803,2025-09-19 16:16,L-234,Quinn Sorensen
POD43114,SH103804,2025-04-23 16:20,L-239,Priya Novak
POD43115,SH103805,2026-01-25 13:00,L-214,Femi Petrov
POD43116,SH103807,2026-01-16 10:34,L-257,Aisha Sorensen
POD43117,SH103808,2025-06-15 11:15,L-242,Ines Okafor
POD43118,SH103809,2026-04-05 09:43,L-245,Elena Costa
POD43119,SH103810,2025-11-11 13:01,L-214,Mei Marek
POD43120,SH103812,2026-01-02 06:46,L-219,Hamid Marek
POD43121,SH103813,2026-04-17 15:31,L-252,Dev Jensen
POD43122,SH103814,2025-04-08 20:47,L-224,Dev Fuentes
POD43123,SH103815,2025-08-31 19:41,L-208,Aisha Costa
POD43124,SH103816,2025-10-21 12:22,L-207,Ines Okafor
POD43125,SH103818,2025-06-18 15:35,L-252,Jonas Riva
POD43126,SH103819,2025-10-04 15:48,L-201,Boris Kovacs
POD43127,SH103821,2025-04-07 18:33,L-237,Katya Kovacs
POD43128,SH103822,2025-06-08 13:16,L-226,Carmen Kovacs
POD43129,SH103824,2025-04-26 15:18,L-242,Aisha Riva
POD43130,SH103825,2025-09-26 20:04,L-248,Dev Dvorak
POD43131,SH103826,2026-05-06 19:28,L-224,Dev Costa
POD43132,SH103827,2025-10-09 18:48,L-228,Mei Novak
POD43133,SH103828,2026-03-14 17:02,L-230,Lars Marek
POD43134,SH103829,2026-02-08 08:47,L-227,Rosa Petrov
POD43135,SH103830,2025-07-23 13:48,L-240,Femi Dvorak
POD43136,SH103832,2026-03-24 06:19,L-248,Stefan Eriksen
POD43137,SH103834,2025-12-06 21:53,L-236,Tomas Fuentes
POD43138,SH103835,2025-01-07 11:52,L-220,Dev Novak
POD43139,SH103836,2026-05-21 08:20,L-243,Quinn Petrov
POD43140,SH103837,2025-05-09 21:49,L-241,Aisha Quist
POD43141,SH103838,2025-03-07 13:34,L-241,Femi Tanaka
POD43142,SH103839,2025-08-07 06:44,L-229,Femi Iqbal
POD43143,SH103840,2025-08-30 20:27,L-213,Dev Iqbal
POD43144,SH103841,2026-04-05 10:22,L-224,Katya Sorensen
POD43145,SH103842,2025-12-07 15:17,L-260,Greta Petrov
POD43146,SH103843,2026-02-10 16:12,L-256,Nadia Tanaka
POD43147,SH103844,2026-04-09 17:52,L-210,Katya Brennan
POD43148,SH103845,2025-03-26 11:46,L-231,Lars Sorensen
POD43149,SH103846,2025-02-25 18:23,L-244,Rosa Riva
POD43150,SH103847,2026-03-02 20:20,L-244,Nadia Petrov
POD43151,SH103848,2025-08-29 20:28,L-234,Dev Riva
POD43152,SH103849,2025-02-19 21:45,L-225,Dev Sorensen
POD43153,SH103850,2025-08-05 06:56,L-245,Lars Gallo
POD43154,SH103851,2025-06-18 13:13,L-242,Priya Hansen
POD43155,SH103852,2025-04-06 07:34,L-257,Elena Dvorak
POD43156,SH103853,2026-02-09 13:05,L-244,Lars Lindgren
POD43157,SH103854,2025-01-05 09:29,L-211,Boris Eriksen
POD43158,SH103856,2025-06-24 10:06,L-203,Femi Okafor
POD43159,SH103857,2025-12-08 12:52,L-232,Mei Iqbal
POD43160,SH103860,2026-03-21 18:16,L-235,Boris Costa
POD43161,SH103861,2025-06-30 19:12,L-248,Mei Petrov
POD43162,SH103863,2025-01-29 18:12,L-260,Aisha Quist
POD43163,SH103867,2025-04-01 09:52,L-241,Omar Sorensen
POD43164,SH103868,2026-02-26 20:02,L-210,Greta Eriksen
POD43165,SH103870,2025-12-16 09:38,L-220,Mei Petrov
POD43166,SH103872,2025-01-31 11:57,L-215,Carmen Tanaka
POD43167,SH103873,2026-01-13 20:44,L-229,Elena Kovacs
POD43168,SH103875,2026-03-13 15:51,L-260,Tomas Quist
POD43169,SH103876,2025-06-16 13:01,L-222,Dev Marek
POD43170,SH103877,2025-09-06 07:23,L-205,Jonas Iqbal
POD43171,SH103878,2025-08-04 12:09,L-254,Boris Sorensen
POD43172,SH103879,2025-08-21 06:47,L-222,Jonas Adler
POD43173,SH103881,2025-09-12 17:06,L-255,Femi Kovacs
POD43174,SH103882,2026-05-21 09:19,L-245,Elena Hansen
POD43175,SH103883,2025-11-23 06:58,L-226,Tomas Quist
POD43176,SH103884,2025-06-17 20:08,L-220,Hamid Riva
POD43177,SH103885,2025-09-01 11:46,L-217,Boris Eriksen
POD43178,SH103886,2025-04-18 15:51,L-249,Tomas Petrov
POD43179,SH103888,2025-08-11 07:34,L-205,Omar Costa
POD43180,SH103889,2025-01-16 21:34,L-233,Hamid Jensen
POD43181,SH103890,2025-10-18 18:58,L-219,Quinn Fuentes
POD43182,SH103891,2025-08-12 09:41,L-237,Dev Lindgren
POD43183,SH103893,2025-10-23 13:09,L-248,Boris Fuentes
POD43184,SH103894,2025-06-05 14:38,L-245,Mei Riva
POD43185,SH103895,2025-12-10 20:06,L-230,Hamid Fuentes
POD43186,SH103896,2026-04-02 21:23,L-253,Dev Costa
POD43187,SH103899,2026-02-21 07:03,L-204,Tomas Hansen
POD43188,SH103900,2026-05-16 20:39,L-205,Katya Jensen
POD43189,SH103902,2025-02-26 11:21,L-213,Katya Petrov
POD43190,SH103903,2025-07-09 13:48,L-233,Mei Okafor
POD43191,SH103904,2026-02-15 09:17,L-218,Rosa Gallo
POD43192,SH103906,2025-11-20 11:15,L-257,Omar Kovacs
POD43193,SH103907,2026-05-06 17:46,L-214,Omar Petrov
POD43194,SH103908,2026-01-16 16:32,L-228,Greta Novak
POD43195,SH103909,2025-09-25 20:03,L-224,Aisha Novak
POD43196,SH103910,2025-02-10 13:48,L-237,Nadia Brennan
POD43197,SH103911,2025-08-28 21:01,L-221,Rosa Adler
POD43198,SH103912,2026-02-27 08:47,L-235,Elena Dvorak
POD43199,SH103913,2025-03-21 15:46,L-246,Tomas Petrov
POD43200,SH103915,2025-07-12 13:09,L-206,Rosa Dvorak
POD43201,SH103916,2025-02-10 12:54,L-228,Lars Jensen
POD43202,SH103917,2026-03-23 19:46,L-220,Greta Sorensen
POD43203,SH103918,2026-03-03 08:30,L-249,Carmen Lindgren
POD43204,SH103920,2025-06-23 13:57,L-249,Priya Hansen
POD43205,SH103921,2026-01-11 15:15,L-242,Omar Dvorak
POD43206,SH103922,2025-06-02 11:20,L-215,Ines Petrov
POD43207,SH103923,2025-12-24 21:32,L-244,Rosa Fuentes
POD43208,SH103924,2025-02-23 08:27,L-215,Tomas Hansen
POD43209,SH103925,2025-12-27 13:33,L-248,Mei Kovacs
POD43210,SH103926,2025-05-02 17:38,L-217,Priya Sorensen
POD43211,SH103928,2025-05-08 18:29,L-226,Nadia Brennan
POD43212,SH103929,2025-06-02 11:16,L-232,Elena Petrov
POD43213,SH103931,2025-08-14 12:31,L-224,Priya Novak
POD43214,SH103932,2025-03-05 17:58,L-239,Jonas Gallo
POD43215,SH103934,2025-11-24 21:17,L-201,Priya Marek
POD43216,SH103935,2026-02-05 17:21,L-214,Femi Petrov
POD43217,SH103936,2026-05-08 16:22,L-227,Carmen Marek
POD43218,SH103937,2025-03-26 06:36,L-203,Boris Lindgren
POD43219,SH103938,2025-07-17 07:16,L-238,Katya Dvorak
POD43220,SH103939,2025-07-29 15:20,L-245,Greta Riva
POD43221,SH103940,2026-01-11 11:50,L-259,Femi Adler
POD43222,SH103942,2025-08-30 14:54,L-202,Priya Lindgren
POD43223,SH103943,2025-10-02 08:57,L-260,Boris Adler
POD43224,SH103944,2026-04-19 20:52,L-233,Nadia Novak
POD43225,SH103945,2025-07-23 20:27,L-259,Elena Dvorak
POD43226,SH103946,2025-07-21 21:36,L-208,Elena Hansen
POD43227,SH103947,2025-04-21 12:41,L-213,Hamid Petrov
POD43228,SH103948,2025-01-21 14:02,L-213,Omar Jensen
POD43229,SH103951,2025-11-21 16:37,L-229,Aisha Dvorak
POD43230,SH103952,2025-08-04 19:19,L-214,Rosa Riva
POD43231,SH103953,2025-11-08 18:49,L-241,Katya Gallo
POD43232,SH103954,2026-02-04 08:30,L-259,Femi Iqbal
POD43233,SH103955,2025-04-30 19:11,L-215,Hamid Marek
POD43234,SH103956,2025-10-29 17:25,L-252,Katya Lindgren
POD43235,SH103958,2025-03-19 20:41,L-234,Lars Petrov
POD43236,SH103959,2025-01-08 17:39,L-204,Lars Riva
POD43237,SH103961,2025-03-28 20:13,L-236,Nadia Dvorak
POD43238,SH103962,2025-11-28 20:25,L-230,Elena Jensen
POD43239,SH103963,2026-01-26 09:15,L-254,Greta Gallo
POD43240,SH103964,2026-02-09 17:49,L-214,Hamid Quist
POD43241,SH103965,2026-04-29 21:53,L-248,Quinn Adler
POD43242,SH103966,2026-01-03 08:29,L-207,Rosa Kovacs
POD43243,SH103967,2025-05-29 17:52,L-243,Femi Petrov
POD43244,SH103968,2025-06-10 20:45,L-214,Mei Hansen
POD43245,SH103969,2025-08-12 17:16,L-235,Tomas Dvorak
POD43246,SH103970,2025-04-24 19:05,L-244,Nadia Jensen
POD43247,SH103971,2025-12-19 15:27,L-249,Carmen Tanaka
POD43248,SH103972,2025-08-05 20:14,L-228,Boris Costa
POD43249,SH103973,2025-09-26 06:44,L-233,Dev Novak
POD43250,SH103974,2025-11-29 09:42,L-211,Katya Tanaka
POD43251,SH103975,2025-10-12 08:26,L-216,Nadia Kovacs
POD43252,SH103977,2025-09-28 12:17,L-246,Hamid Tanaka
POD43253,SH103979,2025-07-12 13:52,L-219,Quinn Riva
POD43254,SH103980,2025-09-19 11:08,L-255,Stefan Gallo
POD43255,SH103981,2026-02-03 08:20,L-210,Carmen Brennan
POD43256,SH103982,2025-01-31 16:12,L-258,Boris Tanaka
POD43257,SH103983,2025-10-25 20:33,L-222,Tomas Adler
POD43258,SH103984,2025-06-02 17:11,L-239,Rosa Iqbal
POD43259,SH103987,2025-03-11 06:24,L-218,Katya Kovacs
POD43260,SH103989,2026-02-03 10:13,L-220,Lars Jensen
POD43261,SH103991,2025-06-05 10:55,L-258,Lars Adler
POD43262,SH103992,2025-08-23 12:23,L-231,Nadia Marek
POD43263,SH103993,2026-04-16 10:21,L-260,Carmen Fuentes
POD43264,SH103994,2026-01-04 06:26,L-227,Carmen Adler
POD43265,SH103995,2025-11-27 20:32,L-204,Katya Okafor
POD43266,SH103996,2025-04-14 13:33,L-225,Boris Petrov
POD43267,SH103999,2025-04-17 15:36,L-239,Omar Adler
POD43268,SH104000,2025-08-17 12:59,L-244,Aisha Tanaka
POD43269,SH104001,2025-03-11 09:50,L-253,Elena Brennan
POD43270,SH104002,2025-07-06 06:25,L-235,Jonas Gallo
POD43271,SH104003,2026-03-15 09:20,L-212,Elena Kovacs
POD43272,SH104005,2025-09-07 09:11,L-227,Femi Dvorak
POD43273,SH104006,2025-12-28 08:21,L-249,Greta Tanaka
POD43274,SH104007,2025-08-16 21:38,L-237,Mei Sorensen
POD43275,SH104008,2025-05-25 09:49,L-204,Stefan Lindgren
POD43276,SH104009,2025-07-21 06:21,L-218,Quinn Eriksen
POD43277,SH104010,2026-01-21 16:59,L-229,Boris Novak
POD43278,SH104012,2025-03-20 14:51,L-249,Quinn Okafor
POD43279,SH104014,2025-02-15 09:12,L-252,Priya Jensen
POD43280,SH104015,2025-08-28 08:35,L-232,Aisha Adler
POD43281,SH104016,2026-03-23 10:06,L-250,Katya Fuentes
POD43282,SH104017,2025-04-20 18:13,L-252,Jonas Tanaka
POD43283,SH104018,2025-10-17 06:05,L-254,Omar Quist
POD43284,SH104019,2026-05-02 06:10,L-237,Lars Jensen
POD43285,SH104021,2025-04-25 13:24,L-210,Femi Novak
POD43286,SH104022,2025-02-17 14:07,L-214,Hamid Novak
POD43287,SH104023,2025-05-11 08:06,L-227,Omar Adler
POD43288,SH104025,2025-07-09 07:27,L-256,Tomas Okafor
POD43289,SH104026,2025-06-19 06:18,L-230,Stefan Jensen
POD43290,SH104027,2026-02-02 19:03,L-259,Jonas Eriksen
POD43291,SH104028,2025-07-29 16:15,L-248,Quinn Marek
POD43292,SH104029,2025-08-24 14:14,L-244,Lars Marek
POD43293,SH104031,2026-02-25 06:10,L-213,Boris Iqbal
POD43294,SH104032,2025-11-10 10:55,L-233,Aisha Costa
POD43295,SH104033,2025-02-18 08:32,L-235,Katya Jensen
POD43296,SH104034,2025-06-06 10:47,L-203,Priya Tanaka
POD43297,SH104035,2025-08-25 20:23,L-258,Femi Okafor
POD43298,SH104037,2025-11-14 20:17,L-250,Mei Gallo
POD43299,SH104039,2025-12-30 10:39,L-235,Stefan Okafor
POD43300,SH104040,2025-07-22 21:35,L-203,Elena Costa
POD43301,SH104041,2025-10-16 08:31,L-250,Elena Lindgren
POD43302,SH104043,2026-02-04 17:26,L-234,Tomas Dvorak
POD43303,SH104044,2025-05-13 18:44,L-239,Omar Brennan
POD43304,SH104045,2025-07-30 11:14,L-250,Jonas Fuentes
POD43305,SH104046,2025-03-19 12:13,L-242,Aisha Okafor
POD43306,SH104047,2025-11-20 18:33,L-251,Lars Tanaka
POD43307,SH104048,2025-05-12 10:31,L-220,Rosa Jensen
POD43308,SH104049,2026-03-09 18:15,L-214,Omar Hansen
POD43309,SH104051,2026-01-20 19:46,L-203,Boris Sorensen
POD43310,SH104052,2026-03-16 20:56,L-244,Dev Costa
POD43311,SH104054,2026-04-02 12:37,L-220,Greta Jensen
POD43312,SH104055,2026-02-05 21:10,L-248,Ines Hansen
POD43313,SH104056,2026-04-01 15:22,L-204,Jonas Eriksen
POD43314,SH104057,2025-08-12 08:33,L-211,Ines Petrov
POD43315,SH104058,2026-04-11 07:42,L-250,Katya Costa
POD43316,SH104059,2026-03-11 21:22,L-233,Hamid Jensen
POD43317,SH104060,2025-10-13 13:58,L-232,Rosa Brennan
POD43318,SH104061,2025-06-21 15:51,L-255,Boris Jensen
POD43319,SH104062,2025-06-23 07:05,L-229,Greta Quist
POD43320,SH104063,2025-08-10 19:28,L-210,Jonas Hansen
POD43321,SH104064,2026-03-23 13:45,L-207,Stefan Brennan
POD43322,SH104067,2025-11-27 09:53,L-240,Katya Costa
POD43323,SH104069,2026-04-18 14:28,L-220,Carmen Jensen
POD43324,SH104070,2026-03-22 20:54,L-241,Tomas Hansen
POD43325,SH104071,2025-06-14 08:51,L-206,Mei Costa
POD43326,SH104074,2025-06-24 21:31,L-218,Hamid Tanaka
POD43327,SH104075,2025-01-21 06:58,L-211,Boris Hansen
POD43328,SH104077,2026-04-06 08:17,L-205,Jonas Brennan
POD43329,SH104078,2025-10-21 17:42,L-233,Aisha Brennan
POD43330,SH104079,2025-07-06 17:33,L-215,Katya Brennan
POD43331,SH104081,2025-01-22 17:26,L-208,Hamid Quist
POD43332,SH104082,2025-02-16 09:22,L-211,Tomas Iqbal
POD43333,SH104084,2025-07-12 06:51,L-208,Jonas Costa
POD43334,SH104085,2026-02-24 17:22,L-254,Femi Okafor
POD43335,SH104086,2026-01-04 18:56,L-219,Stefan Adler
POD43336,SH104087,2026-02-12 15:49,L-209,Tomas Petrov
POD43337,SH104090,2025-02-12 21:14,L-209,Rosa Iqbal
POD43338,SH104091,2025-02-06 08:33,L-204,Aisha Petrov
POD43339,SH104092,2025-04-27 06:27,L-217,Katya Costa
POD43340,SH104093,2025-01-07 14:02,L-229,Katya Costa
POD43341,SH104094,2026-03-24 16:47,L-250,Jonas Petrov
POD43342,SH104096,2025-10-16 17:47,L-235,Tomas Lindgren
POD43343,SH104097,2025-12-20 12:28,L-239,Nadia Fuentes
POD43344,SH104098,2025-11-29 11:52,L-203,Dev Quist
POD43345,SH104099,2025-07-11 14:59,L-231,Hamid Riva
POD43346,SH104101,2026-04-26 09:17,L-243,Dev Adler
POD43347,SH104102,2026-03-04 08:25,L-258,Carmen Gallo
POD43348,SH104104,2026-01-27 21:40,L-246,Nadia Adler
POD43349,SH104105,2025-05-27 08:04,L-234,Tomas Adler
POD43350,SH104106,2025-06-22 08:06,L-252,Omar Riva
POD43351,SH104108,2025-07-22 17:17,L-254,Omar Marek
POD43352,SH104109,2025-05-16 10:56,L-226,Hamid Quist
POD43353,SH104111,2026-02-17 08:01,L-248,Stefan Gallo
POD43354,SH104112,2025-04-05 20:06,L-251,Greta Hansen
POD43355,SH104113,2025-06-04 11:04,L-254,Omar Iqbal
POD43356,SH104115,2025-08-17 07:40,L-231,Elena Hansen
POD43357,SH104116,2026-02-23 07:32,L-228,Carmen Novak
POD43358,SH104120,2026-05-14 10:27,L-211,Nadia Adler
POD43359,SH104121,2025-02-17 20:23,L-235,Femi Petrov
POD43360,SH104122,2026-03-14 16:30,L-238,Quinn Novak
POD43361,SH104124,2025-04-22 21:46,L-242,Ines Okafor
POD43362,SH104125,2025-08-19 15:52,L-252,Aisha Gallo
POD43363,SH104126,2025-03-04 18:33,L-255,Priya Dvorak
POD43364,SH104127,2025-07-16 19:59,L-260,Omar Novak
POD43365,SH104128,2026-05-21 11:56,L-202,Omar Tanaka
POD43366,SH104129,2026-05-06 08:26,L-246,Stefan Eriksen
POD43367,SH104130,2025-02-01 21:05,L-259,Mei Jensen
POD43368,SH104131,2026-02-23 09:30,L-218,Greta Dvorak
POD43369,SH104132,2026-01-19 09:06,L-253,Dev Gallo
POD43370,SH104133,2025-06-18 07:00,L-257,Aisha Gallo
POD43371,SH104134,2025-01-03 19:53,L-260,Carmen Petrov
POD43372,SH104136,2026-03-23 12:07,L-251,Tomas Sorensen
POD43373,SH104137,2025-10-26 21:43,L-237,Lars Riva
POD43374,SH104138,2025-01-21 10:35,L-213,Mei Quist
POD43375,SH104139,2025-10-18 20:29,L-258,Carmen Petrov
POD43376,SH104140,2025-05-03 08:18,L-207,Katya Dvorak
POD43377,SH104141,2025-09-29 09:04,L-238,Omar Jensen
POD43378,SH104142,2025-09-29 08:19,L-201,Lars Adler
POD43379,SH104143,2025-09-23 20:03,L-239,Stefan Marek
POD43380,SH104144,2025-07-31 06:03,L-244,Boris Quist
POD43381,SH104146,2025-08-05 17:07,L-239,Omar Kovacs
POD43382,SH104147,2025-08-07 11:02,L-202,Hamid Tanaka
POD43383,SH104148,2025-02-09 08:54,L-221,Tomas Eriksen
POD43384,SH104149,2025-10-03 10:10,L-238,Ines Lindgren
POD43385,SH104150,2025-09-30 13:08,L-211,Nadia Costa
POD43386,SH104152,2026-04-20 14:40,L-243,Lars Fuentes
POD43387,SH104154,2025-09-12 15:40,L-212,Boris Riva
POD43388,SH104155,2025-10-24 11:56,L-212,Jonas Tanaka
POD43389,SH104156,2025-07-27 06:41,L-252,Aisha Fuentes
POD43390,SH104157,2025-06-29 13:35,L-233,Katya Fuentes
POD43391,SH104158,2025-12-08 06:40,L-229,Greta Okafor
POD43392,SH104159,2025-12-11 21:16,L-208,Jonas Novak
POD43393,SH104160,2025-05-23 07:54,L-227,Quinn Kovacs
POD43394,SH104161,2026-03-07 07:41,L-256,Katya Dvorak
POD43395,SH104162,2025-02-09 16:49,L-221,Mei Riva
POD43396,SH104163,2026-04-27 16:07,L-205,Nadia Jensen
POD43397,SH104164,2026-01-05 21:46,L-208,Tomas Kovacs
POD43398,SH104165,2026-02-14 13:09,L-257,Rosa Iqbal
POD43399,SH104166,2025-09-15 17:58,L-231,Aisha Kovacs
POD43400,SH104168,2026-03-30 07:45,L-243,Elena Kovacs
POD43401,SH104169,2026-01-15 18:08,L-213,Carmen Kovacs
POD43402,SH104170,2025-11-29 07:09,L-253,Tomas Fuentes
POD43403,SH104171,2025-12-11 19:40,L-224,Nadia Adler
POD43404,SH104172,2025-03-23 19:18,L-215,Mei Novak
POD43405,SH104173,2026-04-24 10:24,L-246,Mei Kovacs
POD43406,SH104174,2025-06-03 07:23,L-219,Nadia Dvorak
POD43407,SH104175,2025-11-21 09:12,L-224,Katya Petrov
POD43408,SH104176,2025-03-19 15:05,L-243,Lars Iqbal
POD43409,SH104177,2025-02-12 11:31,L-204,Rosa Brennan
POD43410,SH104178,2025-06-09 19:22,L-238,Elena Adler
POD43411,SH104179,2025-11-15 08:35,L-235,Jonas Iqbal
POD43412,SH104180,2025-05-03 12:09,L-256,Jonas Novak
POD43413,SH104181,2025-07-11 18:31,L-217,Hamid Brennan
POD43414,SH104184,2025-10-01 16:35,L-238,Hamid Okafor
POD43415,SH104185,2025-12-01 14:54,L-240,Greta Costa
POD43416,SH104186,2025-05-13 13:30,L-236,Tomas Lindgren
POD43417,SH104187,2025-02-18 15:02,L-220,Boris Marek
POD43418,SH104189,2025-08-29 14:28,L-231,Hamid Lindgren
POD43419,SH104190,2026-03-03 12:45,L-240,Stefan Iqbal
POD43420,SH104192,2026-03-08 20:13,L-259,Elena Lindgren
POD43421,SH104193,2026-05-10 19:58,L-257,Carmen Petrov
POD43422,SH104194,2025-04-13 06:49,L-212,Elena Tanaka
POD43423,SH104196,2025-10-08 19:14,L-213,Katya Novak
POD43424,SH104197,2025-11-28 19:58,L-248,Rosa Brennan
POD43425,SH104198,2025-07-13 20:39,L-221,Stefan Gallo
POD43426,SH104199,2026-05-22 11:00,L-219,Priya Hansen
POD43427,SH104200,2026-04-26 06:56,L-206,Priya Okafor
