Id,Date,cust_ref,svc,carrier_cd,orig,dest,START,END,wgt,wgt_uom,pieces,Amount,ccy,Status
SH100001,2025-01-03,P-1036,SVC3,GRYP,L-246,L-222,2025-01-06 16:16,2025-01-10 20:25,704.2,LB,7,161.46,GBP,DELIVERED
SH100002,2025-05-29,P-1063,SVC3,EGRT,L-244,L-229,2025-06-01 11:04,2025-06-03 16:03,849.3,KG,26,378.65,GBP,DELIVERED
SH100003,2026-02-28,P-1197,SVC2,DNUB,L-246,L-260,,,1133.3,KG,3,776.53,GBP,BOOKED
SH100004,2025-01-12,P-1160,SVC2,EGRT,L-241,L-216,2025-01-15 11:47,,943.3,LB,15,326.47,GBP,IN_TRANSIT
SH100005,2025-04-05,P-1231,SVC3,DNUB,L-233,L-219,,,738.2,LB,24,181.58,EUR,CANCELLED
SH100006,2026-03-16,P-1015,SVC1,BLTC,L-241,L-258,2026-03-19 16:08,2026-03-25 09:51,100.3,KG,25,109.28,GBP,DELIVERED
SH100007,2025-03-05,P-1188,SVC4,GRYP,L-216,L-214,2025-03-06 14:23,2025-03-12 18:41,370.4,KG,22,190.95,GBP,DELIVERED
SH100008,2025-07-28,P-1185,SVC5,GRYP,L-241,L-229,2025-07-28 07:34,2025-08-01 19:58,738.1,KG,24,331.38,GBP,DELIVERED
SH100009,2025-09-01,P-1052,SVC1,FNCH,L-206,L-251,2025-09-04 16:40,2025-09-10 10:18,1142.8,KG,25,791.37,GBP,DELIVERED
SH100010,2025-01-17,P-1155,SVC1,DNUB,L-215,L-206,2025-01-19 12:49,2025-01-20 18:39,230.6,LB,4,94.49,GBP,DELIVERED
SH100011,2025-08-23,P-1186,SVC3,ARRW,L-202,L-209,2025-08-26 16:55,2025-09-02 19:21,1226.4,LB,17,267.08,GBP,DELIVERED
SH100012,2025-05-16,P-1146,SVC3,GRYP,L-204,L-252,2025-05-19 08:55,2025-05-21 07:32,258.3,LB,12,74.81,GBP,DELIVERED
SH100013,2025-06-29,P-1132,SVC4,BLTC,L-259,L-206,2025-07-01 10:11,2025-07-02 14:04,956.0,LB,25,223.84,GBP,DELIVERED
SH100014,2025-10-06,P-1118,SVC5,ARRW,L-251,L-201,,,28.5,LB,6,20.06,GBP,CANCELLED
SH100015,2026-02-18,P-1176,SVC6,FNCH,L-201,L-231,2026-02-18 12:58,,823.3,KG,7,377.50,GBP,IN_TRANSIT
SH100016,2025-08-21,P-1221,SVC3,DNUB,L-230,L-251,,,494.1,KG,26,224.25,GBP,BOOKED
SH100017,2026-02-08,P-1134,SVC1,ARRW,L-221,L-237,2026-02-09 12:55,2026-02-10 18:51,59.7,KG,11,76.25,GBP,DELIVERED
SH100018,2025-09-18,P-1082,SVC3,BLTC,L-244,L-231,2025-09-21 16:14,2025-09-22 19:54,139.5,LB,19,45.50,EUR,DELIVERED
SH100019,2025-09-02,P-1211,SVC5,DNUB,L-218,L-233,,,183.7,LB,20,70.72,GBP,CANCELLED
SH100020,2025-03-12,P-1002,SVC6,ARRW,L-215,L-251,2025-03-12 06:18,2025-03-19 18:31,435.0,KG,15,222.46,EUR,DELIVERED
SH100021,2026-03-25,P-1047,SVC3,FNCH,L-240,L-218,2026-03-26 08:22,,1201.7,LB,3,255.67,EUR,IN_TRANSIT
SH100022,2025-02-04,P-1023,SVC3,BLTC,L-238,L-208,2025-02-07 17:36,2025-02-08 13:34,1061.4,KG,7,482.43,EUR,DELIVERED
SH100023,2025-01-11,P-1178,SVC3,DNUB,L-213,L-251,2025-01-12 19:47,2025-01-16 06:46,383.8,LB,20,106.08,EUR,DELIVERED
SH100024,2025-07-18,P-1066,SVC3,ARRW,L-259,L-226,2025-07-19 13:45,2025-07-28 09:29,803.8,KG,13,371.80,EUR,DELIVERED
SH100025,2025-02-23,P-1017,SVC3,BLTC,L-251,L-220,2025-02-26 16:37,2025-03-01 14:35,145.5,KG,26,82.38,GBP,DELIVERED
SH100026,2026-01-13,P-1192,SVC3,BLTC,L-246,L-206,,,1256.8,LB,9,254.29,GBP,CANCELLED
SH100027,2025-04-13,P-1032,SVC4,EGRT,L-217,L-206,2025-04-14 07:46,2025-04-16 15:47,1304.3,KG,5,569.80,GBP,DELIVERED
SH100028,2025-06-09,P-1184,SVC2,BLTC,L-232,L-254,2025-06-12 21:47,,311.8,LB,6,131.60,GBP,IN_TRANSIT
SH100029,2025-01-14,P-1138,SVC1,DNUB,L-216,L-226,2025-01-17 08:37,2025-01-18 07:38,715.0,KG,4,502.14,GBP,DELIVERED
SH100030,2026-04-02,P-1197,SVC2,CDRX,L-214,L-236,,,223.2,LB,8,96.18,GBP,BOOKED
SH100031,2025-04-24,P-1068,SVC5,GRYP,L-251,L-248,2025-04-27 17:51,2025-04-28 18:02,70.7,KG,17,66.08,GBP,DELIVERED
SH100032,2025-01-07,P-1096,SVC3,ARRW,L-238,L-231,2025-01-08 14:45,2025-01-12 07:18,170.2,KG,14,96.33,EUR,DELIVERED
SH100033,2025-12-25,P-1160,SVC2,ARRW,L-203,L-204,2025-12-28 08:15,2026-01-01 15:21,985.6,KG,15,676.39,GBP,DELIVERED
SH100034,2025-07-09,P-1055,SVC3,ARRW,L-242,L-220,,,130.2,LB,11,58.15,GBP,CANCELLED
SH100035,2025-10-05,P-1120,SVC1,CDRX,L-260,L-206,2025-10-05 07:17,2025-10-06 12:15,837.3,KG,12,599.22,GBP,DELIVERED
SH100036,2025-12-15,P-1015,SVC2,BLTC,L-256,L-201,2025-12-16 15:47,2025-12-17 15:49,444.7,LB,12,152.51,GBP,DELIVERED
SH100037,2025-01-22,P-1186,SVC2,EGRT,L-240,L-229,2025-01-22 14:52,2025-01-25 12:56,830.8,KG,11,583.77,GBP,DELIVERED
SH100038,2025-04-30,P-1033,SVC2,CDRX,L-236,L-220,2025-05-03 09:14,2025-05-05 21:50,81.6,LB,13,62.67,GBP,DELIVERED
SH100039,2025-09-13,P-1076,SVC2,DNUB,L-203,L-202,2025-09-16 08:01,,551.4,KG,12,404.17,GBP,IN_TRANSIT
SH100040,2025-04-22,P-1234,SVC3,ARRW,L-238,L-214,2025-04-24 21:13,2025-04-28 20:53,711.1,KG,17,340.73,GBP,DELIVERED
SH100041,2025-09-26,P-1017,SVC6,CDRX,L-225,L-224,,,653.8,LB,3,154.79,EUR,CANCELLED
SH100042,2025-04-02,P-1003,SVC3,CDRX,L-211,L-224,2025-04-02 16:44,2025-04-05 11:20,428.6,KG,10,207.06,GBP,DELIVERED
SH100043,2025-03-13,P-1183,SVC4,ARRW,L-253,L-256,2025-03-13 10:29,2025-03-16 17:32,1240.2,KG,20,563.68,EUR,DELIVERED
SH100044,2025-01-04,P-1035,SVC1,CDRX,L-212,L-208,2025-01-07 07:38,2025-01-08 18:56,1323.8,LB,25,431.98,GBP,DELIVERED
SH100045,2026-02-07,P-1022,SVC3,ARRW,L-260,L-250,2026-02-10 07:41,2026-02-16 20:10,259.2,KG,22,136.55,EUR,DELIVERED
SH100046,2025-10-23,P-1129,SVC4,BLTC,L-242,L-226,2025-10-25 06:32,2025-11-03 12:49,384.1,KG,18,187.56,GBP,DELIVERED
SH100047,2026-02-07,P-1174,SVC3,FNCH,L-208,L-201,2026-02-09 18:15,2026-02-10 10:49,1240.2,KG,13,534.38,GBP,DELIVERED
SH100048,2025-09-04,P-1216,SVC3,ARRW,L-220,L-224,2025-09-06 19:01,2025-09-12 14:20,333.1,KG,3,163.95,GBP,DELIVERED
SH100049,2025-10-08,P-1233,SVC5,DNUB,L-215,L-203,2025-10-10 07:17,2025-10-16 21:14,214.0,LB,1,69.70,EUR,DELIVERED
SH100050,2025-12-09,P-1121,SVC1,EGRT,L-217,L-241,2025-12-09 18:17,2025-12-15 20:20,35.1,LB,20,42.69,EUR,DELIVERED
SH100051,2026-02-27,P-1020,SVC4,BLTC,L-247,L-225,2026-03-01 19:57,2026-03-05 11:40,1381.9,KG,15,618.66,GBP,DELIVERED
SH100052,2026-02-17,P-1177,SVC5,GRYP,L-229,L-248,,,915.3,KG,24,406.83,GBP,BOOKED
SH100053,2025-05-23,P-1043,SVC2,DNUB,L-218,L-207,,,1190.9,KG,26,819.29,GBP,BOOKED
SH100054,2025-09-06,P-1144,SVC5,BLTC,L-211,L-201,2025-09-06 18:35,2025-09-10 10:46,524.9,KG,23,243.41,GBP,DELIVERED
SH100055,2025-02-15,P-1215,SVC5,FNCH,L-228,L-240,2025-02-17 07:28,2025-02-18 21:36,22.9,KG,25,51.64,GBP,DELIVERED
SH100056,2025-03-25,P-1059,SVC2,CDRX,L-251,L-216,2025-03-27 20:35,2025-03-29 15:46,243.0,KG,15,197.89,GBP,DELIVERED
SH100057,2025-10-15,P-1161,SVC3,GRYP,L-227,L-210,2025-10-17 06:46,2025-10-20 06:32,1375.8,KG,16,608.59,GBP,DELIVERED
SH100058,2025-11-27,P-1213,SVC1,EGRT,L-246,L-240,2025-11-28 12:06,2025-12-04 06:11,643.4,KG,21,453.93,GBP,DELIVERED
SH100059,2025-06-08,P-1078,SVC2,EGRT,L-254,L-235,,,132.2,LB,11,76.93,GBP,CANCELLED
SH100060,2025-01-18,P-1148,SVC2,FNCH,L-210,L-227,2025-01-21 10:09,2025-01-22 18:36,754.6,KG,17,527.71,GBP,DELIVERED
SH100061,2025-06-16,P-1188,SVC3,DNUB,L-251,L-207,2025-06-19 17:24,2025-06-20 07:53,649.8,KG,15,306.04,GBP,DELIVERED
SH100062,2026-04-03,P-1056,SVC1,ARRW,L-229,L-258,2026-04-04 12:30,2026-04-05 15:51,1386.3,KG,13,951.51,GBP,DELIVERED
SH100063,2025-12-14,P-1081,SVC6,EGRT,L-247,L-240,2025-12-15 17:32,2025-12-22 09:05,1171.4,KG,17,505.35,GBP,DELIVERED
SH100064,2025-12-10,P-1142,SVC3,EGRT,L-258,L-212,2025-12-13 20:36,,1309.3,LB,2,263.00,GBP,IN_TRANSIT
SH100065,2025-12-06,P-1089,SVC3,FNCH,L-216,L-248,2025-12-08 07:20,2025-12-10 13:00,1280.4,LB,23,265.75,GBP,DELIVERED
SH100066,2026-01-18,P-1125,SVC5,DNUB,L-211,L-253,2026-01-20 09:51,2026-01-25 13:00,927.5,KG,1,420.59,EUR,DELIVERED
SH100067,2026-04-18,P-1216,SVC4,BLTC,L-207,L-203,2026-04-20 15:47,2026-04-21 19:38,658.3,KG,22,295.99,GBP,DELIVERED
SH100068,2025-09-23,P-1127,SVC5,EGRT,L-215,L-205,2025-09-26 14:13,2025-09-28 20:01,483.0,LB,2,107.02,EUR,DELIVERED
SH100069,2025-11-27,P-1225,SVC2,FNCH,L-226,L-231,2025-11-29 06:24,2025-11-30 17:20,1061.9,KG,22,735.43,GBP,DELIVERED
SH100070,2026-05-07,P-1058,SVC5,FNCH,L-250,L-252,2026-05-07 14:26,,870.9,KG,18,385.56,GBP,IN_TRANSIT
SH100071,2025-07-17,P-1044,SVC5,ARRW,L-204,L-260,2025-07-19 13:54,2025-07-21 18:43,774.5,LB,23,174.20,GBP,DELIVERED
SH100072,2025-09-04,P-1050,SVC5,DNUB,L-256,L-235,2025-09-05 21:50,,99.7,LB,14,36.77,GBP,IN_TRANSIT
SH100073,2025-01-24,P-1003,SVC4,DNUB,L-211,L-214,,,146.7,KG,2,97.88,GBP,CANCELLED
SH100074,2025-07-26,P-1176,SVC3,BLTC,L-215,L-256,2025-07-28 09:04,2025-08-06 13:49,703.9,KG,17,311.45,GBP,DELIVERED
SH100075,2026-01-26,P-1153,SVC1,DNUB,L-236,L-242,,,302.2,KG,22,227.31,GBP,CANCELLED
SH100076,2025-04-16,P-1186,SVC2,CDRX,L-241,L-215,2025-04-17 11:49,2025-04-20 12:56,202.4,KG,6,161.35,EUR,DELIVERED
SH100077,2025-04-08,P-1208,SVC2,ARRW,L-220,L-242,2025-04-10 19:07,2025-04-12 06:34,495.1,LB,13,173.61,GBP,DELIVERED
SH100078,2025-02-24,P-1191,SVC2,BLTC,L-255,L-210,2025-02-27 08:46,2025-02-28 09:07,595.5,KG,8,441.20,GBP,DELIVERED
SH100079,2025-03-23,P-1117,SVC4,DNUB,L-232,L-204,2025-03-26 11:11,2025-04-05 17:54,1065.1,KG,14,485.09,GBP,DELIVERED
SH100080,2025-01-07,P-1169,SVC4,BLTC,L-201,L-238,2025-01-07 08:59,,582.5,KG,7,270.85,EUR,IN_TRANSIT
SH100081,2026-04-17,P-1170,SVC6,EGRT,L-212,L-236,2026-04-19 14:48,2026-04-22 10:03,258.6,LB,3,85.78,GBP,DELIVERED
SH100082,2025-05-02,P-1219,SVC5,GRYP,L-249,L-242,2025-05-03 21:19,2025-05-04 13:30,1350.2,KG,12,584.50,GBP,DELIVERED
SH100083,2025-06-21,P-1189,SVC1,ARRW,L-229,L-204,2025-06-23 15:33,2025-06-24 21:10,309.4,KG,2,242.15,GBP,DELIVERED
SH100084,2025-01-21,P-1222,SVC2,ARRW,L-254,L-216,2025-01-24 15:07,2025-01-30 21:11,176.1,KG,7,149.94,GBP,DELIVERED
SH100085,2025-07-15,P-1219,SVC3,CDRX,L-213,L-238,2025-07-18 09:39,2025-07-19 18:13,71.8,KG,25,58.95,GBP,DELIVERED
SH100086,2025-03-01,P-1234,SVC1,FNCH,L-224,L-255,2025-03-03 18:38,2025-03-04 13:00,219.8,KG,8,165.37,GBP,DELIVERED
SH100087,2025-02-07,P-1133,SVC2,CDRX,L-248,L-253,2025-02-07 17:15,2025-02-09 16:10,723.6,LB,1,246.45,GBP,DELIVERED
SH100088,2025-10-21,P-1105,SVC5,ARRW,L-208,L-228,2025-10-22 17:39,2025-11-01 20:52,1045.3,KG,7,463.88,GBP,DELIVERED
SH100089,2025-09-04,P-1191,SVC3,DNUB,L-226,L-205,2025-09-04 15:13,2025-09-05 19:46,540.1,KG,16,251.96,GBP,DELIVERED
SH100090,2025-10-28,P-1161,SVC1,EGRT,L-231,L-258,2025-10-29 16:23,2025-10-30 10:11,1247.0,LB,12,416.91,GBP,DELIVERED
SH100091,2025-01-16,P-1080,SVC1,GRYP,L-255,L-249,2025-01-19 16:41,2025-01-20 16:14,1037.2,KG,18,722.07,GBP,DELIVERED
SH100092,2025-05-15,P-1017,SVC3,GRYP,L-244,L-258,2025-05-15 12:50,2025-05-17 18:07,29.9,LB,26,27.13,GBP,DELIVERED
SH100093,2026-03-28,P-1230,SVC5,BLTC,L-247,L-238,2026-03-31 07:30,2026-04-05 18:25,593.3,LB,8,147.82,GBP,DELIVERED
SH100094,2025-05-04,P-1109,SVC3,ARRW,L-224,L-256,2025-05-07 12:24,2025-05-11 09:58,465.4,KG,6,235.39,GBP,DELIVERED
SH100095,2025-12-16,P-1181,SVC3,DNUB,L-234,L-246,2025-12-17 09:30,2025-12-18 15:10,304.6,LB,26,91.93,GBP,DELIVERED
SH100096,2025-03-29,P-1054,SVC6,FNCH,L-240,L-222,,,397.6,KG,18,187.53,GBP,CANCELLED
SH100097,2025-05-14,P-1082,SVC3,DNUB,L-237,L-230,2025-05-16 11:07,,222.5,KG,26,108.41,GBP,IN_TRANSIT
SH100098,2025-02-20,P-1056,SVC2,DNUB,L-202,L-241,2025-02-21 15:25,2025-02-22 11:03,1238.0,LB,21,416.89,GBP,DELIVERED
SH100099,2025-09-21,P-1151,SVC2,EGRT,L-251,L-242,2025-09-21 14:24,,818.3,LB,26,268.45,GBP,IN_TRANSIT
SH100100,2026-01-26,P-1174,SVC3,FNCH,L-206,L-245,2026-01-26 15:47,2026-01-30 17:57,1166.4,LB,5,240.67,EUR,DELIVERED
SH100101,2025-03-15,P-1164,SVC2,BLTC,L-251,L-253,2025-03-18 19:38,2025-03-19 17:58,1306.8,KG,22,904.45,EUR,DELIVERED
SH100102,2025-09-14,P-1021,SVC2,FNCH,L-207,L-230,2025-09-14 14:48,,581.4,KG,5,409.07,GBP,IN_TRANSIT
SH100103,2026-01-22,P-1190,SVC5,DNUB,L-254,L-225,,,1287.4,KG,15,564.13,GBP,BOOKED
SH100104,2025-07-06,P-1068,SVC4,BLTC,L-201,L-221,2025-07-09 07:44,2025-07-21 08:49,556.9,KG,15,274.27,GBP,DELIVERED
SH100105,2026-02-28,P-1004,SVC3,GRYP,L-256,L-205,2026-03-01 11:50,2026-03-03 14:34,870.6,KG,10,405.98,GBP,DELIVERED
SH100106,2026-05-10,P-1132,SVC6,CDRX,L-205,L-227,,,1391.8,KG,12,609.84,GBP,BOOKED
SH100107,2025-01-26,P-1032,SVC4,ARRW,L-231,L-205,2025-01-26 09:45,2025-01-27 21:08,1090.1,KG,17,494.78,GBP,DELIVERED
SH100108,2025-02-01,P-1208,SVC1,GRYP,L-236,L-207,2025-02-04 06:21,2025-02-05 08:16,918.3,KG,26,658.50,GBP,DELIVERED
SH100109,2026-03-26,P-1198,SVC3,FNCH,L-257,L-211,2026-03-28 14:59,,1041.8,KG,5,456.69,GBP,IN_TRANSIT
SH100110,2026-02-05,P-1023,SVC1,GRYP,L-230,L-224,,,869.8,KG,15,612.47,GBP,CANCELLED
SH100111,2025-11-30,P-1141,SVC4,FNCH,L-229,L-239,2025-11-30 21:32,2025-12-12 19:50,1090.2,KG,9,476.56,GBP,DELIVERED
SH100112,2025-07-09,P-1210,SVC3,ARRW,L-224,L-216,2025-07-10 10:34,2025-07-11 13:40,535.4,KG,13,251.50,GBP,DELIVERED
SH100113,2026-01-30,P-1002,SVC2,BLTC,L-207,L-217,2026-01-31 16:25,2026-02-01 18:06,1235.9,LB,16,393.23,GBP,DELIVERED
SH100114,2025-03-01,P-1157,SVC4,BLTC,L-251,L-243,2025-03-01 12:44,,1237.1,LB,5,251.03,EUR,IN_TRANSIT
SH100115,2025-04-23,P-1013,SVC3,ARRW,L-232,L-222,2025-04-24 12:00,2025-04-25 16:20,914.7,KG,6,408.90,GBP,DELIVERED
SH100116,2026-05-11,P-1213,SVC3,BLTC,L-246,L-260,2026-05-11 21:11,2026-05-13 15:06,1176.8,LB,20,262.90,GBP,DELIVERED
SH100117,2025-07-05,P-1192,SVC3,DNUB,L-260,L-236,2025-07-07 06:30,,1089.1,KG,7,482.43,GBP,IN_TRANSIT
SH100118,2025-06-24,P-1083,SVC3,FNCH,L-246,L-226,2025-06-27 17:53,2025-06-29 11:41,1368.3,LB,24,285.06,EUR,DELIVERED
SH100119,2025-01-04,P-1043,SVC3,ARRW,L-211,L-218,,,748.1,KG,14,327.36,EUR,BOOKED
SH100120,2025-12-17,P-1055,SVC4,EGRT,L-247,L-206,2025-12-19 16:18,2025-12-25 11:06,1089.2,KG,4,482.10,EUR,DELIVERED
SH100121,2025-05-27,P-1071,SVC1,FNCH,L-240,L-248,,,1162.2,KG,21,813.56,GBP,CANCELLED
SH100122,2025-12-13,P-1006,SVC6,CDRX,L-243,L-224,2025-12-15 10:41,2025-12-19 11:48,515.5,KG,6,258.40,GBP,DELIVERED
SH100123,2026-05-11,P-1131,SVC3,FNCH,L-255,L-258,,,142.7,KG,7,80.34,GBP,CANCELLED
SH100124,2025-01-09,P-1216,SVC6,CDRX,L-248,L-253,2025-01-11 11:27,2025-01-12 11:45,360.7,KG,22,187.32,GBP,DELIVERED
SH100125,2025-08-24,P-1086,SVC6,DNUB,L-218,L-236,2025-08-26 12:16,2025-08-27 13:34,616.5,KG,18,287.28,GBP,DELIVERED
SH100126,2025-04-18,P-1225,SVC1,BLTC,L-239,L-215,2025-04-19 16:10,,1233.8,KG,3,865.75,GBP,IN_TRANSIT
SH100127,2025-04-02,P-1066,SVC3,EGRT,L-250,L-236,2025-04-04 18:58,,262.7,KG,22,129.23,GBP,IN_TRANSIT
SH100128,2025-10-16,P-1095,SVC3,EGRT,L-228,L-208,2025-10-16 11:43,2025-10-19 11:57,70.7,KG,22,52.36,GBP,DELIVERED
SH100129,2025-07-26,P-1023,SVC2,CDRX,L-249,L-203,2025-07-29 08:43,2025-07-31 13:39,500.5,LB,25,169.41,EUR,DELIVERED
SH100130,2026-01-27,P-1085,SVC3,ARRW,L-246,L-201,2026-01-27 16:38,2026-01-29 17:27,63.4,KG,23,59.11,GBP,DELIVERED
SH100131,2025-05-02,P-1147,SVC4,EGRT,L-245,L-231,2025-05-02 12:25,2025-05-05 19:37,173.6,KG,24,106.07,GBP,DELIVERED
SH100132,2025-05-21,P-1231,SVC4,DNUB,L-203,L-201,2025-05-23 06:15,2025-05-30 11:44,849.1,KG,11,377.98,GBP,DELIVERED
SH100133,2026-05-17,P-1051,SVC4,ARRW,L-211,L-218,2026-05-19 09:26,2026-05-30 15:00,1278.3,LB,7,275.42,GBP,DELIVERED
SH100134,2026-02-14,P-1144,SVC5,EGRT,L-243,L-230,,,1213.0,LB,24,263.10,GBP,BOOKED
SH100135,2025-09-27,P-1175,SVC3,ARRW,L-248,L-232,2025-09-29 08:08,2025-10-03 11:35,219.8,LB,18,56.87,EUR,DELIVERED
SH100136,2025-05-06,P-1166,SVC1,EGRT,L-256,L-202,2025-05-06 11:52,2025-05-07 09:48,985.0,KG,14,688.45,GBP,DELIVERED
SH100137,2025-07-21,P-1162,SVC6,FNCH,L-246,L-219,2025-07-23 10:02,2025-07-26 07:21,691.8,LB,16,146.85,GBP,DELIVERED
SH100138,2026-02-27,P-1179,SVC6,BLTC,L-210,L-214,2026-03-01 19:12,2026-03-03 11:05,1393.8,KG,23,612.63,GBP,DELIVERED
SH100139,2025-04-15,P-1156,SVC1,EGRT,L-238,L-226,,,272.1,LB,17,120.71,GBP,CANCELLED
SH100140,2025-04-25,P-1233,SVC3,FNCH,L-244,L-230,,,568.6,LB,14,142.61,GBP,CANCELLED
SH100141,2025-09-28,P-1130,SVC2,FNCH,L-214,L-208,2025-09-30 16:44,2025-10-01 13:37,660.8,LB,22,225.52,GBP,DELIVERED
SH100142,2025-02-10,P-1105,SVC2,BLTC,L-253,L-214,2025-02-11 09:09,2025-02-13 10:15,706.2,KG,8,493.28,GBP,DELIVERED
SH100143,2025-07-24,P-1157,SVC2,DNUB,L-208,L-226,2025-07-27 10:11,2025-07-29 15:38,1200.3,KG,1,829.41,GBP,DELIVERED
SH100144,2025-12-06,P-1229,SVC3,GRYP,L-235,L-230,2025-12-06 19:31,2025-12-10 08:31,371.0,KG,8,173.42,GBP,DELIVERED
SH100145,2025-04-05,P-1147,SVC3,ARRW,L-236,L-224,2025-04-05 19:11,2025-04-08 19:09,1398.3,KG,15,625.33,GBP,DELIVERED
SH100146,2025-05-01,P-1091,SVC5,EGRT,L-226,L-209,2025-05-02 15:48,2025-05-04 11:25,650.0,LB,15,165.91,GBP,DELIVERED
SH100147,2026-05-12,P-1008,SVC2,CDRX,L-227,L-257,2026-05-14 07:16,2026-05-15 18:11,305.1,KG,6,222.77,GBP,DELIVERED
SH100148,2025-08-17,P-1160,SVC2,ARRW,L-242,L-252,2025-08-17 15:29,2025-08-19 06:06,859.3,KG,1,608.12,GBP,DELIVERED
SH100149,2025-03-03,P-1166,SVC6,GRYP,L-256,L-205,2025-03-04 19:02,2025-03-08 10:56,814.8,KG,1,381.99,GBP,DELIVERED
SH100150,2025-12-28,P-1071,SVC4,BLTC,L-242,L-247,2025-12-28 07:30,2025-12-31 21:32,650.1,KG,15,300.50,GBP,DELIVERED
SH100151,2025-05-25,P-1041,SVC2,EGRT,L-224,L-239,2025-05-28 10:30,2025-05-29 19:42,605.0,KG,10,432.94,GBP,DELIVERED
SH100152,2025-09-12,P-1178,SVC3,EGRT,L-238,L-218,2025-09-15 10:38,2025-09-17 17:59,301.9,KG,5,168.24,GBP,DELIVERED
SH100153,2026-01-24,P-1167,SVC1,CDRX,L-255,L-206,2026-01-25 15:35,2026-01-26 06:23,1304.9,KG,7,918.28,GBP,DELIVERED
SH100154,2025-08-30,P-1113,SVC4,BLTC,L-250,L-203,2025-08-31 12:33,2025-09-10 13:13,408.4,LB,5,119.10,GBP,DELIVERED
SH100155,2025-10-12,P-1122,SVC6,GRYP,L-211,L-254,2025-10-15 08:26,2025-10-16 20:07,1396.2,KG,3,623.51,GBP,DELIVERED
SH100156,2025-02-16,P-1180,SVC3,EGRT,L-245,L-256,2025-02-17 19:01,2025-02-18 16:19,4.2,KG,18,18.07,GBP,DELIVERED
SH100157,2025-05-16,P-1154,SVC5,GRYP,L-205,L-211,2025-05-16 10:39,2025-05-18 15:56,694.4,LB,8,146.44,GBP,DELIVERED
SH100158,2025-06-13,P-1131,SVC6,FNCH,L-225,L-251,2025-06-15 06:03,2025-06-16 21:09,674.4,KG,8,313.03,GBP,DELIVERED
SH100159,2025-10-25,P-1207,SVC5,ARRW,L-211,L-202,2025-10-26 09:27,2025-11-05 11:08,1158.0,KG,22,509.81,GBP,DELIVERED
SH100160,2025-06-30,P-1178,SVC3,GRYP,L-247,L-237,2025-07-01 20:59,2025-07-02 14:04,480.5,KG,20,229.63,EUR,DELIVERED
SH100161,2025-09-13,P-1093,SVC2,GRYP,L-243,L-237,2025-09-13 17:44,2025-09-15 15:50,866.8,KG,10,598.36,GBP,DELIVERED
SH100162,2025-08-22,P-1047,SVC6,GRYP,L-255,L-247,2025-08-25 21:11,2025-08-28 06:48,1291.8,KG,23,565.50,GBP,DELIVERED
SH100163,2025-12-10,P-1101,SVC3,ARRW,L-221,L-252,2025-12-12 18:11,2025-12-14 07:05,742.5,KG,19,339.40,GBP,DELIVERED
SH100164,2025-04-02,P-1080,SVC2,BLTC,L-214,L-254,2025-04-03 19:29,2025-04-04 11:36,1387.5,KG,3,947.95,GBP,DELIVERED
SH100165,2025-03-25,P-1050,SVC4,BLTC,L-230,L-237,2025-03-26 13:37,2025-04-04 11:10,17.6,LB,4,17.33,GBP,DELIVERED
SH100166,2026-01-08,P-1048,SVC1,EGRT,L-254,L-234,2026-01-08 09:32,2026-01-09 14:21,1389.3,KG,13,946.84,GBP,DELIVERED
SH100167,2025-09-12,P-1069,SVC3,BLTC,L-252,L-227,2025-09-14 10:51,2025-09-16 16:32,818.2,KG,22,378.65,EUR,DELIVERED
SH100168,2026-03-22,P-1136,SVC2,ARRW,L-240,L-258,,,828.7,KG,3,575.63,GBP,BOOKED
SH100169,2026-04-13,P-1049,SVC1,FNCH,L-225,L-237,2026-04-14 17:52,2026-04-15 10:24,773.1,KG,1,555.77,GBP,DELIVERED
SH100170,2026-05-12,P-1195,SVC4,CDRX,L-256,L-247,2026-05-15 13:42,2026-05-22 21:06,1098.2,KG,13,495.27,GBP,DELIVERED
SH100171,2025-06-11,P-1098,SVC3,GRYP,L-206,L-255,,,955.9,LB,13,213.59,GBP,BOOKED
SH100172,2025-06-21,P-1216,SVC1,FNCH,L-226,L-241,2025-06-22 14:44,2025-06-23 07:00,1359.1,KG,20,952.95,EUR,DELIVERED
SH100173,2025-12-22,P-1233,SVC3,ARRW,L-216,L-213,2025-12-25 18:36,2026-01-01 12:50,1181.7,KG,18,525.28,GBP,DELIVERED
SH100174,2025-09-04,P-1011,SVC3,EGRT,L-252,L-206,2025-09-07 11:11,2025-09-10 19:10,1167.9,KG,3,504.96,GBP,DELIVERED
SH100175,2026-02-27,P-1100,SVC2,GRYP,L-224,L-226,2026-03-01 13:21,2026-03-03 15:57,106.4,LB,26,62.93,GBP,DELIVERED
SH100176,2026-05-10,P-1025,SVC3,BLTC,L-256,L-260,2026-05-13 13:55,2026-05-16 11:41,309.6,LB,17,77.63,GBP,DELIVERED
SH100177,2025-09-23,P-1023,SVC4,GRYP,L-212,L-211,2025-09-25 13:36,2025-09-27 11:53,1309.6,LB,9,279.63,GBP,DELIVERED
SH100178,2025-04-30,P-1181,SVC2,EGRT,L-250,L-210,2025-05-01 20:24,2025-05-03 09:40,988.1,KG,15,700.59,GBP,DELIVERED
SH100179,2025-10-17,P-1009,SVC3,DNUB,L-255,L-247,2025-10-19 20:01,2025-10-23 15:06,856.2,KG,8,381.79,GBP,DELIVERED
SH100180,2025-11-01,P-1131,SVC1,FNCH,L-243,L-238,2025-11-01 21:58,2025-11-02 21:51,326.6,KG,16,239.92,GBP,DELIVERED
SH100181,2025-04-01,P-1009,SVC3,BLTC,L-235,L-252,2025-04-03 08:40,2025-04-12 19:49,142.6,KG,7,73.68,EUR,DELIVERED
SH100182,2025-01-25,P-1027,SVC3,BLTC,L-242,L-222,2025-01-26 14:44,2025-01-27 11:29,899.6,KG,15,391.23,GBP,DELIVERED
SH100183,2025-02-07,P-1105,SVC3,BLTC,L-221,L-248,2025-02-10 19:37,2025-02-11 06:06,167.0,KG,25,110.08,GBP,DELIVERED
SH100184,2025-05-29,P-1137,SVC4,CDRX,L-231,L-214,2025-05-30 15:53,2025-06-10 14:00,238.2,KG,22,141.59,GBP,DELIVERED
SH100185,2025-12-28,P-1158,SVC4,BLTC,L-251,L-235,2025-12-30 07:26,2026-01-04 07:20,572.3,KG,10,257.57,GBP,DELIVERED
SH100186,2026-04-10,P-1101,SVC6,EGRT,L-256,L-251,2026-04-10 15:35,2026-04-13 10:17,1108.9,KG,19,495.15,EUR,DELIVERED
SH100187,2025-10-10,P-1002,SVC6,DNUB,L-201,L-231,2025-10-12 07:41,2025-10-13 15:11,877.3,LB,26,185.67,GBP,DELIVERED
SH100188,2025-02-21,P-1112,SVC3,BLTC,L-239,L-248,2025-02-23 06:23,2025-03-04 17:28,295.9,KG,8,160.78,GBP,DELIVERED
SH100189,2025-05-10,P-1086,SVC4,ARRW,L-215,L-217,,,428.7,KG,16,196.82,GBP,CANCELLED
SH100190,2026-04-06,P-1066,SVC1,DNUB,L-209,L-215,2026-04-07 13:02,2026-04-09 21:59,306.3,KG,26,237.18,GBP,DELIVERED
SH100191,2025-04-17,P-1084,SVC3,FNCH,L-213,L-239,,,1332.3,KG,20,581.79,GBP,CANCELLED
SH100192,2025-09-24,P-1122,SVC5,DNUB,L-241,L-231,2025-09-27 13:59,2025-09-28 13:22,321.9,KG,3,152.43,GBP,DELIVERED
SH100193,2026-03-27,P-1197,SVC2,ARRW,L-234,L-251,,,417.7,KG,11,321.81,GBP,BOOKED
SH100194,2026-02-04,P-1177,SVC4,EGRT,L-211,L-243,2026-02-04 15:39,,1171.1,KG,25,534.63,GBP,IN_TRANSIT
SH100195,2026-04-07,P-1053,SVC4,GRYP,L-247,L-212,,,417.0,KG,5,193.06,GBP,BOOKED
SH100196,2025-09-07,P-1091,SVC3,BLTC,L-252,L-215,2025-09-07 10:37,2025-09-08 06:39,715.8,KG,24,329.36,EUR,DELIVERED
SH100197,2025-08-02,P-1139,SVC4,CDRX,L-247,L-208,2025-08-04 16:13,2025-08-07 21:44,1366.6,LB,25,287.23,EUR,DELIVERED
SH100198,2025-05-16,P-1211,SVC2,DNUB,L-217,L-236,2025-05-17 12:19,,1132.4,KG,25,783.28,GBP,IN_TRANSIT
SH100199,2025-04-30,P-1231,SVC4,EGRT,L-213,L-218,2025-04-30 10:13,2025-05-05 06:35,1122.2,LB,23,239.03,GBP,DELIVERED
SH100200,2026-04-13,P-1020,SVC2,ARRW,L-210,L-253,2026-04-13 19:45,2026-04-15 10:36,224.2,KG,25,167.81,EUR,DELIVERED
SH100201,2025-07-15,P-1063,SVC3,ARRW,L-219,L-204,2025-07-18 12:39,2025-07-22 12:26,836.6,LB,8,194.95,GBP,DELIVERED
SH100202,2025-05-08,P-1165,SVC2,CDRX,L-237,L-249,2025-05-09 09:10,2025-05-10 16:17,1121.0,LB,1,362.14,GBP,DELIVERED
SH100203,2026-02-04,P-1226,SVC3,GRYP,L-209,L-204,2026-02-07 10:09,2026-02-08 17:34,1297.0,KG,3,569.05,GBP,DELIVERED
SH100204,2025-08-22,P-1174,SVC5,CDRX,L-250,L-212,2025-08-24 12:30,2025-08-29 15:43,935.8,LB,9,197.50,GBP,DELIVERED
SH100205,2025-06-04,P-1191,SVC1,FNCH,L-206,L-226,2025-06-07 20:39,2025-06-13 10:25,1185.0,KG,2,835.27,GBP,DELIVERED
SH100206,2025-08-30,P-1156,SVC2,EGRT,L-248,L-251,2025-09-02 13:16,,791.2,LB,9,280.87,GBP,IN_TRANSIT
SH100207,2025-07-12,P-1237,SVC3,FNCH,L-246,L-254,2025-07-15 17:57,2025-07-19 06:17,725.3,KG,5,321.35,GBP,DELIVERED
SH100208,2025-10-27,P-1047,SVC4,CDRX,L-256,L-230,2025-10-30 09:42,2025-11-06 07:48,1070.6,LB,21,226.17,GBP,DELIVERED
SH100209,2025-10-13,P-1009,SVC1,GRYP,L-228,L-240,2025-10-15 14:32,2025-10-16 15:48,753.4,KG,14,519.66,GBP,DELIVERED
SH100210,2026-04-19,P-1046,SVC1,BLTC,L-203,L-217,,,846.1,LB,11,278.48,GBP,CANCELLED
SH100211,2025-09-07,P-1048,SVC1,DNUB,L-245,L-224,2025-09-10 07:12,2025-09-11 10:56,805.2,KG,23,564.79,GBP,DELIVERED
SH100212,2025-09-24,P-1056,SVC1,GRYP,L-215,L-239,2025-09-26 16:10,2025-09-27 10:00,8.7,KG,21,20.77,GBP,DELIVERED
SH100213,2026-03-24,P-1135,SVC3,EGRT,L-260,L-253,2026-03-27 21:08,2026-04-05 20:36,512.1,LB,24,118.00,GBP,DELIVERED
SH100214,2025-06-12,P-1198,SVC3,FNCH,L-245,L-207,2025-06-13 14:48,2025-06-16 20:01,545.9,KG,11,257.35,GBP,DELIVERED
SH100215,2025-01-15,P-1213,SVC5,CDRX,L-216,L-258,2025-01-18 16:46,2025-01-22 08:48,1016.9,KG,4,458.41,GBP,DELIVERED
SH100216,2025-06-06,P-1235,SVC3,GRYP,L-245,L-260,2025-06-06 14:16,2025-06-11 07:24,1079.9,KG,14,488.22,GBP,DELIVERED
SH100217,2025-01-28,P-1164,SVC2,GRYP,L-247,L-250,2025-01-28 10:41,2025-01-29 08:32,854.7,KG,3,593.17,GBP,DELIVERED
SH100218,2025-06-13,P-1115,SVC3,CDRX,L-248,L-250,2025-06-14 18:42,,1395.5,KG,5,618.98,GBP,IN_TRANSIT
SH100219,2025-01-19,P-1215,SVC4,GRYP,L-205,L-250,2025-01-22 16:52,2025-01-25 11:52,62.1,KG,11,43.51,GBP,DELIVERED
SH100220,2025-03-28,P-1225,SVC2,FNCH,L-213,L-251,2025-03-30 09:23,2025-03-31 12:28,370.5,KG,15,288.90,GBP,DELIVERED
SH100221,2025-09-29,P-1197,SVC3,ARRW,L-222,L-201,2025-10-02 15:21,,27.1,KG,11,29.23,GBP,IN_TRANSIT
SH100222,2025-08-17,P-1095,SVC2,EGRT,L-213,L-247,2025-08-17 17:31,2025-08-24 16:24,172.7,KG,2,142.54,GBP,DELIVERED
SH100223,2025-11-04,P-1198,SVC5,ARRW,L-226,L-251,2025-11-07 15:24,2025-11-09 17:04,896.6,KG,6,402.42,GBP,DELIVERED
SH100224,2026-03-06,P-1027,SVC2,ARRW,L-245,L-201,2026-03-08 14:53,,1007.3,KG,19,706.87,GBP,IN_TRANSIT
SH100225,2025-12-20,P-1173,SVC4,BLTC,L-234,L-244,2025-12-20 15:12,2025-12-27 08:26,1056.2,KG,9,484.84,GBP,DELIVERED
SH100226,2025-05-22,P-1002,SVC2,BLTC,L-205,L-204,2025-05-23 18:42,2025-05-25 08:03,1176.2,KG,20,819.54,GBP,DELIVERED
SH100227,2025-05-15,P-1129,SVC3,CDRX,L-239,L-219,2025-05-16 21:02,2025-05-22 08:11,385.0,KG,11,186.84,GBP,DELIVERED
SH100228,2025-12-05,P-1024,SVC2,DNUB,L-251,L-230,2025-12-05 15:42,2025-12-06 09:55,324.6,KG,14,248.28,GBP,DELIVERED
SH100229,2025-02-13,P-1084,SVC5,DNUB,L-224,L-207,2025-02-15 15:44,2025-02-18 12:32,1030.7,LB,23,217.15,GBP,DELIVERED
SH100230,2025-10-31,P-1068,SVC3,DNUB,L-254,L-258,2025-10-31 19:29,2025-11-04 11:06,1194.7,KG,21,524.40,EUR,DELIVERED
SH100231,2025-07-25,P-1155,SVC2,FNCH,L-235,L-208,2025-07-27 21:36,2025-07-28 21:35,97.2,KG,17,88.60,GBP,DELIVERED
SH100232,2025-08-25,P-1233,SVC2,DNUB,L-237,L-213,2025-08-26 13:18,2025-08-27 21:59,1259.3,KG,4,873.51,GBP,DELIVERED
SH100233,2025-05-04,P-1021,SVC4,CDRX,L-228,L-203,2025-05-06 17:29,2025-05-16 20:18,828.5,LB,25,196.26,GBP,DELIVERED
SH100234,2025-07-24,P-1210,SVC5,GRYP,L-212,L-229,2025-07-27 21:31,2025-07-31 12:31,582.1,KG,21,277.71,GBP,DELIVERED
SH100235,2026-05-10,P-1156,SVC2,CDRX,L-206,L-259,2026-05-12 21:14,2026-05-13 20:04,1372.5,KG,19,952.64,GBP,DELIVERED
SH100236,2025-06-13,P-1045,SVC3,FNCH,L-221,L-232,2025-06-14 16:01,2025-06-21 20:08,1040.6,LB,11,238.77,GBP,DELIVERED
SH100237,2025-10-22,P-1016,SVC2,DNUB,L-220,L-241,2025-10-25 07:50,2025-10-26 17:48,708.4,KG,19,497.10,GBP,DELIVERED
SH100238,2025-05-28,P-1169,SVC2,EGRT,L-255,L-252,2025-05-28 07:40,2025-05-30 11:09,174.4,KG,10,153.66,GBP,DELIVERED
SH100239,2026-01-14,P-1169,SVC4,CDRX,L-225,L-247,2026-01-16 07:38,2026-01-21 15:52,994.9,KG,24,431.48,GBP,DELIVERED
SH100240,2025-07-28,P-1224,SVC5,BLTC,L-217,L-237,2025-07-29 07:56,2025-08-01 19:28,1311.5,KG,4,584.05,EUR,DELIVERED
SH100241,2026-01-08,P-1198,SVC5,EGRT,L-210,L-235,2026-01-10 17:01,2026-01-16 16:39,1082.2,KG,19,468.57,GBP,DELIVERED
SH100242,2026-02-13,P-1122,SVC3,FNCH,L-251,L-257,2026-02-16 12:18,2026-02-18 11:58,409.5,KG,14,185.58,GBP,DELIVERED
SH100243,2026-03-19,P-1180,SVC3,GRYP,L-225,L-224,,,533.9,LB,7,138.94,GBP,BOOKED
SH100244,2026-04-19,P-1066,SVC2,CDRX,L-250,L-221,2026-04-20 12:44,2026-04-22 14:18,956.2,KG,9,675.47,GBP,DELIVERED
SH100245,2025-11-21,P-1013,SVC4,FNCH,L-221,L-252,2025-11-23 16:31,2025-11-27 14:55,847.9,KG,11,369.98,GBP,DELIVERED
SH100246,2026-03-29,P-1154,SVC4,ARRW,L-228,L-239,2026-03-31 17:36,2026-04-04 15:59,377.4,LB,11,102.65,GBP,DELIVERED
SH100247,2025-03-01,P-1095,SVC4,DNUB,L-230,L-236,,,700.5,KG,14,327.69,GBP,BOOKED
SH100248,2026-01-29,P-1018,SVC3,ARRW,L-233,L-201,2026-01-31 18:06,2026-02-04 13:32,176.1,LB,1,60.77,GBP,DELIVERED
SH100249,2025-01-15,P-1177,SVC4,CDRX,L-213,L-252,,,251.6,KG,12,139.19,EUR,CANCELLED
SH100250,2025-03-24,P-1149,SVC3,CDRX,L-202,L-231,2025-03-26 21:21,2025-03-27 12:52,1123.9,KG,18,499.02,GBP,DELIVERED
SH100251,2025-04-05,P-1052,SVC5,EGRT,L-256,L-258,2025-04-08 13:48,,201.1,KG,20,126.26,GBP,IN_TRANSIT
SH100252,2026-05-17,P-1018,SVC2,CDRX,L-242,L-226,2026-05-19 09:30,,627.9,KG,17,451.87,EUR,IN_TRANSIT
SH100253,2026-04-23,P-1104,SVC3,EGRT,L-217,L-219,2026-04-24 07:18,2026-04-28 18:20,204.7,KG,10,109.50,EUR,DELIVERED
SH100254,2025-06-03,P-1184,SVC1,EGRT,L-225,L-216,2025-06-06 11:34,2025-06-07 16:33,711.8,KG,26,504.39,GBP,DELIVERED
SH100255,2025-08-21,P-1086,SVC4,ARRW,L-239,L-209,2025-08-23 09:41,2025-08-27 13:52,1076.8,KG,23,478.28,GBP,DELIVERED
SH100256,2026-05-07,P-1184,SVC4,EGRT,L-207,L-201,2026-05-07 14:51,,692.5,KG,18,318.63,GBP,IN_TRANSIT
SH100257,2025-11-13,P-1200,SVC2,DNUB,L-222,L-219,2025-11-14 21:38,2025-11-16 19:37,993.1,KG,22,706.68,GBP,DELIVERED
SH100258,2026-04-21,P-1042,SVC3,CDRX,L-215,L-227,2026-04-23 07:08,2026-04-25 14:11,1155.0,LB,16,244.28,GBP,DELIVERED
SH100259,2026-01-01,P-1100,SVC3,FNCH,L-241,L-214,2026-01-02 17:27,2026-01-03 17:01,328.9,KG,13,176.63,EUR,DELIVERED
SH100260,2026-01-13,P-1206,SVC3,EGRT,L-253,L-248,2026-01-16 08:13,2026-01-19 21:12,483.7,LB,24,121.74,GBP,DELIVERED
SH100261,2025-10-31,P-1151,SVC2,CDRX,L-227,L-231,2025-11-03 13:25,2025-11-05 14:01,393.4,KG,11,279.53,GBP,DELIVERED
SH100262,2026-03-29,P-1040,SVC3,GRYP,L-251,L-239,2026-03-30 20:28,2026-04-01 19:19,197.9,KG,25,98.86,EUR,DELIVERED
SH100263,2026-02-14,P-1202,SVC3,BLTC,L-214,L-204,2026-02-17 21:08,2026-02-21 12:09,436.4,KG,10,199.53,GBP,DELIVERED
SH100264,2025-11-30,P-1147,SVC2,DNUB,L-242,L-226,2025-12-01 12:26,2025-12-02 17:27,839.0,LB,22,288.67,GBP,DELIVERED
SH100265,2026-04-14,P-1070,SVC5,FNCH,L-212,L-227,2026-04-14 07:33,2026-04-15 09:50,519.4,KG,15,234.54,EUR,DELIVERED
SH100266,2025-07-31,P-1121,SVC3,GRYP,L-249,L-243,2025-08-02 19:26,2025-08-07 08:24,1040.2,KG,14,456.97,GBP,DELIVERED
SH100267,2025-04-11,P-1198,SVC3,ARRW,L-222,L-213,2025-04-14 09:40,2025-04-15 21:25,1314.1,LB,26,284.95,EUR,DELIVERED
SH100268,2025-01-14,P-1215,SVC6,EGRT,L-256,L-210,2025-01-17 13:56,2025-01-18 19:08,653.1,KG,6,296.04,GBP,DELIVERED
SH100269,2025-04-29,P-1096,SVC5,DNUB,L-217,L-213,2025-05-02 16:34,2025-05-05 08:19,548.6,KG,24,256.78,GBP,DELIVERED
SH100270,2025-02-07,P-1146,SVC4,CDRX,L-208,L-231,2025-02-07 21:39,2025-02-12 15:09,1378.5,KG,9,602.41,GBP,DELIVERED
SH100271,2025-12-09,P-1170,SVC3,GRYP,L-243,L-255,2025-12-12 08:09,2025-12-15 20:44,1342.6,LB,11,280.41,GBP,DELIVERED
SH100272,2026-04-09,P-1210,SVC2,FNCH,L-215,L-203,2026-04-12 09:10,2026-04-13 09:03,42.9,KG,12,42.01,GBP,DELIVERED
SH100273,2026-03-03,P-1146,SVC3,DNUB,L-228,L-242,2026-03-04 09:18,2026-03-05 16:53,535.6,LB,18,124.36,GBP,DELIVERED
SH100274,2025-12-19,P-1225,SVC4,EGRT,L-225,L-208,2025-12-21 15:49,2025-12-24 11:53,1094.8,LB,1,234.00,GBP,DELIVERED
SH100275,2025-02-08,P-1186,SVC4,GRYP,L-240,L-219,2025-02-10 19:04,2025-02-17 20:13,889.9,KG,2,403.90,GBP,DELIVERED
SH100276,2025-09-25,P-1213,SVC5,FNCH,L-249,L-210,2025-09-27 11:16,2025-09-30 09:30,648.7,KG,21,308.68,GBP,DELIVERED
SH100277,2025-03-13,P-1090,SVC2,DNUB,L-221,L-214,2025-03-13 09:21,2025-03-15 09:55,1339.8,LB,26,440.41,EUR,DELIVERED
SH100278,2025-04-01,P-1126,SVC3,FNCH,L-232,L-259,2025-04-01 10:29,,1063.7,KG,12,482.42,GBP,IN_TRANSIT
SH100279,2025-08-12,P-1204,SVC2,EGRT,L-225,L-251,2025-08-13 13:59,2025-08-15 06:23,725.2,KG,16,509.50,EUR,DELIVERED
SH100280,2025-02-07,P-1058,SVC4,BLTC,L-212,L-207,2025-02-08 10:26,2025-02-20 06:05,782.9,KG,15,351.59,EUR,DELIVERED
SH100281,2025-06-01,P-1187,SVC5,BLTC,L-243,L-211,2025-06-03 15:02,2025-06-04 21:49,1360.9,KG,5,594.34,GBP,DELIVERED
SH100282,2025-12-06,P-1035,SVC5,ARRW,L-203,L-233,2025-12-08 17:46,2025-12-13 07:01,189.6,KG,26,114.10,EUR,DELIVERED
SH100283,2025-07-16,P-1203,SVC1,CDRX,L-211,L-201,2025-07-19 07:57,2025-07-20 19:08,1319.7,LB,8,441.99,GBP,DELIVERED
SH100284,2025-12-31,P-1019,SVC4,EGRT,L-208,L-256,,,224.1,KG,20,113.68,EUR,BOOKED
SH100285,2025-03-20,P-1234,SVC5,GRYP,L-243,L-226,2025-03-23 16:18,2025-03-24 18:30,1172.9,LB,25,263.83,EUR,DELIVERED
SH100286,2025-01-12,P-1009,SVC2,BLTC,L-231,L-235,2025-01-12 13:13,2025-01-13 15:56,80.7,LB,5,45.47,GBP,DELIVERED
SH100287,2025-12-25,P-1184,SVC2,FNCH,L-253,L-236,2025-12-28 06:35,2025-12-29 15:00,1262.1,KG,8,891.00,GBP,DELIVERED
SH100288,2026-01-05,P-1139,SVC4,DNUB,L-219,L-260,2026-01-07 07:22,2026-01-08 16:17,1323.5,KG,12,573.97,GBP,DELIVERED
SH100289,2025-06-02,P-1077,SVC4,GRYP,L-233,L-250,,,544.5,KG,26,257.78,GBP,BOOKED
SH100290,2025-07-04,P-1181,SVC3,FNCH,L-209,L-207,2025-07-05 09:45,2025-07-08 13:16,1357.5,KG,15,587.37,GBP,DELIVERED
SH100291,2026-04-10,P-1168,SVC3,EGRT,L-226,L-230,2026-04-11 19:06,2026-04-15 15:46,1206.8,KG,11,533.22,GBP,DELIVERED
SH100292,2025-06-28,P-1161,SVC3,EGRT,L-244,L-258,2025-06-29 17:36,2025-07-03 06:38,59.2,KG,8,49.96,GBP,DELIVERED
SH100293,2025-11-16,P-1027,SVC3,BLTC,L-255,L-253,2025-11-19 08:20,2025-11-21 08:58,1354.8,KG,6,597.80,GBP,DELIVERED
SH100294,2026-01-13,P-1099,SVC2,DNUB,L-214,L-235,2026-01-16 20:31,2026-01-18 07:57,1235.4,KG,7,850.71,GBP,DELIVERED
SH100295,2025-01-20,P-1086,SVC2,ARRW,L-226,L-252,2025-01-23 06:25,2025-01-26 12:53,1102.9,KG,16,754.51,GBP,DELIVERED
SH100296,2025-04-04,P-1140,SVC4,CDRX,L-254,L-209,2025-04-06 06:47,2025-04-12 17:15,53.6,KG,2,59.08,GBP,DELIVERED
SH100297,2025-08-24,P-1158,SVC5,ARRW,L-257,L-256,2025-08-24 07:43,2025-08-31 21:48,769.9,LB,14,178.80,GBP,DELIVERED
SH100298,2025-05-25,P-1146,SVC2,CDRX,L-241,L-220,2025-05-27 13:58,2025-05-28 09:05,382.8,KG,10,277.71,GBP,DELIVERED
SH100299,2025-05-16,P-1080,SVC3,EGRT,L-256,L-211,2025-05-18 18:04,2025-05-20 14:24,873.1,KG,19,406.83,GBP,DELIVERED
SH100300,2025-07-23,P-1006,SVC2,CDRX,L-238,L-243,2025-07-25 20:29,2025-08-01 09:04,819.8,KG,15,566.46,GBP,DELIVERED
SH100301,2025-06-19,P-1143,SVC3,BLTC,L-247,L-242,2025-06-21 18:23,2025-06-22 17:39,787.7,KG,12,362.42,GBP,DELIVERED
SH100302,2025-09-11,P-1233,SVC3,ARRW,L-214,L-207,2025-09-11 20:30,2025-09-19 20:33,964.1,KG,19,436.80,GBP,DELIVERED
SH100303,2026-01-16,P-1225,SVC3,EGRT,L-236,L-213,2026-01-16 13:05,2026-01-22 21:21,603.2,KG,26,272.49,EUR,DELIVERED
SH100304,2026-02-19,P-1037,SVC5,DNUB,L-230,L-211,,,117.3,LB,9,55.19,GBP,BOOKED
SH100305,2025-02-19,P-1164,SVC1,DNUB,L-238,L-206,2025-02-21 18:20,2025-02-22 15:07,411.9,LB,9,143.83,GBP,DELIVERED
SH100306,2026-02-17,P-1113,SVC1,ARRW,L-253,L-203,2026-02-19 09:56,2026-02-21 20:20,124.9,KG,18,119.77,GBP,DELIVERED
SH100307,2025-09-05,P-1121,SVC6,DNUB,L-260,L-219,2025-09-08 18:47,2025-09-09 14:03,804.1,LB,24,168.68,GBP,DELIVERED
SH100308,2025-11-16,P-1059,SVC1,ARRW,L-254,L-202,2025-11-19 14:48,2025-11-20 18:36,1016.5,KG,15,720.22,GBP,DELIVERED
SH100309,2025-12-02,P-1111,SVC6,BLTC,L-240,L-213,2025-12-03 14:55,2025-12-05 21:13,128.4,KG,8,78.84,GBP,DELIVERED
SH100310,2026-04-30,P-1183,SVC3,ARRW,L-216,L-230,2026-04-30 21:28,2026-05-03 20:56,1352.0,KG,15,586.46,GBP,DELIVERED
SH100311,2025-01-15,P-1213,SVC6,GRYP,L-220,L-242,2025-01-16 17:51,2025-01-17 20:18,454.5,KG,5,221.91,GBP,DELIVERED
SH100312,2025-04-04,P-1200,SVC2,BLTC,L-245,L-201,2025-04-07 18:40,2025-04-08 07:45,624.4,KG,6,446.24,GBP,DELIVERED
SH100313,2026-04-24,P-1037,SVC4,BLTC,L-231,L-237,2026-04-26 15:10,,1235.0,KG,3,535.76,GBP,IN_TRANSIT
SH100314,2025-02-09,P-1175,SVC1,CDRX,L-215,L-255,2025-02-10 19:14,2025-02-11 14:45,974.4,KG,24,687.60,GBP,DELIVERED
SH100315,2025-08-27,P-1196,SVC2,CDRX,L-256,L-228,2025-08-27 07:50,2025-08-29 17:32,893.1,KG,9,623.76,GBP,DELIVERED
SH100316,2026-03-24,P-1172,SVC3,DNUB,L-237,L-244,2026-03-27 12:39,2026-03-28 10:40,1022.3,KG,11,448.68,GBP,DELIVERED
SH100317,2026-05-02,P-1187,SVC3,FNCH,L-210,L-241,2026-05-04 07:00,2026-05-08 15:02,1005.2,KG,3,438.30,GBP,DELIVERED
SH100318,2025-04-22,P-1170,SVC2,BLTC,L-218,L-238,2025-04-23 14:57,2025-04-25 13:09,700.5,LB,9,251.76,GBP,DELIVERED
SH100319,2025-11-11,P-1001,SVC4,CDRX,L-232,L-230,2025-11-13 14:10,2025-11-25 09:39,813.3,KG,19,371.63,EUR,DELIVERED
SH100320,2025-03-27,P-1166,SVC1,ARRW,L-234,L-257,2025-03-27 08:37,2025-03-28 07:46,1064.3,LB,10,362.46,GBP,DELIVERED
SH100321,2025-11-26,P-1190,SVC4,BLTC,L-214,L-216,2025-11-29 11:17,2025-12-02 10:31,1194.1,KG,20,521.80,EUR,DELIVERED
SH100322,2026-04-18,P-1151,SVC5,BLTC,L-201,L-217,2026-04-21 07:32,2026-04-22 14:33,143.0,LB,12,52.66,GBP,DELIVERED
SH100323,2025-06-09,P-1047,SVC3,ARRW,L-236,L-203,,,228.3,KG,11,114.97,GBP,BOOKED
SH100324,2026-02-20,P-1141,SVC2,GRYP,L-218,L-260,2026-02-22 11:57,2026-02-24 11:10,1224.2,KG,26,856.48,EUR,DELIVERED
SH100325,2025-08-21,P-1130,SVC3,EGRT,L-245,L-228,2025-08-21 12:33,2025-08-24 10:19,265.1,KG,7,126.39,GBP,DELIVERED
SH100326,2026-04-26,P-1002,SVC1,CDRX,L-204,L-205,,,207.7,LB,24,86.73,GBP,BOOKED
SH100327,2026-03-26,P-1025,SVC2,ARRW,L-216,L-243,2026-03-29 14:13,2026-03-31 14:02,887.5,LB,22,290.09,GBP,DELIVERED
SH100328,2025-05-25,P-1068,SVC6,ARRW,L-248,L-240,2025-05-27 10:58,2025-05-30 09:29,1062.2,LB,20,226.55,GBP,DELIVERED
SH100329,2025-04-27,P-1052,SVC3,DNUB,L-219,L-206,2025-04-29 12:51,2025-05-02 14:27,1044.6,LB,24,220.32,EUR,DELIVERED
SH100330,2025-01-11,P-1204,SVC1,BLTC,L-235,L-258,2025-01-11 07:28,2025-01-12 09:09,463.3,KG,25,346.92,GBP,DELIVERED
SH100331,2025-11-25,P-1188,SVC4,FNCH,L-259,L-224,2025-11-27 07:28,2025-11-28 20:31,866.1,LB,23,183.07,GBP,DELIVERED
SH100332,2026-01-10,P-1121,SVC4,ARRW,L-222,L-216,2026-01-13 17:12,2026-01-19 21:26,198.3,KG,1,111.00,GBP,DELIVERED
SH100333,2025-11-02,P-1114,SVC4,CDRX,L-243,L-230,2025-11-04 10:11,,776.9,KG,1,343.70,GBP,IN_TRANSIT
SH100334,2026-03-12,P-1177,SVC4,DNUB,L-240,L-236,2026-03-14 13:18,2026-03-21 18:54,82.1,LB,17,37.28,EUR,DELIVERED
SH100335,2025-10-07,P-1013,SVC2,CDRX,L-234,L-216,2025-10-08 06:19,2025-10-10 07:38,860.6,LB,3,299.18,GBP,DELIVERED
SH100336,2025-01-04,P-1148,SVC4,ARRW,L-238,L-203,2025-01-06 21:54,2025-01-09 11:31,57.8,KG,22,61.23,EUR,DELIVERED
SH100337,2025-06-01,P-1141,SVC6,BLTC,L-258,L-235,,,840.1,KG,9,388.08,GBP,BOOKED
SH100338,2026-02-27,P-1186,SVC1,FNCH,L-247,L-216,2026-03-02 10:22,2026-03-03 21:57,258.0,LB,8,112.68,EUR,DELIVERED
SH100339,2025-03-11,P-1211,SVC3,BLTC,L-242,L-205,2025-03-13 21:06,2025-03-16 08:22,1080.6,KG,12,491.31,GBP,DELIVERED
SH100340,2025-10-20,P-1129,SVC1,CDRX,L-245,L-257,2025-10-20 17:02,2025-10-25 13:57,574.2,KG,12,406.42,GBP,DELIVERED
SH100341,2025-10-15,P-1219,SVC4,FNCH,L-245,L-230,,,1356.2,KG,26,588.66,GBP,CANCELLED
SH100342,2025-09-15,P-1025,SVC3,ARRW,L-253,L-207,2025-09-17 07:41,2025-09-21 18:03,716.3,KG,20,337.34,GBP,DELIVERED
SH100343,2025-09-30,P-1138,SVC3,CDRX,L-214,L-211,2025-10-02 16:33,2025-10-03 11:52,385.1,KG,3,185.94,GBP,DELIVERED
SH100344,2025-12-09,P-1179,SVC3,CDRX,L-238,L-232,2025-12-12 10:01,2025-12-14 18:57,112.7,LB,3,34.67,GBP,DELIVERED
SH100345,2026-04-30,P-1182,SVC5,BLTC,L-249,L-243,2026-05-03 11:10,2026-05-11 14:19,231.8,LB,19,72.20,GBP,DELIVERED
SH100346,2025-06-11,P-1147,SVC5,DNUB,L-230,L-225,2025-06-11 13:19,2025-06-13 15:29,712.0,KG,26,338.43,EUR,DELIVERED
SH100347,2025-04-28,P-1111,SVC1,ARRW,L-244,L-220,2025-04-28 11:57,2025-04-29 07:49,1303.8,KG,9,899.26,GBP,DELIVERED
SH100348,2026-03-05,P-1031,SVC5,CDRX,L-212,L-219,2026-03-05 08:56,2026-03-07 20:52,1085.3,KG,15,488.52,GBP,DELIVERED
SH100349,2025-12-12,P-1202,SVC1,DNUB,L-242,L-228,2025-12-14 09:42,2025-12-15 08:41,638.2,LB,1,230.41,EUR,DELIVERED
SH100350,2026-03-06,P-1173,SVC1,GRYP,L-226,L-203,2026-03-06 13:22,2026-03-07 18:37,424.3,KG,6,325.86,GBP,DELIVERED
SH100351,2025-07-25,P-1177,SVC3,GRYP,L-244,L-219,2025-07-25 14:34,2025-07-27 17:54,202.1,KG,10,99.54,GBP,DELIVERED
SH100352,2026-02-23,P-1219,SVC3,FNCH,L-249,L-228,,,786.6,KG,4,350.55,GBP,BOOKED
SH100353,2025-08-16,P-1022,SVC6,DNUB,L-232,L-234,2025-08-18 09:53,2025-08-21 20:41,33.9,LB,16,31.03,GBP,DELIVERED
SH100354,2025-01-12,P-1128,SVC2,BLTC,L-245,L-214,2025-01-15 17:09,2025-01-22 07:44,303.8,LB,24,132.00,GBP,DELIVERED
SH100355,2025-07-16,P-1145,SVC1,BLTC,L-202,L-256,2025-07-17 16:13,2025-07-22 12:05,593.6,KG,8,441.83,GBP,DELIVERED
SH100356,2025-01-25,P-1072,SVC4,FNCH,L-219,L-202,2025-01-28 08:08,2025-02-03 18:18,992.4,KG,24,457.70,EUR,DELIVERED
SH100357,2025-11-11,P-1160,SVC1,BLTC,L-242,L-247,2025-11-11 21:11,2025-11-12 13:34,766.2,KG,14,549.45,GBP,DELIVERED
SH100358,2026-04-23,P-1076,SVC5,FNCH,L-217,L-233,2026-04-24 09:02,2026-04-29 06:28,1237.4,LB,15,250.56,EUR,DELIVERED
SH100359,2026-01-10,P-1235,SVC5,DNUB,L-257,L-252,2026-01-10 14:59,2026-01-15 07:10,1116.9,LB,26,234.51,GBP,DELIVERED
SH100360,2025-07-28,P-1212,SVC3,GRYP,L-216,L-239,2025-07-31 16:12,2025-08-01 08:50,1329.6,KG,4,572.85,GBP,DELIVERED
SH100361,2026-05-01,P-1097,SVC3,ARRW,L-209,L-212,2026-05-04 12:12,,372.0,KG,16,192.01,GBP,IN_TRANSIT
SH100362,2025-09-02,P-1194,SVC4,DNUB,L-238,L-209,2025-09-05 18:55,2025-09-08 09:50,802.6,KG,12,354.90,GBP,DELIVERED
SH100363,2026-01-31,P-1174,SVC4,DNUB,L-247,L-260,2026-02-01 20:06,,1363.5,KG,6,612.19,GBP,IN_TRANSIT
SH100364,2026-01-14,P-1063,SVC6,EGRT,L-225,L-201,2026-01-16 12:55,2026-01-19 08:34,134.5,KG,24,95.38,GBP,DELIVERED
SH100365,2025-11-18,P-1150,SVC4,DNUB,L-222,L-214,2025-11-21 16:46,2025-12-01 06:12,697.9,KG,26,310.35,GBP,DELIVERED
SH100366,2025-08-24,P-1091,SVC2,ARRW,L-259,L-229,2025-08-27 08:47,2025-08-29 10:51,428.6,KG,14,304.18,GBP,DELIVERED
SH100367,2026-02-19,P-1148,SVC3,DNUB,L-244,L-251,,,786.5,LB,1,181.82,EUR,BOOKED
SH100368,2026-04-08,P-1023,SVC4,EGRT,L-244,L-259,2026-04-08 13:55,2026-04-18 20:44,731.8,KG,25,344.48,GBP,DELIVERED
SH100369,2026-05-13,P-1220,SVC4,ARRW,L-245,L-214,2026-05-16 08:34,2026-05-25 21:42,574.5,KG,26,279.03,GBP,DELIVERED
SH100370,2026-03-12,P-1036,SVC3,GRYP,L-227,L-203,2026-03-14 07:09,2026-03-17 19:02,286.7,LB,7,94.27,GBP,DELIVERED
SH100371,2025-04-23,P-1013,SVC3,GRYP,L-225,L-218,2025-04-24 15:19,2025-04-28 18:22,138.2,KG,7,89.57,GBP,DELIVERED
SH100372,2025-11-30,P-1103,SVC1,BLTC,L-252,L-255,2025-11-30 19:20,2025-12-01 18:41,703.3,LB,13,255.94,GBP,DELIVERED
SH100373,2025-04-23,P-1010,SVC6,BLTC,L-233,L-221,,,49.0,KG,3,35.42,GBP,CANCELLED
SH100374,2025-11-12,P-1085,SVC3,FNCH,L-204,L-226,2025-11-15 10:36,2025-11-19 14:56,1204.4,LB,26,242.39,GBP,DELIVERED
SH100375,2025-07-24,P-1013,SVC3,FNCH,L-225,L-241,2025-07-27 06:25,2025-07-30 12:10,329.9,KG,26,155.51,GBP,DELIVERED
SH100376,2025-07-03,P-1189,SVC3,GRYP,L-209,L-218,2025-07-06 10:12,2025-07-10 14:52,289.3,KG,17,158.36,GBP,DELIVERED
SH100377,2025-04-15,P-1185,SVC2,ARRW,L-217,L-257,2025-04-18 16:45,2025-04-24 15:17,59.4,KG,18,63.20,GBP,DELIVERED
SH100378,2025-02-01,P-1089,SVC4,BLTC,L-237,L-257,2025-02-01 19:49,2025-02-06 10:56,168.2,KG,22,95.70,GBP,DELIVERED
SH100379,2025-10-24,P-1168,SVC2,FNCH,L-236,L-246,,,1043.8,KG,6,724.21,GBP,CANCELLED
SH100380,2026-01-01,P-1177,SVC6,GRYP,L-250,L-240,2026-01-04 14:10,2026-01-08 21:58,468.8,LB,14,127.08,GBP,DELIVERED
SH100381,2025-03-20,P-1232,SVC2,CDRX,L-232,L-219,,,1203.2,KG,13,844.41,EUR,CANCELLED
SH100382,2025-07-23,P-1149,SVC3,CDRX,L-220,L-241,2025-07-25 14:11,2025-08-02 21:29,576.7,KG,26,265.64,GBP,DELIVERED
SH100383,2025-08-01,P-1197,SVC3,BLTC,L-236,L-217,2025-08-04 17:42,2025-08-13 18:03,15.9,LB,19,45.53,EUR,DELIVERED
SH100384,2025-07-06,P-1130,SVC4,GRYP,L-201,L-241,2025-07-09 12:25,2025-07-11 08:46,665.7,LB,4,162.80,EUR,DELIVERED
SH100385,2025-08-25,P-1030,SVC2,EGRT,L-237,L-242,2025-08-27 11:25,2025-08-29 08:25,260.7,LB,11,108.28,GBP,DELIVERED
SH100386,2026-01-13,P-1031,SVC5,ARRW,L-203,L-225,2026-01-15 15:10,,1262.2,LB,25,275.01,GBP,IN_TRANSIT
SH100387,2026-05-05,P-1079,SVC3,BLTC,L-215,L-255,2026-05-06 10:39,2026-05-15 14:15,361.2,KG,20,176.11,GBP,DELIVERED
SH100388,2025-10-17,P-1031,SVC2,GRYP,L-233,L-207,2025-10-17 20:31,2025-10-18 17:10,320.2,KG,19,247.42,GBP,DELIVERED
SH100389,2025-10-05,P-1069,SVC3,EGRT,L-230,L-215,2025-10-05 21:27,2025-10-07 16:48,311.9,KG,18,162.79,GBP,DELIVERED
SH100390,2025-04-30,P-1159,SVC4,FNCH,L-203,L-238,2025-05-01 07:02,2025-05-03 09:59,790.6,KG,20,353.47,GBP,DELIVERED
SH100391,2025-09-27,P-1153,SVC1,BLTC,L-227,L-225,2025-09-29 16:18,2025-09-30 18:28,394.1,KG,18,298.77,GBP,DELIVERED
SH100392,2025-08-14,P-1085,SVC3,GRYP,L-253,L-251,2025-08-16 20:19,2025-08-20 09:54,1331.3,KG,2,574.33,GBP,DELIVERED
SH100393,2025-03-20,P-1105,SVC3,GRYP,L-219,L-246,2025-03-22 16:33,2025-03-24 14:33,871.3,KG,4,388.33,GBP,DELIVERED
SH100394,2025-08-26,P-1009,SVC3,EGRT,L-252,L-230,,,879.6,LB,2,197.85,GBP,CANCELLED
SH100395,2026-02-19,P-1119,SVC3,CDRX,L-216,L-222,2026-02-20 19:14,2026-02-22 18:48,64.8,LB,6,28.09,GBP,DELIVERED
SH100396,2025-11-23,P-1070,SVC4,CDRX,L-211,L-201,2025-11-23 14:51,2025-11-29 15:31,739.9,KG,15,349.90,GBP,DELIVERED
SH100397,2026-02-11,P-1079,SVC3,DNUB,L-206,L-207,2026-02-11 19:31,2026-02-15 14:47,692.0,KG,12,315.79,GBP,DELIVERED
SH100398,2025-07-10,P-1229,SVC5,CDRX,L-256,L-217,2025-07-13 08:28,,1272.2,KG,3,575.51,GBP,IN_TRANSIT
SH100399,2025-06-09,P-1097,SVC3,ARRW,L-225,L-260,2025-06-11 07:05,2025-06-14 14:15,860.1,KG,13,377.54,GBP,DELIVERED
SH100400,2025-10-16,P-1144,SVC1,GRYP,L-232,L-226,2025-10-17 18:01,2025-10-18 17:36,888.8,LB,8,301.42,GBP,DELIVERED
SH100401,2025-12-07,P-1053,SVC4,BLTC,L-211,L-224,2025-12-09 14:04,2025-12-19 18:13,1097.2,LB,11,250.91,GBP,DELIVERED
SH100402,2025-09-25,P-1162,SVC4,CDRX,L-250,L-221,2025-09-28 20:52,,388.1,KG,15,199.49,GBP,IN_TRANSIT
SH100403,2026-01-06,P-1176,SVC4,CDRX,L-241,L-218,2026-01-06 10:53,2026-01-18 12:46,499.4,KG,26,225.60,EUR,DELIVERED
SH100404,2026-01-15,P-1113,SVC4,FNCH,L-203,L-207,2026-01-16 08:25,2026-01-21 08:15,874.4,KG,8,388.46,GBP,DELIVERED
SH100405,2025-04-11,P-1035,SVC3,BLTC,L-257,L-201,2025-04-13 15:13,2025-04-17 13:22,1245.3,KG,11,551.12,GBP,DELIVERED
SH100406,2025-12-08,P-1046,SVC3,GRYP,L-260,L-233,2025-12-10 15:41,2025-12-16 09:32,669.8,LB,9,163.17,GBP,DELIVERED
SH100407,2025-01-22,P-1110,SVC3,ARRW,L-256,L-202,2025-01-23 18:52,2025-02-01 16:13,566.1,KG,19,252.27,GBP,DELIVERED
SH100408,2025-01-17,P-1101,SVC3,ARRW,L-204,L-240,2025-01-20 09:09,,1129.1,KG,9,490.29,GBP,IN_TRANSIT
SH100409,2025-05-02,P-1207,SVC3,CDRX,L-218,L-260,2025-05-03 08:45,2025-05-07 10:28,6.9,KG,15,30.06,GBP,DELIVERED
SH100410,2025-01-25,P-1206,SVC4,GRYP,L-212,L-204,2025-01-28 07:38,2025-01-30 16:02,1384.5,KG,7,616.46,GBP,DELIVERED
SH100411,2025-06-02,P-1151,SVC1,EGRT,L-213,L-214,2025-06-02 10:10,2025-06-03 17:51,1180.7,LB,14,400.65,GBP,DELIVERED
SH100412,2025-05-27,P-1211,SVC4,DNUB,L-226,L-232,2025-05-29 10:58,2025-05-31 08:28,738.2,LB,18,153.59,GBP,DELIVERED
SH100413,2025-03-09,P-1069,SVC2,GRYP,L-244,L-208,2025-03-12 13:33,2025-03-14 20:10,1380.8,KG,6,946.28,GBP,DELIVERED
SH100414,2025-02-10,P-1220,SVC1,BLTC,L-239,L-243,2025-02-12 10:22,,1227.2,KG,5,846.40,GBP,IN_TRANSIT
SH100415,2026-05-16,P-1105,SVC3,EGRT,L-243,L-236,2026-05-17 13:26,,200.5,KG,19,106.31,GBP,IN_TRANSIT
SH100416,2025-09-01,P-1004,SVC5,FNCH,L-237,L-243,2025-09-02 11:41,2025-09-05 18:46,686.9,KG,9,328.46,GBP,DELIVERED
SH100417,2025-01-29,P-1148,SVC2,ARRW,L-248,L-215,2025-01-31 17:09,2025-02-01 07:46,535.5,KG,21,378.58,GBP,DELIVERED
SH100418,2025-04-08,P-1069,SVC2,GRYP,L-220,L-225,2025-04-10 18:01,2025-04-13 20:13,1318.1,KG,23,919.04,GBP,DELIVERED
SH100419,2025-10-23,P-1102,SVC1,GRYP,L-228,L-255,2025-10-23 12:27,2025-10-24 11:04,665.6,KG,11,472.30,GBP,DELIVERED
SH100420,2025-10-27,P-1226,SVC1,BLTC,L-227,L-258,2025-10-28 06:44,2025-10-29 06:24,601.3,KG,3,430.63,GBP,DELIVERED
SH100421,2025-11-06,P-1182,SVC2,BLTC,L-242,L-232,2025-11-09 18:59,2025-11-10 11:26,1311.7,KG,13,896.03,GBP,DELIVERED
SH100422,2025-01-27,P-1063,SVC4,ARRW,L-214,L-208,2025-01-27 10:29,2025-01-30 07:25,65.2,KG,4,53.72,GBP,DELIVERED
SH100423,2025-02-18,P-1019,SVC4,CDRX,L-206,L-219,2025-02-21 21:27,2025-03-05 21:22,1260.0,LB,18,264.16,GBP,DELIVERED
SH100424,2025-08-12,P-1060,SVC3,DNUB,L-253,L-258,2025-08-13 08:09,2025-08-15 17:26,1376.2,KG,24,605.56,EUR,DELIVERED
SH100425,2025-12-07,P-1166,SVC3,ARRW,L-247,L-240,2025-12-08 21:34,2025-12-10 16:53,988.7,KG,21,442.23,GBP,DELIVERED
SH100426,2025-07-30,P-1069,SVC4,BLTC,L-249,L-253,,,1303.4,KG,26,567.99,GBP,BOOKED
SH100427,2025-03-10,P-1103,SVC2,FNCH,L-245,L-242,2025-03-11 08:09,2025-03-13 18:07,781.0,KG,9,539.80,GBP,DELIVERED
SH100428,2025-08-06,P-1103,SVC3,GRYP,L-212,L-240,2025-08-09 20:28,2025-08-11 06:21,725.2,KG,24,319.63,EUR,DELIVERED
SH100429,2025-08-06,P-1222,SVC6,EGRT,L-260,L-215,,,1067.9,LB,24,241.12,EUR,CANCELLED
SH100430,2025-02-06,P-1182,SVC1,EGRT,L-246,L-257,2025-02-09 12:50,,1283.9,KG,9,903.27,GBP,IN_TRANSIT
SH100431,2025-01-07,P-1145,SVC1,ARRW,L-246,L-234,2025-01-08 17:50,2025-01-13 18:29,166.1,LB,18,85.14,GBP,DELIVERED
SH100432,2025-10-28,P-1131,SVC4,DNUB,L-253,L-216,2025-10-29 16:40,2025-11-05 11:31,11.9,KG,3,41.84,GBP,DELIVERED
SH100433,2026-03-21,P-1140,SVC5,DNUB,L-204,L-231,2026-03-22 11:03,2026-03-27 07:46,66.1,LB,10,33.64,GBP,DELIVERED
SH100434,2026-03-12,P-1033,SVC3,FNCH,L-241,L-242,,,900.1,KG,11,402.56,GBP,CANCELLED
SH100435,2025-02-07,P-1144,SVC2,EGRT,L-222,L-217,2025-02-10 11:06,2025-02-12 21:32,948.5,LB,21,310.83,EUR,DELIVERED
SH100436,2025-08-25,P-1133,SVC3,CDRX,L-210,L-235,2025-08-25 10:09,2025-08-28 13:29,75.8,KG,20,47.49,GBP,DELIVERED
SH100437,2025-06-05,P-1078,SVC2,FNCH,L-256,L-231,2025-06-07 11:25,2025-06-09 15:56,1061.8,KG,13,749.77,GBP,DELIVERED
SH100438,2025-10-04,P-1083,SVC5,CDRX,L-208,L-245,2025-10-05 18:17,2025-10-10 18:28,925.0,KG,20,430.71,GBP,DELIVERED
SH100439,2026-02-28,P-1096,SVC2,BLTC,L-234,L-203,2026-03-01 09:40,2026-03-03 09:21,662.9,LB,4,229.70,GBP,DELIVERED
SH100440,2026-04-06,P-1079,SVC1,DNUB,L-247,L-217,2026-04-06 14:23,2026-04-07 07:10,1309.7,KG,5,922.50,GBP,DELIVERED
SH100441,2025-01-17,P-1100,SVC3,ARRW,L-217,L-218,2025-01-19 07:25,2025-01-23 21:48,268.1,KG,8,126.17,GBP,DELIVERED
SH100442,2025-11-18,P-1170,SVC3,FNCH,L-212,L-226,2025-11-18 09:59,2025-11-20 06:53,625.8,LB,24,134.13,GBP,DELIVERED
SH100443,2026-02-17,P-1222,SVC2,ARRW,L-247,L-215,2026-02-20 19:34,2026-02-22 08:53,795.2,KG,12,564.37,GBP,DELIVERED
SH100444,2025-12-25,P-1020,SVC5,CDRX,L-225,L-260,2025-12-27 08:33,2025-12-31 18:23,1014.4,LB,23,219.38,GBP,DELIVERED
SH100445,2025-10-08,P-1236,SVC3,CDRX,L-218,L-238,,,147.1,KG,16,102.24,GBP,BOOKED
SH100446,2025-01-23,P-1233,SVC3,CDRX,L-239,L-207,2025-01-26 09:48,2025-01-28 14:54,766.5,KG,26,357.72,GBP,DELIVERED
SH100447,2026-03-30,P-1029,SVC6,GRYP,L-225,L-251,2026-03-30 16:02,2026-03-31 08:03,39.8,LB,17,27.75,GBP,DELIVERED
SH100448,2025-09-06,P-1131,SVC3,CDRX,L-201,L-257,2025-09-06 15:55,2025-09-07 10:28,215.8,KG,13,120.71,GBP,DELIVERED
SH100449,2025-07-20,P-1040,SVC5,BLTC,L-256,L-257,2025-07-22 07:00,2025-07-27 09:38,829.3,LB,13,195.35,GBP,DELIVERED
SH100450,2025-10-17,P-1207,SVC5,BLTC,L-246,L-212,2025-10-17 20:30,2025-10-26 09:47,561.0,LB,13,140.30,GBP,DELIVERED
SH100451,2025-10-09,P-1152,SVC6,FNCH,L-219,L-254,2025-10-10 18:20,2025-10-16 21:06,1002.6,KG,8,460.34,GBP,DELIVERED
SH100452,2026-03-06,P-1235,SVC3,DNUB,L-212,L-254,2026-03-08 21:38,2026-03-12 16:01,840.9,KG,13,376.00,GBP,DELIVERED
SH100453,2025-04-09,P-1108,SVC3,GRYP,L-225,L-239,2025-04-10 11:53,,925.0,KG,6,414.91,GBP,IN_TRANSIT
SH100454,2025-03-18,P-1083,SVC1,FNCH,L-242,L-222,2025-03-21 09:37,2025-03-24 15:39,982.8,LB,16,331.25,GBP,DELIVERED
SH100455,2025-12-14,P-1209,SVC1,GRYP,L-227,L-253,2025-12-15 18:41,2025-12-16 19:28,495.7,LB,21,188.44,EUR,DELIVERED
SH100456,2026-02-20,P-1123,SVC2,GRYP,L-233,L-231,2026-02-21 19:35,2026-02-23 16:08,750.7,KG,25,519.35,GBP,DELIVERED
SH100457,2025-12-29,P-1106,SVC5,DNUB,L-231,L-252,2025-12-30 06:05,2026-01-01 14:05,721.0,KG,26,327.86,GBP,DELIVERED
SH100458,2026-02-21,P-1094,SVC4,FNCH,L-255,L-244,2026-02-22 18:20,2026-02-27 12:43,13.9,LB,19,22.77,GBP,DELIVERED
SH100459,2026-01-29,P-1027,SVC3,DNUB,L-249,L-210,2026-01-29 13:25,2026-01-31 14:05,268.7,KG,10,138.58,GBP,DELIVERED
SH100460,2025-08-27,P-1027,SVC2,EGRT,L-238,L-209,2025-08-29 17:34,2025-08-31 07:06,334.6,KG,21,244.72,GBP,DELIVERED
SH100461,2026-04-29,P-1114,SVC2,ARRW,L-205,L-232,2026-05-01 19:39,2026-05-02 15:55,31.2,LB,21,35.59,EUR,DELIVERED
SH100462,2026-03-04,P-1183,SVC2,EGRT,L-205,L-208,2026-03-04 07:43,2026-03-06 14:40,207.2,KG,20,166.64,GBP,DELIVERED
SH100463,2025-10-21,P-1235,SVC3,EGRT,L-215,L-236,2025-10-22 18:45,2025-10-24 07:08,546.5,KG,13,243.28,GBP,DELIVERED
SH100464,2026-04-28,P-1240,SVC1,BLTC,L-211,L-220,,,697.7,KG,4,503.66,GBP,CANCELLED
SH100465,2025-01-01,P-1109,SVC4,EGRT,L-231,L-245,2025-01-02 19:08,2025-01-14 08:12,1250.0,LB,5,271.29,GBP,DELIVERED
SH100466,2025-12-22,P-1209,SVC5,ARRW,L-241,L-228,2025-12-24 14:18,2025-12-27 06:17,737.2,KG,16,344.07,GBP,DELIVERED
SH100467,2025-06-21,P-1045,SVC3,DNUB,L-250,L-212,2025-06-21 12:18,2025-06-24 11:15,678.8,KG,4,307.44,GBP,DELIVERED
SH100468,2026-03-24,P-1048,SVC6,DNUB,L-234,L-204,,,1384.3,LB,22,277.22,GBP,CANCELLED
SH100469,2025-12-29,P-1073,SVC6,DNUB,L-207,L-260,2025-12-29 21:07,2026-01-01 18:56,861.9,LB,17,185.82,GBP,DELIVERED
SH100470,2025-06-25,P-1138,SVC2,GRYP,L-256,L-229,2025-06-28 10:47,2025-07-05 07:23,963.0,KG,23,671.20,GBP,DELIVERED
SH100471,2025-01-11,P-1071,SVC5,BLTC,L-218,L-235,2025-01-14 21:40,2025-01-18 08:00,619.0,LB,5,152.32,GBP,DELIVERED
SH100472,2025-06-22,P-1117,SVC4,EGRT,L-241,L-238,2025-06-22 14:59,2025-06-28 09:01,964.1,KG,24,419.27,EUR,DELIVERED
SH100473,2025-09-12,P-1221,SVC3,GRYP,L-233,L-235,2025-09-12 10:35,2025-09-14 18:51,1022.1,LB,2,214.06,GBP,DELIVERED
SH100474,2026-01-10,P-1019,SVC1,BLTC,L-215,L-218,2026-01-10 06:31,2026-01-11 16:25,148.9,LB,6,66.97,GBP,DELIVERED
SH100475,2025-06-02,P-1126,SVC4,BLTC,L-257,L-252,2025-06-03 20:50,2025-06-10 13:35,1175.3,KG,11,508.90,EUR,DELIVERED
SH100476,2025-01-03,P-1168,SVC4,GRYP,L-232,L-221,2025-01-04 14:38,2025-01-09 12:29,256.4,KG,21,126.03,GBP,DELIVERED
SH100477,2026-01-27,P-1124,SVC6,BLTC,L-254,L-259,2026-01-28 09:33,2026-01-29 11:43,1288.4,KG,1,559.42,GBP,DELIVERED
SH100478,2025-08-22,P-1025,SVC4,ARRW,L-217,L-247,2025-08-23 17:45,2025-08-29 15:08,899.7,KG,25,391.11,GBP,DELIVERED
SH100479,2025-11-14,P-1017,SVC5,DNUB,L-252,L-235,2025-11-14 08:38,2025-11-16 12:57,1060.4,LB,20,215.39,GBP,DELIVERED
SH100480,2025-11-18,P-1107,SVC3,BLTC,L-209,L-222,2025-11-21 15:34,2025-11-22 20:11,959.2,KG,6,428.30,GBP,DELIVERED
SH100481,2026-03-06,P-1023,SVC6,EGRT,L-216,L-222,2026-03-08 15:51,,1044.5,KG,16,465.01,GBP,IN_TRANSIT
SH100482,2025-04-11,P-1208,SVC2,EGRT,L-249,L-225,2025-04-13 14:55,2025-04-18 12:33,1154.9,KG,19,791.44,EUR,DELIVERED
SH100483,2025-12-03,P-1073,SVC3,BLTC,L-234,L-249,2025-12-04 14:48,,515.5,LB,5,139.71,GBP,IN_TRANSIT
SH100484,2025-07-22,P-1202,SVC3,CDRX,L-204,L-241,2025-07-24 18:06,2025-07-28 13:21,211.7,LB,21,73.23,GBP,DELIVERED
SH100485,2026-02-12,P-1209,SVC5,FNCH,L-245,L-237,2026-02-12 18:35,2026-02-17 09:39,808.0,KG,16,361.02,GBP,DELIVERED
SH100486,2025-01-11,P-1191,SVC4,CDRX,L-250,L-220,2025-01-13 20:48,2025-01-16 20:46,1072.5,KG,9,480.16,GBP,DELIVERED
SH100487,2025-02-10,P-1153,SVC3,ARRW,L-256,L-242,,,522.9,KG,10,249.63,GBP,CANCELLED
SH100488,2025-05-21,P-1194,SVC2,EGRT,L-226,L-214,,,576.4,KG,9,426.52,GBP,BOOKED
SH100489,2026-04-09,P-1050,SVC4,DNUB,L-222,L-246,,,278.4,KG,8,135.38,GBP,CANCELLED
SH100490,2025-09-07,P-1169,SVC4,EGRT,L-206,L-208,2025-09-09 18:14,2025-09-16 09:39,260.0,LB,13,73.86,GBP,DELIVERED
SH100491,2026-01-15,P-1188,SVC6,FNCH,L-250,L-228,2026-01-15 08:01,2026-01-17 11:07,713.9,KG,6,324.90,EUR,DELIVERED
SH100492,2025-05-17,P-1169,SVC3,EGRT,L-244,L-206,2025-05-18 06:14,2025-05-21 14:17,745.1,LB,26,165.35,GBP,DELIVERED
SH100493,2025-04-23,P-1023,SVC5,BLTC,L-205,L-208,2025-04-23 06:27,2025-04-26 16:34,848.0,KG,7,380.73,GBP,DELIVERED
SH100494,2025-03-03,P-1203,SVC3,CDRX,L-209,L-254,2025-03-03 18:30,2025-03-04 21:52,344.2,KG,14,186.07,GBP,DELIVERED
SH100495,2025-08-17,P-1104,SVC4,EGRT,L-212,L-203,2025-08-17 09:59,2025-08-29 17:34,474.0,LB,18,106.74,GBP,DELIVERED
SH100496,2025-10-14,P-1034,SVC2,BLTC,L-248,L-233,2025-10-15 17:55,,936.6,KG,24,648.65,GBP,IN_TRANSIT
SH100497,2026-01-29,P-1113,SVC6,DNUB,L-239,L-222,2026-01-29 09:10,2026-01-31 16:42,1115.0,KG,16,485.12,GBP,DELIVERED
SH100498,2025-09-22,P-1199,SVC3,FNCH,L-243,L-229,2025-09-22 09:57,2025-09-24 18:42,754.8,LB,16,174.83,GBP,DELIVERED
SH100499,2025-05-04,P-1037,SVC2,CDRX,L-245,L-258,2025-05-06 09:31,2025-05-07 18:11,552.0,LB,5,186.49,EUR,DELIVERED
SH100500,2025-08-19,P-1127,SVC1,FNCH,L-224,L-207,2025-08-21 20:10,2025-08-22 18:52,557.4,KG,26,406.70,EUR,DELIVERED
SH100501,2025-03-11,P-1077,SVC3,EGRT,L-207,L-216,2025-03-14 17:47,2025-03-23 15:52,780.8,KG,3,347.41,GBP,DELIVERED
SH100502,2025-01-11,P-1066,SVC2,ARRW,L-257,L-211,2025-01-11 08:19,2025-01-12 14:02,90.8,KG,25,86.70,GBP,DELIVERED
SH100503,2025-05-19,P-1175,SVC3,EGRT,L-201,L-224,,,1099.7,KG,4,496.15,GBP,BOOKED
SH100504,2025-07-10,P-1031,SVC1,CDRX,L-229,L-208,2025-07-10 18:23,2025-07-11 17:57,488.4,LB,21,171.30,GBP,DELIVERED
SH100505,2025-02-10,P-1097,SVC2,EGRT,L-226,L-233,2025-02-13 08:46,2025-02-15 21:16,409.0,KG,19,306.61,GBP,DELIVERED
SH100506,2026-01-06,P-1225,SVC3,DNUB,L-241,L-254,2026-01-07 17:29,2026-01-09 18:35,864.8,LB,11,186.83,GBP,DELIVERED
SH100507,2025-08-15,P-1121,SVC2,ARRW,L-210,L-202,2025-08-15 09:38,2025-08-16 18:03,135.6,KG,25,117.36,GBP,DELIVERED
SH100508,2025-08-06,P-1001,SVC3,ARRW,L-212,L-222,2025-08-08 09:35,2025-08-15 06:49,171.2,LB,6,67.19,GBP,DELIVERED
SH100509,2025-08-03,P-1237,SVC2,CDRX,L-231,L-209,2025-08-03 08:08,2025-08-05 14:10,1085.3,KG,17,769.48,GBP,DELIVERED
SH100510,2025-10-22,P-1106,SVC1,ARRW,L-230,L-208,2025-10-24 14:26,2025-10-25 14:22,713.0,KG,14,509.41,GBP,DELIVERED
SH100511,2025-12-07,P-1161,SVC5,ARRW,L-209,L-207,2025-12-09 21:57,2025-12-11 10:25,807.0,LB,12,189.33,GBP,DELIVERED
SH100512,2026-02-01,P-1045,SVC2,DNUB,L-250,L-249,2026-02-01 15:20,2026-02-08 18:03,925.8,KG,20,650.99,GBP,DELIVERED
SH100513,2026-01-25,P-1153,SVC2,EGRT,L-233,L-256,2026-01-28 07:59,2026-02-02 11:27,1223.1,LB,7,398.20,GBP,DELIVERED
SH100514,2026-05-10,P-1222,SVC1,EGRT,L-205,L-253,2026-05-10 09:54,2026-05-11 18:26,809.5,KG,8,585.58,EUR,DELIVERED
SH100515,2025-02-27,P-1061,SVC3,DNUB,L-216,L-242,2025-02-27 08:03,2025-03-02 20:52,587.7,KG,2,265.72,GBP,DELIVERED
SH100516,2025-06-19,P-1167,SVC4,ARRW,L-252,L-249,2025-06-19 13:36,2025-06-23 16:25,823.0,KG,4,382.28,GBP,DELIVERED
SH100517,2025-10-02,P-1096,SVC2,BLTC,L-248,L-214,2025-10-04 17:11,2025-10-06 11:38,571.8,LB,15,202.46,GBP,DELIVERED
SH100518,2025-07-05,P-1087,SVC1,CDRX,L-260,L-255,2025-07-06 13:18,2025-07-07 20:44,162.9,KG,3,122.95,GBP,DELIVERED
SH100519,2025-11-06,P-1168,SVC3,DNUB,L-238,L-246,2025-11-08 21:54,2025-11-13 19:48,242.9,KG,10,132.69,GBP,DELIVERED
SH100520,2025-12-07,P-1086,SVC3,BLTC,L-258,L-205,2025-12-08 07:41,2025-12-10 16:24,1155.1,LB,7,240.02,EUR,DELIVERED
SH100521,2025-09-22,P-1067,SVC4,EGRT,L-236,L-226,2025-09-23 12:50,,1318.9,KG,15,567.55,GBP,IN_TRANSIT
SH100522,2025-08-11,P-1093,SVC5,CDRX,L-246,L-242,2025-08-14 17:05,2025-08-21 07:03,903.2,KG,10,399.28,GBP,DELIVERED
SH100523,2025-04-28,P-1221,SVC3,GRYP,L-216,L-212,2025-04-30 21:48,2025-05-03 13:22,575.4,LB,17,127.81,EUR,DELIVERED
SH100524,2025-09-03,P-1043,SVC2,DNUB,L-238,L-248,2025-09-06 11:37,2025-09-09 15:53,293.5,KG,20,221.22,GBP,DELIVERED
SH100525,2025-05-02,P-1176,SVC1,EGRT,L-220,L-226,2025-05-02 07:50,2025-05-03 08:27,569.6,KG,16,406.09,GBP,DELIVERED
SH100526,2025-11-10,P-1213,SVC4,ARRW,L-224,L-211,2025-11-12 08:13,,834.1,KG,6,387.30,EUR,IN_TRANSIT
SH100527,2026-01-21,P-1202,SVC2,DNUB,L-237,L-229,2026-01-23 19:00,2026-01-25 10:01,468.1,KG,13,335.78,GBP,DELIVERED
SH100528,2025-06-01,P-1096,SVC1,BLTC,L-209,L-206,2025-06-02 08:27,2025-06-03 15:25,972.6,KG,5,690.16,EUR,DELIVERED
SH100529,2026-01-19,P-1051,SVC4,CDRX,L-227,L-257,2026-01-20 06:27,2026-01-27 12:59,506.7,KG,15,242.81,GBP,DELIVERED
SH100530,2025-07-07,P-1010,SVC4,BLTC,L-222,L-206,2025-07-10 19:56,2025-07-22 18:48,777.4,KG,16,354.10,GBP,DELIVERED
SH100531,2025-02-09,P-1103,SVC3,BLTC,L-233,L-220,2025-02-12 14:02,2025-02-14 17:00,418.6,KG,1,189.23,GBP,DELIVERED
SH100532,2025-11-24,P-1187,SVC2,DNUB,L-235,L-227,2025-11-26 13:13,2025-11-27 15:48,827.7,KG,21,585.38,EUR,DELIVERED
SH100533,2025-02-11,P-1088,SVC5,FNCH,L-259,L-241,2025-02-11 12:57,2025-02-13 09:50,768.2,KG,3,351.79,EUR,DELIVERED
SH100534,2025-02-07,P-1069,SVC4,ARRW,L-241,L-225,2025-02-09 19:10,,1209.6,KG,2,538.73,GBP,IN_TRANSIT
SH100535,2026-02-10,P-1209,SVC4,CDRX,L-224,L-228,2026-02-12 09:20,2026-02-21 15:31,598.5,KG,8,280.65,GBP,DELIVERED
SH100536,2025-12-01,P-1203,SVC3,ARRW,L-217,L-211,2025-12-03 07:23,2025-12-06 18:00,378.2,KG,16,198.16,GBP,DELIVERED
SH100537,2026-01-31,P-1027,SVC2,EGRT,L-202,L-203,,,834.5,KG,12,586.03,GBP,BOOKED
SH100538,2025-10-24,P-1015,SVC4,EGRT,L-232,L-241,2025-10-27 20:55,2025-10-31 18:50,1192.1,KG,7,519.80,EUR,DELIVERED
SH100539,2025-01-09,P-1061,SVC3,FNCH,L-239,L-219,2025-01-12 14:30,2025-01-18 20:07,1108.7,KG,2,500.06,GBP,DELIVERED
SH100540,2025-09-02,P-1084,SVC3,GRYP,L-254,L-208,2025-09-04 14:43,2025-09-07 13:52,642.5,LB,22,140.41,GBP,DELIVERED
SH100541,2025-08-08,P-1132,SVC3,FNCH,L-254,L-239,2025-08-09 11:06,2025-08-12 13:05,1217.7,LB,15,246.69,GBP,DELIVERED
SH100542,2025-09-04,P-1110,SVC4,DNUB,L-205,L-252,2025-09-05 10:05,2025-09-06 15:31,584.8,KG,23,260.90,GBP,DELIVERED
SH100543,2025-10-27,P-1079,SVC3,DNUB,L-235,L-241,2025-10-30 14:35,2025-10-31 07:09,524.1,KG,23,261.00,GBP,DELIVERED
SH100544,2025-05-31,P-1229,SVC3,GRYP,L-256,L-215,2025-06-01 09:08,2025-06-03 13:24,117.2,LB,1,47.80,GBP,DELIVERED
SH100545,2025-01-19,P-1226,SVC3,BLTC,L-251,L-246,2025-01-21 08:53,2025-01-25 09:05,12.5,KG,7,33.36,GBP,DELIVERED
SH100546,2025-02-05,P-1030,SVC2,DNUB,L-230,L-260,2025-02-08 10:28,2025-02-10 08:19,770.1,KG,2,549.72,GBP,DELIVERED
SH100547,2025-05-07,P-1203,SVC3,CDRX,L-242,L-258,2025-05-07 19:19,2025-05-09 10:06,933.0,KG,9,423.29,GBP,DELIVERED
SH100548,2025-05-30,P-1232,SVC3,EGRT,L-207,L-210,2025-05-31 11:27,,146.4,KG,21,100.69,GBP,IN_TRANSIT
SH100549,2025-11-25,P-1238,SVC2,BLTC,L-208,L-213,2025-11-26 11:20,2025-11-28 08:21,727.7,KG,12,528.97,GBP,DELIVERED
SH100550,2025-09-20,P-1022,SVC4,GRYP,L-229,L-259,2025-09-21 17:18,2025-09-22 16:30,569.7,KG,4,262.09,GBP,DELIVERED
SH100551,2026-05-06,P-1237,SVC2,DNUB,L-256,L-203,2026-05-07 15:54,2026-05-09 15:06,138.8,KG,4,115.81,GBP,DELIVERED
SH100552,2025-04-25,P-1055,SVC3,BLTC,L-258,L-227,2025-04-25 16:09,2025-04-26 20:05,680.3,KG,11,313.07,GBP,DELIVERED
SH100553,2025-06-21,P-1172,SVC2,BLTC,L-211,L-216,2025-06-21 19:33,2025-06-26 19:25,889.5,KG,25,614.25,GBP,DELIVERED
SH100554,2026-03-20,P-1225,SVC2,DNUB,L-219,L-235,2026-03-23 09:25,2026-03-24 10:47,537.8,KG,14,394.23,GBP,DELIVERED
SH100555,2025-08-09,P-1073,SVC6,GRYP,L-257,L-209,2025-08-12 09:50,2025-08-15 19:07,716.4,KG,18,343.77,GBP,DELIVERED
SH100556,2026-03-14,P-1216,SVC3,FNCH,L-217,L-210,2026-03-15 13:44,2026-03-16 10:51,611.2,KG,18,289.17,GBP,DELIVERED
SH100557,2025-04-07,P-1081,SVC5,ARRW,L-236,L-213,2025-04-07 16:13,,991.3,KG,1,440.91,GBP,IN_TRANSIT
SH100558,2025-10-30,P-1206,SVC2,ARRW,L-245,L-244,2025-10-31 13:04,2025-11-01 09:08,386.7,KG,11,302.82,GBP,DELIVERED
SH100559,2025-05-06,P-1187,SVC4,GRYP,L-244,L-245,2025-05-09 13:19,2025-05-18 19:37,373.1,KG,12,190.00,GBP,DELIVERED
SH100560,2026-01-24,P-1114,SVC2,DNUB,L-251,L-242,2026-01-25 16:56,2026-01-26 21:32,122.3,LB,7,63.04,GBP,DELIVERED
SH100561,2025-06-11,P-1131,SVC2,GRYP,L-210,L-243,2025-06-12 15:46,2025-06-14 21:56,1194.5,LB,12,392.00,EUR,DELIVERED
SH100562,2025-04-26,P-1073,SVC1,GRYP,L-224,L-257,2025-04-28 07:35,2025-04-29 08:09,535.0,KG,13,382.81,GBP,DELIVERED
SH100563,2025-07-17,P-1073,SVC4,GRYP,L-229,L-257,2025-07-19 19:09,2025-07-21 07:07,668.9,KG,9,309.86,GBP,DELIVERED
SH100564,2026-04-29,P-1101,SVC1,ARRW,L-224,L-242,2026-04-30 15:24,2026-05-01 09:41,575.0,KG,4,416.59,GBP,DELIVERED
SH100565,2025-10-05,P-1029,SVC1,FNCH,L-215,L-250,2025-10-07 20:09,2025-10-08 20:26,1066.3,KG,23,731.48,GBP,DELIVERED
SH100566,2025-04-13,P-1062,SVC4,CDRX,L-231,L-248,2025-04-13 18:02,2025-04-18 08:51,1123.0,KG,17,495.46,GBP,DELIVERED
SH100567,2025-11-17,P-1064,SVC3,CDRX,L-209,L-215,2025-11-19 19:40,2025-11-23 10:22,1074.6,KG,20,488.75,GBP,DELIVERED
SH100568,2025-03-06,P-1119,SVC3,FNCH,L-235,L-244,2025-03-08 18:06,2025-03-10 14:50,353.9,KG,23,161.97,GBP,DELIVERED
SH100569,2025-10-11,P-1025,SVC3,EGRT,L-239,L-232,2025-10-11 15:31,2025-10-15 06:19,1126.3,KG,18,490.44,GBP,DELIVERED
SH100570,2025-04-29,P-1032,SVC5,EGRT,L-251,L-212,2025-05-02 21:18,2025-05-05 19:52,214.3,KG,1,103.18,GBP,DELIVERED
SH100571,2025-11-27,P-1215,SVC6,EGRT,L-211,L-209,2025-11-28 13:29,2025-11-30 13:46,68.2,KG,21,63.08,GBP,DELIVERED
SH100572,2025-02-12,P-1226,SVC3,DNUB,L-228,L-209,2025-02-14 06:43,2025-02-15 10:12,1114.0,LB,20,225.16,GBP,DELIVERED
SH100573,2025-09-12,P-1145,SVC3,FNCH,L-215,L-245,2025-09-13 08:27,2025-09-17 20:31,1050.5,KG,25,464.75,EUR,DELIVERED
SH100574,2026-04-17,P-1179,SVC6,ARRW,L-242,L-208,2026-04-18 07:36,2026-04-20 15:03,34.8,LB,5,19.98,GBP,DELIVERED
SH100575,2025-07-26,P-1044,SVC6,FNCH,L-202,L-218,2025-07-29 19:06,2025-08-01 13:03,796.9,KG,13,374.46,GBP,DELIVERED
SH100576,2025-07-15,P-1128,SVC1,ARRW,L-245,L-248,2025-07-17 14:44,,727.2,KG,2,505.60,GBP,IN_TRANSIT
SH100577,2025-03-18,P-1178,SVC1,FNCH,L-244,L-250,2025-03-19 07:53,2025-03-20 18:34,327.8,KG,25,244.74,GBP,DELIVERED
SH100578,2025-12-23,P-1105,SVC3,FNCH,L-226,L-221,2025-12-26 13:43,,20.2,KG,5,25.40,EUR,IN_TRANSIT
SH100579,2025-04-03,P-1222,SVC6,BLTC,L-216,L-228,2025-04-03 15:28,2025-04-05 10:15,223.6,LB,1,82.41,GBP,DELIVERED
SH100580,2025-02-18,P-1191,SVC3,EGRT,L-254,L-240,2025-02-20 12:07,2025-02-21 15:49,1344.8,KG,5,590.17,GBP,DELIVERED
SH100581,2025-04-29,P-1212,SVC2,BLTC,L-209,L-205,2025-04-30 16:36,2025-05-04 06:45,533.0,KG,6,379.58,GBP,DELIVERED
SH100582,2025-03-29,P-1186,SVC4,ARRW,L-254,L-253,2025-03-31 16:56,2025-04-02 09:28,819.1,KG,9,375.47,GBP,DELIVERED
SH100583,2025-12-27,P-1179,SVC6,EGRT,L-219,L-214,2025-12-30 17:30,2026-01-02 20:40,380.1,KG,21,174.93,GBP,DELIVERED
SH100584,2025-10-28,P-1138,SVC3,CDRX,L-201,L-211,2025-10-28 18:05,2025-10-29 06:09,1117.0,KG,8,488.85,GBP,DELIVERED
SH100585,2026-03-07,P-1020,SVC5,ARRW,L-249,L-245,2026-03-07 14:33,2026-03-12 06:45,474.2,KG,8,216.93,EUR,DELIVERED
SH100586,2026-03-12,P-1059,SVC3,GRYP,L-231,L-247,2026-03-14 09:50,2026-03-15 08:35,1036.7,KG,12,473.26,EUR,DELIVERED
SH100587,2025-06-06,P-1006,SVC6,DNUB,L-209,L-240,2025-06-09 21:53,2025-06-10 15:38,371.3,KG,20,196.78,GBP,DELIVERED
SH100588,2025-03-15,P-1219,SVC4,CDRX,L-228,L-251,2025-03-18 18:06,2025-03-25 17:31,263.0,KG,21,126.91,GBP,DELIVERED
SH100589,2025-12-30,P-1187,SVC1,GRYP,L-226,L-214,2025-12-30 17:30,2025-12-31 19:31,946.6,KG,2,657.59,GBP,DELIVERED
SH100590,2025-01-19,P-1126,SVC1,GRYP,L-253,L-216,2025-01-19 19:41,,70.7,LB,26,55.48,GBP,IN_TRANSIT
SH100591,2025-09-15,P-1081,SVC3,BLTC,L-215,L-205,2025-09-15 13:09,2025-09-20 10:11,1118.4,KG,15,492.83,GBP,DELIVERED
SH100592,2025-06-10,P-1024,SVC4,FNCH,L-253,L-201,2025-06-13 14:29,,69.1,LB,12,30.08,GBP,IN_TRANSIT
SH100593,2025-09-23,P-1240,SVC3,DNUB,L-245,L-252,2025-09-26 14:34,2025-10-04 13:28,1364.4,KG,4,611.94,GBP,DELIVERED
SH100594,2025-12-09,P-1181,SVC2,CDRX,L-241,L-247,2025-12-11 17:27,2025-12-12 12:25,162.5,KG,5,129.69,GBP,DELIVERED
SH100595,2025-08-21,P-1062,SVC5,ARRW,L-224,L-245,2025-08-21 12:31,2025-08-24 17:37,989.7,KG,25,445.88,GBP,DELIVERED
SH100596,2025-10-05,P-1100,SVC4,GRYP,L-226,L-216,2025-10-07 20:44,2025-10-08 11:08,1230.4,KG,6,558.80,GBP,DELIVERED
SH100597,2025-05-30,P-1032,SVC4,FNCH,L-209,L-201,2025-06-01 07:09,2025-06-04 13:19,366.7,KG,17,192.47,GBP,DELIVERED
SH100598,2025-07-08,P-1184,SVC1,BLTC,L-230,L-206,2025-07-08 17:12,2025-07-09 11:15,95.3,LB,20,44.38,GBP,DELIVERED
SH100599,2026-02-28,P-1209,SVC4,ARRW,L-256,L-201,2026-02-28 19:06,2026-03-03 10:00,236.6,KG,18,133.21,GBP,DELIVERED
SH100600,2025-12-30,P-1139,SVC2,CDRX,L-229,L-237,2025-12-30 21:09,2026-01-01 18:37,399.2,LB,3,158.14,GBP,DELIVERED
SH100601,2025-10-03,P-1070,SVC3,ARRW,L-218,L-234,2025-10-05 08:23,2025-10-06 07:02,946.6,KG,4,417.77,GBP,DELIVERED
SH100602,2025-08-14,P-1111,SVC6,FNCH,L-254,L-232,2025-08-16 20:21,2025-08-18 06:37,350.4,LB,13,92.20,EUR,DELIVERED
SH100603,2025-12-28,P-1131,SVC2,ARRW,L-243,L-236,2025-12-31 08:46,2026-01-02 20:14,476.7,LB,6,164.27,EUR,DELIVERED
SH100604,2025-08-08,P-1135,SVC3,CDRX,L-215,L-229,2025-08-10 07:14,2025-08-18 13:13,1325.8,KG,22,585.72,GBP,DELIVERED
SH100605,2025-12-08,P-1177,SVC4,ARRW,L-207,L-208,,,652.1,LB,13,155.49,GBP,BOOKED
SH100606,2026-05-02,P-1151,SVC1,EGRT,L-216,L-215,2026-05-04 08:09,2026-05-05 15:32,807.6,KG,7,559.38,GBP,DELIVERED
SH100607,2025-06-26,P-1054,SVC3,ARRW,L-228,L-233,,,1320.6,LB,25,279.99,GBP,BOOKED
SH100608,2025-10-03,P-1133,SVC1,BLTC,L-252,L-204,,,473.3,KG,2,342.81,GBP,CANCELLED
SH100609,2026-01-23,P-1083,SVC3,DNUB,L-229,L-257,2026-01-23 14:49,2026-01-25 06:55,846.5,KG,21,375.08,GBP,DELIVERED
SH100610,2025-03-18,P-1171,SVC3,GRYP,L-210,L-245,2025-03-20 06:41,2025-03-22 20:11,454.9,KG,25,205.48,GBP,DELIVERED
SH100611,2025-12-09,P-1079,SVC3,EGRT,L-216,L-202,2025-12-10 08:28,2025-12-16 18:05,514.9,KG,26,247.22,GBP,DELIVERED
SH100612,2025-01-31,P-1196,SVC2,EGRT,L-215,L-247,2025-02-03 08:33,2025-02-04 08:42,698.3,LB,21,250.03,GBP,DELIVERED
SH100613,2026-04-06,P-1094,SVC1,CDRX,L-253,L-248,2026-04-08 16:54,2026-04-09 10:03,1319.0,KG,26,908.56,GBP,DELIVERED
SH100614,2025-01-30,P-1101,SVC5,GRYP,L-243,L-230,2025-02-01 19:50,2025-02-02 09:43,883.0,LB,14,209.67,GBP,DELIVERED
SH100615,2025-08-06,P-1168,SVC3,FNCH,L-205,L-251,2025-08-07 15:44,2025-08-08 16:27,45.3,LB,19,21.97,GBP,DELIVERED
SH100616,2025-09-30,P-1056,SVC5,ARRW,L-247,L-236,2025-09-30 10:50,2025-10-06 20:26,1096.9,LB,15,243.27,GBP,DELIVERED
SH100617,2025-07-21,P-1153,SVC2,FNCH,L-231,L-216,2025-07-21 15:13,2025-07-23 14:36,899.5,KG,25,635.80,GBP,DELIVERED
SH100618,2025-09-08,P-1209,SVC1,CDRX,L-248,L-205,2025-09-08 14:55,2025-09-09 18:52,1373.6,LB,24,452.23,GBP,DELIVERED
SH100619,2025-03-17,P-1066,SVC3,CDRX,L-214,L-252,2025-03-20 06:02,2025-03-21 06:47,398.0,KG,13,192.39,EUR,DELIVERED
SH100620,2025-01-05,P-1151,SVC3,ARRW,L-245,L-213,2025-01-06 06:43,2025-01-10 11:39,1337.9,KG,7,588.52,GBP,DELIVERED
SH100621,2025-05-30,P-1079,SVC3,CDRX,L-214,L-236,2025-05-30 20:34,2025-05-31 10:11,1236.4,KG,18,545.05,GBP,DELIVERED
SH100622,2026-03-26,P-1172,SVC1,GRYP,L-207,L-226,2026-03-29 16:29,2026-03-30 08:56,976.5,KG,26,671.48,GBP,DELIVERED
SH100623,2025-10-14,P-1058,SVC3,FNCH,L-252,L-243,2025-10-17 08:28,2025-10-19 08:17,697.5,KG,8,316.36,GBP,DELIVERED
SH100624,2025-10-12,P-1233,SVC3,EGRT,L-246,L-228,2025-10-13 06:17,,668.5,KG,19,320.52,GBP,IN_TRANSIT
SH100625,2025-10-22,P-1053,SVC2,GRYP,L-231,L-251,2025-10-25 12:33,,327.8,LB,13,126.05,GBP,IN_TRANSIT
SH100626,2026-02-04,P-1144,SVC5,CDRX,L-258,L-226,2026-02-04 14:23,2026-02-08 14:49,365.9,KG,20,171.18,EUR,DELIVERED
SH100627,2026-02-17,P-1125,SVC2,BLTC,L-238,L-202,2026-02-20 14:06,2026-02-22 21:11,499.8,KG,25,361.29,EUR,DELIVERED
SH100628,2025-06-12,P-1140,SVC3,GRYP,L-220,L-246,2025-06-12 07:55,2025-06-14 18:15,6.1,LB,16,34.90,EUR,DELIVERED
SH100629,2025-03-28,P-1003,SVC2,FNCH,L-224,L-219,2025-03-30 10:25,2025-03-31 15:54,249.4,LB,7,109.06,GBP,DELIVERED
SH100630,2026-02-24,P-1141,SVC4,BLTC,L-232,L-209,2026-02-26 15:18,2026-03-04 08:44,3.8,KG,17,29.98,EUR,DELIVERED
SH100631,2025-08-26,P-1220,SVC5,DNUB,L-243,L-229,2025-08-26 15:43,2025-08-30 15:25,362.5,KG,17,174.16,GBP,DELIVERED
SH100632,2026-04-27,P-1086,SVC1,GRYP,L-257,L-233,2026-04-30 14:53,,539.3,KG,10,382.50,GBP,IN_TRANSIT
SH100633,2025-02-11,P-1110,SVC3,DNUB,L-258,L-209,2025-02-14 18:37,2025-02-18 08:59,342.8,LB,3,88.11,GBP,DELIVERED
SH100634,2025-05-17,P-1191,SVC2,FNCH,L-237,L-256,2025-05-17 21:11,2025-05-20 13:50,694.5,LB,23,234.05,GBP,DELIVERED
SH100635,2026-02-02,P-1164,SVC3,FNCH,L-244,L-221,2026-02-04 17:44,2026-02-06 11:09,998.7,KG,10,435.39,EUR,DELIVERED
SH100636,2025-04-22,P-1070,SVC1,BLTC,L-258,L-236,2025-04-22 15:03,,1117.0,KG,13,784.77,GBP,IN_TRANSIT
SH100637,2026-04-23,P-1026,SVC3,CDRX,L-232,L-239,2026-04-26 13:43,2026-05-04 16:15,450.4,LB,11,124.27,GBP,DELIVERED
SH100638,2025-04-14,P-1018,SVC2,EGRT,L-216,L-243,2025-04-14 15:44,2025-04-17 06:27,34.7,KG,1,64.60,GBP,DELIVERED
SH100639,2025-10-28,P-1071,SVC4,CDRX,L-258,L-202,2025-10-29 07:58,,1001.4,LB,7,214.67,GBP,IN_TRANSIT
SH100640,2025-04-03,P-1211,SVC3,ARRW,L-230,L-204,2025-04-04 12:19,2025-04-06 11:54,755.3,KG,3,343.38,GBP,DELIVERED
SH100641,2026-05-02,P-1211,SVC3,ARRW,L-234,L-240,2026-05-05 08:42,2026-05-08 16:46,870.1,KG,11,397.19,GBP,DELIVERED
SH100642,2025-01-11,P-1189,SVC4,FNCH,L-207,L-237,2025-01-14 21:25,2025-01-18 09:42,618.5,LB,19,157.20,GBP,DELIVERED
SH100643,2025-09-18,P-1018,SVC6,FNCH,L-236,L-218,2025-09-20 10:46,2025-09-22 21:42,593.8,LB,17,146.74,GBP,DELIVERED
SH100644,2026-03-14,P-1042,SVC4,GRYP,L-247,L-219,2026-03-14 09:12,2026-03-19 20:49,591.2,LB,13,125.47,GBP,DELIVERED
SH100645,2025-07-02,P-1179,SVC5,CDRX,L-211,L-241,2025-07-05 19:42,2025-07-10 19:48,734.6,KG,20,342.68,GBP,DELIVERED
SH100646,2026-01-10,P-1033,SVC6,ARRW,L-246,L-239,2026-01-13 17:25,2026-01-14 19:56,737.6,KG,23,331.18,GBP,DELIVERED
SH100647,2025-08-10,P-1047,SVC3,ARRW,L-242,L-249,2025-08-12 12:23,2025-08-14 07:46,499.1,KG,3,238.74,GBP,DELIVERED
SH100648,2025-09-08,P-1212,SVC2,EGRT,L-225,L-217,2025-09-10 06:25,2025-09-11 16:30,472.7,KG,5,355.79,GBP,DELIVERED
SH100649,2026-04-17,P-1018,SVC6,FNCH,L-260,L-232,2026-04-18 15:02,2026-04-25 13:14,1054.3,KG,23,476.21,GBP,DELIVERED
SH100650,2025-10-23,P-1027,SVC6,ARRW,L-244,L-212,2025-10-24 08:31,2025-11-01 18:23,170.8,KG,6,108.68,GBP,DELIVERED
SH100651,2026-04-16,P-1065,SVC3,BLTC,L-215,L-236,2026-04-16 10:04,2026-04-17 21:25,780.4,KG,17,364.23,GBP,DELIVERED
SH100652,2025-12-07,P-1065,SVC3,GRYP,L-246,L-215,2025-12-07 18:27,2025-12-11 07:50,1341.9,KG,26,587.77,GBP,DELIVERED
SH100653,2025-10-07,P-1098,SVC1,EGRT,L-207,L-260,2025-10-07 13:28,2025-10-09 12:38,894.6,KG,14,640.61,GBP,DELIVERED
SH100654,2025-04-19,P-1009,SVC2,FNCH,L-255,L-208,2025-04-22 07:14,,1194.9,KG,7,821.94,GBP,IN_TRANSIT
SH100655,2025-05-13,P-1183,SVC1,GRYP,L-214,L-213,2025-05-13 21:38,2025-05-14 11:18,1197.9,LB,15,380.33,GBP,DELIVERED
SH100656,2025-10-07,P-1236,SVC2,DNUB,L-255,L-238,2025-10-09 17:45,2025-10-11 14:04,907.3,KG,15,630.41,GBP,DELIVERED
SH100657,2025-02-07,P-1116,SVC6,ARRW,L-232,L-230,2025-02-08 21:36,2025-02-11 13:29,298.1,KG,24,149.65,GBP,DELIVERED
SH100658,2026-05-08,P-1226,SVC3,DNUB,L-202,L-233,2026-05-08 15:54,2026-05-12 19:50,329.1,KG,20,164.32,GBP,DELIVERED
SH100659,2025-02-05,P-1038,SVC3,BLTC,L-252,L-256,2025-02-08 08:20,2025-02-13 13:08,844.7,KG,16,392.82,GBP,DELIVERED
SH100660,2026-02-03,P-1146,SVC1,CDRX,L-243,L-221,2026-02-05 07:33,2026-02-06 16:30,48.8,KG,12,53.82,EUR,DELIVERED
SH100661,2025-08-31,P-1085,SVC3,FNCH,L-210,L-212,2025-09-03 11:38,,234.7,LB,25,86.74,GBP,IN_TRANSIT
SH100662,2025-05-17,P-1139,SVC3,CDRX,L-257,L-210,2025-05-18 07:26,2025-05-20 19:37,955.9,KG,20,424.20,GBP,DELIVERED
SH100663,2026-03-21,P-1201,SVC3,CDRX,L-228,L-237,2026-03-21 16:06,2026-03-23 08:27,190.7,KG,25,112.14,EUR,DELIVERED
SH100664,2025-03-09,P-1226,SVC4,FNCH,L-253,L-228,2025-03-10 16:10,2025-03-17 18:42,474.9,KG,9,220.90,GBP,DELIVERED
SH100665,2025-08-12,P-1197,SVC1,DNUB,L-258,L-222,2025-08-13 13:52,2025-08-14 10:19,1106.7,KG,18,777.10,GBP,DELIVERED
SH100666,2025-08-17,P-1071,SVC2,BLTC,L-217,L-239,2025-08-17 17:09,,203.0,LB,8,83.21,GBP,IN_TRANSIT
SH100667,2025-03-02,P-1035,SVC1,EGRT,L-215,L-246,,,226.3,LB,4,85.00,GBP,BOOKED
SH100668,2026-05-16,P-1204,SVC3,ARRW,L-255,L-212,,,1373.9,KG,9,617.01,GBP,BOOKED
SH100669,2025-08-19,P-1156,SVC5,ARRW,L-220,L-240,2025-08-22 11:12,2025-08-25 21:05,31.9,KG,20,32.42,EUR,DELIVERED
SH100670,2025-04-08,P-1127,SVC4,CDRX,L-215,L-259,2025-04-11 07:08,2025-04-12 09:24,144.0,KG,17,94.73,GBP,DELIVERED
SH100671,2025-11-22,P-1152,SVC2,CDRX,L-257,L-245,2025-11-23 21:48,2025-11-28 15:02,831.3,LB,1,295.34,GBP,DELIVERED
SH100672,2025-01-04,P-1143,SVC3,ARRW,L-203,L-202,2025-01-05 21:28,,245.1,LB,7,82.25,GBP,IN_TRANSIT
SH100673,2025-12-24,P-1092,SVC6,GRYP,L-220,L-251,2025-12-25 21:39,2025-12-28 13:57,1009.2,KG,25,454.37,GBP,DELIVERED
SH100674,2025-09-03,P-1147,SVC4,DNUB,L-252,L-227,2025-09-04 14:31,2025-09-09 07:44,1278.5,KG,2,571.88,GBP,DELIVERED
SH100675,2025-04-22,P-1156,SVC2,FNCH,L-260,L-245,2025-04-25 18:34,2025-04-27 06:36,1147.5,LB,25,371.55,EUR,DELIVERED
SH100676,2025-09-25,P-1156,SVC4,FNCH,L-247,L-233,2025-09-27 06:42,2025-10-03 14:13,1254.3,KG,1,548.09,GBP,DELIVERED
SH100677,2025-08-07,P-1012,SVC4,DNUB,L-258,L-234,2025-08-09 07:42,2025-08-14 09:46,160.8,KG,5,91.84,GBP,DELIVERED
SH100678,2026-02-26,P-1231,SVC6,FNCH,L-203,L-209,,,379.4,KG,8,180.85,GBP,CANCELLED
SH100679,2025-02-04,P-1018,SVC3,ARRW,L-236,L-210,2025-02-07 16:12,2025-02-11 15:42,230.9,KG,5,125.91,GBP,DELIVERED
SH100680,2026-02-24,P-1221,SVC4,GRYP,L-260,L-241,2026-02-26 13:18,2026-03-01 08:26,719.4,KG,15,335.18,GBP,DELIVERED
SH100681,2025-03-04,P-1216,SVC2,EGRT,L-249,L-205,2025-03-05 12:08,,951.0,KG,20,655.21,GBP,IN_TRANSIT
SH100682,2025-07-18,P-1053,SVC1,BLTC,L-225,L-248,2025-07-18 15:05,2025-07-19 18:34,209.2,LB,17,77.89,GBP,DELIVERED
SH100683,2025-07-22,P-1014,SVC4,BLTC,L-250,L-219,2025-07-23 14:06,2025-08-03 16:34,589.1,KG,11,280.53,GBP,DELIVERED
SH100684,2026-04-19,P-1231,SVC3,ARRW,L-209,L-238,2026-04-19 20:15,2026-04-21 08:44,1322.1,KG,14,579.35,GBP,DELIVERED
SH100685,2025-10-01,P-1221,SVC4,DNUB,L-212,L-250,2025-10-02 19:16,2025-10-08 15:27,617.5,KG,20,275.69,GBP,DELIVERED
SH100686,2025-04-04,P-1025,SVC6,GRYP,L-253,L-240,2025-04-04 20:31,2025-04-07 06:31,657.9,KG,14,314.73,EUR,DELIVERED
SH100687,2025-07-30,P-1202,SVC4,DNUB,L-252,L-202,2025-08-01 18:57,,1324.7,KG,4,579.19,EUR,IN_TRANSIT
SH100688,2025-01-11,P-1115,SVC3,CDRX,L-250,L-216,2025-01-12 14:08,2025-01-18 18:58,385.8,LB,20,101.51,GBP,DELIVERED
SH100689,2025-09-23,P-1207,SVC6,FNCH,L-205,L-258,2025-09-23 14:13,2025-09-24 10:41,236.4,LB,2,74.93,GBP,DELIVERED
SH100690,2026-01-18,P-1231,SVC3,BLTC,L-204,L-231,2026-01-18 16:18,2026-01-19 17:20,1224.8,KG,1,543.98,GBP,DELIVERED
SH100691,2025-06-03,P-1030,SVC3,DNUB,L-245,L-243,2025-06-04 12:24,2025-06-05 16:44,156.6,KG,4,106.04,GBP,DELIVERED
SH100692,2026-02-12,P-1100,SVC3,FNCH,L-215,L-221,2026-02-13 19:21,,1102.1,KG,20,502.33,GBP,IN_TRANSIT
SH100693,2025-08-04,P-1002,SVC2,FNCH,L-205,L-257,,,330.6,LB,18,131.87,GBP,CANCELLED
SH100694,2026-03-17,P-1125,SVC4,CDRX,L-235,L-202,2026-03-17 18:56,2026-03-23 16:17,803.4,KG,23,355.04,GBP,DELIVERED
SH100695,2025-04-04,P-1044,SVC6,EGRT,L-220,L-226,2025-04-06 08:20,2025-04-11 14:55,1125.3,KG,26,512.12,EUR,DELIVERED
SH100696,2025-12-18,P-1123,SVC1,BLTC,L-204,L-237,2025-12-20 21:29,2025-12-21 09:16,1227.1,KG,23,857.55,GBP,DELIVERED
SH100697,2025-01-14,P-1058,SVC3,ARRW,L-215,L-245,2025-01-14 08:03,2025-01-17 07:23,987.1,KG,5,456.59,GBP,DELIVERED
SH100698,2026-01-02,P-1140,SVC4,EGRT,L-257,L-237,2026-01-05 14:44,2026-01-10 06:55,31.9,KG,4,49.56,GBP,DELIVERED
SH100699,2025-10-26,P-1078,SVC4,DNUB,L-232,L-206,,,556.8,LB,13,135.27,EUR,BOOKED
SH100700,2026-03-16,P-1166,SVC2,DNUB,L-239,L-224,2026-03-17 09:45,2026-03-18 08:14,558.7,KG,10,395.16,GBP,DELIVERED
SH100701,2025-08-16,P-1192,SVC3,FNCH,L-248,L-205,2025-08-16 15:43,2025-08-24 11:00,177.8,KG,26,92.28,GBP,DELIVERED
SH100702,2025-10-03,P-1100,SVC5,BLTC,L-231,L-253,2025-10-04 14:32,2025-10-09 08:23,1327.9,KG,7,599.69,GBP,DELIVERED
SH100703,2025-06-22,P-1106,SVC5,DNUB,L-226,L-215,2025-06-24 20:02,2025-06-27 11:14,1280.5,KG,23,569.07,GBP,DELIVERED
SH100704,2025-04-18,P-1211,SVC2,CDRX,L-244,L-248,2025-04-19 13:16,2025-04-24 20:10,1388.9,KG,8,952.69,EUR,DELIVERED
SH100705,2025-11-28,P-1032,SVC3,EGRT,L-211,L-241,2025-11-28 21:22,2025-11-29 08:45,1319.3,KG,10,590.80,GBP,DELIVERED
SH100706,2025-06-09,P-1164,SVC3,CDRX,L-245,L-230,2025-06-10 19:14,2025-06-12 14:33,204.0,KG,21,109.64,GBP,DELIVERED
SH100707,2025-05-29,P-1156,SVC2,ARRW,L-244,L-219,2025-05-31 12:47,2025-06-01 14:40,304.3,KG,9,217.51,GBP,DELIVERED
SH100708,2026-02-09,P-1095,SVC4,GRYP,L-215,L-241,2026-02-09 18:04,2026-02-12 13:12,1169.1,KG,22,512.22,GBP,DELIVERED
SH100709,2025-06-09,P-1097,SVC3,FNCH,L-220,L-215,2025-06-12 13:26,2025-06-21 19:07,1392.7,KG,3,605.61,GBP,DELIVERED
SH100710,2026-01-17,P-1099,SVC6,BLTC,L-209,L-225,2026-01-20 14:53,2026-01-23 13:50,34.2,KG,2,53.16,GBP,DELIVERED
SH100711,2025-10-14,P-1214,SVC5,EGRT,L-258,L-256,2025-10-15 16:56,2025-10-19 14:34,1080.5,KG,14,488.74,GBP,DELIVERED
SH100712,2025-10-20,P-1210,SVC3,CDRX,L-245,L-251,2025-10-20 11:39,2025-10-23 07:17,973.9,KG,23,427.43,EUR,DELIVERED
SH100713,2025-05-30,P-1220,SVC1,FNCH,L-259,L-248,2025-06-02 18:27,2025-06-03 06:58,1115.7,KG,13,769.71,GBP,DELIVERED
SH100714,2025-09-24,P-1038,SVC3,FNCH,L-250,L-256,2025-09-26 08:49,2025-09-27 12:32,1091.3,KG,13,476.12,EUR,DELIVERED
SH100715,2025-08-16,P-1176,SVC4,ARRW,L-212,L-246,2025-08-18 08:52,2025-08-25 07:56,584.6,KG,13,274.65,GBP,DELIVERED
SH100716,2025-04-13,P-1138,SVC3,EGRT,L-209,L-216,2025-04-13 13:37,,830.6,KG,14,369.26,EUR,IN_TRANSIT
SH100717,2025-04-11,P-1147,SVC2,GRYP,L-240,L-227,,,1351.1,KG,4,922.68,GBP,CANCELLED
SH100718,2026-01-12,P-1216,SVC6,DNUB,L-253,L-237,2026-01-12 14:56,2026-01-13 21:12,612.1,KG,13,271.71,GBP,DELIVERED
SH100719,2026-01-16,P-1033,SVC2,GRYP,L-217,L-255,2026-01-19 15:24,2026-01-21 08:03,1185.0,KG,15,823.83,GBP,DELIVERED
SH100720,2025-10-14,P-1086,SVC4,CDRX,L-205,L-211,2025-10-16 21:07,2025-10-28 07:35,1126.5,KG,14,497.42,GBP,DELIVERED
SH100721,2025-12-29,P-1089,SVC5,GRYP,L-249,L-221,2025-12-31 21:50,2026-01-05 10:24,411.8,KG,5,201.49,GBP,DELIVERED
SH100722,2025-06-21,P-1148,SVC5,DNUB,L-222,L-245,,,1007.1,LB,21,234.27,GBP,CANCELLED
SH100723,2026-04-10,P-1074,SVC2,CDRX,L-254,L-229,2026-04-13 20:59,,239.6,KG,15,188.86,EUR,IN_TRANSIT
SH100724,2026-04-16,P-1216,SVC4,CDRX,L-249,L-238,,,914.0,LB,11,193.31,GBP,BOOKED
SH100725,2025-09-07,P-1116,SVC3,BLTC,L-219,L-211,2025-09-08 17:33,2025-09-10 21:39,603.1,KG,26,295.50,GBP,DELIVERED
SH100726,2025-01-29,P-1048,SVC3,ARRW,L-238,L-229,2025-01-29 19:38,2025-01-30 11:50,256.1,KG,6,146.92,GBP,DELIVERED
SH100727,2025-08-18,P-1138,SVC4,FNCH,L-231,L-259,2025-08-21 08:50,2025-08-25 19:32,921.6,KG,2,401.94,GBP,DELIVERED
SH100728,2026-03-03,P-1052,SVC3,EGRT,L-248,L-244,2026-03-03 14:45,2026-03-11 10:34,1042.1,KG,15,472.50,GBP,DELIVERED
SH100729,2026-04-23,P-1094,SVC1,BLTC,L-260,L-236,2026-04-26 19:08,2026-04-27 16:33,1115.6,KG,18,791.04,EUR,DELIVERED
SH100730,2025-04-14,P-1148,SVC2,ARRW,L-242,L-216,2025-04-16 11:10,2025-04-17 19:30,634.3,LB,10,229.56,GBP,DELIVERED
SH100731,2025-07-03,P-1177,SVC1,DNUB,L-222,L-207,,,51.7,LB,11,48.10,GBP,CANCELLED
SH100732,2025-06-27,P-1227,SVC5,DNUB,L-227,L-212,2025-06-29 19:52,2025-07-01 11:35,46.0,KG,5,42.48,GBP,DELIVERED
SH100733,2025-06-02,P-1096,SVC3,GRYP,L-257,L-214,2025-06-04 20:05,2025-06-08 19:45,165.1,KG,12,87.87,GBP,DELIVERED
SH100734,2026-02-06,P-1225,SVC3,FNCH,L-253,L-227,2026-02-07 17:17,2026-02-15 12:45,1258.2,LB,21,258.83,GBP,DELIVERED
SH100735,2025-07-01,P-1091,SVC3,ARRW,L-207,L-213,2025-07-02 20:59,2025-07-10 20:08,1209.4,KG,13,546.26,GBP,DELIVERED
SH100736,2025-10-02,P-1197,SVC4,ARRW,L-241,L-221,2025-10-05 11:40,2025-10-06 18:22,809.6,KG,13,358.68,GBP,DELIVERED
SH100737,2025-05-08,P-1189,SVC3,FNCH,L-258,L-257,2025-05-11 06:38,2025-05-13 12:10,822.4,KG,7,380.06,GBP,DELIVERED
SH100738,2025-01-18,P-1190,SVC3,ARRW,L-254,L-218,2025-01-21 14:54,2025-01-22 08:37,483.3,KG,13,220.91,GBP,DELIVERED
SH100739,2025-08-26,P-1116,SVC5,CDRX,L-212,L-208,2025-08-26 17:09,2025-08-30 08:15,569.0,LB,22,127.35,GBP,DELIVERED
SH100740,2025-11-24,P-1048,SVC2,ARRW,L-212,L-211,2025-11-27 18:57,,1010.4,LB,17,346.94,GBP,IN_TRANSIT
SH100741,2026-05-12,P-1144,SVC3,CDRX,L-242,L-210,2026-05-15 06:01,2026-05-18 17:01,1287.8,LB,7,266.49,GBP,DELIVERED
SH100742,2025-09-19,P-1081,SVC3,BLTC,L-229,L-207,2025-09-21 07:36,2025-09-22 18:16,629.0,KG,18,292.47,GBP,DELIVERED
SH100743,2026-04-22,P-1118,SVC2,DNUB,L-225,L-202,,,919.3,KG,10,655.90,GBP,BOOKED
SH100744,2025-07-21,P-1013,SVC1,DNUB,L-209,L-258,2025-07-21 13:35,,301.3,KG,15,236.90,GBP,IN_TRANSIT
SH100745,2025-06-15,P-1128,SVC1,DNUB,L-259,L-228,2025-06-18 12:22,2025-06-19 18:40,1330.3,LB,19,434.69,GBP,DELIVERED
SH100746,2025-11-07,P-1066,SVC2,GRYP,L-207,L-254,2025-11-10 10:54,2025-11-12 17:41,760.8,KG,20,532.85,GBP,DELIVERED
SH100747,2026-01-19,P-1085,SVC4,FNCH,L-233,L-224,2026-01-21 19:21,2026-01-28 18:04,421.1,KG,13,212.68,GBP,DELIVERED
SH100748,2026-03-19,P-1217,SVC4,DNUB,L-227,L-229,2026-03-22 20:10,2026-03-25 14:47,1061.7,LB,5,218.98,GBP,DELIVERED
SH100749,2025-05-16,P-1012,SVC3,FNCH,L-254,L-225,2025-05-19 10:12,,520.4,KG,11,251.32,GBP,IN_TRANSIT
SH100750,2025-09-30,P-1030,SVC2,CDRX,L-243,L-234,2025-10-02 06:14,2025-10-04 14:54,687.5,KG,19,500.96,GBP,DELIVERED
SH100751,2025-01-03,P-1005,SVC4,CDRX,L-242,L-216,2025-01-06 15:53,2025-01-12 08:41,181.3,KG,20,90.37,GBP,DELIVERED
SH100752,2025-08-24,P-1122,SVC4,BLTC,L-228,L-214,2025-08-25 14:35,2025-08-28 14:54,131.0,KG,24,84.65,GBP,DELIVERED
SH100753,2026-04-19,P-1033,SVC3,BLTC,L-251,L-203,2026-04-20 12:49,2026-04-24 18:16,489.5,KG,23,245.46,GBP,DELIVERED
SH100754,2026-02-18,P-1219,SVC2,EGRT,L-215,L-230,,,1119.0,LB,8,364.13,GBP,BOOKED
SH100755,2026-03-03,P-1203,SVC3,EGRT,L-232,L-237,2026-03-05 14:27,2026-03-13 08:46,807.9,KG,19,366.73,GBP,DELIVERED
SH100756,2026-04-09,P-1022,SVC6,CDRX,L-229,L-257,2026-04-12 16:56,2026-04-15 08:18,556.6,KG,13,248.51,GBP,DELIVERED
SH100757,2026-03-09,P-1202,SVC4,BLTC,L-254,L-208,2026-03-09 21:49,,13.3,KG,23,33.02,GBP,IN_TRANSIT
SH100758,2025-01-11,P-1106,SVC1,ARRW,L-255,L-241,2025-01-12 11:34,2025-01-13 06:18,633.6,LB,23,211.82,EUR,DELIVERED
SH100759,2025-02-12,P-1060,SVC3,DNUB,L-237,L-251,,,962.2,KG,19,436.46,GBP,CANCELLED
SH100760,2026-01-20,P-1028,SVC1,ARRW,L-245,L-254,2026-01-23 06:31,2026-01-24 09:54,291.3,LB,22,103.06,GBP,DELIVERED
SH100761,2025-10-22,P-1204,SVC6,CDRX,L-224,L-215,2025-10-23 16:05,2025-10-26 12:52,37.2,LB,3,36.49,GBP,DELIVERED
SH100762,2025-08-06,P-1088,SVC2,DNUB,L-257,L-260,,,1185.2,KG,25,819.49,GBP,CANCELLED
SH100763,2026-01-28,P-1096,SVC4,BLTC,L-242,L-211,2026-01-30 10:40,2026-02-09 10:05,658.1,LB,20,152.66,GBP,DELIVERED
SH100764,2025-12-16,P-1210,SVC2,BLTC,L-206,L-256,2025-12-18 07:53,2025-12-19 20:30,217.5,LB,5,81.66,GBP,DELIVERED
SH100765,2025-03-02,P-1115,SVC3,DNUB,L-238,L-236,2025-03-03 20:37,2025-03-04 18:45,260.5,LB,10,71.77,GBP,DELIVERED
SH100766,2025-05-07,P-1104,SVC3,GRYP,L-220,L-236,2025-05-08 14:40,2025-05-13 08:36,854.9,LB,16,178.76,GBP,DELIVERED
SH100767,2025-04-02,P-1026,SVC2,CDRX,L-246,L-229,2025-04-04 15:54,2025-04-05 21:21,55.5,KG,12,56.16,GBP,DELIVERED
SH100768,2025-11-08,P-1042,SVC3,DNUB,L-206,L-246,2025-11-09 12:02,2025-11-11 12:04,194.8,KG,21,120.92,GBP,DELIVERED
SH100769,2025-11-10,P-1153,SVC2,BLTC,L-204,L-245,2025-11-11 06:54,2025-11-13 18:55,763.2,KG,26,538.44,GBP,DELIVERED
SH100770,2026-01-13,P-1168,SVC4,ARRW,L-252,L-217,2026-01-15 18:17,,1062.6,KG,7,474.16,EUR,IN_TRANSIT
SH100771,2025-03-09,P-1155,SVC2,GRYP,L-253,L-251,2025-03-12 06:47,2025-03-13 09:01,1382.3,KG,9,965.74,GBP,DELIVERED
SH100772,2025-06-18,P-1191,SVC4,ARRW,L-256,L-240,2025-06-20 07:06,2025-06-23 20:58,1357.0,LB,10,279.22,EUR,DELIVERED
SH100773,2025-01-04,P-1034,SVC3,GRYP,L-258,L-219,2025-01-06 19:20,2025-01-08 09:10,497.8,LB,22,120.02,GBP,DELIVERED
SH100774,2025-04-20,P-1117,SVC3,GRYP,L-207,L-244,2025-04-22 17:58,2025-04-23 11:32,292.9,LB,8,87.02,EUR,DELIVERED
SH100775,2026-01-12,P-1239,SVC3,EGRT,L-250,L-244,2026-01-12 11:45,2026-01-16 07:56,883.5,KG,16,403.44,EUR,DELIVERED
SH100776,2025-03-24,P-1033,SVC3,CDRX,L-243,L-209,2025-03-27 09:39,2025-03-28 17:32,1042.5,KG,8,463.62,EUR,DELIVERED
SH100777,2026-05-06,P-1136,SVC1,FNCH,L-251,L-202,2026-05-08 12:01,2026-05-09 18:48,31.4,KG,5,38.20,GBP,DELIVERED
SH100778,2026-03-25,P-1200,SVC3,ARRW,L-204,L-227,2026-03-26 21:20,2026-03-29 12:41,49.5,KG,21,44.48,GBP,DELIVERED
SH100779,2025-12-01,P-1106,SVC3,FNCH,L-222,L-227,2025-12-03 10:26,2025-12-05 12:32,570.5,LB,21,132.75,EUR,DELIVERED
SH100780,2025-05-23,P-1093,SVC3,BLTC,L-236,L-245,2025-05-24 10:02,2025-05-26 15:14,287.7,KG,12,160.42,EUR,DELIVERED
SH100781,2025-03-05,P-1097,SVC5,DNUB,L-255,L-212,2025-03-05 12:10,2025-03-07 10:35,880.6,LB,25,184.38,EUR,DELIVERED
SH100782,2026-01-03,P-1165,SVC2,BLTC,L-239,L-215,2026-01-03 07:44,2026-01-10 21:46,849.0,LB,3,299.13,GBP,DELIVERED
SH100783,2025-03-02,P-1170,SVC3,BLTC,L-202,L-203,2025-03-04 17:50,2025-03-09 17:04,924.0,KG,1,424.99,EUR,DELIVERED
SH100784,2026-04-10,P-1185,SVC3,ARRW,L-213,L-226,2026-04-10 07:01,2026-04-12 17:40,767.9,KG,25,362.33,GBP,DELIVERED
SH100785,2026-03-08,P-1158,SVC2,BLTC,L-236,L-250,2026-03-11 06:56,2026-03-16 12:30,661.7,LB,19,222.67,GBP,DELIVERED
SH100786,2026-01-02,P-1100,SVC2,DNUB,L-214,L-238,2026-01-04 07:18,2026-01-06 18:05,95.4,LB,21,44.36,GBP,DELIVERED
SH100787,2026-01-09,P-1012,SVC1,GRYP,L-229,L-245,2026-01-12 07:31,,407.3,KG,1,289.21,GBP,IN_TRANSIT
SH100788,2025-01-14,P-1175,SVC1,DNUB,L-242,L-253,2025-01-16 16:15,2025-01-17 17:49,758.5,KG,24,526.45,GBP,DELIVERED
SH100789,2025-05-13,P-1067,SVC5,CDRX,L-240,L-204,2025-05-13 06:27,2025-05-14 12:28,605.6,KG,9,280.88,GBP,DELIVERED
SH100790,2026-03-30,P-1049,SVC1,DNUB,L-216,L-230,2026-04-01 14:38,2026-04-02 21:32,573.7,KG,21,422.87,GBP,DELIVERED
SH100791,2026-01-11,P-1073,SVC3,FNCH,L-232,L-253,2026-01-11 15:44,,1260.1,KG,7,556.79,GBP,IN_TRANSIT
SH100792,2025-09-18,P-1115,SVC3,EGRT,L-204,L-207,2025-09-18 19:34,2025-09-19 10:46,623.0,KG,23,275.09,GBP,DELIVERED
SH100793,2026-03-15,P-1130,SVC3,ARRW,L-228,L-246,2026-03-18 11:42,2026-03-21 16:19,1364.0,KG,2,588.02,EUR,DELIVERED
SH100794,2025-10-10,P-1143,SVC3,CDRX,L-230,L-244,2025-10-11 15:30,2025-10-15 13:17,42.5,LB,12,23.18,GBP,DELIVERED
SH100795,2026-01-08,P-1079,SVC2,CDRX,L-217,L-245,2026-01-09 07:56,2026-01-10 16:58,1271.5,KG,25,869.71,GBP,DELIVERED
SH100796,2026-02-10,P-1097,SVC5,FNCH,L-242,L-240,2026-02-13 21:11,,841.1,KG,3,391.76,GBP,IN_TRANSIT
SH100797,2025-06-09,P-1102,SVC6,DNUB,L-254,L-231,2025-06-11 14:03,2025-06-13 11:17,1207.0,KG,2,530.32,GBP,DELIVERED
SH100798,2025-07-23,P-1025,SVC4,CDRX,L-255,L-251,2025-07-25 17:32,2025-08-06 08:31,1383.0,LB,11,292.57,EUR,DELIVERED
SH100799,2025-04-20,P-1195,SVC3,ARRW,L-219,L-254,2025-04-22 11:02,2025-04-27 06:17,1385.0,KG,19,607.06,GBP,DELIVERED
SH100800,2025-06-06,P-1065,SVC5,CDRX,L-211,L-248,2025-06-09 21:10,2025-06-13 16:09,1021.5,KG,18,457.38,GBP,DELIVERED
SH100801,2025-10-01,P-1119,SVC4,GRYP,L-242,L-220,2025-10-02 15:19,2025-10-08 09:32,1269.5,KG,17,567.59,GBP,DELIVERED
SH100802,2025-06-20,P-1174,SVC4,ARRW,L-218,L-256,2025-06-20 10:26,2025-06-29 12:59,374.0,KG,7,197.68,GBP,DELIVERED
SH100803,2025-12-20,P-1158,SVC5,ARRW,L-213,L-259,2025-12-21 21:30,2025-12-25 15:43,208.4,KG,18,125.88,EUR,DELIVERED
SH100804,2025-01-09,P-1006,SVC5,EGRT,L-202,L-220,2025-01-10 16:36,2025-01-14 06:58,887.8,LB,12,205.75,GBP,DELIVERED
SH100805,2026-05-14,P-1103,SVC2,FNCH,L-251,L-241,2026-05-15 17:12,2026-05-16 09:53,1080.3,KG,24,756.67,GBP,DELIVERED
SH100806,2025-05-12,P-1144,SVC2,DNUB,L-241,L-243,2025-05-14 19:55,2025-05-15 08:07,608.0,KG,1,424.37,GBP,DELIVERED
SH100807,2025-06-16,P-1051,SVC5,CDRX,L-236,L-227,2025-06-18 18:26,,825.2,KG,13,385.18,GBP,IN_TRANSIT
SH100808,2026-01-16,P-1225,SVC5,EGRT,L-258,L-205,2026-01-19 13:08,2026-01-21 16:18,253.6,KG,7,147.14,GBP,DELIVERED
SH100809,2026-02-06,P-1183,SVC4,FNCH,L-217,L-255,2026-02-08 15:37,,1004.6,LB,19,214.44,GBP,IN_TRANSIT
SH100810,2025-07-20,P-1236,SVC4,GRYP,L-228,L-227,2025-07-22 14:21,2025-07-24 13:48,1382.6,KG,23,616.70,GBP,DELIVERED
SH100811,2025-10-07,P-1058,SVC2,DNUB,L-251,L-217,2025-10-09 08:56,2025-10-10 10:46,869.5,KG,21,617.93,GBP,DELIVERED
SH100812,2025-03-18,P-1161,SVC3,EGRT,L-228,L-203,,,827.8,KG,9,378.14,GBP,BOOKED
SH100813,2026-01-18,P-1062,SVC2,BLTC,L-244,L-214,2026-01-19 18:11,2026-01-22 17:11,815.6,LB,11,274.23,GBP,DELIVERED
SH100814,2026-01-22,P-1132,SVC4,CDRX,L-251,L-256,2026-01-25 21:14,2026-01-29 15:42,852.6,LB,7,192.80,GBP,DELIVERED
SH100815,2025-01-22,P-1205,SVC1,CDRX,L-239,L-244,2025-01-25 19:41,2025-01-31 20:24,752.1,KG,26,537.79,GBP,DELIVERED
SH100816,2025-04-07,P-1082,SVC3,ARRW,L-250,L-241,2025-04-10 09:58,2025-04-11 12:14,707.4,KG,9,311.01,GBP,DELIVERED
SH100817,2025-08-20,P-1199,SVC1,DNUB,L-211,L-206,2025-08-20 19:23,,445.1,LB,26,155.84,GBP,IN_TRANSIT
SH100818,2025-04-22,P-1215,SVC4,EGRT,L-204,L-258,2025-04-23 18:58,2025-04-30 15:03,385.6,KG,11,177.12,GBP,DELIVERED
SH100819,2025-11-16,P-1003,SVC4,FNCH,L-235,L-250,2025-11-18 14:08,,404.3,LB,4,116.33,GBP,IN_TRANSIT
SH100820,2025-06-05,P-1233,SVC3,GRYP,L-211,L-210,2025-06-05 08:12,2025-06-08 19:51,1243.7,KG,19,543.89,GBP,DELIVERED
SH100821,2026-03-17,P-1119,SVC3,GRYP,L-207,L-244,2026-03-17 19:40,,999.1,KG,18,450.41,GBP,IN_TRANSIT
SH100822,2025-10-30,P-1219,SVC2,FNCH,L-253,L-258,2025-10-31 17:15,2025-11-02 18:23,241.8,LB,20,93.17,GBP,DELIVERED
SH100823,2026-04-25,P-1077,SVC1,EGRT,L-257,L-203,2026-04-26 18:32,2026-04-27 13:36,1174.8,LB,18,375.04,GBP,DELIVERED
SH100824,2025-10-23,P-1107,SVC3,FNCH,L-229,L-255,2025-10-26 09:32,2025-10-29 10:51,1191.9,KG,21,516.81,GBP,DELIVERED
SH100825,2025-02-25,P-1170,SVC2,CDRX,L-204,L-202,2025-02-25 15:03,2025-02-26 12:56,191.2,LB,20,93.05,EUR,DELIVERED
SH100826,2025-02-24,P-1099,SVC5,BLTC,L-217,L-208,2025-02-24 08:25,2025-02-25 10:32,554.4,LB,25,129.78,GBP,DELIVERED
SH100827,2025-05-22,P-1018,SVC3,EGRT,L-239,L-259,2025-05-24 16:39,2025-05-29 17:09,691.2,KG,13,306.46,GBP,DELIVERED
SH100828,2025-08-26,P-1178,SVC4,GRYP,L-207,L-238,2025-08-29 12:00,2025-09-02 20:00,692.7,LB,26,166.83,GBP,DELIVERED
SH100829,2026-05-03,P-1122,SVC2,CDRX,L-236,L-220,2026-05-05 13:17,2026-05-07 18:07,987.2,KG,9,704.97,GBP,DELIVERED
SH100830,2025-07-03,P-1069,SVC5,FNCH,L-233,L-225,2025-07-04 09:24,2025-07-05 09:02,889.4,KG,3,407.21,GBP,DELIVERED
SH100831,2026-05-03,P-1197,SVC2,GRYP,L-211,L-251,2026-05-04 06:34,2026-05-06 07:16,927.2,KG,5,664.69,GBP,DELIVERED
SH100832,2025-12-02,P-1119,SVC2,CDRX,L-235,L-255,2025-12-05 08:07,2025-12-07 07:25,108.9,KG,15,98.46,GBP,DELIVERED
SH100833,2025-02-07,P-1227,SVC3,GRYP,L-257,L-219,2025-02-07 14:38,2025-02-10 14:39,355.6,KG,25,191.76,GBP,DELIVERED
SH100834,2025-08-04,P-1093,SVC1,DNUB,L-212,L-232,2025-08-05 18:33,2025-08-08 17:19,332.8,LB,22,132.34,GBP,DELIVERED
SH100835,2026-03-22,P-1139,SVC6,BLTC,L-219,L-209,2026-03-22 11:49,2026-03-24 08:29,880.0,KG,18,395.62,GBP,DELIVERED
SH100836,2025-04-20,P-1175,SVC3,CDRX,L-204,L-246,2025-04-20 12:16,2025-04-24 09:14,202.7,LB,8,81.45,EUR,DELIVERED
SH100837,2025-11-29,P-1127,SVC6,DNUB,L-213,L-222,2025-12-02 21:07,2025-12-05 20:55,656.6,KG,12,292.17,GBP,DELIVERED
SH100838,2025-07-14,P-1199,SVC4,BLTC,L-220,L-252,2025-07-14 09:22,2025-07-26 14:54,729.9,LB,3,175.23,GBP,DELIVERED
SH100839,2026-03-05,P-1024,SVC4,CDRX,L-238,L-250,2026-03-07 10:17,2026-03-11 21:52,425.5,LB,16,117.89,GBP,DELIVERED
SH100840,2026-03-08,P-1187,SVC4,BLTC,L-203,L-257,2026-03-09 06:20,2026-03-16 18:11,1253.2,KG,10,565.79,GBP,DELIVERED
SH100841,2025-12-30,P-1024,SVC4,GRYP,L-205,L-254,2026-01-01 14:55,2026-01-04 21:37,240.2,LB,18,74.46,GBP,DELIVERED
SH100842,2025-09-06,P-1186,SVC6,BLTC,L-234,L-252,2025-09-09 18:53,2025-09-10 19:38,1130.8,KG,3,493.09,GBP,DELIVERED
SH100843,2026-01-10,P-1109,SVC1,GRYP,L-204,L-235,,,1131.8,LB,14,374.19,GBP,BOOKED
SH100844,2026-05-14,P-1042,SVC4,EGRT,L-259,L-247,2026-05-14 14:08,2026-05-16 18:02,970.4,KG,14,440.85,GBP,DELIVERED
SH100845,2025-05-29,P-1044,SVC2,ARRW,L-238,L-232,,,865.7,LB,14,296.40,GBP,CANCELLED
SH100846,2025-06-16,P-1047,SVC4,ARRW,L-224,L-212,2025-06-19 21:53,2025-07-01 17:17,1261.4,KG,24,555.28,GBP,DELIVERED
SH100847,2026-04-03,P-1130,SVC2,ARRW,L-222,L-259,2026-04-05 17:52,2026-04-08 08:14,493.5,KG,2,347.14,GBP,DELIVERED
SH100848,2025-07-24,P-1115,SVC1,CDRX,L-237,L-256,2025-07-26 21:47,2025-07-27 20:32,55.3,KG,23,57.39,GBP,DELIVERED
SH100849,2025-07-06,P-1067,SVC2,CDRX,L-230,L-222,2025-07-09 19:19,,1207.1,KG,26,832.00,EUR,IN_TRANSIT
SH100850,2025-06-06,P-1010,SVC5,ARRW,L-201,L-222,,,227.1,KG,3,112.10,GBP,BOOKED
SH100851,2025-03-16,P-1018,SVC3,ARRW,L-220,L-244,2025-03-19 09:49,2025-03-23 17:16,499.6,LB,4,123.15,GBP,DELIVERED
SH100852,2025-07-11,P-1094,SVC6,FNCH,L-245,L-234,2025-07-14 21:39,2025-07-15 17:54,686.2,KG,6,319.08,EUR,DELIVERED
SH100853,2025-08-19,P-1062,SVC1,GRYP,L-210,L-254,2025-08-20 08:23,2025-08-21 08:53,1179.6,KG,12,834.25,GBP,DELIVERED
SH100854,2026-05-02,P-1188,SVC2,CDRX,L-244,L-248,2026-05-05 11:39,2026-05-06 12:36,1320.0,KG,20,917.05,GBP,DELIVERED
SH100855,2025-12-06,P-1113,SVC3,ARRW,L-222,L-240,,,1039.8,LB,5,230.50,GBP,BOOKED
SH100856,2026-04-10,P-1168,SVC1,GRYP,L-205,L-203,2026-04-11 14:21,2026-04-12 10:14,1017.3,KG,24,706.45,GBP,DELIVERED
SH100857,2026-02-17,P-1108,SVC3,CDRX,L-213,L-255,2026-02-17 07:21,2026-02-18 20:41,208.7,LB,7,76.23,GBP,DELIVERED
SH100858,2025-11-07,P-1073,SVC4,FNCH,L-228,L-203,2025-11-10 06:03,,638.4,LB,8,158.71,EUR,IN_TRANSIT
SH100859,2025-03-28,P-1070,SVC3,FNCH,L-209,L-203,2025-03-28 11:25,2025-03-30 20:57,182.1,KG,26,118.69,GBP,DELIVERED
SH100860,2026-05-12,P-1220,SVC4,CDRX,L-248,L-207,2026-05-14 20:13,2026-05-16 18:55,357.3,LB,13,83.18,GBP,DELIVERED
SH100861,2025-01-19,P-1232,SVC3,BLTC,L-232,L-220,2025-01-19 19:52,2025-01-21 11:13,1177.8,KG,18,536.10,GBP,DELIVERED
SH100862,2026-05-12,P-1198,SVC3,BLTC,L-243,L-251,2026-05-13 06:14,2026-05-16 20:46,500.6,KG,2,244.10,GBP,DELIVERED
SH100863,2025-09-22,P-1149,SVC3,GRYP,L-205,L-220,2025-09-22 16:21,2025-09-23 13:48,352.7,LB,20,87.29,EUR,DELIVERED
SH100864,2025-02-06,P-1038,SVC4,EGRT,L-222,L-256,2025-02-08 18:49,2025-02-13 15:11,1253.9,KG,6,559.70,GBP,DELIVERED
SH100865,2025-12-16,P-1071,SVC3,GRYP,L-224,L-215,2025-12-17 20:33,2025-12-21 11:43,142.8,KG,20,78.37,GBP,DELIVERED
SH100866,2026-03-11,P-1046,SVC3,EGRT,L-239,L-229,2026-03-12 09:56,,1075.1,LB,7,217.49,EUR,IN_TRANSIT
SH100867,2025-05-24,P-1046,SVC3,EGRT,L-232,L-222,2025-05-25 11:31,2025-05-28 08:07,739.8,KG,7,329.81,GBP,DELIVERED
SH100868,2025-04-25,P-1064,SVC6,CDRX,L-257,L-206,2025-04-26 17:23,2025-04-27 21:37,1053.8,KG,9,477.81,GBP,DELIVERED
SH100869,2025-03-25,P-1189,SVC3,DNUB,L-260,L-227,2025-03-25 15:25,2025-04-03 08:09,1242.4,KG,3,553.31,EUR,DELIVERED
SH100870,2025-12-26,P-1148,SVC3,EGRT,L-260,L-240,2025-12-26 11:53,2025-12-28 07:01,623.0,LB,9,155.73,GBP,DELIVERED
SH100871,2025-04-19,P-1160,SVC4,EGRT,L-228,L-227,2025-04-22 07:09,2025-04-24 19:28,893.7,LB,10,184.72,EUR,DELIVERED
SH100872,2025-02-26,P-1224,SVC3,GRYP,L-249,L-243,2025-02-27 08:58,2025-03-02 16:54,595.6,KG,13,290.41,GBP,DELIVERED
SH100873,2025-10-28,P-1069,SVC4,GRYP,L-246,L-218,2025-10-28 17:40,,687.3,KG,25,321.83,GBP,IN_TRANSIT
SH100874,2026-04-17,P-1068,SVC4,BLTC,L-246,L-210,2026-04-20 11:53,2026-05-02 18:17,814.3,KG,20,381.07,GBP,DELIVERED
SH100875,2026-01-27,P-1142,SVC1,DNUB,L-237,L-221,2026-01-27 19:43,,779.1,KG,14,556.11,GBP,IN_TRANSIT
SH100876,2026-05-13,P-1144,SVC3,FNCH,L-217,L-234,2026-05-15 13:56,2026-05-16 07:23,41.6,KG,19,55.08,GBP,DELIVERED
SH100877,2026-04-30,P-1169,SVC5,DNUB,L-247,L-257,2026-05-03 10:41,2026-05-13 21:07,507.5,KG,2,232.52,GBP,DELIVERED
SH100878,2025-08-27,P-1118,SVC5,CDRX,L-249,L-240,2025-08-27 10:31,2025-09-03 17:36,1170.2,KG,26,526.89,EUR,DELIVERED
SH100879,2025-02-16,P-1192,SVC5,CDRX,L-225,L-210,,,22.5,KG,21,32.83,GBP,CANCELLED
SH100880,2026-05-13,P-1164,SVC2,ARRW,L-208,L-203,2026-05-13 15:13,2026-05-14 15:34,473.4,KG,6,336.03,GBP,DELIVERED
SH100881,2026-05-11,P-1061,SVC3,DNUB,L-230,L-213,2026-05-14 12:57,2026-05-15 12:58,474.1,KG,24,212.63,GBP,DELIVERED
SH100882,2026-05-13,P-1119,SVC2,GRYP,L-256,L-245,,,399.5,KG,14,286.69,GBP,BOOKED
SH100883,2025-03-04,P-1230,SVC3,GRYP,L-246,L-242,2025-03-06 16:13,2025-03-07 19:08,587.1,KG,21,272.14,GBP,DELIVERED
SH100884,2026-01-29,P-1098,SVC5,GRYP,L-237,L-203,2026-01-30 08:03,2026-02-01 06:30,1262.7,KG,10,548.94,EUR,DELIVERED
SH100885,2026-04-18,P-1063,SVC1,ARRW,L-242,L-224,,,1140.4,KG,19,782.82,GBP,BOOKED
SH100886,2025-04-09,P-1237,SVC2,FNCH,L-249,L-209,2025-04-12 17:29,2025-04-14 07:43,869.3,KG,7,603.22,GBP,DELIVERED
SH100887,2025-01-22,P-1052,SVC4,BLTC,L-236,L-225,2025-01-24 18:06,2025-02-01 21:20,37.0,LB,22,37.17,EUR,DELIVERED
SH100888,2025-03-03,P-1163,SVC2,EGRT,L-203,L-251,2025-03-04 12:38,2025-03-05 06:03,393.2,LB,8,161.66,GBP,DELIVERED
SH100889,2026-05-15,P-1101,SVC2,GRYP,L-230,L-224,2026-05-18 08:42,2026-05-19 18:00,1146.8,KG,10,797.35,GBP,DELIVERED
SH100890,2025-11-03,P-1158,SVC2,BLTC,L-211,L-252,2025-11-04 12:51,2025-11-05 17:00,768.6,LB,3,264.74,EUR,DELIVERED
SH100891,2025-12-05,P-1069,SVC3,GRYP,L-245,L-209,2025-12-07 17:57,2025-12-08 21:42,1352.1,KG,2,594.50,EUR,DELIVERED
SH100892,2025-09-18,P-1140,SVC5,EGRT,L-201,L-209,2025-09-21 12:49,2025-09-23 10:16,724.4,KG,23,318.00,GBP,DELIVERED
SH100893,2025-10-19,P-1213,SVC4,FNCH,L-231,L-225,2025-10-19 16:07,2025-10-25 13:59,354.8,KG,12,178.23,GBP,DELIVERED
SH100894,2025-09-04,P-1067,SVC1,BLTC,L-229,L-236,2025-09-04 19:20,2025-09-05 06:22,1033.0,KG,14,710.47,GBP,DELIVERED
SH100895,2025-04-20,P-1151,SVC3,GRYP,L-208,L-256,2025-04-22 07:47,2025-04-23 08:48,757.0,LB,3,162.18,GBP,DELIVERED
SH100896,2025-03-05,P-1090,SVC3,GRYP,L-253,L-241,2025-03-07 13:08,2025-03-11 13:12,1076.0,LB,12,221.93,GBP,DELIVERED
SH100897,2025-01-29,P-1200,SVC3,DNUB,L-247,L-216,2025-02-01 09:16,2025-02-04 16:35,313.8,KG,3,165.80,GBP,DELIVERED
SH100898,2025-03-31,P-1145,SVC3,DNUB,L-207,L-241,2025-04-01 16:55,2025-04-02 11:31,251.9,LB,13,65.54,GBP,DELIVERED
SH100899,2025-01-17,P-1118,SVC2,BLTC,L-202,L-244,2025-01-18 16:09,2025-01-19 17:08,894.7,LB,13,285.54,GBP,DELIVERED
SH100900,2025-05-06,P-1008,SVC5,ARRW,L-217,L-238,2025-05-07 21:42,2025-05-11 10:33,743.0,KG,9,352.31,GBP,DELIVERED
SH100901,2025-08-11,P-1063,SVC4,GRYP,L-228,L-248,2025-08-14 06:33,2025-08-21 19:57,913.2,LB,12,198.10,GBP,DELIVERED
SH100902,2025-09-19,P-1199,SVC6,GRYP,L-255,L-242,2025-09-19 15:48,2025-09-21 06:21,273.0,KG,17,152.55,GBP,DELIVERED
SH100903,2025-07-18,P-1031,SVC1,BLTC,L-233,L-213,2025-07-18 12:53,2025-07-19 09:40,181.8,LB,26,95.96,GBP,DELIVERED
SH100904,2025-10-13,P-1167,SVC2,EGRT,L-248,L-253,2025-10-16 10:54,2025-10-22 17:40,1205.4,KG,13,829.57,GBP,DELIVERED
SH100905,2026-03-27,P-1033,SVC3,EGRT,L-255,L-258,2026-03-27 10:45,2026-03-30 21:40,1236.8,KG,5,554.47,GBP,DELIVERED
SH100906,2025-07-11,P-1021,SVC3,EGRT,L-204,L-243,2025-07-13 20:02,2025-07-21 18:52,1312.0,KG,14,592.55,GBP,DELIVERED
SH100907,2025-06-09,P-1043,SVC3,BLTC,L-226,L-215,2025-06-12 06:20,,231.0,KG,1,125.80,GBP,IN_TRANSIT
SH100908,2025-05-18,P-1236,SVC4,DNUB,L-251,L-204,2025-05-21 13:51,2025-05-26 19:55,1351.3,KG,1,584.30,GBP,DELIVERED
SH100909,2025-03-07,P-1102,SVC3,FNCH,L-228,L-242,2025-03-08 20:18,2025-03-10 18:06,67.6,LB,10,55.28,GBP,DELIVERED
SH100910,2026-04-20,P-1061,SVC2,GRYP,L-231,L-226,2026-04-20 13:52,2026-04-21 14:14,378.1,KG,16,290.55,GBP,DELIVERED
SH100911,2025-01-12,P-1149,SVC2,ARRW,L-214,L-216,2025-01-13 19:52,2025-01-15 07:48,59.3,KG,10,76.65,GBP,DELIVERED
SH100912,2026-03-15,P-1235,SVC3,ARRW,L-251,L-203,2026-03-16 11:43,2026-03-18 09:35,119.0,KG,8,79.15,EUR,DELIVERED
SH100913,2025-02-09,P-1042,SVC1,BLTC,L-205,L-221,2025-02-10 07:37,2025-02-11 11:56,467.3,KG,20,339.20,GBP,DELIVERED
SH100914,2025-05-10,P-1070,SVC6,FNCH,L-240,L-209,2025-05-10 10:14,2025-05-16 17:31,553.4,LB,7,132.13,GBP,DELIVERED
SH100915,2025-01-05,P-1136,SVC3,CDRX,L-230,L-231,,,1315.0,KG,16,565.83,GBP,BOOKED
SH100916,2025-11-23,P-1082,SVC6,BLTC,L-251,L-227,2025-11-24 08:57,2025-11-26 19:08,426.4,KG,9,213.28,GBP,DELIVERED
SH100917,2025-01-06,P-1134,SVC1,BLTC,L-253,L-235,2025-01-08 13:29,2025-01-14 15:17,995.9,KG,1,685.77,GBP,DELIVERED
SH100918,2025-07-07,P-1148,SVC3,DNUB,L-229,L-228,2025-07-09 10:39,2025-07-13 14:50,1203.0,KG,21,525.02,GBP,DELIVERED
SH100919,2025-10-30,P-1234,SVC3,DNUB,L-232,L-222,,,912.2,KG,6,399.90,GBP,CANCELLED
SH100920,2026-04-29,P-1240,SVC3,BLTC,L-258,L-255,2026-04-30 13:20,2026-05-04 06:40,882.9,KG,4,407.54,GBP,DELIVERED
SH100921,2025-05-05,P-1096,SVC1,DNUB,L-203,L-252,2025-05-07 08:20,2025-05-08 10:03,655.8,LB,9,227.17,GBP,DELIVERED
SH100922,2025-08-25,P-1054,SVC2,BLTC,L-255,L-232,2025-08-25 16:44,,265.7,KG,1,202.22,GBP,IN_TRANSIT
SH100923,2025-02-01,P-1095,SVC3,DNUB,L-220,L-255,2025-02-04 07:01,2025-02-13 14:00,402.5,KG,8,208.97,GBP,DELIVERED
SH100924,2025-12-14,P-1082,SVC6,ARRW,L-212,L-260,2025-12-17 11:16,,113.1,KG,1,63.92,EUR,IN_TRANSIT
SH100925,2025-11-03,P-1229,SVC3,CDRX,L-205,L-211,2025-11-06 16:44,2025-11-14 20:27,843.4,LB,12,179.06,GBP,DELIVERED
SH100926,2025-04-17,P-1151,SVC5,DNUB,L-255,L-221,2025-04-17 11:23,2025-04-19 09:36,599.7,LB,4,136.26,GBP,DELIVERED
SH100927,2025-06-16,P-1090,SVC3,GRYP,L-257,L-256,2025-06-18 21:25,2025-06-19 18:55,868.7,KG,26,403.06,EUR,DELIVERED
SH100928,2025-08-04,P-1082,SVC4,GRYP,L-231,L-236,2025-08-04 19:01,2025-08-07 09:57,871.3,LB,12,203.68,GBP,DELIVERED
SH100929,2025-12-18,P-1228,SVC5,ARRW,L-244,L-216,2025-12-18 16:34,2025-12-22 14:26,1059.3,LB,13,236.96,GBP,DELIVERED
SH100930,2026-01-08,P-1117,SVC3,GRYP,L-220,L-231,2026-01-11 09:49,2026-01-12 19:48,714.2,LB,23,175.00,EUR,DELIVERED
SH100931,2025-05-25,P-1057,SVC4,EGRT,L-231,L-253,2025-05-28 16:25,2025-05-29 06:22,888.1,KG,13,388.67,GBP,DELIVERED
SH100932,2025-10-14,P-1186,SVC1,GRYP,L-210,L-228,,,1314.9,KG,5,900.31,EUR,CANCELLED
SH100933,2025-07-07,P-1026,SVC5,FNCH,L-254,L-242,2025-07-08 15:09,2025-07-13 12:06,1397.6,KG,16,600.11,GBP,DELIVERED
SH100934,2025-05-09,P-1023,SVC2,BLTC,L-249,L-253,2025-05-11 17:09,2025-05-12 13:57,1371.7,KG,23,947.95,GBP,DELIVERED
SH100935,2025-06-25,P-1237,SVC2,CDRX,L-236,L-257,2025-06-25 21:07,2025-06-30 08:38,833.5,KG,23,585.86,GBP,DELIVERED
SH100936,2025-10-30,P-1113,SVC4,DNUB,L-206,L-249,2025-11-01 20:16,2025-11-05 19:57,766.2,KG,24,342.83,EUR,DELIVERED
SH100937,2025-10-19,P-1019,SVC4,BLTC,L-210,L-219,2025-10-20 15:52,,960.1,KG,5,417.97,GBP,IN_TRANSIT
SH100938,2026-03-07,P-1115,SVC2,GRYP,L-253,L-216,,,1063.9,KG,26,740.59,EUR,BOOKED
SH100939,2025-05-09,P-1187,SVC2,CDRX,L-231,L-217,2025-05-11 21:13,2025-05-13 18:41,248.9,LB,22,102.91,EUR,DELIVERED
SH100940,2026-01-04,P-1096,SVC5,DNUB,L-233,L-254,,,810.8,KG,15,369.95,GBP,BOOKED
SH100941,2025-12-25,P-1022,SVC3,GRYP,L-239,L-230,2025-12-27 21:29,2025-12-31 07:40,879.1,KG,12,408.25,EUR,DELIVERED
SH100942,2025-05-15,P-1193,SVC1,DNUB,L-220,L-212,2025-05-15 09:05,2025-05-16 12:53,507.5,KG,6,373.05,GBP,DELIVERED
SH100943,2026-03-22,P-1101,SVC5,BLTC,L-225,L-220,2026-03-24 17:56,2026-03-25 15:39,1229.5,KG,24,536.50,EUR,DELIVERED
SH100944,2025-12-07,P-1130,SVC5,ARRW,L-242,L-210,2025-12-08 19:42,2025-12-10 11:40,722.4,KG,26,330.84,GBP,DELIVERED
SH100945,2026-05-13,P-1165,SVC1,CDRX,L-244,L-236,2026-05-16 08:40,2026-05-17 06:51,901.9,LB,10,316.32,GBP,DELIVERED
SH100946,2026-01-31,P-1126,SVC5,BLTC,L-204,L-240,2026-01-31 20:24,,375.3,LB,9,110.25,EUR,IN_TRANSIT
SH100947,2026-01-13,P-1236,SVC6,FNCH,L-259,L-252,2026-01-14 13:32,2026-01-16 16:00,1279.3,KG,22,555.22,GBP,DELIVERED
SH100948,2025-06-17,P-1133,SVC4,EGRT,L-222,L-255,2025-06-18 07:33,2025-06-22 21:28,992.6,KG,17,447.41,EUR,DELIVERED
SH100949,2026-01-01,P-1112,SVC2,CDRX,L-207,L-206,2026-01-02 19:22,2026-01-03 11:42,1023.9,KG,20,708.49,GBP,DELIVERED
SH100950,2026-03-12,P-1235,SVC3,GRYP,L-237,L-204,2026-03-13 09:51,2026-03-16 20:08,716.4,KG,8,323.51,GBP,DELIVERED
SH100951,2025-12-29,P-1137,SVC1,EGRT,L-242,L-232,2026-01-01 09:12,,471.1,KG,4,336.12,GBP,IN_TRANSIT
SH100952,2025-02-23,P-1019,SVC2,BLTC,L-212,L-218,2025-02-26 16:19,2025-02-27 19:27,3.8,KG,20,16.28,GBP,DELIVERED
SH100953,2026-04-16,P-1086,SVC3,CDRX,L-257,L-244,2026-04-18 07:53,2026-04-19 08:26,426.2,LB,21,108.99,GBP,DELIVERED
SH100954,2025-05-17,P-1014,SVC5,ARRW,L-202,L-221,2025-05-19 09:40,2025-05-23 16:15,29.2,KG,26,34.25,GBP,DELIVERED
SH100955,2025-06-02,P-1130,SVC2,ARRW,L-253,L-213,2025-06-03 13:09,2025-06-05 19:27,114.4,KG,7,98.26,GBP,DELIVERED
SH100956,2026-02-01,P-1092,SVC4,DNUB,L-211,L-231,2026-02-03 14:07,2026-02-08 11:39,461.1,LB,22,126.78,GBP,DELIVERED
SH100957,2025-03-18,P-1186,SVC5,BLTC,L-257,L-229,2025-03-19 08:21,2025-03-29 07:21,389.4,LB,16,91.69,GBP,DELIVERED
SH100958,2025-07-01,P-1184,SVC5,CDRX,L-248,L-227,,,365.5,KG,23,180.01,GBP,CANCELLED
SH100959,2025-07-13,P-1220,SVC1,EGRT,L-249,L-234,2025-07-16 08:39,2025-07-17 20:31,1147.0,KG,26,799.82,EUR,DELIVERED
SH100960,2025-09-14,P-1086,SVC1,ARRW,L-218,L-241,2025-09-14 08:36,2025-09-15 20:50,217.7,LB,11,99.03,GBP,DELIVERED
SH100961,2025-10-13,P-1076,SVC5,GRYP,L-203,L-242,,,91.9,KG,2,61.21,EUR,CANCELLED
SH100962,2025-06-30,P-1032,SVC4,GRYP,L-210,L-251,2025-06-30 13:33,,82.8,LB,10,44.33,GBP,IN_TRANSIT
SH100963,2026-02-08,P-1210,SVC4,EGRT,L-254,L-225,2026-02-11 12:34,2026-02-18 12:00,160.1,LB,9,57.31,EUR,DELIVERED
SH100964,2025-06-16,P-1104,SVC3,EGRT,L-244,L-230,2025-06-19 17:26,2025-06-20 07:42,998.5,KG,21,440.07,EUR,DELIVERED
SH100965,2025-08-28,P-1076,SVC1,DNUB,L-235,L-245,2025-08-31 07:31,2025-09-01 08:58,1342.1,KG,1,930.65,GBP,DELIVERED
SH100966,2025-06-02,P-1175,SVC6,FNCH,L-244,L-226,2025-06-03 08:37,,1078.6,KG,24,473.13,GBP,IN_TRANSIT
SH100967,2026-01-28,P-1229,SVC3,EGRT,L-249,L-253,2026-01-28 18:21,2026-01-29 16:15,462.3,KG,6,230.74,GBP,DELIVERED
SH100968,2025-06-14,P-1015,SVC5,ARRW,L-249,L-254,,,542.3,LB,19,145.46,GBP,CANCELLED
SH100969,2025-11-03,P-1056,SVC2,BLTC,L-236,L-225,2025-11-05 21:06,2025-11-07 21:55,1293.1,KG,13,882.63,GBP,DELIVERED
SH100970,2025-03-04,P-1037,SVC3,ARRW,L-203,L-224,2025-03-06 09:50,2025-03-10 14:21,345.8,LB,9,92.36,GBP,DELIVERED
SH100971,2026-01-01,P-1131,SVC2,GRYP,L-237,L-249,2026-01-01 06:50,2026-01-02 16:55,654.6,LB,19,231.14,GBP,DELIVERED
SH100972,2025-02-03,P-1058,SVC3,FNCH,L-209,L-242,2025-02-06 10:02,2025-02-15 12:56,458.2,LB,22,112.49,GBP,DELIVERED
SH100973,2025-07-16,P-1161,SVC4,FNCH,L-226,L-233,2025-07-19 11:40,2025-07-30 06:23,647.7,KG,3,307.91,GBP,DELIVERED
SH100974,2025-10-14,P-1129,SVC3,DNUB,L-222,L-226,2025-10-17 12:48,2025-10-18 09:53,1379.8,KG,13,619.35,GBP,DELIVERED
SH100975,2025-08-30,P-1041,SVC3,ARRW,L-255,L-252,2025-08-31 18:54,2025-09-02 15:32,1290.1,LB,6,264.68,GBP,DELIVERED
SH100976,2026-04-08,P-1201,SVC4,DNUB,L-227,L-256,2026-04-11 10:57,2026-04-22 19:30,300.7,KG,23,166.38,GBP,DELIVERED
SH100977,2025-08-29,P-1152,SVC3,FNCH,L-247,L-243,2025-08-29 09:54,2025-09-01 07:50,1295.0,LB,16,267.75,GBP,DELIVERED
SH100978,2026-03-01,P-1154,SVC4,CDRX,L-207,L-253,2026-03-01 18:23,2026-03-07 07:21,1035.1,LB,5,232.53,GBP,DELIVERED
SH100979,2025-03-30,P-1192,SVC1,ARRW,L-252,L-242,2025-03-30 08:26,2025-03-31 12:25,1014.7,KG,2,702.78,GBP,DELIVERED
SH100980,2025-12-07,P-1193,SVC1,DNUB,L-256,L-240,2025-12-09 17:48,2025-12-10 07:29,1167.9,KG,13,806.55,GBP,DELIVERED
SH100981,2025-05-20,P-1103,SVC6,FNCH,L-247,L-245,2025-05-21 20:19,2025-05-24 09:01,680.2,LB,16,148.04,GBP,DELIVERED
SH100982,2025-12-02,P-1183,SVC5,CDRX,L-231,L-222,2025-12-04 07:09,,49.8,KG,7,53.59,GBP,IN_TRANSIT
SH100983,2025-03-28,P-1188,SVC2,EGRT,L-229,L-230,2025-03-28 14:36,2025-03-29 18:32,511.4,LB,11,178.78,GBP,DELIVERED
SH100984,2025-04-01,P-1161,SVC1,DNUB,L-251,L-219,2025-04-01 15:28,2025-04-02 06:19,404.7,LB,10,149.05,GBP,DELIVERED
SH100985,2025-01-23,P-1074,SVC5,ARRW,L-235,L-221,2025-01-26 11:14,2025-01-29 07:16,824.0,KG,18,376.93,GBP,DELIVERED
SH100986,2025-01-24,P-1062,SVC3,BLTC,L-233,L-219,2025-01-27 08:38,2025-01-29 08:36,85.3,KG,26,63.56,GBP,DELIVERED
SH100987,2026-01-01,P-1107,SVC4,GRYP,L-233,L-226,2026-01-03 07:14,,439.8,KG,2,200.96,GBP,IN_TRANSIT
SH100988,2026-05-16,P-1071,SVC3,GRYP,L-225,L-259,2026-05-16 11:41,2026-05-18 21:43,1157.2,KG,1,525.93,GBP,DELIVERED
SH100989,2025-08-15,P-1143,SVC1,CDRX,L-258,L-247,2025-08-17 17:31,2025-08-18 17:24,1325.9,LB,21,420.39,GBP,DELIVERED
SH100990,2025-12-17,P-1098,SVC2,CDRX,L-225,L-224,2025-12-17 08:58,2025-12-19 14:54,231.0,LB,15,88.02,GBP,DELIVERED
SH100991,2025-02-04,P-1211,SVC5,BLTC,L-218,L-235,,,913.6,KG,8,412.11,GBP,CANCELLED
SH100992,2025-12-01,P-1177,SVC2,BLTC,L-227,L-228,2025-12-01 12:49,2025-12-02 12:22,1201.5,LB,21,388.36,GBP,DELIVERED
SH100993,2025-06-14,P-1144,SVC2,FNCH,L-221,L-256,2025-06-16 15:06,2025-06-18 20:20,224.4,KG,20,167.60,GBP,DELIVERED
SH100994,2025-07-10,P-1078,SVC5,DNUB,L-227,L-220,2025-07-11 10:21,2025-07-15 13:01,500.3,KG,8,239.34,GBP,DELIVERED
SH100995,2025-11-09,P-1105,SVC5,FNCH,L-219,L-230,2025-11-12 10:48,2025-11-21 14:37,745.0,LB,20,168.95,GBP,DELIVERED
SH100996,2025-08-06,P-1206,SVC5,EGRT,L-201,L-242,2025-08-09 06:16,2025-08-13 08:17,1004.4,KG,15,440.46,EUR,DELIVERED
SH100997,2025-10-02,P-1231,SVC3,BLTC,L-249,L-239,2025-10-04 06:05,2025-10-07 14:38,1085.0,KG,5,489.12,GBP,DELIVERED
SH100998,2025-03-15,P-1205,SVC3,DNUB,L-210,L-254,,,823.0,KG,7,376.69,GBP,BOOKED
SH100999,2025-05-19,P-1075,SVC2,GRYP,L-230,L-213,2025-05-19 06:44,,775.2,KG,6,549.11,GBP,IN_TRANSIT
SH101000,2025-01-09,P-1113,SVC2,ARRW,L-236,L-214,2025-01-09 15:16,2025-01-10 06:37,939.1,KG,17,663.16,GBP,DELIVERED
SH101001,2025-01-15,P-1087,SVC3,FNCH,L-218,L-204,2025-01-15 19:59,2025-01-24 21:48,453.8,KG,11,204.12,GBP,DELIVERED
SH101002,2025-12-17,P-1197,SVC3,EGRT,L-229,L-214,2025-12-20 14:12,,1197.8,LB,16,270.04,GBP,IN_TRANSIT
SH101003,2025-12-22,P-1209,SVC4,ARRW,L-221,L-225,2025-12-25 14:46,2026-01-01 17:07,49.7,LB,18,47.78,EUR,DELIVERED
SH101004,2025-06-29,P-1007,SVC3,FNCH,L-245,L-246,2025-06-29 08:39,2025-06-30 21:11,686.4,KG,17,313.77,EUR,DELIVERED
SH101005,2025-11-27,P-1087,SVC5,BLTC,L-208,L-255,2025-11-27 11:33,2025-11-30 12:48,395.1,KG,7,204.67,GBP,DELIVERED
SH101006,2026-03-20,P-1197,SVC3,BLTC,L-208,L-214,2026-03-22 21:23,2026-03-26 19:16,991.9,KG,8,459.57,GBP,DELIVERED
SH101007,2026-04-02,P-1065,SVC3,DNUB,L-243,L-252,,,826.4,LB,5,175.98,GBP,BOOKED
SH101008,2025-11-16,P-1178,SVC1,FNCH,L-208,L-212,2025-11-17 19:14,2025-11-18 14:29,710.9,LB,8,240.08,GBP,DELIVERED
SH101009,2025-03-09,P-1156,SVC5,DNUB,L-226,L-241,2025-03-10 17:55,2025-03-11 10:46,208.8,KG,10,118.09,GBP,DELIVERED
SH101010,2025-10-23,P-1018,SVC1,EGRT,L-250,L-243,2025-10-24 09:10,2025-10-25 13:49,663.0,KG,17,487.50,GBP,DELIVERED
SH101011,2025-12-02,P-1146,SVC4,EGRT,L-209,L-250,2025-12-04 15:32,2025-12-07 14:13,1113.3,KG,21,501.06,GBP,DELIVERED
SH101012,2025-11-24,P-1214,SVC1,GRYP,L-256,L-208,2025-11-27 06:09,,648.1,KG,19,466.91,GBP,IN_TRANSIT
SH101013,2025-05-08,P-1063,SVC3,ARRW,L-219,L-225,,,444.0,KG,21,200.18,GBP,BOOKED
SH101014,2025-07-11,P-1069,SVC1,DNUB,L-220,L-247,2025-07-11 11:26,2025-07-12 07:07,1316.6,KG,22,904.98,GBP,DELIVERED
SH101015,2025-11-30,P-1021,SVC3,DNUB,L-236,L-225,2025-12-02 13:03,2025-12-03 17:21,713.1,LB,18,150.16,GBP,DELIVERED
SH101016,2025-10-25,P-1037,SVC3,ARRW,L-208,L-236,,,696.8,KG,15,327.47,GBP,BOOKED
SH101017,2025-07-01,P-1234,SVC2,CDRX,L-254,L-230,,,651.2,KG,25,458.02,GBP,BOOKED
SH101018,2025-01-25,P-1140,SVC4,BLTC,L-211,L-212,2025-01-27 16:25,2025-01-28 10:46,287.8,KG,9,140.59,GBP,DELIVERED
SH101019,2025-04-14,P-1194,SVC1,GRYP,L-246,L-212,2025-04-15 10:27,2025-04-16 06:22,794.5,KG,2,547.20,GBP,DELIVERED
SH101020,2025-07-05,P-1068,SVC3,FNCH,L-204,L-225,2025-07-07 14:50,2025-07-09 06:35,971.8,KG,26,421.31,GBP,DELIVERED
SH101021,2025-12-21,P-1154,SVC3,EGRT,L-237,L-247,2025-12-21 20:31,2025-12-24 21:31,462.3,KG,25,225.22,GBP,DELIVERED
SH101022,2025-02-09,P-1151,SVC3,ARRW,L-240,L-224,2025-02-09 19:36,2025-02-10 18:37,862.7,KG,5,379.06,GBP,DELIVERED
SH101023,2026-03-17,P-1025,SVC4,DNUB,L-218,L-233,2026-03-18 07:34,2026-03-25 09:06,457.4,KG,9,235.09,GBP,DELIVERED
SH101024,2025-03-23,P-1020,SVC2,DNUB,L-210,L-203,2025-03-24 19:56,2025-03-25 13:04,285.4,KG,2,213.46,GBP,DELIVERED
SH101025,2025-06-22,P-1029,SVC3,DNUB,L-258,L-226,2025-06-25 19:00,2025-06-28 15:57,611.9,KG,2,270.09,GBP,DELIVERED
SH101026,2025-03-13,P-1021,SVC4,EGRT,L-222,L-221,2025-03-13 18:41,,278.3,KG,17,138.75,EUR,IN_TRANSIT
SH101027,2025-12-13,P-1090,SVC4,FNCH,L-241,L-232,,,432.2,KG,21,199.08,GBP,CANCELLED
SH101028,2026-03-26,P-1026,SVC6,ARRW,L-241,L-220,2026-03-27 17:44,2026-03-30 10:37,174.5,LB,20,49.97,GBP,DELIVERED
SH101029,2025-11-05,P-1226,SVC3,DNUB,L-204,L-251,,,1187.6,KG,25,525.95,GBP,BOOKED
SH101030,2025-02-20,P-1192,SVC4,BLTC,L-225,L-259,2025-02-20 07:32,2025-02-23 08:40,1023.2,KG,1,449.85,EUR,DELIVERED
SH101031,2025-04-04,P-1238,SVC4,GRYP,L-215,L-216,2025-04-05 19:04,2025-04-10 10:56,842.1,KG,25,370.39,GBP,DELIVERED
SH101032,2025-09-12,P-1171,SVC6,EGRT,L-255,L-204,2025-09-13 19:52,2025-09-16 12:53,404.8,LB,25,90.69,GBP,DELIVERED
SH101033,2025-12-26,P-1036,SVC3,FNCH,L-217,L-229,2025-12-28 13:01,2025-12-29 13:46,375.2,KG,17,191.01,GBP,DELIVERED
SH101034,2026-04-22,P-1061,SVC4,GRYP,L-245,L-213,2026-04-24 09:25,2026-04-27 17:24,358.4,KG,2,174.93,GBP,DELIVERED
SH101035,2026-04-20,P-1047,SVC3,CDRX,L-235,L-203,2026-04-21 10:44,2026-04-23 09:53,329.4,LB,12,86.10,GBP,DELIVERED
SH101036,2025-04-17,P-1072,SVC1,CDRX,L-215,L-251,2025-04-17 18:19,2025-04-18 20:47,17.6,KG,9,50.19,EUR,DELIVERED
SH101037,2025-08-04,P-1108,SVC2,CDRX,L-238,L-250,2025-08-07 18:12,2025-08-09 19:16,958.3,LB,7,328.50,GBP,DELIVERED
SH101038,2026-05-04,P-1218,SVC2,CDRX,L-204,L-259,2026-05-06 10:15,,893.3,KG,7,625.65,GBP,IN_TRANSIT
SH101039,2025-06-24,P-1089,SVC5,GRYP,L-207,L-234,2025-06-24 08:28,2025-07-03 10:21,232.6,KG,17,116.30,GBP,DELIVERED
SH101040,2025-01-18,P-1049,SVC3,GRYP,L-209,L-214,2025-01-18 06:50,2025-01-26 19:08,801.0,KG,13,361.03,GBP,DELIVERED
SH101041,2025-06-28,P-1133,SVC3,FNCH,L-232,L-234,2025-06-28 18:47,,1169.4,KG,21,516.16,GBP,IN_TRANSIT
SH101042,2025-04-20,P-1191,SVC4,EGRT,L-204,L-214,2025-04-23 14:23,2025-05-01 14:03,5.3,LB,10,20.57,GBP,DELIVERED
SH101043,2025-11-20,P-1171,SVC2,EGRT,L-231,L-209,2025-11-22 21:00,2025-11-24 07:59,9.2,LB,15,43.49,GBP,DELIVERED
SH101044,2025-03-28,P-1185,SVC1,ARRW,L-238,L-236,2025-03-31 13:09,,1065.7,KG,7,736.40,GBP,IN_TRANSIT
SH101045,2025-06-12,P-1059,SVC3,FNCH,L-240,L-226,2025-06-15 08:07,2025-06-18 14:02,1102.6,LB,18,229.65,GBP,DELIVERED
SH101046,2025-03-09,P-1137,SVC5,CDRX,L-233,L-224,2025-03-12 19:00,2025-03-13 13:16,614.2,LB,24,154.40,GBP,DELIVERED
SH101047,2025-05-10,P-1136,SVC6,GRYP,L-232,L-201,2025-05-10 09:01,2025-05-14 10:14,743.3,KG,5,354.07,GBP,DELIVERED
SH101048,2025-11-11,P-1176,SVC4,GRYP,L-207,L-242,2025-11-13 12:35,,661.5,KG,4,299.15,GBP,IN_TRANSIT
SH101049,2025-09-17,P-1005,SVC4,ARRW,L-217,L-203,2025-09-19 18:39,2025-09-30 07:43,511.7,KG,23,239.92,EUR,DELIVERED
SH101050,2025-04-26,P-1125,SVC4,ARRW,L-241,L-227,,,737.1,KG,8,343.87,EUR,CANCELLED
SH101051,2025-09-07,P-1096,SVC3,ARRW,L-259,L-257,,,1138.9,LB,17,232.84,GBP,CANCELLED
SH101052,2026-03-16,P-1003,SVC1,FNCH,L-247,L-259,,,664.7,KG,25,483.31,GBP,CANCELLED
SH101053,2025-03-03,P-1117,SVC4,EGRT,L-208,L-221,2025-03-04 16:59,2025-03-14 18:00,708.0,LB,26,175.15,GBP,DELIVERED
SH101054,2026-04-03,P-1099,SVC4,CDRX,L-213,L-238,2026-04-05 16:50,2026-04-12 14:13,1337.6,KG,2,593.19,GBP,DELIVERED
SH101055,2025-07-15,P-1168,SVC2,FNCH,L-247,L-245,2025-07-16 20:48,2025-07-17 16:10,1017.9,KG,24,705.05,GBP,DELIVERED
SH101056,2025-07-09,P-1228,SVC6,BLTC,L-236,L-240,2025-07-09 12:47,,740.8,KG,8,331.27,GBP,IN_TRANSIT
SH101057,2025-11-04,P-1218,SVC1,FNCH,L-245,L-217,2025-11-07 20:40,2025-11-08 09:42,1333.6,LB,4,441.48,GBP,DELIVERED
SH101058,2025-08-14,P-1061,SVC4,EGRT,L-212,L-205,2025-08-16 17:46,2025-08-21 18:31,1008.5,KG,7,453.92,GBP,DELIVERED
SH101059,2025-08-07,P-1061,SVC3,EGRT,L-234,L-202,2025-08-09 11:24,2025-08-12 15:25,405.6,LB,16,91.97,GBP,DELIVERED
SH101060,2025-01-04,P-1040,SVC1,DNUB,L-254,L-252,2025-01-07 18:50,,610.6,KG,13,447.93,EUR,IN_TRANSIT
SH101061,2025-02-18,P-1105,SVC5,BLTC,L-230,L-232,2025-02-19 07:34,2025-02-25 13:46,734.0,KG,10,346.25,GBP,DELIVERED
SH101062,2025-03-26,P-1172,SVC4,ARRW,L-232,L-246,2025-03-28 09:16,2025-03-29 11:35,330.7,KG,6,172.77,GBP,DELIVERED
SH101063,2026-02-25,P-1226,SVC2,ARRW,L-207,L-228,2026-02-25 13:47,2026-03-03 16:56,977.9,KG,25,700.00,GBP,DELIVERED
SH101064,2025-07-24,P-1174,SVC3,EGRT,L-250,L-224,2025-07-27 08:33,2025-08-03 17:58,920.9,KG,1,404.94,GBP,DELIVERED
SH101065,2025-12-28,P-1015,SVC6,EGRT,L-219,L-233,2025-12-30 15:15,2025-12-31 15:29,541.2,KG,17,267.77,EUR,DELIVERED
SH101066,2025-10-17,P-1228,SVC3,EGRT,L-247,L-229,2025-10-19 10:03,,206.9,KG,14,104.89,GBP,IN_TRANSIT
SH101067,2026-05-15,P-1083,SVC5,DNUB,L-212,L-225,2026-05-16 10:36,2026-05-23 18:18,896.4,KG,19,409.12,GBP,DELIVERED
SH101068,2025-11-10,P-1158,SVC1,FNCH,L-207,L-208,2025-11-12 08:53,2025-11-13 12:14,1318.9,LB,21,415.77,GBP,DELIVERED
SH101069,2026-03-11,P-1116,SVC6,BLTC,L-250,L-212,2026-03-12 09:54,2026-03-13 10:12,250.8,KG,10,135.34,GBP,DELIVERED
SH101070,2025-10-13,P-1205,SVC3,CDRX,L-244,L-208,2025-10-14 16:55,2025-10-19 18:31,895.4,KG,3,416.76,GBP,DELIVERED
SH101071,2025-03-01,P-1160,SVC3,FNCH,L-248,L-234,2025-03-03 21:36,2025-03-07 15:37,547.7,KG,18,244.99,GBP,DELIVERED
SH101072,2026-01-20,P-1209,SVC3,GRYP,L-250,L-259,2026-01-21 13:35,2026-01-22 09:28,266.9,KG,15,140.02,GBP,DELIVERED
SH101073,2025-09-13,P-1085,SVC2,DNUB,L-222,L-226,2025-09-14 09:08,2025-09-15 06:00,639.8,KG,13,465.49,GBP,DELIVERED
SH101074,2025-01-05,P-1224,SVC4,CDRX,L-221,L-238,2025-01-08 07:47,2025-01-19 21:46,1312.5,LB,15,276.36,GBP,DELIVERED
SH101075,2026-02-14,P-1181,SVC5,DNUB,L-214,L-220,2026-02-15 11:07,2026-02-16 07:48,6.9,KG,15,31.00,GBP,DELIVERED
SH101076,2026-03-13,P-1040,SVC6,ARRW,L-253,L-215,2026-03-14 20:55,2026-03-21 15:31,1259.7,KG,13,563.89,GBP,DELIVERED
SH101077,2026-04-11,P-1240,SVC4,BLTC,L-247,L-204,2026-04-14 19:43,,1256.9,KG,11,546.92,GBP,IN_TRANSIT
SH101078,2025-10-04,P-1152,SVC2,GRYP,L-231,L-240,2025-10-07 17:21,2025-10-09 11:31,13.1,KG,22,41.99,GBP,DELIVERED
SH101079,2025-06-17,P-1006,SVC5,DNUB,L-202,L-234,2025-06-17 09:47,2025-06-27 21:36,127.1,LB,10,44.35,GBP,DELIVERED
SH101080,2025-04-20,P-1175,SVC4,FNCH,L-232,L-208,2025-04-21 19:24,2025-04-27 21:57,1267.6,KG,2,565.38,GBP,DELIVERED
SH101081,2026-04-12,P-1192,SVC3,FNCH,L-255,L-205,2026-04-14 11:20,2026-04-17 21:34,1341.9,LB,16,295.88,GBP,DELIVERED
SH101082,2025-09-07,P-1104,SVC2,FNCH,L-206,L-240,2025-09-07 08:53,,358.7,KG,2,270.28,GBP,IN_TRANSIT
SH101083,2025-11-05,P-1128,SVC2,ARRW,L-243,L-236,2025-11-06 11:10,2025-11-07 13:51,218.1,KG,26,168.18,GBP,DELIVERED
SH101084,2026-02-17,P-1105,SVC3,CDRX,L-248,L-246,2026-02-20 18:32,2026-02-22 08:13,859.2,LB,19,190.60,GBP,DELIVERED
SH101085,2026-05-03,P-1233,SVC2,FNCH,L-239,L-233,2026-05-06 18:22,2026-05-08 06:24,1256.6,KG,3,860.41,GBP,DELIVERED
SH101086,2025-06-20,P-1082,SVC1,BLTC,L-247,L-226,2025-06-21 16:47,2025-06-22 06:47,910.5,KG,11,629.71,GBP,DELIVERED
SH101087,2025-06-23,P-1095,SVC2,CDRX,L-252,L-203,2025-06-26 16:29,2025-06-27 06:53,1217.8,KG,2,852.16,GBP,DELIVERED
SH101088,2026-01-29,P-1227,SVC3,ARRW,L-215,L-226,2026-01-31 09:08,2026-02-02 17:00,861.8,LB,18,187.11,GBP,DELIVERED
SH101089,2026-04-19,P-1036,SVC5,CDRX,L-234,L-235,2026-04-20 16:48,2026-04-30 14:16,510.2,KG,11,251.19,GBP,DELIVERED
SH101090,2025-05-02,P-1100,SVC5,ARRW,L-218,L-258,2025-05-05 06:41,2025-05-09 18:26,1179.3,KG,18,511.06,EUR,DELIVERED
SH101091,2025-04-28,P-1091,SVC4,CDRX,L-212,L-225,2025-04-29 15:36,2025-05-03 19:16,380.7,KG,8,192.84,GBP,DELIVERED
SH101092,2025-02-17,P-1043,SVC1,FNCH,L-233,L-225,2025-02-18 06:56,2025-02-19 20:32,272.8,KG,3,206.62,EUR,DELIVERED
SH101093,2025-05-01,P-1106,SVC3,BLTC,L-254,L-245,2025-05-01 14:43,2025-05-04 21:37,395.7,KG,11,195.56,GBP,DELIVERED
SH101094,2025-06-12,P-1043,SVC4,DNUB,L-208,L-236,2025-06-15 19:50,2025-06-16 18:01,798.6,LB,18,192.60,GBP,DELIVERED
SH101095,2026-04-07,P-1099,SVC3,DNUB,L-202,L-254,2026-04-09 17:57,2026-04-12 11:21,1149.5,KG,20,504.18,GBP,DELIVERED
SH101096,2026-02-02,P-1096,SVC6,FNCH,L-214,L-216,2026-02-03 17:04,2026-02-04 17:04,95.3,KG,9,57.06,GBP,DELIVERED
SH101097,2026-04-07,P-1014,SVC4,GRYP,L-251,L-239,2026-04-07 06:32,,81.6,KG,4,69.48,GBP,IN_TRANSIT
SH101098,2025-07-07,P-1216,SVC1,DNUB,L-216,L-234,2025-07-09 16:23,2025-07-10 07:30,362.6,KG,24,269.10,GBP,DELIVERED
SH101099,2026-04-19,P-1223,SVC2,ARRW,L-240,L-227,2026-04-20 16:23,2026-04-22 13:58,360.6,LB,24,145.94,GBP,DELIVERED
SH101100,2026-01-02,P-1134,SVC5,ARRW,L-235,L-253,2026-01-05 12:12,2026-01-08 10:53,541.5,LB,10,131.26,GBP,DELIVERED
SH101101,2025-04-12,P-1154,SVC4,DNUB,L-216,L-244,2025-04-14 21:07,2025-04-15 16:38,725.3,KG,18,321.86,GBP,DELIVERED
SH101102,2025-12-20,P-1109,SVC4,CDRX,L-257,L-249,2025-12-20 15:42,2025-12-24 12:34,904.4,KG,20,398.68,EUR,DELIVERED
SH101103,2026-01-18,P-1127,SVC4,FNCH,L-205,L-242,2026-01-20 17:44,2026-01-27 17:05,1036.5,KG,3,458.98,GBP,DELIVERED
SH101104,2025-04-14,P-1094,SVC4,ARRW,L-212,L-235,2025-04-16 11:23,2025-04-28 14:57,689.4,KG,13,310.49,GBP,DELIVERED
SH101105,2025-08-11,P-1207,SVC4,CDRX,L-215,L-232,2025-08-13 11:53,,578.9,LB,25,129.06,EUR,IN_TRANSIT
SH101106,2025-02-06,P-1070,SVC1,BLTC,L-234,L-242,2025-02-07 11:41,2025-02-08 21:33,606.5,LB,10,205.77,GBP,DELIVERED
SH101107,2025-01-05,P-1212,SVC4,CDRX,L-246,L-231,2025-01-05 19:49,2025-01-12 19:55,282.2,KG,22,149.58,GBP,DELIVERED
SH101108,2025-07-09,P-1158,SVC3,GRYP,L-254,L-239,2025-07-09 18:19,2025-07-13 10:51,277.4,KG,21,135.05,EUR,DELIVERED
SH101109,2025-08-08,P-1109,SVC3,FNCH,L-245,L-211,2025-08-09 19:27,2025-08-13 16:18,818.1,LB,11,191.10,GBP,DELIVERED
SH101110,2026-04-02,P-1180,SVC1,DNUB,L-206,L-219,2026-04-02 14:05,2026-04-03 11:25,1033.9,KG,12,737.04,GBP,DELIVERED
SH101111,2026-04-24,P-1160,SVC1,BLTC,L-249,L-245,2026-04-24 11:22,2026-04-25 07:31,577.7,KG,12,411.14,GBP,DELIVERED
SH101112,2025-12-14,P-1198,SVC1,ARRW,L-259,L-228,2025-12-15 08:13,2025-12-16 14:59,1255.5,KG,25,865.97,GBP,DELIVERED
SH101113,2026-05-04,P-1037,SVC4,GRYP,L-213,L-219,2026-05-07 16:10,2026-05-18 20:39,502.9,KG,1,236.64,GBP,DELIVERED
SH101114,2025-10-06,P-1084,SVC4,ARRW,L-206,L-208,2025-10-08 19:47,2025-10-13 20:35,658.3,LB,24,157.20,GBP,DELIVERED
SH101115,2025-11-18,P-1236,SVC6,CDRX,L-253,L-236,2025-11-20 18:47,2025-11-23 12:59,187.2,KG,6,93.03,GBP,DELIVERED
SH101116,2025-01-24,P-1180,SVC3,GRYP,L-243,L-225,2025-01-25 12:13,2025-01-26 20:24,916.4,KG,19,407.75,EUR,DELIVERED
SH101117,2025-08-24,P-1010,SVC3,GRYP,L-211,L-208,2025-08-24 09:39,2025-08-27 19:19,482.3,KG,22,217.77,GBP,DELIVERED
SH101118,2025-08-30,P-1213,SVC2,DNUB,L-206,L-232,2025-08-30 14:57,2025-09-06 18:56,544.8,LB,15,193.45,GBP,DELIVERED
SH101119,2025-10-05,P-1015,SVC5,CDRX,L-254,L-215,,,1256.8,KG,21,570.83,GBP,CANCELLED
SH101120,2025-03-09,P-1240,SVC3,GRYP,L-225,L-250,2025-03-12 14:54,2025-03-13 06:35,207.0,LB,3,80.64,GBP,DELIVERED
SH101121,2025-10-16,P-1028,SVC3,CDRX,L-244,L-213,,,1288.8,LB,22,274.60,GBP,BOOKED
SH101122,2026-01-14,P-1150,SVC3,FNCH,L-209,L-230,2026-01-15 16:37,2026-01-19 08:37,240.7,KG,5,121.28,EUR,DELIVERED
SH101123,2026-01-25,P-1145,SVC3,CDRX,L-228,L-255,2026-01-25 16:06,2026-01-27 19:24,527.1,KG,8,242.49,GBP,DELIVERED
SH101124,2025-04-29,P-1117,SVC3,EGRT,L-255,L-210,2025-04-30 10:40,2025-05-03 18:48,412.8,KG,24,195.98,GBP,DELIVERED
SH101125,2025-03-22,P-1060,SVC2,BLTC,L-224,L-221,2025-03-22 20:28,2025-03-26 12:04,820.0,LB,26,266.95,GBP,DELIVERED
SH101126,2026-04-20,P-1183,SVC5,CDRX,L-222,L-250,2026-04-23 11:22,2026-04-25 18:06,845.1,LB,11,187.79,GBP,DELIVERED
SH101127,2025-05-03,P-1013,SVC1,GRYP,L-236,L-259,,,875.0,KG,8,602.97,GBP,BOOKED
SH101128,2025-11-23,P-1025,SVC3,ARRW,L-227,L-204,2025-11-26 14:41,2025-11-29 13:20,1092.6,KG,15,494.00,GBP,DELIVERED
SH101129,2025-07-15,P-1213,SVC1,EGRT,L-241,L-250,2025-07-18 06:14,2025-07-21 18:44,1183.4,LB,25,400.06,GBP,DELIVERED
SH101130,2025-07-13,P-1181,SVC3,BLTC,L-244,L-201,2025-07-15 17:26,2025-07-19 15:38,473.0,LB,4,127.06,GBP,DELIVERED
SH101131,2025-04-27,P-1180,SVC3,DNUB,L-219,L-235,2025-04-30 10:52,2025-05-03 10:52,1096.8,KG,9,484.32,GBP,DELIVERED
SH101132,2025-06-04,P-1236,SVC3,EGRT,L-216,L-258,2025-06-06 12:52,2025-06-08 18:40,854.5,KG,11,392.41,GBP,DELIVERED
SH101133,2026-03-21,P-1128,SVC5,GRYP,L-256,L-239,2026-03-24 17:51,2026-03-29 15:19,1331.1,LB,9,292.94,GBP,DELIVERED
SH101134,2025-11-25,P-1071,SVC1,EGRT,L-225,L-244,2025-11-25 12:09,2025-11-26 12:04,888.1,KG,25,629.85,GBP,DELIVERED
SH101135,2025-09-19,P-1235,SVC6,CDRX,L-232,L-238,2025-09-21 08:35,2025-09-24 20:44,1179.7,LB,16,250.09,GBP,DELIVERED
SH101136,2026-01-26,P-1140,SVC3,EGRT,L-241,L-209,2026-01-29 11:57,2026-02-07 12:04,792.5,KG,3,370.03,GBP,DELIVERED
SH101137,2025-02-16,P-1186,SVC2,EGRT,L-255,L-217,2025-02-16 16:20,,1047.8,KG,13,729.97,GBP,IN_TRANSIT
SH101138,2025-08-23,P-1057,SVC5,GRYP,L-260,L-250,2025-08-23 18:52,2025-08-24 08:41,1081.8,KG,6,468.50,EUR,DELIVERED
SH101139,2025-06-30,P-1086,SVC3,ARRW,L-212,L-231,2025-07-02 16:23,2025-07-05 19:52,945.0,KG,23,425.71,GBP,DELIVERED
SH101140,2025-07-08,P-1111,SVC2,GRYP,L-214,L-247,2025-07-10 14:26,2025-07-11 09:25,710.9,LB,8,241.87,GBP,DELIVERED
SH101141,2025-09-02,P-1001,SVC3,ARRW,L-248,L-212,2025-09-03 18:25,2025-09-07 17:44,558.1,KG,21,264.59,GBP,DELIVERED
SH101142,2025-09-05,P-1091,SVC3,BLTC,L-203,L-212,2025-09-05 12:46,2025-09-07 08:10,1385.9,LB,21,289.20,GBP,DELIVERED
SH101143,2025-08-25,P-1050,SVC4,ARRW,L-221,L-251,2025-08-25 19:36,2025-08-30 11:54,698.8,KG,16,323.08,GBP,DELIVERED
SH101144,2025-07-14,P-1062,SVC1,DNUB,L-240,L-252,2025-07-14 15:49,2025-07-15 07:35,1342.7,KG,15,936.63,GBP,DELIVERED
SH101145,2025-07-16,P-1122,SVC5,FNCH,L-247,L-246,2025-07-16 07:49,2025-07-21 12:00,588.0,KG,14,269.20,GBP,DELIVERED
SH101146,2025-06-30,P-1083,SVC4,BLTC,L-221,L-231,2025-07-03 21:51,2025-07-08 11:17,39.5,KG,17,41.79,GBP,DELIVERED
SH101147,2025-10-22,P-1155,SVC2,DNUB,L-235,L-237,2025-10-24 19:44,2025-10-29 07:40,74.2,KG,13,90.44,GBP,DELIVERED
SH101148,2025-05-18,P-1017,SVC1,ARRW,L-242,L-222,2025-05-20 18:57,2025-05-21 07:03,370.1,KG,6,278.11,EUR,DELIVERED
SH101149,2025-05-10,P-1214,SVC1,EGRT,L-225,L-207,2025-05-13 16:49,2025-05-14 16:59,1221.1,KG,14,854.19,GBP,DELIVERED
SH101150,2025-04-29,P-1044,SVC3,CDRX,L-254,L-240,2025-05-01 21:36,2025-05-04 15:29,33.5,LB,16,48.06,GBP,DELIVERED
SH101151,2025-06-02,P-1174,SVC2,BLTC,L-231,L-249,2025-06-04 17:04,2025-06-07 09:32,344.2,KG,25,263.55,GBP,DELIVERED
SH101152,2026-01-10,P-1112,SVC5,EGRT,L-219,L-206,2026-01-10 20:04,2026-01-12 10:08,1348.2,KG,5,583.72,GBP,DELIVERED
SH101153,2025-05-11,P-1193,SVC3,GRYP,L-244,L-216,2025-05-11 17:56,2025-05-15 13:57,1051.8,LB,10,216.29,GBP,DELIVERED
SH101154,2025-04-05,P-1192,SVC2,GRYP,L-207,L-204,2025-04-05 20:01,2025-04-07 07:11,902.5,KG,19,643.41,GBP,DELIVERED
SH101155,2026-01-22,P-1231,SVC6,CDRX,L-250,L-209,2026-01-25 11:21,2026-01-28 18:43,391.4,LB,16,110.08,GBP,DELIVERED
SH101156,2026-01-18,P-1132,SVC3,DNUB,L-225,L-208,2026-01-21 07:10,,1062.1,KG,24,469.82,GBP,IN_TRANSIT
SH101157,2025-07-11,P-1169,SVC2,FNCH,L-236,L-212,2025-07-14 13:15,2025-07-21 12:35,784.9,KG,25,551.67,GBP,DELIVERED
SH101158,2025-07-25,P-1202,SVC4,FNCH,L-240,L-225,2025-07-28 20:02,2025-08-04 09:28,641.7,KG,7,304.39,GBP,DELIVERED
SH101159,2025-12-08,P-1100,SVC4,DNUB,L-253,L-247,,,461.7,KG,19,216.33,EUR,BOOKED
SH101160,2025-11-28,P-1010,SVC3,EGRT,L-255,L-202,2025-11-30 13:30,2025-12-03 07:14,1363.8,KG,18,611.84,EUR,DELIVERED
SH101161,2025-09-08,P-1046,SVC2,ARRW,L-238,L-203,2025-09-10 20:13,2025-09-16 08:23,333.9,KG,13,254.78,GBP,DELIVERED
SH101162,2025-01-24,P-1012,SVC5,DNUB,L-227,L-246,2025-01-25 07:03,2025-01-28 14:29,196.3,KG,3,124.90,GBP,DELIVERED
SH101163,2026-02-18,P-1021,SVC1,ARRW,L-259,L-212,2026-02-19 13:34,2026-02-20 08:02,484.5,KG,8,340.56,GBP,DELIVERED
SH101164,2025-03-17,P-1093,SVC1,FNCH,L-212,L-245,2025-03-17 09:27,2025-03-18 08:37,22.3,LB,10,46.89,GBP,DELIVERED
SH101165,2025-05-28,P-1199,SVC4,ARRW,L-247,L-249,2025-05-28 13:11,2025-06-04 21:18,55.8,LB,4,42.83,GBP,DELIVERED
SH101166,2025-02-08,P-1204,SVC1,DNUB,L-260,L-251,,,933.9,LB,12,324.86,GBP,CANCELLED
SH101167,2026-04-22,P-1202,SVC4,ARRW,L-213,L-219,2026-04-23 10:34,2026-05-05 18:52,1038.6,KG,24,477.76,GBP,DELIVERED
SH101168,2025-08-21,P-1226,SVC4,CDRX,L-226,L-220,2025-08-21 06:42,2025-08-23 16:37,568.9,KG,1,260.96,GBP,DELIVERED
SH101169,2025-08-27,P-1212,SVC3,FNCH,L-201,L-260,2025-08-27 20:36,2025-08-29 20:42,507.5,KG,2,227.35,GBP,DELIVERED
SH101170,2025-07-01,P-1043,SVC5,CDRX,L-214,L-252,2025-07-02 09:00,2025-07-04 16:40,289.5,KG,23,149.45,GBP,DELIVERED
SH101171,2025-11-20,P-1184,SVC1,CDRX,L-222,L-229,,,438.5,KG,3,337.02,EUR,BOOKED
SH101172,2026-03-16,P-1158,SVC4,BLTC,L-207,L-231,2026-03-16 17:01,2026-03-18 20:47,1382.5,KG,14,609.23,GBP,DELIVERED
SH101173,2025-05-09,P-1124,SVC2,ARRW,L-211,L-207,2025-05-12 18:29,2025-05-13 20:24,1337.2,LB,14,444.13,GBP,DELIVERED
SH101174,2025-09-02,P-1099,SVC4,FNCH,L-249,L-240,2025-09-02 15:00,2025-09-06 16:34,161.2,KG,3,110.36,GBP,DELIVERED
SH101175,2026-03-06,P-1067,SVC2,ARRW,L-232,L-253,2026-03-06 08:28,2026-03-13 08:07,220.7,KG,17,184.93,GBP,DELIVERED
SH101176,2025-03-14,P-1018,SVC2,BLTC,L-249,L-255,2025-03-15 11:14,,1330.8,KG,6,910.08,GBP,IN_TRANSIT
SH101177,2025-10-20,P-1220,SVC3,BLTC,L-259,L-221,2025-10-23 13:40,2025-10-25 18:57,887.9,KG,2,407.71,GBP,DELIVERED
SH101178,2025-06-05,P-1045,SVC6,BLTC,L-239,L-238,2025-06-05 09:07,2025-06-07 07:01,913.3,KG,20,420.97,GBP,DELIVERED
SH101179,2025-04-19,P-1121,SVC3,FNCH,L-254,L-222,2025-04-22 11:36,2025-04-24 17:48,378.1,LB,19,90.77,GBP,DELIVERED
SH101180,2026-02-19,P-1211,SVC6,CDRX,L-241,L-216,2026-02-20 11:06,2026-02-23 10:37,871.6,KG,5,382.15,GBP,DELIVERED
SH101181,2026-03-04,P-1003,SVC4,GRYP,L-260,L-236,2026-03-06 09:20,,483.1,KG,15,222.78,GBP,IN_TRANSIT
SH101182,2026-01-04,P-1033,SVC2,FNCH,L-259,L-221,2026-01-04 11:41,2026-01-06 11:59,671.6,KG,25,492.06,GBP,DELIVERED
SH101183,2025-07-04,P-1190,SVC1,ARRW,L-247,L-214,2025-07-07 08:51,2025-07-08 13:20,740.9,KG,26,532.57,GBP,DELIVERED
SH101184,2026-05-17,P-1041,SVC3,BLTC,L-226,L-227,2026-05-20 18:20,2026-05-24 19:36,137.1,KG,23,76.40,GBP,DELIVERED
SH101185,2025-02-14,P-1004,SVC3,EGRT,L-222,L-218,2025-02-16 13:57,2025-02-20 16:26,14.8,KG,19,36.81,GBP,DELIVERED
SH101186,2025-01-30,P-1225,SVC4,EGRT,L-208,L-249,2025-01-31 16:27,,1136.9,LB,7,239.01,GBP,IN_TRANSIT
SH101187,2025-01-06,P-1166,SVC1,EGRT,L-242,L-236,2025-01-06 12:16,2025-01-07 14:48,1106.6,KG,1,762.53,GBP,DELIVERED
SH101188,2025-05-09,P-1119,SVC1,EGRT,L-231,L-258,2025-05-09 06:58,,551.0,LB,24,208.08,EUR,IN_TRANSIT
SH101189,2025-11-09,P-1171,SVC5,EGRT,L-239,L-215,2025-11-10 19:07,2025-11-14 12:43,92.1,KG,14,53.25,GBP,DELIVERED
SH101190,2025-08-19,P-1016,SVC4,GRYP,L-237,L-201,2025-08-22 13:26,2025-09-02 14:11,850.8,LB,4,200.51,GBP,DELIVERED
SH101191,2025-10-27,P-1165,SVC3,EGRT,L-236,L-224,2025-10-27 07:37,,404.7,KG,24,202.98,GBP,IN_TRANSIT
SH101192,2025-06-02,P-1142,SVC6,FNCH,L-247,L-229,2025-06-03 16:50,2025-06-08 21:11,1285.9,KG,24,556.30,EUR,DELIVERED
SH101193,2026-03-04,P-1177,SVC4,CDRX,L-210,L-211,2026-03-05 12:24,2026-03-09 13:54,674.3,LB,3,165.73,GBP,DELIVERED
SH101194,2026-03-28,P-1060,SVC2,GRYP,L-255,L-260,,,114.7,KG,1,103.29,GBP,BOOKED
SH101195,2025-05-06,P-1208,SVC1,CDRX,L-242,L-256,2025-05-08 10:42,2025-05-09 21:02,726.4,LB,17,256.04,EUR,DELIVERED
SH101196,2025-02-22,P-1145,SVC3,FNCH,L-238,L-250,2025-02-22 21:36,2025-03-02 11:20,988.2,KG,7,429.31,GBP,DELIVERED
SH101197,2026-02-17,P-1129,SVC2,EGRT,L-226,L-252,2026-02-20 09:16,2026-02-22 16:08,1183.5,KG,2,811.76,GBP,DELIVERED
SH101198,2026-04-19,P-1025,SVC4,CDRX,L-238,L-251,2026-04-22 18:23,2026-05-04 18:35,1166.5,KG,10,528.18,GBP,DELIVERED
SH101199,2025-07-12,P-1163,SVC4,FNCH,L-204,L-207,2025-07-15 18:25,2025-07-18 11:19,275.6,LB,5,87.84,GBP,DELIVERED
SH101200,2025-02-08,P-1023,SVC3,DNUB,L-215,L-232,2025-02-11 21:55,2025-02-13 06:40,36.8,KG,14,58.45,EUR,DELIVERED
SH101201,2026-02-02,P-1038,SVC3,FNCH,L-207,L-253,2026-02-03 09:40,2026-02-06 07:53,166.5,KG,26,86.09,GBP,DELIVERED
SH101202,2025-09-10,P-1208,SVC6,CDRX,L-228,L-206,2025-09-12 11:32,2025-09-15 07:17,209.6,KG,22,130.60,EUR,DELIVERED
SH101203,2026-02-15,P-1234,SVC3,FNCH,L-255,L-217,2026-02-16 18:54,,1033.5,LB,16,229.14,GBP,IN_TRANSIT
SH101204,2025-10-28,P-1207,SVC3,CDRX,L-230,L-209,2025-10-30 16:13,2025-10-31 07:41,27.7,KG,8,25.88,GBP,DELIVERED
SH101205,2025-06-16,P-1010,SVC2,CDRX,L-255,L-213,2025-06-18 09:59,2025-06-24 21:03,51.4,LB,6,40.59,GBP,DELIVERED
SH101206,2025-12-04,P-1149,SVC5,FNCH,L-202,L-237,2025-12-06 20:07,2025-12-08 18:25,1380.1,LB,23,296.84,GBP,DELIVERED
SH101207,2026-03-31,P-1139,SVC3,EGRT,L-229,L-230,2026-03-31 14:11,2026-04-05 21:11,325.4,KG,24,158.73,GBP,DELIVERED
SH101208,2025-05-20,P-1213,SVC3,GRYP,L-236,L-201,2025-05-22 20:09,2025-05-26 19:59,131.2,LB,18,50.45,GBP,DELIVERED
SH101209,2025-06-03,P-1003,SVC5,EGRT,L-218,L-219,2025-06-03 14:28,2025-06-04 18:35,825.6,KG,21,376.92,GBP,DELIVERED
SH101210,2025-12-16,P-1184,SVC5,ARRW,L-218,L-238,2025-12-16 07:12,2025-12-22 08:15,43.8,LB,13,25.71,GBP,DELIVERED
SH101211,2025-01-17,P-1156,SVC2,CDRX,L-212,L-257,2025-01-18 09:09,2025-01-19 13:06,1369.1,KG,15,946.15,GBP,DELIVERED
SH101212,2025-08-16,P-1221,SVC5,EGRT,L-219,L-248,2025-08-16 10:08,2025-08-20 15:38,3.8,LB,2,32.60,GBP,DELIVERED
SH101213,2025-09-09,P-1201,SVC1,ARRW,L-225,L-251,2025-09-11 16:20,2025-09-12 16:23,1136.8,KG,14,780.36,GBP,DELIVERED
SH101214,2026-05-08,P-1205,SVC6,ARRW,L-219,L-249,,,850.0,KG,16,374.31,EUR,CANCELLED
SH101215,2025-04-22,P-1116,SVC6,FNCH,L-221,L-232,2025-04-25 18:03,2025-04-28 21:52,15.3,LB,17,32.65,GBP,DELIVERED
SH101216,2026-04-30,P-1126,SVC1,ARRW,L-250,L-221,2026-05-02 15:40,2026-05-03 10:32,1212.3,LB,18,387.35,GBP,DELIVERED
SH101217,2025-12-01,P-1151,SVC3,FNCH,L-218,L-231,,,392.3,KG,19,183.92,GBP,CANCELLED
SH101218,2025-06-07,P-1089,SVC3,FNCH,L-208,L-247,,,531.1,KG,17,251.02,GBP,CANCELLED
SH101219,2025-03-31,P-1160,SVC2,BLTC,L-238,L-209,2025-04-01 14:48,2025-04-02 16:50,803.2,LB,18,283.66,GBP,DELIVERED
SH101220,2025-07-30,P-1201,SVC1,EGRT,L-230,L-245,2025-07-30 12:07,2025-07-31 10:27,830.5,KG,23,595.97,GBP,DELIVERED
SH101221,2025-07-19,P-1152,SVC4,DNUB,L-210,L-236,,,1074.1,KG,14,473.84,GBP,BOOKED
SH101222,2025-05-10,P-1088,SVC3,GRYP,L-221,L-255,2025-05-11 20:57,2025-05-13 18:45,48.2,KG,12,50.19,GBP,DELIVERED
SH101223,2025-04-28,P-1167,SVC3,ARRW,L-204,L-247,2025-05-01 19:32,2025-05-02 06:05,744.4,LB,26,181.50,GBP,DELIVERED
SH101224,2025-08-25,P-1062,SVC2,FNCH,L-213,L-256,2025-08-25 14:53,2025-08-26 07:07,477.4,KG,23,348.32,GBP,DELIVERED
SH101225,2025-02-21,P-1232,SVC1,GRYP,L-220,L-206,2025-02-22 16:39,2025-02-28 08:08,624.2,LB,14,211.92,GBP,DELIVERED
SH101226,2025-02-02,P-1179,SVC5,FNCH,L-213,L-259,2025-02-03 08:54,2025-02-06 14:05,176.3,KG,14,99.14,GBP,DELIVERED
SH101227,2026-03-10,P-1059,SVC4,BLTC,L-237,L-206,2026-03-10 21:35,2026-03-20 21:47,483.4,LB,1,118.88,GBP,DELIVERED
SH101228,2025-09-22,P-1086,SVC5,EGRT,L-245,L-240,2025-09-22 07:49,,1231.5,LB,10,248.05,GBP,IN_TRANSIT
SH101229,2025-02-01,P-1133,SVC3,FNCH,L-249,L-203,2025-02-03 06:18,,675.4,LB,12,148.40,GBP,IN_TRANSIT
SH101230,2025-07-29,P-1191,SVC5,FNCH,L-257,L-240,2025-07-30 08:55,2025-08-02 17:26,497.0,LB,5,125.99,GBP,DELIVERED
SH101231,2025-02-15,P-1191,SVC4,EGRT,L-239,L-229,2025-02-16 17:48,2025-02-18 07:51,1246.5,LB,9,265.65,GBP,DELIVERED
SH101232,2025-12-23,P-1203,SVC4,BLTC,L-208,L-235,2025-12-24 07:55,2025-12-30 06:08,343.8,KG,22,169.32,GBP,DELIVERED
SH101233,2026-04-08,P-1122,SVC4,DNUB,L-257,L-247,2026-04-10 13:31,2026-04-15 12:05,1238.7,KG,2,562.13,GBP,DELIVERED
SH101234,2025-08-23,P-1150,SVC1,GRYP,L-248,L-228,2025-08-24 21:15,2025-08-25 20:49,946.5,LB,3,301.05,GBP,DELIVERED
SH101235,2025-02-08,P-1055,SVC4,GRYP,L-259,L-210,2025-02-10 13:55,,389.8,KG,8,187.51,GBP,IN_TRANSIT
SH101236,2026-01-22,P-1106,SVC3,ARRW,L-247,L-239,2026-01-22 06:41,2026-01-23 12:18,945.7,KG,1,432.26,GBP,DELIVERED
SH101237,2025-03-12,P-1151,SVC5,EGRT,L-207,L-248,2025-03-12 10:28,2025-03-15 12:52,28.8,KG,17,39.08,GBP,DELIVERED
SH101238,2026-01-19,P-1225,SVC3,GRYP,L-233,L-253,2026-01-20 12:35,2026-01-21 15:54,571.5,KG,26,272.68,EUR,DELIVERED
SH101239,2025-07-27,P-1222,SVC3,FNCH,L-251,L-249,,,543.5,KG,6,244.64,GBP,BOOKED
SH101240,2025-11-01,P-1081,SVC6,GRYP,L-201,L-253,2025-11-04 08:47,,636.3,KG,24,292.03,GBP,IN_TRANSIT
SH101241,2025-04-24,P-1209,SVC6,BLTC,L-241,L-213,2025-04-27 11:21,2025-04-29 15:50,1304.4,KG,4,586.90,GBP,DELIVERED
SH101242,2025-03-01,P-1169,SVC2,EGRT,L-231,L-226,2025-03-01 10:01,2025-03-02 08:48,669.4,KG,9,486.64,GBP,DELIVERED
SH101243,2025-07-14,P-1217,SVC1,DNUB,L-244,L-251,2025-07-14 10:24,,1143.3,KG,7,801.97,GBP,IN_TRANSIT
SH101244,2025-05-24,P-1213,SVC3,CDRX,L-231,L-226,2025-05-24 14:21,,293.8,KG,22,140.87,GBP,IN_TRANSIT
SH101245,2025-01-10,P-1159,SVC3,CDRX,L-227,L-235,2025-01-11 13:47,2025-01-15 16:07,116.1,KG,17,72.48,GBP,DELIVERED
SH101246,2026-04-13,P-1038,SVC5,ARRW,L-215,L-236,2026-04-14 21:19,2026-04-15 06:45,767.1,KG,6,359.08,GBP,DELIVERED
SH101247,2025-09-25,P-1110,SVC5,EGRT,L-243,L-212,2025-09-26 20:06,2025-10-01 07:43,263.5,KG,18,152.37,GBP,DELIVERED
SH101248,2025-06-05,P-1213,SVC5,FNCH,L-257,L-209,2025-06-07 18:15,2025-06-11 08:38,793.3,LB,10,180.45,GBP,DELIVERED
SH101249,2026-02-05,P-1172,SVC6,BLTC,L-249,L-247,2026-02-08 18:00,2026-02-10 07:23,853.8,KG,14,375.45,GBP,DELIVERED
SH101250,2025-12-18,P-1227,SVC1,GRYP,L-227,L-232,2025-12-19 14:41,2025-12-20 20:37,1051.0,KG,1,728.22,GBP,DELIVERED
SH101251,2025-12-09,P-1013,SVC3,CDRX,L-255,L-209,,,86.3,LB,12,43.16,GBP,CANCELLED
SH101252,2025-10-18,P-1136,SVC1,DNUB,L-215,L-210,2025-10-21 21:35,2025-10-22 07:32,1001.9,KG,24,696.24,EUR,DELIVERED
SH101253,2025-09-07,P-1212,SVC4,DNUB,L-255,L-213,2025-09-10 18:58,2025-09-17 07:30,35.7,LB,21,25.83,GBP,DELIVERED
SH101254,2025-11-10,P-1193,SVC3,ARRW,L-236,L-213,2025-11-11 16:02,2025-11-13 06:20,852.1,KG,8,389.83,GBP,DELIVERED
SH101255,2025-01-15,P-1143,SVC5,EGRT,L-251,L-230,2025-01-18 19:27,2025-01-22 19:36,273.4,KG,1,145.41,EUR,DELIVERED
SH101256,2025-09-13,P-1212,SVC4,FNCH,L-226,L-259,2025-09-16 19:27,2025-09-19 10:32,1335.1,KG,6,583.38,GBP,DELIVERED
SH101257,2025-07-10,P-1031,SVC4,CDRX,L-233,L-242,2025-07-10 07:32,2025-07-17 17:51,400.7,KG,17,192.67,GBP,DELIVERED
SH101258,2025-06-01,P-1028,SVC3,CDRX,L-257,L-230,2025-06-03 17:52,2025-06-04 08:22,179.0,KG,3,108.77,GBP,DELIVERED
SH101259,2025-07-04,P-1003,SVC3,EGRT,L-201,L-212,2025-07-06 16:58,,31.4,KG,26,48.77,GBP,IN_TRANSIT
SH101260,2025-09-05,P-1079,SVC3,DNUB,L-238,L-212,2025-09-07 09:14,2025-09-09 12:26,702.0,KG,16,326.45,EUR,DELIVERED
SH101261,2025-07-18,P-1064,SVC4,FNCH,L-241,L-246,,,1158.1,KG,2,504.32,EUR,CANCELLED
SH101262,2025-03-07,P-1199,SVC5,ARRW,L-227,L-257,2025-03-07 07:37,,87.5,KG,26,54.11,EUR,IN_TRANSIT
SH101263,2025-09-26,P-1023,SVC3,DNUB,L-246,L-214,2025-09-27 08:02,2025-09-29 09:53,240.3,KG,20,114.89,GBP,DELIVERED
SH101264,2025-05-04,P-1225,SVC4,DNUB,L-257,L-217,2025-05-06 16:28,2025-05-07 11:20,990.2,KG,26,436.39,EUR,DELIVERED
SH101265,2025-11-30,P-1017,SVC1,EGRT,L-256,L-231,2025-11-30 06:55,2025-12-02 13:03,709.1,LB,23,246.69,GBP,DELIVERED
SH101266,2025-03-03,P-1211,SVC1,EGRT,L-202,L-212,2025-03-05 14:19,2025-03-06 13:40,1192.9,KG,18,819.34,GBP,DELIVERED
SH101267,2025-04-01,P-1129,SVC1,BLTC,L-250,L-257,2025-04-03 11:41,2025-04-05 08:17,550.5,LB,11,203.28,GBP,DELIVERED
SH101268,2025-02-27,P-1170,SVC3,DNUB,L-235,L-255,2025-03-02 20:35,2025-03-04 18:47,427.4,KG,14,204.33,GBP,DELIVERED
SH101269,2026-01-31,P-1096,SVC4,GRYP,L-218,L-239,2026-02-03 11:20,2026-02-10 17:26,364.3,LB,12,102.92,GBP,DELIVERED
SH101270,2025-08-24,P-1152,SVC3,DNUB,L-228,L-216,2025-08-25 12:57,2025-08-29 19:42,152.8,LB,21,45.46,GBP,DELIVERED
SH101271,2025-07-20,P-1092,SVC1,DNUB,L-217,L-207,2025-07-21 12:55,2025-07-22 18:46,1245.0,LB,20,411.94,GBP,DELIVERED
SH101272,2026-04-11,P-1063,SVC1,BLTC,L-255,L-239,2026-04-13 20:46,2026-04-14 07:13,1024.1,LB,22,328.68,GBP,DELIVERED
SH101273,2025-10-17,P-1133,SVC4,FNCH,L-230,L-248,2025-10-17 18:13,2025-10-25 09:03,819.1,LB,19,195.32,GBP,DELIVERED
SH101274,2025-09-23,P-1168,SVC2,CDRX,L-260,L-203,2025-09-26 19:12,2025-09-27 12:15,138.4,KG,20,124.70,GBP,DELIVERED
SH101275,2026-04-19,P-1038,SVC3,BLTC,L-216,L-229,2026-04-21 13:51,,1227.7,KG,5,554.24,GBP,IN_TRANSIT
SH101276,2026-05-16,P-1233,SVC3,EGRT,L-253,L-256,2026-05-16 21:20,2026-05-19 20:04,11.7,KG,1,45.06,GBP,DELIVERED
SH101277,2025-11-22,P-1162,SVC4,GRYP,L-220,L-232,2025-11-23 19:23,2025-11-30 07:54,237.9,KG,2,137.92,GBP,DELIVERED
SH101278,2025-08-01,P-1174,SVC2,EGRT,L-247,L-235,2025-08-01 16:37,,549.9,LB,21,195.61,GBP,IN_TRANSIT
SH101279,2025-08-10,P-1095,SVC4,GRYP,L-202,L-249,2025-08-12 07:49,2025-08-18 20:02,979.0,LB,7,220.42,GBP,DELIVERED
SH101280,2025-10-18,P-1029,SVC4,EGRT,L-243,L-206,2025-10-20 12:15,2025-10-24 20:35,194.5,KG,13,111.85,EUR,DELIVERED
SH101281,2025-02-10,P-1019,SVC1,CDRX,L-238,L-232,2025-02-11 13:28,2025-02-12 06:08,914.6,LB,21,310.71,GBP,DELIVERED
SH101282,2025-05-04,P-1097,SVC2,CDRX,L-231,L-204,2025-05-07 18:54,2025-05-08 21:29,311.3,KG,13,224.86,GBP,DELIVERED
SH101283,2025-01-27,P-1102,SVC4,EGRT,L-222,L-258,2025-01-27 07:41,2025-02-02 08:54,666.1,KG,5,310.95,EUR,DELIVERED
SH101284,2025-08-10,P-1032,SVC3,GRYP,L-201,L-204,2025-08-13 15:37,2025-08-16 21:03,276.2,KG,23,141.43,EUR,DELIVERED
SH101285,2025-12-27,P-1080,SVC2,ARRW,L-238,L-214,2025-12-28 12:21,2025-12-29 17:20,1196.6,KG,17,839.76,GBP,DELIVERED
SH101286,2025-08-12,P-1173,SVC3,ARRW,L-239,L-209,2025-08-12 14:20,,508.9,LB,2,112.70,GBP,IN_TRANSIT
SH101287,2026-04-01,P-1024,SVC2,CDRX,L-260,L-210,2026-04-04 15:47,,399.4,LB,26,134.77,EUR,IN_TRANSIT
SH101288,2025-07-03,P-1209,SVC2,BLTC,L-229,L-243,2025-07-03 19:58,2025-07-04 08:22,278.1,KG,13,219.10,EUR,DELIVERED
SH101289,2026-04-25,P-1137,SVC6,FNCH,L-239,L-247,2026-04-27 10:44,2026-05-01 18:57,473.4,KG,22,230.34,GBP,DELIVERED
SH101290,2025-02-24,P-1054,SVC2,ARRW,L-203,L-242,2025-02-24 21:32,2025-02-25 09:13,879.7,LB,26,286.03,GBP,DELIVERED
SH101291,2026-01-30,P-1160,SVC6,BLTC,L-260,L-246,2026-02-01 06:57,2026-02-02 20:37,606.7,KG,9,288.23,GBP,DELIVERED
SH101292,2026-01-12,P-1238,SVC3,CDRX,L-250,L-202,2026-01-14 10:26,2026-01-15 08:01,1154.4,KG,20,516.17,GBP,DELIVERED
SH101293,2025-09-02,P-1021,SVC4,FNCH,L-258,L-208,,,530.0,LB,21,120.95,EUR,BOOKED
SH101294,2026-02-24,P-1224,SVC3,CDRX,L-204,L-215,2026-02-24 19:21,2026-02-25 19:35,170.2,LB,10,67.11,GBP,DELIVERED
SH101295,2025-03-09,P-1167,SVC5,FNCH,L-225,L-249,2025-03-09 10:49,2025-03-11 09:46,1109.7,KG,13,482.88,GBP,DELIVERED
SH101296,2025-07-11,P-1113,SVC4,FNCH,L-226,L-260,2025-07-12 13:54,2025-07-19 16:54,524.8,LB,25,121.90,GBP,DELIVERED
SH101297,2025-12-02,P-1108,SVC1,CDRX,L-260,L-225,2025-12-03 06:46,2025-12-06 12:01,868.3,KG,18,603.35,GBP,DELIVERED
SH101298,2025-07-15,P-1240,SVC1,BLTC,L-201,L-256,2025-07-16 11:39,2025-07-17 11:18,1057.0,KG,19,739.62,GBP,DELIVERED
SH101299,2025-04-21,P-1149,SVC2,GRYP,L-230,L-234,2025-04-21 16:48,2025-04-23 08:28,888.4,KG,23,620.13,GBP,DELIVERED
SH101300,2025-02-14,P-1113,SVC1,EGRT,L-219,L-248,2025-02-15 09:01,2025-02-16 14:27,765.0,LB,23,251.31,GBP,DELIVERED
SH101301,2025-04-26,P-1131,SVC3,ARRW,L-222,L-212,2025-04-28 18:19,2025-05-06 09:30,647.7,LB,1,155.05,GBP,DELIVERED
SH101302,2026-03-14,P-1050,SVC3,BLTC,L-211,L-205,2026-03-14 20:24,2026-03-15 20:11,1152.5,LB,1,252.24,GBP,DELIVERED
SH101303,2025-09-19,P-1058,SVC3,BLTC,L-249,L-251,2025-09-19 20:40,2025-09-21 15:17,776.1,KG,20,342.98,EUR,DELIVERED
SH101304,2025-09-10,P-1060,SVC5,CDRX,L-230,L-243,2025-09-12 17:58,2025-09-14 21:25,681.0,LB,11,170.90,GBP,DELIVERED
SH101305,2025-04-30,P-1118,SVC1,GRYP,L-241,L-209,2025-05-02 12:59,2025-05-03 12:27,883.1,LB,6,294.86,GBP,DELIVERED
SH101306,2025-02-22,P-1159,SVC3,FNCH,L-245,L-226,2025-02-24 10:37,2025-02-26 08:17,1178.1,LB,2,260.71,GBP,DELIVERED
SH101307,2025-12-10,P-1206,SVC3,ARRW,L-210,L-249,2025-12-11 11:48,2025-12-13 17:01,1022.7,LB,10,229.54,GBP,DELIVERED
SH101308,2025-10-09,P-1149,SVC2,DNUB,L-224,L-241,2025-10-09 18:30,2025-10-11 09:03,80.7,KG,11,77.38,GBP,DELIVERED
SH101309,2025-12-12,P-1010,SVC5,CDRX,L-204,L-241,2025-12-15 09:10,2025-12-21 12:43,843.3,KG,5,368.18,GBP,DELIVERED
SH101310,2025-05-15,P-1228,SVC2,FNCH,L-218,L-256,,,511.5,LB,25,175.49,GBP,CANCELLED
SH101311,2026-02-18,P-1076,SVC4,ARRW,L-252,L-235,2026-02-21 07:40,2026-02-26 11:32,983.5,KG,23,428.47,GBP,DELIVERED
SH101312,2025-02-21,P-1219,SVC4,GRYP,L-229,L-244,2025-02-23 21:35,2025-02-27 08:02,633.5,LB,19,155.94,GBP,DELIVERED
SH101313,2025-08-26,P-1104,SVC3,DNUB,L-204,L-245,,,1102.9,KG,16,501.15,GBP,BOOKED
SH101314,2025-04-30,P-1171,SVC3,EGRT,L-222,L-236,2025-05-03 07:13,2025-05-06 08:16,996.2,LB,15,220.25,EUR,DELIVERED
SH101315,2026-03-27,P-1114,SVC4,DNUB,L-230,L-239,2026-03-30 06:32,2026-04-09 09:59,998.3,LB,5,207.70,GBP,DELIVERED
SH101316,2025-04-20,P-1029,SVC2,ARRW,L-220,L-217,2025-04-22 10:55,2025-04-23 17:05,1101.4,KG,10,753.76,GBP,DELIVERED
SH101317,2025-03-01,P-1100,SVC2,DNUB,L-254,L-252,2025-03-02 17:41,2025-03-03 08:35,410.1,KG,4,316.98,GBP,DELIVERED
SH101318,2026-04-21,P-1185,SVC5,CDRX,L-204,L-253,2026-04-22 18:24,2026-04-23 06:18,1275.2,LB,21,272.89,GBP,DELIVERED
SH101319,2025-01-20,P-1060,SVC1,GRYP,L-227,L-248,,,533.2,KG,9,373.27,GBP,CANCELLED
SH101320,2025-06-10,P-1056,SVC3,EGRT,L-212,L-203,2025-06-12 07:42,2025-06-15 16:51,1128.7,KG,16,514.73,GBP,DELIVERED
SH101321,2025-01-20,P-1232,SVC5,GRYP,L-232,L-216,2025-01-23 06:20,2025-01-25 17:08,509.2,KG,1,241.13,GBP,DELIVERED
SH101322,2025-10-02,P-1057,SVC1,DNUB,L-244,L-201,2025-10-03 15:48,2025-10-04 08:01,959.5,LB,17,327.88,GBP,DELIVERED
SH101323,2025-03-05,P-1232,SVC5,DNUB,L-215,L-247,2025-03-07 15:12,2025-03-09 08:47,595.4,KG,10,268.71,GBP,DELIVERED
SH101324,2026-03-08,P-1065,SVC5,BLTC,L-234,L-229,2026-03-11 11:55,2026-03-12 17:58,364.4,KG,26,189.46,GBP,DELIVERED
SH101325,2025-06-26,P-1052,SVC5,DNUB,L-207,L-230,2025-06-26 06:47,2025-06-28 09:24,1343.5,KG,2,592.27,GBP,DELIVERED
SH101326,2025-01-01,P-1179,SVC3,BLTC,L-235,L-207,2025-01-03 11:37,2025-01-07 08:00,278.3,KG,2,133.02,GBP,DELIVERED
SH101327,2026-01-27,P-1005,SVC1,BLTC,L-249,L-209,2026-01-28 14:42,2026-01-29 14:45,1086.8,KG,9,767.82,GBP,DELIVERED
SH101328,2025-04-13,P-1152,SVC4,GRYP,L-239,L-217,2025-04-14 08:08,2025-04-22 14:37,133.3,KG,3,93.11,GBP,DELIVERED
SH101329,2026-05-14,P-1159,SVC3,DNUB,L-240,L-247,2026-05-16 08:40,2026-05-19 15:00,1107.9,LB,15,249.12,GBP,DELIVERED
SH101330,2025-12-25,P-1122,SVC1,DNUB,L-203,L-211,,,707.0,KG,10,490.03,GBP,CANCELLED
SH101331,2025-01-08,P-1224,SVC3,EGRT,L-238,L-243,2025-01-08 06:01,2025-01-12 13:32,1160.8,KG,11,517.49,GBP,DELIVERED
SH101332,2026-03-23,P-1174,SVC4,BLTC,L-212,L-243,2026-03-23 18:09,2026-03-27 07:38,1007.6,KG,24,462.28,GBP,DELIVERED
SH101333,2025-06-14,P-1027,SVC4,DNUB,L-216,L-251,2025-06-14 07:09,2025-06-15 15:25,1089.5,KG,22,483.49,GBP,DELIVERED
SH101334,2025-11-04,P-1149,SVC2,ARRW,L-203,L-225,2025-11-05 15:37,2025-11-06 21:45,1204.9,LB,10,408.04,GBP,DELIVERED
SH101335,2025-11-10,P-1016,SVC1,ARRW,L-220,L-221,2025-11-12 11:33,2025-11-14 14:25,1099.0,KG,19,762.45,GBP,DELIVERED
SH101336,2026-01-20,P-1179,SVC5,DNUB,L-219,L-257,2026-01-22 21:05,,429.9,LB,23,99.26,GBP,IN_TRANSIT
SH101337,2025-08-24,P-1141,SVC2,DNUB,L-230,L-221,2025-08-25 16:51,2025-08-26 16:31,295.5,KG,9,224.69,EUR,DELIVERED
SH101338,2025-12-02,P-1082,SVC2,DNUB,L-245,L-215,2025-12-03 18:29,2025-12-04 17:51,1253.8,KG,4,881.91,EUR,DELIVERED
SH101339,2026-03-04,P-1096,SVC3,ARRW,L-235,L-230,2026-03-06 13:05,2026-03-09 12:31,766.2,KG,22,356.31,GBP,DELIVERED
SH101340,2025-08-10,P-1203,SVC4,BLTC,L-257,L-260,2025-08-12 21:22,2025-08-18 15:03,503.8,KG,16,240.35,EUR,DELIVERED
SH101341,2025-04-29,P-1097,SVC3,FNCH,L-220,L-258,2025-04-30 18:40,,157.4,LB,19,68.24,GBP,IN_TRANSIT
SH101342,2025-08-31,P-1165,SVC1,DNUB,L-213,L-209,2025-09-03 13:00,2025-09-04 17:31,901.8,LB,18,298.49,GBP,DELIVERED
SH101343,2026-02-18,P-1110,SVC1,EGRT,L-202,L-206,,,939.4,KG,6,667.08,EUR,BOOKED
SH101344,2025-06-18,P-1223,SVC3,CDRX,L-247,L-208,2025-06-19 12:55,2025-06-28 21:47,589.1,LB,18,131.91,GBP,DELIVERED
SH101345,2025-04-20,P-1112,SVC5,GRYP,L-255,L-239,2025-04-23 19:44,,845.2,KG,20,390.61,GBP,IN_TRANSIT
SH101346,2026-01-04,P-1232,SVC4,ARRW,L-229,L-202,2026-01-05 09:18,2026-01-07 07:47,295.6,KG,8,162.35,GBP,DELIVERED
SH101347,2025-06-19,P-1170,SVC4,CDRX,L-237,L-212,,,270.1,KG,15,128.73,GBP,BOOKED
SH101348,2026-04-20,P-1070,SVC2,DNUB,L-246,L-235,2026-04-23 07:45,2026-04-24 10:05,993.2,KG,26,700.20,GBP,DELIVERED
SH101349,2026-04-30,P-1182,SVC4,ARRW,L-259,L-254,2026-05-02 15:33,2026-05-07 10:12,287.2,LB,16,90.20,GBP,DELIVERED
SH101350,2025-01-11,P-1147,SVC5,CDRX,L-257,L-222,2025-01-11 14:03,2025-01-14 17:19,520.2,LB,3,123.69,GBP,DELIVERED
SH101351,2025-03-20,P-1020,SVC2,CDRX,L-214,L-249,2025-03-20 15:48,2025-03-22 08:34,799.0,KG,7,558.60,GBP,DELIVERED
SH101352,2025-03-07,P-1180,SVC4,BLTC,L-240,L-236,,,1153.8,KG,20,510.63,GBP,CANCELLED
SH101353,2025-09-12,P-1171,SVC2,FNCH,L-258,L-244,2025-09-13 21:00,,170.8,KG,5,151.35,GBP,IN_TRANSIT
SH101354,2025-05-23,P-1035,SVC4,BLTC,L-248,L-251,2025-05-25 10:00,2025-06-04 07:59,323.9,KG,13,161.45,EUR,DELIVERED
SH101355,2026-03-12,P-1220,SVC2,ARRW,L-213,L-231,2026-03-13 18:39,2026-03-14 18:59,1126.6,LB,20,375.02,GBP,DELIVERED
SH101356,2025-05-29,P-1035,SVC2,BLTC,L-247,L-233,2025-05-29 17:57,2025-05-31 13:34,1084.4,KG,8,751.20,GBP,DELIVERED
SH101357,2025-09-15,P-1104,SVC2,BLTC,L-255,L-246,2025-09-17 19:01,2025-09-19 06:57,271.5,KG,22,200.04,EUR,DELIVERED
SH101358,2025-10-29,P-1132,SVC4,BLTC,L-217,L-242,2025-10-29 09:34,2025-10-30 08:17,1030.5,KG,1,455.23,EUR,DELIVERED
SH101359,2026-05-15,P-1035,SVC4,DNUB,L-245,L-246,2026-05-18 06:43,2026-05-26 11:46,916.0,KG,5,405.43,GBP,DELIVERED
SH101360,2026-03-07,P-1049,SVC4,EGRT,L-242,L-222,,,882.5,KG,14,400.77,GBP,CANCELLED
SH101361,2025-02-17,P-1203,SVC5,CDRX,L-243,L-246,2025-02-20 18:53,,38.5,KG,8,46.99,GBP,IN_TRANSIT
SH101362,2026-04-05,P-1153,SVC2,ARRW,L-212,L-235,2026-04-08 11:16,2026-04-10 15:25,1026.9,LB,5,354.56,GBP,DELIVERED
SH101363,2025-11-13,P-1067,SVC1,BLTC,L-249,L-213,2025-11-13 13:24,2025-11-14 13:55,179.6,KG,6,153.20,GBP,DELIVERED
SH101364,2025-03-13,P-1123,SVC4,FNCH,L-246,L-234,2025-03-13 12:31,2025-03-24 07:36,1087.7,LB,3,245.98,GBP,DELIVERED
SH101365,2026-01-28,P-1185,SVC1,BLTC,L-201,L-240,2026-01-30 15:53,,260.7,KG,3,197.21,GBP,IN_TRANSIT
SH101366,2025-10-25,P-1106,SVC1,EGRT,L-231,L-253,,,857.7,KG,2,606.73,GBP,BOOKED
SH101367,2025-07-24,P-1042,SVC5,DNUB,L-201,L-216,2025-07-27 18:13,2025-07-31 18:59,1044.4,KG,2,466.64,GBP,DELIVERED
SH101368,2026-01-15,P-1213,SVC3,FNCH,L-255,L-239,2026-01-18 10:42,2026-01-22 16:42,137.6,KG,9,98.63,GBP,DELIVERED
SH101369,2025-10-13,P-1034,SVC3,BLTC,L-217,L-233,2025-10-14 20:41,2025-10-18 17:48,211.6,KG,25,118.54,GBP,DELIVERED
SH101370,2025-12-15,P-1163,SVC3,GRYP,L-229,L-240,2025-12-17 19:12,2025-12-21 16:06,739.4,KG,10,334.46,GBP,DELIVERED
SH101371,2025-01-21,P-1107,SVC6,DNUB,L-216,L-213,2025-01-23 17:02,2025-01-24 11:55,1114.2,KG,19,484.68,EUR,DELIVERED
SH101372,2026-04-09,P-1021,SVC4,FNCH,L-243,L-234,2026-04-12 07:57,2026-04-16 08:53,238.4,KG,21,121.40,GBP,DELIVERED
SH101373,2025-01-12,P-1059,SVC1,GRYP,L-203,L-216,2025-01-13 11:14,2025-01-14 10:36,1325.7,KG,7,905.57,EUR,DELIVERED
SH101374,2025-11-24,P-1123,SVC2,EGRT,L-218,L-245,2025-11-24 08:20,2025-11-30 11:09,1129.6,LB,26,356.58,EUR,DELIVERED
SH101375,2026-05-13,P-1066,SVC5,EGRT,L-253,L-258,2026-05-13 08:07,2026-05-14 15:50,1251.3,LB,15,270.39,GBP,DELIVERED
SH101376,2025-05-12,P-1083,SVC3,ARRW,L-210,L-204,2025-05-15 19:12,2025-05-18 12:58,410.8,KG,18,188.34,GBP,DELIVERED
SH101377,2026-01-05,P-1201,SVC2,DNUB,L-225,L-258,2026-01-07 11:08,2026-01-08 07:22,1133.7,KG,3,796.10,GBP,DELIVERED
SH101378,2026-01-25,P-1137,SVC1,BLTC,L-210,L-256,2026-01-25 21:41,2026-01-26 15:12,299.9,KG,23,242.97,GBP,DELIVERED
SH101379,2025-12-20,P-1230,SVC1,EGRT,L-224,L-204,2025-12-20 19:59,2025-12-21 10:43,673.2,KG,18,472.35,GBP,DELIVERED
SH101380,2026-02-11,P-1023,SVC3,CDRX,L-227,L-233,2026-02-14 12:59,2026-02-17 15:28,525.7,KG,17,257.22,GBP,DELIVERED
SH101381,2025-01-26,P-1032,SVC3,EGRT,L-250,L-221,2025-01-27 16:12,2025-01-29 15:52,1242.8,KG,1,549.91,EUR,DELIVERED
SH101382,2025-11-15,P-1060,SVC3,BLTC,L-205,L-249,,,988.3,KG,10,443.44,GBP,CANCELLED
SH101383,2026-03-08,P-1016,SVC1,DNUB,L-250,L-208,2026-03-09 18:11,2026-03-10 08:04,585.0,KG,15,408.25,GBP,DELIVERED
SH101384,2026-04-26,P-1049,SVC6,GRYP,L-201,L-242,2026-04-28 06:00,2026-05-01 16:58,62.8,LB,9,36.24,GBP,DELIVERED
SH101385,2025-06-07,P-1221,SVC5,DNUB,L-254,L-258,2025-06-07 07:49,,1019.6,KG,1,456.93,GBP,IN_TRANSIT
SH101386,2025-09-06,P-1015,SVC5,EGRT,L-256,L-232,,,707.0,KG,14,325.23,GBP,BOOKED
SH101387,2026-04-05,P-1117,SVC1,CDRX,L-246,L-201,2026-04-06 08:36,2026-04-07 13:08,874.3,LB,21,289.81,EUR,DELIVERED
SH101388,2025-09-11,P-1138,SVC4,ARRW,L-216,L-240,2025-09-13 21:08,2025-09-19 11:00,1311.6,KG,7,590.71,GBP,DELIVERED
SH101389,2025-03-24,P-1105,SVC3,FNCH,L-254,L-246,2025-03-26 09:28,2025-03-28 14:11,651.1,LB,8,148.54,GBP,DELIVERED
SH101390,2025-02-04,P-1087,SVC2,BLTC,L-222,L-235,2025-02-06 15:44,2025-02-08 16:12,80.8,KG,14,92.55,GBP,DELIVERED
SH101391,2025-11-29,P-1134,SVC2,DNUB,L-236,L-258,2025-12-01 09:11,2025-12-04 08:51,759.7,KG,9,546.20,GBP,DELIVERED
SH101392,2025-01-21,P-1103,SVC4,CDRX,L-203,L-252,2025-01-24 16:17,2025-01-30 18:11,67.9,KG,1,55.44,GBP,DELIVERED
SH101393,2025-04-10,P-1156,SVC1,BLTC,L-252,L-216,2025-04-11 14:31,2025-04-12 10:22,656.8,LB,19,225.34,GBP,DELIVERED
SH101394,2026-04-07,P-1058,SVC5,ARRW,L-226,L-252,2026-04-09 20:02,2026-04-10 19:57,268.1,LB,21,64.66,EUR,DELIVERED
SH101395,2026-02-18,P-1058,SVC3,DNUB,L-221,L-260,,,399.4,LB,3,106.03,GBP,CANCELLED
SH101396,2025-06-23,P-1125,SVC3,GRYP,L-254,L-215,2025-06-23 19:12,2025-06-26 15:56,757.5,KG,17,352.77,GBP,DELIVERED
SH101397,2026-04-22,P-1190,SVC2,GRYP,L-205,L-221,2026-04-24 16:53,2026-04-29 08:12,344.4,KG,16,265.68,GBP,DELIVERED
SH101398,2025-02-25,P-1125,SVC4,DNUB,L-233,L-250,2025-02-26 12:30,,1131.0,KG,18,489.76,GBP,IN_TRANSIT
SH101399,2025-10-05,P-1234,SVC4,EGRT,L-222,L-234,2025-10-08 09:51,2025-10-20 20:56,726.9,LB,26,179.37,GBP,DELIVERED
SH101400,2026-05-09,P-1169,SVC2,CDRX,L-231,L-221,,,1073.2,LB,18,344.37,GBP,CANCELLED
SH101401,2026-04-25,P-1073,SVC4,EGRT,L-249,L-232,,,17.7,KG,22,30.44,EUR,BOOKED
SH101402,2026-03-19,P-1079,SVC2,GRYP,L-209,L-232,2026-03-21 06:21,2026-03-25 21:38,223.3,LB,16,81.61,GBP,DELIVERED
SH101403,2026-05-14,P-1020,SVC3,DNUB,L-239,L-201,2026-05-14 21:12,2026-05-15 07:29,207.0,KG,16,120.09,GBP,DELIVERED
SH101404,2025-05-22,P-1186,SVC2,GRYP,L-222,L-211,2025-05-25 14:43,2025-05-27 17:58,1165.6,LB,17,383.80,GBP,DELIVERED
SH101405,2025-08-12,P-1169,SVC6,FNCH,L-239,L-213,2025-08-12 12:30,2025-08-14 09:34,252.5,KG,20,140.96,GBP,DELIVERED
SH101406,2025-06-30,P-1204,SVC2,EGRT,L-260,L-222,2025-07-03 15:40,,721.3,KG,21,507.59,GBP,IN_TRANSIT
SH101407,2025-03-28,P-1239,SVC1,CDRX,L-219,L-202,2025-03-31 10:25,2025-04-01 13:10,816.0,KG,13,582.64,GBP,DELIVERED
SH101408,2025-07-30,P-1157,SVC4,FNCH,L-253,L-220,2025-08-01 14:11,2025-08-12 08:58,1306.0,LB,9,288.76,GBP,DELIVERED
SH101409,2025-04-25,P-1115,SVC2,DNUB,L-224,L-208,2025-04-25 21:39,2025-04-26 15:07,815.9,KG,16,584.77,GBP,DELIVERED
SH101410,2025-12-07,P-1090,SVC4,ARRW,L-222,L-251,2025-12-10 12:50,2025-12-16 20:47,606.3,LB,23,145.81,GBP,DELIVERED
SH101411,2025-03-01,P-1222,SVC5,ARRW,L-227,L-203,2025-03-04 09:54,2025-03-08 16:52,1153.7,KG,21,507.74,GBP,DELIVERED
SH101412,2025-08-04,P-1156,SVC4,ARRW,L-213,L-253,2025-08-06 11:31,2025-08-07 14:02,623.9,KG,16,289.73,GBP,DELIVERED
SH101413,2025-04-26,P-1179,SVC4,EGRT,L-214,L-248,2025-04-28 12:04,2025-05-10 10:50,494.2,KG,21,230.41,GBP,DELIVERED
SH101414,2026-03-26,P-1106,SVC2,BLTC,L-224,L-243,2026-03-29 14:08,2026-04-03 09:40,1133.5,KG,8,804.70,GBP,DELIVERED
SH101415,2025-04-16,P-1224,SVC1,FNCH,L-234,L-222,2025-04-16 09:44,2025-04-17 07:34,123.7,KG,10,117.40,GBP,DELIVERED
SH101416,2025-09-28,P-1064,SVC5,BLTC,L-225,L-247,2025-09-28 20:06,2025-10-01 07:12,941.8,KG,12,427.57,GBP,DELIVERED
SH101417,2025-07-06,P-1001,SVC3,ARRW,L-228,L-256,2025-07-07 21:26,2025-07-10 20:50,561.7,LB,6,122.40,GBP,DELIVERED
SH101418,2026-02-03,P-1041,SVC4,EGRT,L-215,L-235,2026-02-03 18:41,2026-02-09 13:26,166.8,KG,3,88.49,GBP,DELIVERED
SH101419,2026-03-20,P-1198,SVC2,BLTC,L-229,L-204,,,599.7,KG,22,440.14,GBP,CANCELLED
SH101420,2025-08-20,P-1074,SVC1,BLTC,L-217,L-241,2025-08-23 18:47,2025-08-24 19:11,531.8,LB,1,184.08,GBP,DELIVERED
SH101421,2025-09-20,P-1130,SVC5,GRYP,L-215,L-250,2025-09-21 09:49,2025-09-24 10:36,712.0,LB,19,169.55,GBP,DELIVERED
SH101422,2025-06-25,P-1044,SVC2,ARRW,L-236,L-257,2025-06-27 07:38,2025-06-29 20:18,754.6,KG,26,529.39,EUR,DELIVERED
SH101423,2025-10-18,P-1070,SVC2,DNUB,L-209,L-256,2025-10-18 16:02,2025-10-20 13:21,670.6,KG,26,464.94,EUR,DELIVERED
SH101424,2026-04-20,P-1104,SVC5,FNCH,L-242,L-253,2026-04-23 09:30,2026-04-28 15:22,623.4,KG,12,278.98,GBP,DELIVERED
SH101425,2026-04-08,P-1030,SVC3,ARRW,L-213,L-237,2026-04-09 13:07,2026-04-11 17:08,98.7,KG,14,70.10,EUR,DELIVERED
SH101426,2025-10-14,P-1176,SVC2,GRYP,L-259,L-245,2025-10-16 11:58,2025-10-17 10:49,1081.3,LB,2,353.77,GBP,DELIVERED
SH101427,2025-10-06,P-1225,SVC2,EGRT,L-256,L-202,2025-10-08 16:20,2025-10-09 16:34,186.3,KG,14,159.49,GBP,DELIVERED
SH101428,2025-07-30,P-1081,SVC6,FNCH,L-217,L-235,2025-07-30 13:14,2025-08-02 18:16,1102.2,KG,8,492.26,GBP,DELIVERED
SH101429,2026-01-07,P-1143,SVC1,ARRW,L-213,L-225,2026-01-07 16:00,,360.4,KG,5,277.33,GBP,IN_TRANSIT
SH101430,2026-03-07,P-1074,SVC3,ARRW,L-260,L-217,2026-03-07 07:59,2026-03-10 17:49,1174.0,KG,19,514.52,GBP,DELIVERED
SH101431,2026-01-18,P-1153,SVC4,GRYP,L-210,L-208,2026-01-19 09:35,2026-01-21 21:32,367.3,KG,26,191.12,GBP,DELIVERED
SH101432,2025-05-29,P-1186,SVC3,CDRX,L-230,L-222,2025-05-31 13:23,2025-06-03 10:44,211.0,KG,19,130.69,GBP,DELIVERED
SH101433,2025-06-30,P-1209,SVC6,ARRW,L-238,L-211,2025-07-01 20:52,2025-07-09 07:28,151.3,LB,13,68.38,GBP,DELIVERED
SH101434,2026-05-10,P-1186,SVC4,BLTC,L-203,L-243,2026-05-11 18:32,2026-05-13 08:29,1331.5,KG,21,586.05,GBP,DELIVERED
SH101435,2026-05-02,P-1043,SVC3,BLTC,L-237,L-235,2026-05-02 20:01,2026-05-09 07:38,1106.8,KG,8,479.56,GBP,DELIVERED
SH101436,2025-05-09,P-1018,SVC3,ARRW,L-253,L-229,2025-05-12 07:07,2025-05-17 08:53,1194.6,KG,17,543.97,EUR,DELIVERED
SH101437,2025-06-16,P-1149,SVC3,CDRX,L-207,L-240,2025-06-16 19:49,2025-06-19 10:59,861.9,KG,20,394.37,GBP,DELIVERED
SH101438,2025-05-25,P-1150,SVC5,DNUB,L-250,L-257,2025-05-27 17:22,2025-06-04 21:46,449.0,KG,17,223.16,GBP,DELIVERED
SH101439,2025-12-04,P-1186,SVC3,GRYP,L-212,L-236,2025-12-05 06:38,2025-12-06 06:58,679.7,KG,24,305.92,GBP,DELIVERED
SH101440,2025-12-30,P-1226,SVC3,FNCH,L-209,L-259,2026-01-02 20:31,2026-01-03 09:34,56.5,KG,19,58.41,GBP,DELIVERED
SH101441,2026-01-07,P-1082,SVC2,BLTC,L-241,L-206,2026-01-09 15:15,2026-01-15 13:28,495.7,KG,7,352.98,GBP,DELIVERED
SH101442,2025-10-25,P-1033,SVC3,EGRT,L-236,L-258,,,429.0,KG,20,210.79,GBP,CANCELLED
SH101443,2025-08-11,P-1142,SVC3,CDRX,L-233,L-253,2025-08-12 06:12,2025-08-16 12:59,748.7,KG,25,327.73,GBP,DELIVERED
SH101444,2025-12-07,P-1228,SVC4,ARRW,L-260,L-222,2025-12-07 12:13,2025-12-14 20:04,948.8,KG,23,433.77,GBP,DELIVERED
SH101445,2025-07-18,P-1179,SVC1,ARRW,L-220,L-243,2025-07-19 14:01,2025-07-20 15:08,452.8,LB,17,166.97,EUR,DELIVERED
SH101446,2025-12-27,P-1119,SVC3,EGRT,L-217,L-233,2025-12-27 08:08,2026-01-04 18:37,705.8,KG,21,310.43,EUR,DELIVERED
SH101447,2025-04-28,P-1134,SVC4,ARRW,L-209,L-244,2025-04-28 09:56,2025-05-10 08:51,772.0,LB,4,167.18,GBP,DELIVERED
SH101448,2025-03-21,P-1198,SVC3,ARRW,L-231,L-208,2025-03-22 10:50,2025-03-24 16:23,320.2,KG,6,153.49,GBP,DELIVERED
SH101449,2025-11-20,P-1216,SVC3,EGRT,L-237,L-210,2025-11-23 16:17,2025-11-26 08:19,550.1,LB,26,140.10,GBP,DELIVERED
SH101450,2026-01-29,P-1166,SVC2,GRYP,L-240,L-201,2026-01-29 09:45,2026-01-31 10:38,472.2,LB,19,164.02,GBP,DELIVERED
SH101451,2025-09-05,P-1197,SVC3,GRYP,L-251,L-260,2025-09-05 06:50,2025-09-07 17:01,451.6,LB,19,116.36,EUR,DELIVERED
SH101452,2025-07-15,P-1151,SVC5,DNUB,L-217,L-237,2025-07-15 07:35,2025-07-25 16:58,1360.2,KG,14,603.72,GBP,DELIVERED
SH101453,2026-02-01,P-1011,SVC4,FNCH,L-211,L-256,2026-02-02 14:32,2026-02-04 18:32,137.8,LB,6,47.45,GBP,DELIVERED
SH101454,2025-01-14,P-1088,SVC1,ARRW,L-238,L-233,2025-01-15 13:32,2025-01-17 15:39,1093.2,LB,9,359.54,EUR,DELIVERED
SH101455,2026-01-14,P-1097,SVC4,GRYP,L-224,L-222,2026-01-17 16:01,2026-01-18 19:31,495.4,KG,14,248.05,GBP,DELIVERED
SH101456,2025-02-06,P-1157,SVC3,DNUB,L-253,L-242,2025-02-08 09:41,,811.9,KG,22,364.99,GBP,IN_TRANSIT
SH101457,2025-08-16,P-1133,SVC3,ARRW,L-248,L-249,2025-08-18 21:36,2025-08-20 18:51,549.6,KG,16,268.09,GBP,DELIVERED
SH101458,2025-02-26,P-1102,SVC2,FNCH,L-201,L-240,2025-02-27 11:27,,377.9,KG,21,283.97,GBP,IN_TRANSIT
SH101459,2026-02-05,P-1016,SVC4,FNCH,L-229,L-237,2026-02-05 17:55,2026-02-07 10:03,1143.6,LB,20,231.51,EUR,DELIVERED
SH101460,2025-04-12,P-1185,SVC1,DNUB,L-251,L-232,2025-04-14 07:45,2025-04-15 11:36,1376.3,KG,7,939.11,EUR,DELIVERED
SH101461,2025-04-26,P-1238,SVC2,CDRX,L-245,L-219,2025-04-27 13:19,2025-04-29 09:03,1174.3,KG,2,812.88,GBP,DELIVERED
SH101462,2026-01-04,P-1011,SVC3,DNUB,L-243,L-211,2026-01-07 15:31,2026-01-14 08:18,341.1,KG,18,160.73,GBP,DELIVERED
SH101463,2026-03-09,P-1225,SVC3,FNCH,L-232,L-211,2026-03-10 18:42,2026-03-12 16:37,213.5,LB,19,53.92,GBP,DELIVERED
SH101464,2025-03-26,P-1225,SVC4,ARRW,L-257,L-218,,,839.4,KG,7,376.83,GBP,CANCELLED
SH101465,2025-07-08,P-1038,SVC4,ARRW,L-247,L-238,2025-07-11 15:30,2025-07-15 09:11,884.9,KG,26,412.50,EUR,DELIVERED
SH101466,2025-11-07,P-1010,SVC3,CDRX,L-206,L-235,2025-11-08 18:43,2025-11-12 06:40,47.2,LB,14,42.44,GBP,DELIVERED
SH101467,2025-10-31,P-1186,SVC5,ARRW,L-211,L-217,2025-10-31 08:56,,894.1,KG,19,412.41,EUR,IN_TRANSIT
SH101468,2025-11-13,P-1007,SVC3,DNUB,L-234,L-227,2025-11-16 17:05,2025-11-19 20:44,756.6,LB,25,182.91,GBP,DELIVERED
SH101469,2025-02-06,P-1168,SVC3,DNUB,L-210,L-230,2025-02-09 15:38,2025-02-11 10:59,1174.1,LB,14,242.71,GBP,DELIVERED
SH101470,2025-04-24,P-1174,SVC5,GRYP,L-251,L-248,2025-04-26 21:58,2025-05-03 06:34,556.7,KG,17,263.57,GBP,DELIVERED
SH101471,2025-01-21,P-1070,SVC6,DNUB,L-216,L-258,2025-01-21 07:20,2025-01-24 17:36,889.3,LB,11,194.77,GBP,DELIVERED
SH101472,2025-12-27,P-1043,SVC2,EGRT,L-206,L-247,2025-12-27 17:51,2026-01-03 18:58,1366.0,KG,26,952.71,EUR,DELIVERED
SH101473,2025-07-01,P-1240,SVC1,FNCH,L-215,L-217,2025-07-02 16:22,2025-07-03 09:40,311.7,LB,15,137.29,GBP,DELIVERED
SH101474,2026-04-22,P-1202,SVC4,EGRT,L-225,L-228,2026-04-24 17:24,2026-05-01 19:55,1045.5,KG,9,480.36,GBP,DELIVERED
SH101475,2025-05-19,P-1029,SVC2,GRYP,L-221,L-208,2025-05-19 13:02,2025-05-22 14:50,1039.5,LB,13,335.75,GBP,DELIVERED
SH101476,2025-01-26,P-1197,SVC3,ARRW,L-251,L-236,2025-01-28 10:54,2025-02-01 13:26,1371.8,KG,3,593.47,GBP,DELIVERED
SH101477,2025-03-20,P-1072,SVC4,EGRT,L-247,L-216,2025-03-22 18:22,,203.3,LB,24,56.27,EUR,IN_TRANSIT
SH101478,2026-01-28,P-1028,SVC3,CDRX,L-233,L-259,,,575.5,KG,20,270.07,GBP,BOOKED
SH101479,2026-02-14,P-1105,SVC3,BLTC,L-240,L-245,2026-02-17 08:29,2026-02-20 10:36,563.6,KG,21,264.99,GBP,DELIVERED
SH101480,2026-03-04,P-1028,SVC2,BLTC,L-205,L-258,2026-03-05 06:37,2026-03-10 19:10,428.8,KG,25,315.45,GBP,DELIVERED
SH101481,2025-02-14,P-1152,SVC3,CDRX,L-229,L-244,2025-02-15 15:21,2025-02-18 15:35,267.6,KG,23,136.87,GBP,DELIVERED
SH101482,2025-01-28,P-1010,SVC4,EGRT,L-239,L-211,2025-01-29 10:40,,877.6,LB,2,184.77,EUR,IN_TRANSIT
SH101483,2025-10-27,P-1234,SVC4,ARRW,L-217,L-230,2025-10-27 18:29,2025-11-03 09:59,752.1,KG,10,355.95,GBP,DELIVERED
SH101484,2025-01-15,P-1054,SVC2,CDRX,L-214,L-260,2025-01-16 11:34,2025-01-18 12:38,1379.9,LB,9,455.99,GBP,DELIVERED
SH101485,2025-02-07,P-1070,SVC5,FNCH,L-228,L-218,2025-02-09 10:18,2025-02-13 21:09,833.4,KG,9,378.55,GBP,DELIVERED
SH101486,2026-04-07,P-1034,SVC3,BLTC,L-238,L-248,2026-04-07 16:52,2026-04-10 21:54,656.1,KG,15,288.95,GBP,DELIVERED
SH101487,2025-07-02,P-1033,SVC2,CDRX,L-218,L-253,2025-07-02 12:13,2025-07-03 07:52,1388.3,LB,19,446.72,GBP,DELIVERED
SH101488,2025-06-26,P-1174,SVC5,BLTC,L-224,L-228,2025-06-26 19:43,2025-07-01 08:23,890.3,LB,9,182.44,GBP,DELIVERED
SH101489,2026-04-17,P-1159,SVC2,BLTC,L-255,L-227,2026-04-18 10:23,2026-04-21 17:26,1379.8,LB,5,437.17,GBP,DELIVERED
SH101490,2026-03-12,P-1133,SVC3,ARRW,L-217,L-256,2026-03-13 06:46,2026-03-14 13:36,536.9,KG,1,239.50,GBP,DELIVERED
SH101491,2025-10-10,P-1098,SVC5,GRYP,L-232,L-236,2025-10-10 16:28,2025-10-14 08:18,31.9,KG,16,40.74,GBP,DELIVERED
SH101492,2025-02-03,P-1012,SVC5,GRYP,L-201,L-259,2025-02-05 19:24,2025-02-07 10:19,730.9,LB,20,175.73,GBP,DELIVERED
SH101493,2025-04-16,P-1212,SVC2,FNCH,L-238,L-214,2025-04-16 07:54,2025-04-17 15:54,945.5,KG,23,667.06,EUR,DELIVERED
SH101494,2025-01-12,P-1068,SVC3,DNUB,L-252,L-243,2025-01-15 14:23,2025-01-19 10:19,1124.0,KG,15,512.20,GBP,DELIVERED
SH101495,2026-02-22,P-1022,SVC2,GRYP,L-257,L-214,2026-02-24 14:54,2026-02-26 09:43,323.1,KG,23,231.22,GBP,DELIVERED
SH101496,2025-06-16,P-1180,SVC5,DNUB,L-201,L-226,2025-06-18 14:47,2025-06-27 12:35,104.5,KG,23,56.94,GBP,DELIVERED
SH101497,2025-12-06,P-1106,SVC2,DNUB,L-222,L-251,2025-12-06 17:59,2025-12-08 18:13,14.8,LB,6,30.84,GBP,DELIVERED
SH101498,2025-08-11,P-1179,SVC2,BLTC,L-204,L-260,2025-08-13 14:55,2025-08-14 15:21,821.0,KG,24,583.35,GBP,DELIVERED
SH101499,2026-04-14,P-1162,SVC2,ARRW,L-252,L-233,2026-04-16 16:27,,658.6,LB,2,237.41,GBP,IN_TRANSIT
SH101500,2025-01-22,P-1174,SVC4,FNCH,L-260,L-203,2025-01-24 12:11,2025-01-29 10:42,491.8,KG,18,228.29,GBP,DELIVERED
SH101501,2025-07-16,P-1239,SVC3,CDRX,L-204,L-250,2025-07-16 11:19,,581.4,KG,15,286.01,GBP,IN_TRANSIT
SH101502,2025-07-11,P-1003,SVC1,CDRX,L-204,L-212,2025-07-14 13:37,2025-07-19 07:14,793.0,KG,10,550.97,GBP,DELIVERED
SH101503,2025-05-26,P-1187,SVC1,CDRX,L-214,L-251,2025-05-28 20:41,2025-05-29 07:30,642.6,LB,23,226.24,GBP,DELIVERED
SH101504,2026-03-26,P-1101,SVC1,GRYP,L-237,L-209,2026-03-29 20:22,2026-03-30 16:05,973.3,KG,20,685.28,GBP,DELIVERED
SH101505,2025-01-18,P-1002,SVC3,EGRT,L-258,L-232,2025-01-20 11:20,2025-01-29 18:01,1293.2,KG,2,564.15,GBP,DELIVERED
SH101506,2025-10-11,P-1070,SVC3,DNUB,L-239,L-251,2025-10-13 21:02,2025-10-16 09:46,435.1,LB,23,98.67,GBP,DELIVERED
SH101507,2025-04-07,P-1209,SVC1,GRYP,L-254,L-236,2025-04-10 13:45,2025-04-11 13:03,519.3,KG,3,366.27,GBP,DELIVERED
SH101508,2025-10-30,P-1208,SVC1,CDRX,L-258,L-234,2025-11-02 11:54,2025-11-03 09:31,56.5,LB,3,59.16,GBP,DELIVERED
SH101509,2025-05-13,P-1222,SVC3,CDRX,L-241,L-231,2025-05-16 13:21,2025-05-20 18:28,45.4,KG,23,48.07,GBP,DELIVERED
SH101510,2025-01-08,P-1056,SVC3,DNUB,L-209,L-246,2025-01-09 18:15,2025-01-12 08:26,136.1,LB,16,41.09,GBP,DELIVERED
SH101511,2025-06-26,P-1115,SVC3,EGRT,L-210,L-249,2025-06-28 07:01,2025-07-02 15:41,1047.4,KG,3,462.02,GBP,DELIVERED
SH101512,2026-04-17,P-1142,SVC3,CDRX,L-243,L-247,2026-04-20 12:30,2026-04-22 06:43,1386.1,LB,1,296.08,GBP,DELIVERED
SH101513,2025-06-28,P-1194,SVC3,BLTC,L-252,L-222,2025-06-28 12:21,2025-07-04 11:04,100.4,KG,15,79.61,GBP,DELIVERED
SH101514,2025-08-04,P-1024,SVC1,DNUB,L-212,L-211,2025-08-07 12:06,2025-08-08 12:05,1300.8,LB,26,410.04,GBP,DELIVERED
SH101515,2025-04-17,P-1158,SVC5,ARRW,L-247,L-258,2025-04-18 15:42,2025-04-20 09:01,93.1,LB,15,56.02,EUR,DELIVERED
SH101516,2025-06-16,P-1097,SVC2,EGRT,L-245,L-229,2025-06-18 12:18,2025-06-20 20:01,1194.3,KG,4,839.92,GBP,DELIVERED
SH101517,2026-05-01,P-1118,SVC2,ARRW,L-225,L-252,2026-05-03 13:34,,46.3,LB,23,45.11,GBP,IN_TRANSIT
SH101518,2026-04-01,P-1107,SVC3,FNCH,L-219,L-247,2026-04-03 15:38,2026-04-04 11:52,51.2,LB,12,30.81,EUR,DELIVERED
SH101519,2025-08-07,P-1100,SVC3,ARRW,L-208,L-226,2025-08-07 14:27,2025-08-10 11:41,941.5,KG,21,433.74,GBP,DELIVERED
SH101520,2025-06-16,P-1067,SVC2,DNUB,L-254,L-212,2025-06-16 13:02,2025-06-18 20:23,97.2,KG,11,79.77,GBP,DELIVERED
SH101521,2025-11-14,P-1222,SVC3,FNCH,L-252,L-207,2025-11-15 10:35,2025-11-19 12:26,826.5,LB,2,191.73,GBP,DELIVERED
SH101522,2025-05-19,P-1234,SVC5,GRYP,L-214,L-211,2025-05-19 10:13,2025-05-20 13:42,825.9,LB,1,193.67,GBP,DELIVERED
SH101523,2026-03-28,P-1041,SVC6,EGRT,L-255,L-220,,,262.2,KG,10,139.88,GBP,BOOKED
SH101524,2025-04-20,P-1184,SVC3,GRYP,L-251,L-226,,,1349.2,KG,14,599.96,GBP,CANCELLED
SH101525,2025-09-02,P-1095,SVC1,ARRW,L-225,L-226,2025-09-05 14:29,2025-09-06 08:38,864.0,LB,7,279.44,GBP,DELIVERED
SH101526,2025-02-18,P-1112,SVC1,DNUB,L-228,L-212,2025-02-18 16:45,,382.2,KG,20,281.86,GBP,IN_TRANSIT
SH101527,2026-02-28,P-1021,SVC4,GRYP,L-230,L-217,2026-03-02 11:36,2026-03-03 12:02,606.9,KG,5,284.70,GBP,DELIVERED
SH101528,2025-01-12,P-1062,SVC3,FNCH,L-228,L-253,2025-01-14 21:43,2025-01-15 15:17,927.4,KG,9,421.53,GBP,DELIVERED
SH101529,2026-05-14,P-1111,SVC1,EGRT,L-202,L-247,,,812.4,KG,16,587.15,GBP,BOOKED
SH101530,2025-07-31,P-1230,SVC3,BLTC,L-252,L-225,2025-07-31 11:03,2025-08-04 08:51,728.9,KG,3,320.76,GBP,DELIVERED
SH101531,2025-07-11,P-1209,SVC5,ARRW,L-236,L-229,2025-07-11 14:00,2025-07-13 16:16,380.5,KG,23,194.69,GBP,DELIVERED
SH101532,2025-03-16,P-1096,SVC4,BLTC,L-229,L-218,2025-03-17 13:46,2025-03-29 19:28,891.9,KG,4,388.93,GBP,DELIVERED
SH101533,2025-11-04,P-1197,SVC4,GRYP,L-235,L-208,2025-11-04 20:49,2025-11-10 13:15,1224.8,LB,6,268.83,GBP,DELIVERED
SH101534,2026-02-14,P-1173,SVC2,FNCH,L-205,L-222,2026-02-16 07:10,2026-02-20 14:57,1154.9,KG,7,815.40,GBP,DELIVERED
SH101535,2025-05-29,P-1151,SVC3,CDRX,L-235,L-232,2025-05-29 19:42,2025-05-31 16:58,453.3,KG,23,222.51,GBP,DELIVERED
SH101536,2025-03-11,P-1043,SVC5,CDRX,L-260,L-206,2025-03-12 13:26,,374.9,KG,25,175.30,EUR,IN_TRANSIT
SH101537,2026-01-30,P-1046,SVC3,CDRX,L-245,L-226,2026-01-30 19:44,2026-02-04 11:58,106.0,KG,12,74.63,GBP,DELIVERED
SH101538,2025-06-23,P-1009,SVC3,EGRT,L-246,L-238,2025-06-25 15:27,2025-07-03 14:30,276.5,KG,11,133.02,GBP,DELIVERED
SH101539,2025-11-12,P-1158,SVC3,ARRW,L-257,L-252,,,283.9,KG,23,156.06,GBP,BOOKED
SH101540,2026-02-13,P-1006,SVC2,DNUB,L-249,L-239,2026-02-16 09:11,2026-02-18 19:46,1399.6,KG,13,967.61,GBP,DELIVERED
SH101541,2025-01-06,P-1125,SVC3,ARRW,L-205,L-233,2025-01-09 09:07,2025-01-18 10:09,697.7,KG,26,326.84,EUR,DELIVERED
SH101542,2025-01-24,P-1041,SVC1,ARRW,L-216,L-210,2025-01-24 17:39,2025-01-29 20:37,912.7,KG,6,627.98,EUR,DELIVERED
SH101543,2025-04-28,P-1221,SVC3,BLTC,L-230,L-201,2025-05-01 21:28,2025-05-02 08:01,88.9,KG,24,72.93,GBP,DELIVERED
SH101544,2026-05-06,P-1094,SVC4,ARRW,L-260,L-234,2026-05-06 12:47,2026-05-11 17:18,860.2,KG,21,381.61,EUR,DELIVERED
SH101545,2025-07-09,P-1082,SVC3,GRYP,L-208,L-243,2025-07-12 19:30,2025-07-13 14:35,441.4,LB,16,125.89,GBP,DELIVERED
SH101546,2025-03-26,P-1030,SVC5,FNCH,L-260,L-209,2025-03-28 10:00,2025-04-01 12:06,786.6,KG,18,352.44,EUR,DELIVERED
SH101547,2026-05-05,P-1079,SVC4,CDRX,L-219,L-227,2026-05-06 14:44,2026-05-12 21:57,1220.2,KG,10,534.94,GBP,DELIVERED
SH101548,2026-05-08,P-1019,SVC1,EGRT,L-224,L-229,2026-05-11 19:15,2026-05-12 19:15,1018.3,KG,8,719.39,GBP,DELIVERED
SH101549,2026-02-16,P-1103,SVC3,CDRX,L-227,L-257,2026-02-18 09:41,,939.1,LB,3,206.95,GBP,IN_TRANSIT
SH101550,2025-08-14,P-1098,SVC5,CDRX,L-241,L-242,2025-08-15 18:18,2025-08-20 15:56,605.5,KG,15,271.04,GBP,DELIVERED
SH101551,2025-11-25,P-1160,SVC1,ARRW,L-203,L-247,,,1136.7,KG,10,778.46,GBP,BOOKED
SH101552,2025-05-03,P-1119,SVC2,ARRW,L-247,L-237,2025-05-04 09:13,2025-05-05 17:44,355.7,KG,8,257.91,GBP,DELIVERED
SH101553,2026-01-10,P-1106,SVC3,CDRX,L-228,L-216,2026-01-11 11:56,2026-01-19 21:47,1244.9,KG,14,539.09,GBP,DELIVERED
SH101554,2025-02-09,P-1235,SVC4,FNCH,L-253,L-254,2025-02-11 18:36,2025-02-14 21:33,153.4,LB,14,54.82,EUR,DELIVERED
SH101555,2025-04-25,P-1034,SVC2,ARRW,L-233,L-212,2025-04-25 16:02,2025-04-26 16:01,652.9,LB,17,223.99,GBP,DELIVERED
SH101556,2026-05-16,P-1229,SVC5,FNCH,L-238,L-211,2026-05-18 08:48,2026-05-21 18:50,472.2,KG,21,216.06,GBP,DELIVERED
SH101557,2026-05-07,P-1116,SVC2,ARRW,L-256,L-234,2026-05-08 13:36,2026-05-15 13:24,514.6,KG,20,379.85,GBP,DELIVERED
SH101558,2025-03-12,P-1166,SVC3,FNCH,L-251,L-211,,,288.0,KG,21,136.54,GBP,CANCELLED
SH101559,2025-03-29,P-1166,SVC3,CDRX,L-250,L-259,2025-03-30 10:11,2025-03-31 08:43,161.4,LB,15,68.51,GBP,DELIVERED
SH101560,2026-01-26,P-1212,SVC4,DNUB,L-246,L-203,2026-01-29 13:00,2026-02-01 10:10,1367.3,KG,11,599.14,EUR,DELIVERED
SH101561,2025-09-16,P-1171,SVC6,BLTC,L-241,L-212,2025-09-17 18:15,2025-09-19 20:02,419.6,KG,1,206.51,GBP,DELIVERED
SH101562,2026-04-08,P-1223,SVC6,EGRT,L-203,L-229,2026-04-09 13:47,2026-04-10 16:59,521.3,LB,14,126.14,GBP,DELIVERED
SH101563,2025-01-18,P-1176,SVC5,BLTC,L-244,L-231,2025-01-19 10:43,2025-01-23 10:03,868.9,LB,2,207.03,GBP,DELIVERED
SH101564,2025-02-22,P-1155,SVC5,GRYP,L-240,L-225,2025-02-24 21:33,2025-02-26 20:21,805.3,KG,25,376.59,GBP,DELIVERED
SH101565,2025-05-05,P-1223,SVC4,FNCH,L-202,L-212,2025-05-07 20:36,2025-05-13 08:30,564.8,LB,20,139.30,GBP,DELIVERED
SH101566,2025-10-03,P-1147,SVC6,CDRX,L-213,L-215,2025-10-05 11:49,2025-10-12 07:06,543.8,KG,13,241.91,EUR,DELIVERED
SH101567,2026-03-07,P-1178,SVC4,FNCH,L-218,L-258,2026-03-10 11:25,2026-03-22 08:06,1222.6,LB,23,252.79,GBP,DELIVERED
SH101568,2025-11-26,P-1130,SVC2,ARRW,L-212,L-211,2025-11-27 17:29,,820.5,KG,22,581.34,GBP,IN_TRANSIT
SH101569,2025-06-15,P-1091,SVC3,FNCH,L-216,L-227,2025-06-15 09:53,2025-06-18 16:48,1023.9,KG,19,464.80,GBP,DELIVERED
SH101570,2026-04-19,P-1120,SVC5,ARRW,L-213,L-218,2026-04-22 11:16,2026-04-23 09:49,1270.7,LB,19,267.49,GBP,DELIVERED
SH101571,2025-02-02,P-1100,SVC5,DNUB,L-226,L-225,2025-02-02 14:41,2025-02-07 16:21,942.2,LB,22,205.38,GBP,DELIVERED
SH101572,2025-03-23,P-1140,SVC5,EGRT,L-240,L-246,2025-03-24 15:44,2025-03-27 10:37,357.9,KG,25,182.94,GBP,DELIVERED
SH101573,2025-01-29,P-1112,SVC3,FNCH,L-250,L-235,2025-01-30 07:47,2025-02-01 13:10,859.4,KG,7,397.42,GBP,DELIVERED
SH101574,2025-01-19,P-1194,SVC3,FNCH,L-221,L-260,2025-01-19 14:21,2025-01-21 18:25,615.1,KG,24,274.47,GBP,DELIVERED
SH101575,2025-06-23,P-1159,SVC6,EGRT,L-243,L-260,2025-06-26 11:53,2025-06-27 10:41,936.8,LB,10,205.92,GBP,DELIVERED
SH101576,2025-11-07,P-1019,SVC4,EGRT,L-245,L-206,2025-11-08 10:19,2025-11-10 20:25,1055.5,LB,16,223.06,GBP,DELIVERED
SH101577,2026-04-06,P-1051,SVC3,DNUB,L-208,L-216,2026-04-07 12:41,2026-04-16 12:01,1246.6,LB,5,277.03,GBP,DELIVERED
SH101578,2026-02-16,P-1194,SVC4,BLTC,L-228,L-239,2026-02-18 12:43,2026-02-27 11:35,1152.2,KG,14,499.26,GBP,DELIVERED
SH101579,2025-11-05,P-1238,SVC2,CDRX,L-229,L-225,2025-11-06 20:36,2025-11-08 06:33,109.2,KG,26,96.56,GBP,DELIVERED
SH101580,2025-09-09,P-1023,SVC3,BLTC,L-254,L-237,2025-09-09 12:16,2025-09-11 11:09,638.0,KG,1,292.45,GBP,DELIVERED
SH101581,2025-03-12,P-1159,SVC4,ARRW,L-229,L-249,2025-03-15 07:09,2025-03-23 21:32,1072.6,KG,5,482.75,GBP,DELIVERED
SH101582,2025-01-10,P-1132,SVC2,CDRX,L-248,L-205,2025-01-11 19:10,2025-01-17 21:07,406.8,KG,26,296.04,EUR,DELIVERED
SH101583,2025-02-22,P-1143,SVC3,ARRW,L-217,L-256,2025-02-23 07:15,2025-03-03 12:39,972.0,KG,5,442.86,EUR,DELIVERED
SH101584,2025-06-06,P-1167,SVC1,ARRW,L-251,L-217,2025-06-07 15:54,2025-06-08 14:56,853.5,KG,24,587.93,GBP,DELIVERED
SH101585,2025-01-20,P-1154,SVC3,CDRX,L-227,L-253,2025-01-21 17:30,2025-01-29 11:53,327.5,KG,3,175.63,GBP,DELIVERED
SH101586,2025-01-29,P-1044,SVC4,CDRX,L-229,L-259,2025-01-30 17:39,2025-02-02 19:50,1197.1,KG,5,533.21,EUR,DELIVERED
SH101587,2026-03-10,P-1137,SVC2,FNCH,L-231,L-234,2026-03-12 17:12,2026-03-15 08:14,951.1,KG,15,682.03,GBP,DELIVERED
SH101588,2026-01-06,P-1156,SVC3,GRYP,L-218,L-232,2026-01-07 10:54,2026-01-09 21:31,458.6,KG,2,217.45,GBP,DELIVERED
SH101589,2026-04-17,P-1216,SVC4,BLTC,L-209,L-254,2026-04-17 17:02,2026-04-21 17:59,1110.3,KG,21,495.63,GBP,DELIVERED
SH101590,2025-10-07,P-1013,SVC5,FNCH,L-233,L-225,2025-10-08 15:03,2025-10-11 17:51,628.8,KG,9,278.48,EUR,DELIVERED
SH101591,2025-03-07,P-1134,SVC1,EGRT,L-212,L-245,2025-03-10 21:52,2025-03-16 17:26,119.4,LB,14,56.62,GBP,DELIVERED
SH101592,2025-03-18,P-1169,SVC2,CDRX,L-243,L-227,2025-03-18 20:39,2025-03-22 18:35,157.3,KG,26,127.68,EUR,DELIVERED
SH101593,2025-01-16,P-1086,SVC3,EGRT,L-201,L-235,,,369.1,KG,3,182.18,GBP,BOOKED
SH101594,2025-04-11,P-1088,SVC2,GRYP,L-222,L-229,2025-04-13 10:51,2025-04-19 17:19,1377.4,LB,8,456.28,GBP,DELIVERED
SH101595,2026-03-22,P-1153,SVC1,DNUB,L-231,L-235,2026-03-23 16:09,,888.1,KG,8,629.74,EUR,IN_TRANSIT
SH101596,2025-10-12,P-1159,SVC1,FNCH,L-252,L-249,2025-10-12 11:26,,850.4,KG,3,598.13,GBP,IN_TRANSIT
SH101597,2025-09-23,P-1080,SVC2,FNCH,L-240,L-206,2025-09-24 17:17,2025-09-25 11:35,196.2,LB,15,83.26,GBP,DELIVERED
SH101598,2025-12-26,P-1209,SVC2,BLTC,L-218,L-212,2025-12-27 08:27,,163.5,LB,24,75.56,GBP,IN_TRANSIT
SH101599,2025-06-21,P-1147,SVC2,DNUB,L-225,L-237,2025-06-24 17:19,2025-06-26 19:57,1264.1,KG,16,868.94,GBP,DELIVERED
SH101600,2025-01-18,P-1150,SVC3,CDRX,L-232,L-213,2025-01-18 16:01,2025-01-20 12:17,1121.4,KG,14,491.23,EUR,DELIVERED
SH101601,2026-01-07,P-1167,SVC3,EGRT,L-203,L-236,2026-01-08 12:54,2026-01-11 09:54,769.4,KG,19,344.19,GBP,DELIVERED
SH101602,2025-03-26,P-1002,SVC4,CDRX,L-220,L-239,2025-03-26 15:59,2025-04-02 09:12,1258.2,KG,10,550.58,GBP,DELIVERED
SH101603,2025-10-11,P-1098,SVC5,EGRT,L-226,L-243,2025-10-11 12:11,2025-10-16 15:54,1179.8,LB,9,245.30,GBP,DELIVERED
SH101604,2025-12-30,P-1004,SVC3,CDRX,L-203,L-233,2025-12-30 13:17,,315.8,KG,6,170.30,EUR,IN_TRANSIT
SH101605,2025-11-17,P-1002,SVC2,GRYP,L-226,L-259,2025-11-18 14:49,2025-11-20 13:31,311.1,LB,2,121.13,GBP,DELIVERED
SH101606,2025-10-04,P-1147,SVC2,CDRX,L-241,L-225,2025-10-04 20:00,2025-10-05 07:40,1387.8,KG,18,965.00,GBP,DELIVERED
SH101607,2025-11-06,P-1184,SVC4,ARRW,L-239,L-215,2025-11-09 14:26,2025-11-12 08:03,707.7,KG,4,331.57,GBP,DELIVERED
SH101608,2025-04-21,P-1067,SVC2,DNUB,L-210,L-247,2025-04-22 10:59,2025-04-24 16:14,1309.0,KG,9,906.83,GBP,DELIVERED
SH101609,2025-10-08,P-1144,SVC6,DNUB,L-246,L-252,2025-10-09 14:28,2025-10-17 06:13,760.8,KG,24,360.53,GBP,DELIVERED
SH101610,2025-04-22,P-1052,SVC2,GRYP,L-204,L-238,2025-04-22 09:12,2025-04-23 09:42,441.1,LB,16,175.54,GBP,DELIVERED
SH101611,2025-01-15,P-1195,SVC4,DNUB,L-247,L-230,2025-01-18 12:15,,1265.1,KG,9,545.01,GBP,IN_TRANSIT
SH101612,2026-02-12,P-1195,SVC3,FNCH,L-258,L-220,2026-02-14 10:14,2026-02-17 21:47,192.0,LB,1,58.13,GBP,DELIVERED
SH101613,2025-08-20,P-1146,SVC4,CDRX,L-242,L-251,2025-08-21 08:14,,301.8,KG,26,155.21,GBP,IN_TRANSIT
SH101614,2025-09-24,P-1023,SVC1,DNUB,L-215,L-249,2025-09-24 18:54,2025-09-25 09:34,293.1,KG,26,239.76,EUR,DELIVERED
SH101615,2026-01-18,P-1119,SVC3,ARRW,L-207,L-244,2026-01-18 11:35,2026-01-22 08:55,1359.8,KG,21,597.35,GBP,DELIVERED
SH101616,2025-04-03,P-1204,SVC3,EGRT,L-222,L-252,2025-04-05 09:25,2025-04-08 19:48,142.9,LB,21,59.76,GBP,DELIVERED
SH101617,2025-09-13,P-1061,SVC1,GRYP,L-232,L-222,2025-09-15 15:59,2025-09-16 12:09,614.3,KG,11,436.34,GBP,DELIVERED
SH101618,2026-01-29,P-1099,SVC2,EGRT,L-225,L-258,2026-01-29 06:35,2026-02-04 08:57,1157.7,KG,7,794.33,EUR,DELIVERED
SH101619,2025-06-05,P-1079,SVC4,GRYP,L-209,L-259,2025-06-08 20:24,2025-06-15 13:38,1122.3,KG,4,511.18,GBP,DELIVERED
SH101620,2025-05-11,P-1149,SVC3,DNUB,L-260,L-250,2025-05-14 18:37,2025-05-16 16:24,1065.0,KG,19,471.41,GBP,DELIVERED
SH101621,2026-02-03,P-1114,SVC3,ARRW,L-240,L-239,2026-02-05 15:37,2026-02-06 07:22,366.5,LB,9,84.28,GBP,DELIVERED
SH101622,2025-01-12,P-1046,SVC3,DNUB,L-207,L-230,2025-01-12 18:39,2025-01-21 11:14,1193.3,KG,25,519.75,GBP,DELIVERED
SH101623,2026-04-25,P-1207,SVC5,DNUB,L-204,L-234,2026-04-27 08:07,2026-04-30 06:17,563.6,KG,24,273.19,GBP,DELIVERED
SH101624,2025-08-15,P-1189,SVC6,ARRW,L-252,L-224,2025-08-18 14:59,2025-08-21 15:31,193.4,LB,15,58.64,EUR,DELIVERED
SH101625,2025-04-28,P-1082,SVC2,DNUB,L-218,L-233,,,1113.0,LB,15,381.13,GBP,BOOKED
SH101626,2025-04-29,P-1054,SVC5,CDRX,L-222,L-231,2025-05-01 09:42,2025-05-04 12:36,1316.7,KG,1,568.75,GBP,DELIVERED
SH101627,2025-04-11,P-1198,SVC4,BLTC,L-239,L-213,2025-04-13 10:22,2025-04-24 10:29,1009.7,LB,10,218.52,EUR,DELIVERED
SH101628,2026-02-03,P-1184,SVC4,DNUB,L-231,L-204,2026-02-03 07:21,2026-02-04 12:45,439.1,KG,14,209.78,EUR,DELIVERED
SH101629,2025-11-02,P-1046,SVC5,ARRW,L-237,L-256,2025-11-05 17:07,2025-11-09 10:22,914.2,LB,15,214.91,GBP,DELIVERED
SH101630,2025-06-07,P-1051,SVC1,CDRX,L-228,L-209,2025-06-08 18:57,2025-06-13 11:44,51.2,KG,2,49.73,EUR,DELIVERED
SH101631,2025-09-07,P-1214,SVC3,CDRX,L-203,L-208,2025-09-08 21:41,2025-09-13 13:40,463.6,KG,15,216.20,GBP,DELIVERED
SH101632,2025-03-15,P-1200,SVC5,FNCH,L-227,L-239,2025-03-16 19:24,,303.1,LB,21,72.96,GBP,IN_TRANSIT
SH101633,2025-08-23,P-1149,SVC2,EGRT,L-209,L-237,2025-08-25 07:18,,38.2,KG,16,64.10,GBP,IN_TRANSIT
SH101634,2025-02-25,P-1214,SVC3,FNCH,L-255,L-226,2025-02-27 20:17,2025-03-01 19:36,320.2,KG,13,157.48,GBP,DELIVERED
SH101635,2025-03-01,P-1187,SVC4,BLTC,L-220,L-251,,,892.8,KG,1,406.25,GBP,BOOKED
SH101636,2025-07-13,P-1121,SVC1,FNCH,L-229,L-227,2025-07-15 19:48,2025-07-16 06:30,364.5,LB,1,149.26,EUR,DELIVERED
SH101637,2025-07-31,P-1107,SVC6,EGRT,L-243,L-260,2025-07-31 13:55,2025-08-05 11:46,639.9,KG,1,281.96,GBP,DELIVERED
SH101638,2025-12-13,P-1070,SVC4,ARRW,L-225,L-228,2025-12-14 13:54,2025-12-22 17:03,260.4,KG,6,125.67,GBP,DELIVERED
SH101639,2025-05-17,P-1043,SVC5,DNUB,L-248,L-227,2025-05-18 21:02,2025-05-23 11:05,349.7,LB,5,107.40,GBP,DELIVERED
SH101640,2025-02-27,P-1153,SVC3,EGRT,L-222,L-231,2025-03-02 14:39,2025-03-04 20:55,929.7,KG,6,410.03,GBP,DELIVERED
SH101641,2025-04-04,P-1216,SVC2,BLTC,L-217,L-212,2025-04-05 15:40,2025-04-12 18:53,984.1,KG,12,675.03,GBP,DELIVERED
SH101642,2026-05-10,P-1080,SVC5,GRYP,L-239,L-259,2026-05-11 13:44,,537.4,LB,9,139.67,EUR,IN_TRANSIT
SH101643,2025-10-21,P-1218,SVC3,BLTC,L-230,L-242,2025-10-21 21:54,2025-10-23 14:54,1336.9,KG,17,583.73,GBP,DELIVERED
SH101644,2025-12-02,P-1065,SVC6,DNUB,L-221,L-217,2025-12-03 17:51,2025-12-04 12:19,1385.2,LB,3,298.44,GBP,DELIVERED
SH101645,2026-03-27,P-1209,SVC2,ARRW,L-217,L-218,2026-03-30 08:43,2026-03-31 17:24,310.4,LB,19,132.30,EUR,DELIVERED
SH101646,2026-02-23,P-1081,SVC3,DNUB,L-257,L-256,2026-02-26 11:00,2026-02-27 12:44,508.3,KG,19,245.75,GBP,DELIVERED
SH101647,2026-02-09,P-1070,SVC1,EGRT,L-217,L-206,2026-02-11 14:22,2026-02-12 07:03,196.6,KG,7,161.96,GBP,DELIVERED
SH101648,2025-09-18,P-1148,SVC4,BLTC,L-254,L-237,,,562.2,KG,9,277.56,GBP,CANCELLED
SH101649,2025-04-10,P-1002,SVC6,GRYP,L-232,L-216,2025-04-11 19:44,2025-04-14 10:54,884.9,KG,20,411.81,EUR,DELIVERED
SH101650,2025-08-07,P-1186,SVC5,ARRW,L-227,L-235,2025-08-10 12:16,2025-08-12 20:09,1179.4,KG,17,529.45,GBP,DELIVERED
SH101651,2025-05-02,P-1236,SVC3,DNUB,L-207,L-215,2025-05-04 09:56,2025-05-12 14:23,828.1,KG,7,372.70,GBP,DELIVERED
SH101652,2025-10-13,P-1033,SVC3,EGRT,L-230,L-236,2025-10-14 16:22,2025-10-16 16:52,1144.9,KG,16,515.53,EUR,DELIVERED
SH101653,2025-08-07,P-1060,SVC4,GRYP,L-210,L-209,2025-08-08 08:28,2025-08-09 20:29,1004.7,KG,3,447.19,GBP,DELIVERED
SH101654,2025-05-05,P-1174,SVC2,FNCH,L-256,L-220,2025-05-08 21:01,2025-05-09 21:51,823.6,KG,10,594.22,GBP,DELIVERED
SH101655,2026-04-25,P-1208,SVC1,FNCH,L-207,L-244,2026-04-27 18:08,2026-05-03 09:46,976.0,LB,8,309.71,EUR,DELIVERED
SH101656,2026-02-14,P-1188,SVC3,BLTC,L-253,L-226,2026-02-17 07:40,2026-02-21 12:50,946.0,LB,24,212.01,GBP,DELIVERED
SH101657,2026-04-08,P-1069,SVC4,DNUB,L-236,L-217,2026-04-08 09:19,2026-04-12 13:28,467.7,KG,18,213.41,GBP,DELIVERED
SH101658,2026-03-12,P-1117,SVC1,CDRX,L-251,L-239,,,1207.1,LB,20,401.96,GBP,BOOKED
SH101659,2026-03-08,P-1006,SVC5,DNUB,L-242,L-228,2026-03-09 09:45,2026-03-19 18:21,840.3,KG,18,379.41,GBP,DELIVERED
SH101660,2025-03-25,P-1098,SVC6,BLTC,L-237,L-239,2025-03-27 07:24,2025-03-29 17:13,257.3,KG,15,143.51,GBP,DELIVERED
SH101661,2025-06-30,P-1097,SVC1,ARRW,L-227,L-260,2025-07-02 10:38,2025-07-03 20:27,246.1,KG,25,204.27,GBP,DELIVERED
SH101662,2025-09-14,P-1129,SVC1,CDRX,L-228,L-220,2025-09-14 17:50,2025-09-15 17:52,952.6,KG,5,672.95,GBP,DELIVERED
SH101663,2026-02-10,P-1189,SVC4,CDRX,L-236,L-238,2026-02-10 07:48,2026-02-13 06:57,261.9,KG,9,127.41,GBP,DELIVERED
SH101664,2025-01-05,P-1005,SVC6,GRYP,L-250,L-208,2025-01-07 15:02,2025-01-08 12:50,1080.5,KG,4,493.30,GBP,DELIVERED
SH101665,2025-11-01,P-1173,SVC1,FNCH,L-258,L-228,2025-11-02 08:45,,1372.3,LB,8,455.73,GBP,IN_TRANSIT
SH101666,2025-05-04,P-1010,SVC1,GRYP,L-249,L-214,2025-05-06 20:57,2025-05-07 07:43,585.6,KG,9,413.15,GBP,DELIVERED
SH101667,2026-04-17,P-1076,SVC1,DNUB,L-242,L-248,2026-04-19 18:17,,136.5,LB,10,83.14,GBP,IN_TRANSIT
SH101668,2025-02-05,P-1224,SVC6,GRYP,L-251,L-203,2025-02-08 07:57,2025-02-10 16:32,242.4,KG,5,141.23,GBP,DELIVERED
SH101669,2025-04-19,P-1058,SVC5,DNUB,L-244,L-253,2025-04-22 06:47,2025-04-26 14:12,57.1,LB,16,35.81,GBP,DELIVERED
SH101670,2025-10-30,P-1120,SVC2,BLTC,L-240,L-221,2025-11-02 14:56,2025-11-08 21:49,250.2,KG,25,186.21,EUR,DELIVERED
SH101671,2025-03-16,P-1139,SVC4,CDRX,L-229,L-249,2025-03-16 13:43,2025-03-18 18:09,181.7,KG,2,99.78,GBP,DELIVERED
SH101672,2025-12-23,P-1131,SVC2,BLTC,L-233,L-247,2025-12-23 15:27,2025-12-24 10:21,723.0,LB,13,254.04,GBP,DELIVERED
SH101673,2025-08-11,P-1005,SVC2,FNCH,L-213,L-225,2025-08-12 13:37,2025-08-13 19:11,119.2,KG,24,96.44,GBP,DELIVERED
SH101674,2026-04-07,P-1120,SVC3,CDRX,L-201,L-206,,,817.0,LB,19,186.69,GBP,BOOKED
SH101675,2026-03-02,P-1062,SVC4,CDRX,L-231,L-221,2026-03-02 07:56,2026-03-11 18:07,1087.4,LB,22,238.39,GBP,DELIVERED
SH101676,2025-12-05,P-1072,SVC6,DNUB,L-246,L-237,2025-12-05 10:32,,1291.5,KG,17,571.62,GBP,IN_TRANSIT
SH101677,2025-10-07,P-1033,SVC5,GRYP,L-255,L-226,2025-10-09 12:25,2025-10-13 15:09,615.1,KG,11,300.54,GBP,DELIVERED
SH101678,2025-07-18,P-1150,SVC4,ARRW,L-204,L-239,2025-07-19 09:54,2025-07-23 07:29,515.5,LB,1,138.71,GBP,DELIVERED
SH101679,2025-03-22,P-1232,SVC3,GRYP,L-203,L-260,2025-03-25 18:46,2025-03-29 07:13,1336.1,KG,8,582.62,GBP,DELIVERED
SH101680,2025-06-23,P-1132,SVC4,FNCH,L-240,L-209,2025-06-24 16:59,2025-06-30 12:36,856.7,KG,7,388.91,EUR,DELIVERED
SH101681,2025-03-30,P-1187,SVC4,FNCH,L-245,L-240,2025-03-30 21:18,2025-04-03 12:31,119.4,KG,19,84.05,EUR,DELIVERED
SH101682,2025-07-25,P-1094,SVC2,ARRW,L-241,L-214,2025-07-26 20:00,,616.3,LB,2,212.62,GBP,IN_TRANSIT
SH101683,2025-01-03,P-1211,SVC3,CDRX,L-243,L-238,2025-01-04 19:21,2025-01-05 09:20,1039.4,KG,24,460.81,EUR,DELIVERED
SH101684,2025-11-21,P-1218,SVC3,CDRX,L-257,L-201,2025-11-24 13:35,2025-11-30 19:22,1371.1,LB,6,293.52,GBP,DELIVERED
SH101685,2025-05-06,P-1147,SVC3,CDRX,L-239,L-208,2025-05-08 21:23,2025-05-09 10:42,1103.0,LB,19,223.28,GBP,DELIVERED
SH101686,2025-09-19,P-1224,SVC6,BLTC,L-242,L-250,2025-09-20 15:49,2025-09-21 09:20,1035.7,KG,19,472.52,EUR,DELIVERED
SH101687,2025-02-05,P-1179,SVC2,EGRT,L-214,L-224,2025-02-05 08:03,2025-02-06 13:09,1045.3,KG,23,718.37,GBP,DELIVERED
SH101688,2025-05-23,P-1217,SVC6,ARRW,L-226,L-242,2025-05-24 09:17,2025-05-27 20:53,82.3,KG,9,56.52,GBP,DELIVERED
SH101689,2025-12-04,P-1042,SVC3,FNCH,L-231,L-219,2025-12-07 11:19,2025-12-13 10:23,974.9,KG,22,439.30,GBP,DELIVERED
SH101690,2025-05-22,P-1032,SVC4,DNUB,L-206,L-222,2025-05-25 17:35,2025-05-30 17:37,504.0,KG,19,252.23,GBP,DELIVERED
SH101691,2026-04-10,P-1067,SVC1,GRYP,L-232,L-204,2026-04-13 21:23,2026-04-14 12:08,609.2,KG,14,441.85,GBP,DELIVERED
SH101692,2025-10-01,P-1219,SVC3,BLTC,L-206,L-238,2025-10-04 17:44,2025-10-07 21:44,771.8,KG,4,342.47,GBP,DELIVERED
SH101693,2026-03-13,P-1019,SVC3,CDRX,L-259,L-247,2026-03-15 10:41,2026-03-16 12:33,265.6,LB,19,78.80,GBP,DELIVERED
SH101694,2026-03-15,P-1020,SVC2,CDRX,L-215,L-247,2026-03-15 18:24,,264.2,LB,8,103.42,EUR,IN_TRANSIT
SH101695,2026-01-18,P-1084,SVC6,ARRW,L-250,L-201,2026-01-18 11:19,2026-01-21 17:11,24.7,LB,17,42.88,GBP,DELIVERED
SH101696,2026-04-27,P-1058,SVC4,EGRT,L-214,L-237,,,1066.1,KG,4,480.22,GBP,CANCELLED
SH101697,2026-03-02,P-1002,SVC1,FNCH,L-224,L-204,2026-03-02 08:28,2026-03-03 13:55,764.8,KG,22,544.69,GBP,DELIVERED
SH101698,2025-07-02,P-1001,SVC3,FNCH,L-207,L-245,2025-07-04 15:58,2025-07-05 10:31,1186.4,KG,10,519.58,GBP,DELIVERED
SH101699,2025-11-24,P-1031,SVC5,CDRX,L-226,L-224,2025-11-27 17:03,2025-12-02 19:56,760.9,KG,5,344.26,GBP,DELIVERED
SH101700,2025-03-21,P-1162,SVC3,EGRT,L-219,L-247,2025-03-23 07:52,2025-03-26 18:34,542.5,KG,20,248.79,GBP,DELIVERED
SH101701,2025-08-18,P-1018,SVC2,DNUB,L-245,L-231,2025-08-18 08:18,2025-08-20 19:34,847.1,KG,11,592.14,GBP,DELIVERED
SH101702,2026-02-27,P-1219,SVC2,CDRX,L-225,L-214,2026-03-02 13:38,2026-03-04 10:52,875.9,KG,17,614.00,GBP,DELIVERED
SH101703,2025-01-24,P-1048,SVC2,FNCH,L-207,L-220,2025-01-25 14:40,2025-01-26 17:52,1176.3,LB,6,382.03,GBP,DELIVERED
SH101704,2026-02-11,P-1172,SVC5,EGRT,L-219,L-232,2026-02-12 20:56,2026-02-15 21:45,246.8,LB,3,83.11,GBP,DELIVERED
SH101705,2026-04-22,P-1022,SVC3,DNUB,L-205,L-238,2026-04-24 15:57,2026-04-25 12:44,668.5,LB,25,147.96,GBP,DELIVERED
SH101706,2026-02-10,P-1117,SVC2,BLTC,L-221,L-203,2026-02-12 19:29,2026-02-13 16:05,63.0,KG,3,60.05,GBP,DELIVERED
SH101707,2025-02-07,P-1197,SVC2,DNUB,L-215,L-205,,,466.3,KG,24,332.34,EUR,CANCELLED
SH101708,2026-01-17,P-1026,SVC2,DNUB,L-235,L-215,2026-01-19 21:14,2026-01-21 18:56,553.2,KG,20,402.94,GBP,DELIVERED
SH101709,2025-06-11,P-1161,SVC3,EGRT,L-243,L-234,,,896.8,KG,15,400.90,GBP,BOOKED
SH101710,2026-05-06,P-1035,SVC2,GRYP,L-238,L-201,2026-05-09 12:22,2026-05-11 18:23,1046.8,LB,23,357.73,GBP,DELIVERED
SH101711,2025-08-28,P-1076,SVC3,FNCH,L-211,L-205,2025-08-31 15:40,,1325.2,LB,10,286.24,GBP,IN_TRANSIT
SH101712,2026-01-26,P-1153,SVC2,BLTC,L-212,L-226,2026-01-26 09:54,2026-01-28 16:23,1159.2,LB,6,373.39,GBP,DELIVERED
SH101713,2025-01-06,P-1172,SVC6,BLTC,L-253,L-257,2025-01-08 14:21,2025-01-09 17:11,60.8,KG,21,55.15,GBP,DELIVERED
SH101714,2025-10-31,P-1096,SVC2,CDRX,L-216,L-231,2025-11-01 20:45,2025-11-03 18:40,1281.6,KG,13,899.53,GBP,DELIVERED
SH101715,2026-05-15,P-1126,SVC3,FNCH,L-228,L-249,2026-05-18 06:09,2026-05-19 10:43,1344.1,KG,2,597.50,GBP,DELIVERED
SH101716,2025-02-10,P-1101,SVC3,DNUB,L-254,L-235,2025-02-13 11:08,2025-02-18 19:37,521.0,KG,22,256.45,GBP,DELIVERED
SH101717,2025-08-24,P-1014,SVC2,BLTC,L-246,L-251,2025-08-25 11:57,,519.0,LB,20,199.83,GBP,IN_TRANSIT
SH101718,2026-01-31,P-1231,SVC2,DNUB,L-211,L-217,2026-02-03 11:49,2026-02-04 19:24,956.5,KG,19,655.93,EUR,DELIVERED
SH101719,2026-03-27,P-1049,SVC2,EGRT,L-232,L-220,,,71.0,LB,6,60.83,GBP,CANCELLED
SH101720,2025-10-06,P-1005,SVC2,BLTC,L-249,L-235,2025-10-06 19:49,2025-10-08 08:55,1378.3,KG,13,941.50,GBP,DELIVERED
SH101721,2025-03-29,P-1029,SVC6,GRYP,L-208,L-246,2025-03-29 12:48,2025-03-31 19:22,363.2,KG,25,190.78,GBP,DELIVERED
SH101722,2025-09-14,P-1145,SVC2,EGRT,L-211,L-221,2025-09-14 08:11,2025-09-15 13:58,693.4,LB,19,224.01,EUR,DELIVERED
SH101723,2026-01-06,P-1033,SVC2,ARRW,L-251,L-242,2026-01-07 18:58,,1225.3,KG,25,845.91,GBP,IN_TRANSIT
SH101724,2025-04-03,P-1018,SVC1,CDRX,L-209,L-217,2025-04-03 07:53,2025-04-04 10:12,676.6,LB,14,226.54,GBP,DELIVERED
SH101725,2026-03-09,P-1121,SVC3,FNCH,L-202,L-246,2026-03-10 06:09,2026-03-13 17:11,881.5,KG,19,389.32,EUR,DELIVERED
SH101726,2025-01-31,P-1164,SVC3,CDRX,L-216,L-248,2025-02-01 16:33,,775.4,KG,9,341.51,GBP,IN_TRANSIT
SH101727,2026-02-16,P-1187,SVC5,ARRW,L-203,L-245,2026-02-19 19:42,2026-02-22 21:32,573.2,KG,17,258.78,GBP,DELIVERED
SH101728,2026-03-14,P-1093,SVC2,DNUB,L-209,L-220,2026-03-15 20:40,2026-03-21 13:40,682.4,KG,10,474.20,GBP,DELIVERED
SH101729,2025-01-05,P-1058,SVC3,BLTC,L-214,L-204,2025-01-05 07:46,2025-01-06 16:00,713.9,KG,2,337.29,GBP,DELIVERED
SH101730,2025-02-24,P-1102,SVC3,EGRT,L-240,L-237,2025-02-24 15:04,2025-03-04 17:03,578.0,KG,13,283.67,GBP,DELIVERED
SH101731,2025-01-16,P-1049,SVC3,EGRT,L-249,L-256,2025-01-19 07:30,2025-01-25 16:06,582.9,LB,22,150.26,GBP,DELIVERED
SH101732,2026-03-15,P-1152,SVC5,CDRX,L-254,L-256,2026-03-17 09:41,2026-03-22 16:38,1099.5,KG,3,483.39,EUR,DELIVERED
SH101733,2025-03-12,P-1077,SVC2,EGRT,L-255,L-212,2025-03-13 08:27,2025-03-15 12:18,1330.3,KG,8,925.54,GBP,DELIVERED
SH101734,2026-03-06,P-1201,SVC3,FNCH,L-258,L-254,2026-03-08 18:01,2026-03-11 19:27,520.8,KG,19,242.03,GBP,DELIVERED
SH101735,2025-07-25,P-1045,SVC2,EGRT,L-240,L-218,2025-07-27 17:55,2025-07-28 11:02,298.4,LB,21,117.51,GBP,DELIVERED
SH101736,2025-07-31,P-1231,SVC2,GRYP,L-212,L-203,2025-08-01 09:07,2025-08-02 17:28,896.5,KG,2,630.84,GBP,DELIVERED
SH101737,2025-07-15,P-1115,SVC3,FNCH,L-206,L-212,2025-07-17 12:55,2025-07-21 15:41,197.7,KG,7,110.05,GBP,DELIVERED
SH101738,2025-01-03,P-1227,SVC3,FNCH,L-202,L-245,2025-01-03 10:45,2025-01-05 07:42,42.3,LB,12,44.22,GBP,DELIVERED
SH101739,2026-01-05,P-1162,SVC1,BLTC,L-221,L-234,2026-01-07 21:57,2026-01-08 10:19,38.5,KG,4,54.00,GBP,DELIVERED
SH101740,2025-12-10,P-1223,SVC4,BLTC,L-244,L-255,2025-12-12 21:09,2025-12-15 16:57,1390.9,LB,3,306.01,EUR,DELIVERED
SH101741,2026-01-27,P-1121,SVC3,DNUB,L-207,L-225,,,1392.9,KG,23,598.95,EUR,CANCELLED
SH101742,2025-07-13,P-1194,SVC2,EGRT,L-205,L-232,2025-07-13 15:06,2025-07-15 16:32,877.1,KG,10,616.59,EUR,DELIVERED
SH101743,2025-06-16,P-1160,SVC5,GRYP,L-224,L-207,2025-06-18 21:36,2025-06-22 07:21,1001.4,KG,1,443.38,GBP,DELIVERED
SH101744,2026-01-22,P-1022,SVC1,EGRT,L-203,L-232,,,1289.8,LB,24,411.96,GBP,BOOKED
SH101745,2026-01-25,P-1053,SVC1,DNUB,L-236,L-218,2026-01-25 15:30,2026-01-26 14:41,1340.1,KG,14,928.96,GBP,DELIVERED
SH101746,2025-06-13,P-1198,SVC3,GRYP,L-250,L-260,2025-06-13 09:00,2025-06-15 14:37,208.1,LB,24,54.09,GBP,DELIVERED
SH101747,2025-08-30,P-1088,SVC2,EGRT,L-229,L-213,2025-09-02 12:45,2025-09-09 15:23,793.4,KG,17,553.32,EUR,DELIVERED
SH101748,2026-03-09,P-1082,SVC2,BLTC,L-226,L-234,2026-03-09 08:11,2026-03-11 15:41,1073.1,KG,26,739.44,GBP,DELIVERED
SH101749,2025-06-05,P-1192,SVC3,CDRX,L-212,L-202,2025-06-07 06:29,2025-06-08 13:30,54.4,KG,14,52.04,GBP,DELIVERED
SH101750,2025-07-23,P-1035,SVC2,FNCH,L-234,L-244,2025-07-24 08:22,2025-07-26 09:28,788.2,KG,20,568.75,GBP,DELIVERED
SH101751,2025-10-17,P-1019,SVC2,GRYP,L-254,L-228,2025-10-20 09:06,2025-10-22 11:02,150.1,KG,5,126.02,GBP,DELIVERED
SH101752,2025-09-04,P-1207,SVC3,GRYP,L-213,L-245,2025-09-05 10:50,2025-09-07 18:47,866.4,KG,23,380.94,GBP,DELIVERED
SH101753,2025-03-04,P-1170,SVC6,ARRW,L-226,L-224,2025-03-05 07:20,2025-03-06 07:01,199.2,KG,24,108.12,GBP,DELIVERED
SH101754,2025-06-10,P-1048,SVC4,CDRX,L-245,L-230,2025-06-13 17:11,2025-06-22 18:50,195.9,KG,16,107.87,GBP,DELIVERED
SH101755,2026-01-04,P-1074,SVC4,CDRX,L-248,L-219,2026-01-07 17:31,2026-01-10 16:16,410.5,KG,2,185.55,EUR,DELIVERED
SH101756,2026-05-02,P-1134,SVC4,ARRW,L-206,L-236,2026-05-04 07:02,2026-05-15 17:49,302.5,KG,26,145.67,GBP,DELIVERED
SH101757,2025-11-21,P-1106,SVC3,FNCH,L-247,L-228,2025-11-24 20:51,2025-11-26 12:12,378.1,LB,25,87.07,GBP,DELIVERED
SH101758,2025-04-04,P-1037,SVC4,GRYP,L-219,L-216,2025-04-06 15:16,2025-04-09 16:33,811.2,KG,15,367.15,GBP,DELIVERED
SH101759,2025-07-22,P-1007,SVC2,BLTC,L-204,L-258,2025-07-23 07:11,,495.3,KG,23,353.71,GBP,IN_TRANSIT
SH101760,2025-09-12,P-1017,SVC3,FNCH,L-234,L-230,2025-09-15 19:12,2025-09-17 15:03,1153.3,KG,17,510.59,GBP,DELIVERED
SH101761,2026-01-29,P-1040,SVC3,EGRT,L-221,L-217,,,466.8,KG,9,215.66,GBP,BOOKED
SH101762,2025-09-22,P-1156,SVC1,BLTC,L-235,L-246,2025-09-24 14:55,2025-09-25 08:58,468.3,KG,4,339.72,GBP,DELIVERED
SH101763,2026-02-20,P-1226,SVC3,EGRT,L-228,L-238,2026-02-20 15:18,2026-02-27 06:07,1039.4,KG,12,455.78,GBP,DELIVERED
SH101764,2025-08-13,P-1123,SVC1,BLTC,L-248,L-225,2025-08-16 12:47,2025-08-17 09:02,893.0,KG,16,628.75,GBP,DELIVERED
SH101765,2025-09-17,P-1239,SVC5,DNUB,L-258,L-228,2025-09-17 09:07,2025-09-20 21:51,600.8,KG,1,289.20,GBP,DELIVERED
SH101766,2026-01-19,P-1023,SVC4,EGRT,L-239,L-251,2026-01-20 20:27,2026-01-22 14:38,317.4,KG,19,154.13,GBP,DELIVERED
SH101767,2026-02-19,P-1221,SVC4,BLTC,L-243,L-228,2026-02-21 12:33,2026-02-24 18:40,1074.5,KG,15,481.15,GBP,DELIVERED
SH101768,2025-12-16,P-1078,SVC1,DNUB,L-216,L-235,2025-12-19 14:56,2025-12-20 15:37,1348.4,KG,21,940.12,GBP,DELIVERED
SH101769,2026-01-07,P-1013,SVC4,ARRW,L-253,L-226,2026-01-10 14:43,2026-01-22 17:59,272.5,LB,15,68.84,GBP,DELIVERED
SH101770,2025-01-12,P-1194,SVC5,ARRW,L-244,L-218,2025-01-13 18:48,2025-01-17 16:17,948.8,KG,4,421.88,GBP,DELIVERED
SH101771,2025-08-26,P-1077,SVC3,DNUB,L-248,L-254,2025-08-27 10:22,2025-08-29 18:16,151.3,KG,26,88.32,GBP,DELIVERED
SH101772,2025-12-07,P-1125,SVC4,ARRW,L-230,L-221,2025-12-10 20:51,2025-12-17 13:53,154.0,KG,10,104.57,GBP,DELIVERED
SH101773,2025-01-05,P-1018,SVC1,BLTC,L-247,L-240,2025-01-05 11:56,2025-01-06 07:34,155.4,LB,24,89.92,EUR,DELIVERED
SH101774,2025-10-02,P-1084,SVC3,GRYP,L-239,L-233,2025-10-03 13:38,2025-10-07 16:14,1270.0,KG,24,563.42,GBP,DELIVERED
SH101775,2025-01-04,P-1032,SVC6,CDRX,L-225,L-229,,,185.6,KG,26,118.58,EUR,BOOKED
SH101776,2025-10-23,P-1190,SVC4,FNCH,L-258,L-246,,,763.4,LB,14,159.86,GBP,BOOKED
SH101777,2026-01-31,P-1128,SVC1,CDRX,L-221,L-236,2026-02-01 21:21,2026-02-02 17:42,1102.4,KG,3,782.19,GBP,DELIVERED
SH101778,2026-01-27,P-1122,SVC3,FNCH,L-213,L-204,2026-01-29 07:11,2026-01-31 19:05,1160.9,KG,5,525.32,EUR,DELIVERED
SH101779,2026-01-14,P-1065,SVC1,CDRX,L-212,L-242,2026-01-16 09:19,2026-01-17 10:25,243.7,LB,11,88.51,GBP,DELIVERED
SH101780,2026-03-25,P-1146,SVC3,FNCH,L-226,L-219,2026-03-28 13:48,2026-04-01 06:59,3.1,KG,24,22.79,GBP,DELIVERED
SH101781,2025-12-12,P-1240,SVC6,EGRT,L-226,L-208,2025-12-13 16:26,2025-12-15 08:10,1396.2,KG,18,616.60,GBP,DELIVERED
SH101782,2025-02-08,P-1004,SVC6,ARRW,L-204,L-219,2025-02-08 10:34,2025-02-14 11:47,645.4,KG,25,297.78,GBP,DELIVERED
SH101783,2025-03-25,P-1136,SVC2,BLTC,L-246,L-216,2025-03-28 20:20,2025-03-30 17:20,132.1,KG,24,111.40,GBP,DELIVERED
SH101784,2025-12-03,P-1141,SVC5,ARRW,L-203,L-216,2025-12-05 19:44,2025-12-09 07:39,896.4,KG,17,392.13,GBP,DELIVERED
SH101785,2026-05-06,P-1165,SVC2,EGRT,L-233,L-202,,,1002.1,LB,3,342.41,EUR,CANCELLED
SH101786,2025-03-03,P-1076,SVC4,GRYP,L-204,L-226,,,825.6,LB,1,188.75,EUR,BOOKED
SH101787,2025-05-03,P-1221,SVC6,ARRW,L-249,L-219,2025-05-06 06:49,2025-05-08 21:19,864.6,KG,2,390.66,GBP,DELIVERED
SH101788,2026-05-02,P-1204,SVC2,CDRX,L-213,L-207,2026-05-02 09:31,2026-05-08 17:53,1307.8,LB,15,414.15,GBP,DELIVERED
SH101789,2026-05-04,P-1025,SVC3,BLTC,L-230,L-210,2026-05-07 17:34,2026-05-15 18:05,33.0,KG,19,35.06,GBP,DELIVERED
SH101790,2025-10-13,P-1027,SVC6,BLTC,L-216,L-244,2025-10-16 21:58,2025-10-18 14:41,868.0,KG,23,402.02,EUR,DELIVERED
SH101791,2025-06-24,P-1035,SVC5,GRYP,L-249,L-216,2025-06-25 21:10,,392.8,KG,4,180.84,GBP,IN_TRANSIT
SH101792,2026-01-16,P-1167,SVC4,GRYP,L-232,L-235,2026-01-18 11:18,2026-01-24 12:23,48.8,KG,20,38.04,GBP,DELIVERED
SH101793,2025-07-23,P-1149,SVC3,EGRT,L-222,L-218,2025-07-24 08:25,2025-07-27 19:22,1237.7,KG,3,556.34,GBP,DELIVERED
SH101794,2025-06-30,P-1001,SVC3,DNUB,L-216,L-246,2025-07-02 16:23,,918.7,KG,4,414.97,GBP,IN_TRANSIT
SH101795,2025-10-06,P-1080,SVC2,CDRX,L-230,L-237,2025-10-08 07:33,2025-10-12 08:37,911.6,KG,5,644.40,GBP,DELIVERED
SH101796,2025-05-07,P-1178,SVC4,ARRW,L-205,L-206,2025-05-08 08:27,2025-05-11 09:39,1105.5,KG,26,507.18,GBP,DELIVERED
SH101797,2026-01-30,P-1135,SVC4,DNUB,L-202,L-205,2026-01-31 15:53,2026-02-01 09:18,101.5,KG,22,78.35,GBP,DELIVERED
SH101798,2025-06-24,P-1160,SVC3,DNUB,L-243,L-206,2025-06-27 08:54,2025-06-30 08:27,239.0,KG,22,138.71,EUR,DELIVERED
SH101799,2025-02-15,P-1183,SVC3,DNUB,L-212,L-249,2025-02-15 12:10,2025-02-17 17:30,1231.2,KG,20,534.67,GBP,DELIVERED
SH101800,2026-03-21,P-1099,SVC6,ARRW,L-254,L-235,2026-03-23 19:43,2026-03-26 09:25,1237.8,LB,26,262.45,GBP,DELIVERED
SH101801,2025-10-12,P-1004,SVC3,BLTC,L-260,L-210,2025-10-14 21:24,2025-10-16 09:42,565.9,KG,20,277.60,GBP,DELIVERED
SH101802,2026-02-16,P-1142,SVC4,GRYP,L-215,L-251,2026-02-19 15:52,2026-02-23 18:10,1095.2,LB,15,231.98,GBP,DELIVERED
SH101803,2025-05-19,P-1079,SVC5,EGRT,L-231,L-218,2025-05-20 07:53,,1219.0,KG,7,532.06,GBP,IN_TRANSIT
SH101804,2026-02-06,P-1101,SVC3,EGRT,L-260,L-222,2026-02-06 10:09,2026-02-07 13:58,426.3,LB,15,99.95,GBP,DELIVERED
SH101805,2026-01-31,P-1083,SVC2,BLTC,L-204,L-230,2026-02-03 12:57,2026-02-05 15:02,1224.5,KG,6,849.70,GBP,DELIVERED
SH101806,2025-03-28,P-1067,SVC6,GRYP,L-201,L-245,2025-03-29 17:57,2025-04-01 10:11,1339.9,KG,14,589.69,GBP,DELIVERED
SH101807,2025-12-20,P-1197,SVC3,GRYP,L-260,L-239,2025-12-21 18:40,2025-12-22 07:35,313.2,KG,22,166.55,GBP,DELIVERED
SH101808,2026-04-09,P-1179,SVC3,CDRX,L-245,L-225,2026-04-09 19:43,2026-04-12 07:53,800.4,KG,2,360.93,GBP,DELIVERED
SH101809,2025-06-27,P-1128,SVC4,BLTC,L-260,L-225,2025-06-30 16:45,2025-07-05 21:46,291.0,KG,21,136.95,EUR,DELIVERED
SH101810,2025-02-09,P-1186,SVC3,ARRW,L-244,L-247,2025-02-12 18:19,2025-02-16 08:39,851.4,LB,14,192.87,EUR,DELIVERED
SH101811,2026-01-05,P-1239,SVC3,BLTC,L-207,L-206,2026-01-06 18:48,2026-01-11 21:49,921.0,KG,22,429.33,GBP,DELIVERED
SH101812,2025-06-01,P-1217,SVC3,ARRW,L-255,L-258,2025-06-01 07:05,2025-06-05 19:51,710.3,KG,7,335.02,GBP,DELIVERED
SH101813,2025-01-07,P-1143,SVC1,DNUB,L-216,L-217,2025-01-09 08:59,2025-01-10 18:17,637.2,KG,23,451.69,EUR,DELIVERED
SH101814,2025-02-15,P-1055,SVC2,BLTC,L-226,L-225,2025-02-18 12:43,2025-02-20 16:38,139.2,KG,26,132.27,GBP,DELIVERED
SH101815,2025-12-12,P-1085,SVC3,CDRX,L-237,L-250,2025-12-14 17:46,,170.0,LB,20,52.40,GBP,IN_TRANSIT
SH101816,2025-01-28,P-1172,SVC5,ARRW,L-254,L-230,2025-01-29 08:32,2025-01-30 13:09,708.2,LB,23,172.91,GBP,DELIVERED
SH101817,2025-04-13,P-1193,SVC5,ARRW,L-222,L-209,2025-04-14 12:37,2025-04-18 14:28,941.5,LB,15,195.34,GBP,DELIVERED
SH101818,2025-10-20,P-1016,SVC4,DNUB,L-217,L-221,2025-10-21 14:17,2025-10-26 15:11,1041.6,KG,10,480.28,GBP,DELIVERED
SH101819,2025-02-20,P-1097,SVC4,FNCH,L-231,L-205,2025-02-20 20:45,2025-02-22 17:38,789.1,KG,26,367.13,GBP,DELIVERED
SH101820,2025-04-27,P-1142,SVC3,BLTC,L-224,L-250,2025-04-29 12:07,,416.3,KG,3,199.21,GBP,IN_TRANSIT
SH101821,2025-12-13,P-1006,SVC2,ARRW,L-208,L-241,2025-12-15 17:07,2025-12-16 19:00,581.4,LB,21,194.12,GBP,DELIVERED
SH101822,2025-05-27,P-1007,SVC2,DNUB,L-256,L-227,2025-05-30 09:11,2025-05-31 06:14,865.9,KG,26,614.32,GBP,DELIVERED
SH101823,2026-01-06,P-1238,SVC1,DNUB,L-215,L-216,2026-01-06 15:41,2026-01-07 17:09,1205.8,KG,23,835.66,GBP,DELIVERED
SH101824,2025-05-10,P-1152,SVC6,GRYP,L-201,L-245,2025-05-12 11:37,,1379.0,KG,21,619.56,GBP,IN_TRANSIT
SH101825,2026-01-30,P-1194,SVC3,EGRT,L-215,L-201,2026-01-30 19:05,2026-02-07 06:18,1316.1,KG,7,574.24,GBP,DELIVERED
SH101826,2025-09-10,P-1095,SVC4,GRYP,L-238,L-252,2025-09-13 06:35,,297.2,KG,14,159.53,EUR,IN_TRANSIT
SH101827,2026-03-01,P-1148,SVC1,ARRW,L-219,L-217,2026-03-02 09:39,2026-03-05 18:05,1064.3,KG,8,741.95,GBP,DELIVERED
SH101828,2025-07-19,P-1108,SVC2,EGRT,L-216,L-247,2025-07-22 08:25,2025-07-23 18:03,473.4,LB,18,176.45,GBP,DELIVERED
SH101829,2026-04-02,P-1102,SVC4,BLTC,L-256,L-260,,,295.7,KG,24,146.34,GBP,BOOKED
SH101830,2026-03-22,P-1079,SVC1,FNCH,L-216,L-246,2026-03-25 16:45,2026-03-30 16:20,653.4,KG,13,458.39,GBP,DELIVERED
SH101831,2025-02-08,P-1196,SVC1,BLTC,L-230,L-258,2025-02-08 13:53,2025-02-14 16:28,804.1,KG,21,583.16,GBP,DELIVERED
SH101832,2025-01-14,P-1153,SVC6,FNCH,L-206,L-221,2025-01-15 15:34,2025-01-23 19:09,372.9,KG,22,180.95,GBP,DELIVERED
SH101833,2025-10-24,P-1227,SVC4,BLTC,L-209,L-222,2025-10-25 18:58,2025-10-28 14:52,1260.8,KG,18,552.27,GBP,DELIVERED
SH101834,2025-12-02,P-1074,SVC4,BLTC,L-234,L-233,2025-12-03 07:31,2025-12-06 13:35,657.3,KG,15,289.98,EUR,DELIVERED
SH101835,2025-04-01,P-1012,SVC4,DNUB,L-209,L-201,2025-04-02 21:40,2025-04-07 13:43,223.3,LB,6,65.17,GBP,DELIVERED
SH101836,2026-01-31,P-1058,SVC2,CDRX,L-247,L-210,2026-02-01 09:10,2026-02-02 09:40,590.0,LB,16,219.09,EUR,DELIVERED
SH101837,2025-06-15,P-1231,SVC3,ARRW,L-211,L-210,2025-06-17 18:49,2025-06-21 09:43,121.8,KG,15,92.79,GBP,DELIVERED
SH101838,2025-11-12,P-1027,SVC5,BLTC,L-243,L-250,2025-11-12 15:10,2025-11-17 18:35,458.4,KG,24,218.51,GBP,DELIVERED
SH101839,2026-02-07,P-1184,SVC2,EGRT,L-217,L-246,,,1274.7,KG,12,884.85,GBP,BOOKED
SH101840,2025-12-21,P-1240,SVC4,CDRX,L-207,L-221,2025-12-22 11:40,2025-12-29 19:34,943.8,LB,4,221.57,GBP,DELIVERED
SH101841,2026-03-25,P-1168,SVC3,CDRX,L-210,L-239,2026-03-26 14:36,2026-03-27 16:58,561.3,KG,20,275.14,GBP,DELIVERED
SH101842,2025-02-03,P-1235,SVC1,GRYP,L-214,L-250,,,560.7,LB,25,202.33,GBP,BOOKED
SH101843,2026-01-28,P-1207,SVC4,BLTC,L-237,L-230,2026-01-31 19:29,2026-02-12 17:01,857.8,LB,7,186.23,GBP,DELIVERED
SH101844,2025-09-10,P-1105,SVC4,FNCH,L-256,L-201,2025-09-11 20:28,2025-09-21 07:57,1393.0,KG,19,620.74,GBP,DELIVERED
SH101845,2025-06-30,P-1008,SVC6,EGRT,L-208,L-245,,,484.9,LB,8,120.53,GBP,BOOKED
SH101846,2026-01-17,P-1084,SVC1,DNUB,L-204,L-230,2026-01-20 10:54,,419.8,KG,5,297.78,GBP,IN_TRANSIT
SH101847,2026-04-21,P-1025,SVC3,FNCH,L-240,L-216,2026-04-24 20:53,2026-05-01 14:36,379.3,KG,20,186.01,GBP,DELIVERED
SH101848,2025-12-02,P-1040,SVC1,ARRW,L-215,L-255,2025-12-05 09:35,2025-12-06 12:43,1046.8,KG,25,718.21,GBP,DELIVERED
SH101849,2025-10-31,P-1081,SVC3,FNCH,L-226,L-245,2025-11-02 13:16,2025-11-04 13:39,1039.5,KG,21,463.76,GBP,DELIVERED
SH101850,2025-01-26,P-1170,SVC4,EGRT,L-242,L-206,2025-01-28 16:06,2025-02-08 11:07,1120.3,KG,18,485.11,GBP,DELIVERED
SH101851,2025-05-29,P-1115,SVC4,BLTC,L-249,L-204,2025-05-31 19:41,2025-06-02 16:01,1282.5,LB,7,266.18,GBP,DELIVERED
SH101852,2026-04-11,P-1147,SVC6,DNUB,L-254,L-248,2026-04-14 08:08,2026-04-16 20:54,240.9,KG,12,118.68,GBP,DELIVERED
SH101853,2026-04-27,P-1188,SVC3,GRYP,L-216,L-233,2026-04-27 17:35,2026-04-28 14:22,1090.7,KG,6,486.05,GBP,DELIVERED
SH101854,2025-06-21,P-1192,SVC3,EGRT,L-202,L-211,2025-06-23 21:35,2025-06-26 20:50,79.2,KG,11,54.37,GBP,DELIVERED
SH101855,2025-07-07,P-1181,SVC3,DNUB,L-237,L-214,2025-07-09 19:36,2025-07-11 16:30,570.6,KG,18,254.17,EUR,DELIVERED
SH101856,2025-09-14,P-1202,SVC2,EGRT,L-218,L-256,2025-09-14 17:57,2025-09-16 08:00,717.8,KG,2,518.65,GBP,DELIVERED
SH101857,2025-06-11,P-1157,SVC4,BLTC,L-229,L-258,2025-06-13 11:31,2025-06-21 07:36,71.3,LB,10,30.77,GBP,DELIVERED
SH101858,2025-04-14,P-1171,SVC6,EGRT,L-245,L-217,2025-04-15 10:28,2025-04-17 15:11,1364.8,KG,16,589.39,GBP,DELIVERED
SH101859,2025-01-10,P-1164,SVC3,FNCH,L-202,L-210,2025-01-11 16:06,2025-01-15 09:35,160.6,KG,21,92.41,GBP,DELIVERED
SH101860,2025-10-27,P-1165,SVC3,CDRX,L-214,L-246,2025-10-27 18:32,,176.3,KG,24,93.52,GBP,IN_TRANSIT
SH101861,2025-12-30,P-1180,SVC2,FNCH,L-215,L-253,2026-01-02 06:57,2026-01-03 08:46,2.9,KG,25,33.63,GBP,DELIVERED
SH101862,2026-01-09,P-1067,SVC5,BLTC,L-205,L-247,2026-01-11 21:57,2026-01-12 21:44,1001.3,KG,24,462.69,GBP,DELIVERED
SH101863,2025-11-23,P-1137,SVC3,ARRW,L-248,L-256,2025-11-26 07:16,2025-11-27 07:16,274.6,KG,21,139.47,GBP,DELIVERED
SH101864,2026-03-30,P-1129,SVC1,DNUB,L-230,L-250,2026-04-01 07:39,2026-04-02 20:50,1112.7,KG,24,784.16,GBP,DELIVERED
SH101865,2025-05-03,P-1131,SVC1,BLTC,L-244,L-247,2025-05-05 18:32,2025-05-06 12:56,101.4,KG,5,109.19,GBP,DELIVERED
SH101866,2025-04-29,P-1131,SVC6,FNCH,L-203,L-206,,,1363.9,KG,5,599.60,GBP,CANCELLED
SH101867,2025-07-28,P-1179,SVC3,BLTC,L-255,L-222,2025-07-30 08:39,2025-07-31 08:43,188.3,KG,20,103.05,EUR,DELIVERED
SH101868,2025-01-27,P-1059,SVC5,ARRW,L-242,L-250,2025-01-29 12:47,2025-02-03 10:07,874.3,KG,15,401.99,GBP,DELIVERED
SH101869,2025-05-08,P-1229,SVC2,FNCH,L-255,L-212,2025-05-10 16:32,2025-05-11 15:03,253.5,LB,5,98.08,GBP,DELIVERED
SH101870,2025-03-12,P-1098,SVC3,DNUB,L-206,L-240,2025-03-13 18:52,2025-03-14 14:06,332.2,KG,18,158.65,GBP,DELIVERED
SH101871,2025-01-01,P-1055,SVC3,FNCH,L-222,L-226,2025-01-02 07:58,2025-01-04 21:14,443.7,KG,19,227.15,GBP,DELIVERED
SH101872,2026-05-05,P-1142,SVC2,GRYP,L-253,L-207,2026-05-06 14:11,,510.8,LB,24,168.36,GBP,IN_TRANSIT
SH101873,2026-02-21,P-1236,SVC5,CDRX,L-242,L-229,2026-02-24 18:10,2026-02-28 17:06,726.9,LB,18,161.75,GBP,DELIVERED
SH101874,2025-07-10,P-1095,SVC5,DNUB,L-211,L-239,2025-07-10 10:40,2025-07-14 09:18,825.1,KG,6,375.55,GBP,DELIVERED
SH101875,2026-04-25,P-1113,SVC4,EGRT,L-213,L-215,2026-04-28 09:54,2026-05-03 13:26,1047.9,KG,15,470.68,GBP,DELIVERED
SH101876,2026-03-02,P-1145,SVC5,FNCH,L-220,L-207,2026-03-04 15:41,2026-03-11 17:52,1044.4,LB,8,227.28,GBP,DELIVERED
SH101877,2025-01-21,P-1220,SVC3,FNCH,L-249,L-256,2025-01-24 09:26,2025-01-26 11:04,314.1,LB,5,100.66,GBP,DELIVERED
SH101878,2026-05-11,P-1232,SVC3,DNUB,L-245,L-228,,,1384.9,LB,12,279.36,GBP,CANCELLED
SH101879,2025-01-11,P-1233,SVC3,EGRT,L-201,L-253,,,1312.0,LB,25,276.02,EUR,BOOKED
SH101880,2026-02-02,P-1074,SVC4,BLTC,L-230,L-258,2026-02-02 07:18,2026-02-05 09:42,368.2,KG,24,185.66,GBP,DELIVERED
SH101881,2025-09-23,P-1094,SVC5,ARRW,L-210,L-252,2025-09-24 16:25,2025-09-26 15:42,439.2,KG,25,220.75,GBP,DELIVERED
SH101882,2025-03-22,P-1001,SVC3,FNCH,L-246,L-212,2025-03-23 14:35,2025-03-27 17:24,814.0,LB,1,191.94,GBP,DELIVERED
SH101883,2025-11-05,P-1038,SVC2,BLTC,L-230,L-206,,,1253.2,KG,7,870.68,GBP,CANCELLED
SH101884,2025-03-05,P-1179,SVC2,BLTC,L-205,L-206,2025-03-05 12:04,2025-03-06 17:56,923.0,LB,22,296.32,GBP,DELIVERED
SH101885,2026-01-02,P-1192,SVC2,BLTC,L-255,L-252,,,253.7,KG,5,212.50,GBP,CANCELLED
SH101886,2025-01-03,P-1186,SVC3,ARRW,L-206,L-211,,,773.9,KG,7,357.25,GBP,CANCELLED
SH101887,2026-02-09,P-1140,SVC3,BLTC,L-213,L-207,2026-02-12 21:23,2026-02-14 11:42,760.9,KG,18,335.67,GBP,DELIVERED
SH101888,2026-01-15,P-1099,SVC2,FNCH,L-209,L-256,2026-01-17 16:29,2026-01-18 21:58,499.3,KG,24,373.67,GBP,DELIVERED
SH101889,2025-11-30,P-1039,SVC4,FNCH,L-220,L-243,2025-12-01 21:08,2025-12-04 13:40,1035.4,KG,25,448.95,GBP,DELIVERED
SH101890,2026-02-25,P-1003,SVC1,GRYP,L-252,L-255,2026-02-26 09:24,2026-02-27 18:21,28.5,LB,10,51.58,EUR,DELIVERED
SH101891,2026-05-16,P-1093,SVC6,FNCH,L-220,L-237,2026-05-19 09:09,2026-05-21 13:29,1266.4,KG,20,559.48,GBP,DELIVERED
SH101892,2026-01-26,P-1078,SVC4,EGRT,L-236,L-220,2026-01-27 06:28,2026-01-29 08:08,278.8,LB,2,87.08,GBP,DELIVERED
SH101893,2026-02-13,P-1059,SVC4,BLTC,L-217,L-259,2026-02-16 12:54,,249.3,KG,11,123.63,GBP,IN_TRANSIT
SH101894,2025-07-28,P-1092,SVC2,DNUB,L-229,L-243,2025-07-30 19:02,2025-08-01 16:14,1207.6,KG,2,850.67,EUR,DELIVERED
SH101895,2026-03-16,P-1063,SVC4,BLTC,L-251,L-257,2026-03-18 10:15,2026-03-24 06:49,950.1,LB,15,221.24,EUR,DELIVERED
SH101896,2025-02-12,P-1061,SVC1,FNCH,L-216,L-243,,,79.9,KG,22,87.45,GBP,BOOKED
SH101897,2025-05-23,P-1208,SVC3,BLTC,L-259,L-238,,,1346.0,LB,16,273.23,GBP,CANCELLED
SH101898,2025-08-16,P-1110,SVC2,GRYP,L-220,L-205,2025-08-19 15:56,,202.7,LB,24,79.34,GBP,IN_TRANSIT
SH101899,2025-05-27,P-1192,SVC2,BLTC,L-243,L-201,2025-05-28 09:40,2025-05-29 09:19,1154.7,LB,4,385.92,GBP,DELIVERED
SH101900,2025-11-01,P-1186,SVC6,BLTC,L-235,L-259,2025-11-01 10:40,2025-11-02 13:07,99.8,KG,10,75.13,GBP,DELIVERED
SH101901,2026-04-08,P-1026,SVC2,CDRX,L-247,L-240,2026-04-10 19:11,2026-04-12 12:06,711.0,LB,2,254.14,GBP,DELIVERED
SH101902,2026-03-21,P-1154,SVC3,CDRX,L-258,L-243,2026-03-22 10:41,2026-03-25 13:16,531.9,LB,26,141.02,GBP,DELIVERED
SH101903,2026-01-12,P-1214,SVC3,BLTC,L-259,L-214,2026-01-13 12:20,2026-01-17 15:49,472.9,KG,18,217.71,GBP,DELIVERED
SH101904,2026-01-10,P-1176,SVC1,CDRX,L-226,L-224,2026-01-12 07:19,2026-01-16 17:47,1165.2,KG,22,806.89,GBP,DELIVERED
SH101905,2025-06-26,P-1058,SVC6,BLTC,L-226,L-254,2025-06-26 17:40,2025-07-02 20:34,140.3,KG,22,87.53,GBP,DELIVERED
SH101906,2025-03-17,P-1088,SVC3,FNCH,L-203,L-215,2025-03-19 16:49,2025-03-22 13:34,319.6,KG,8,154.49,GBP,DELIVERED
SH101907,2026-04-28,P-1082,SVC1,BLTC,L-238,L-233,2026-04-30 11:54,2026-05-01 12:10,1160.1,KG,7,801.55,GBP,DELIVERED
SH101908,2025-06-24,P-1061,SVC6,FNCH,L-252,L-228,2025-06-25 12:59,2025-06-26 13:33,1353.1,LB,17,272.36,GBP,DELIVERED
SH101909,2025-03-28,P-1044,SVC1,BLTC,L-217,L-224,2025-03-28 06:14,2025-04-03 19:00,628.1,LB,13,204.17,GBP,DELIVERED
SH101910,2025-07-25,P-1168,SVC4,CDRX,L-210,L-202,2025-07-28 19:40,2025-08-06 14:11,1209.1,KG,3,521.37,GBP,DELIVERED
SH101911,2025-11-05,P-1124,SVC1,ARRW,L-210,L-202,2025-11-07 20:22,2025-11-08 09:46,454.9,LB,20,157.75,GBP,DELIVERED
SH101912,2026-04-17,P-1077,SVC1,ARRW,L-239,L-204,2026-04-17 11:42,2026-04-18 18:57,267.7,KG,15,204.49,GBP,DELIVERED
SH101913,2025-07-29,P-1118,SVC3,EGRT,L-213,L-243,2025-07-30 09:06,2025-08-04 11:12,1290.0,KG,20,584.51,GBP,DELIVERED
SH101914,2025-09-29,P-1141,SVC4,DNUB,L-204,L-235,2025-09-29 09:15,2025-10-04 21:28,454.4,KG,5,216.48,GBP,DELIVERED
SH101915,2025-11-03,P-1163,SVC3,BLTC,L-213,L-237,2025-11-03 18:04,,996.7,KG,26,451.27,GBP,IN_TRANSIT
SH101916,2025-01-23,P-1142,SVC2,FNCH,L-216,L-247,2025-01-23 19:09,2025-01-25 17:45,185.5,KG,16,150.50,EUR,DELIVERED
SH101917,2025-12-19,P-1029,SVC1,DNUB,L-210,L-220,2025-12-20 20:02,2025-12-21 10:50,165.7,LB,7,90.49,GBP,DELIVERED
SH101918,2025-11-26,P-1189,SVC1,FNCH,L-257,L-232,2025-11-26 09:16,2025-11-27 13:55,1160.5,KG,14,798.59,EUR,DELIVERED
SH101919,2026-03-13,P-1101,SVC3,EGRT,L-225,L-255,2026-03-16 09:30,2026-03-17 12:08,129.9,KG,26,71.49,EUR,DELIVERED
SH101920,2025-05-20,P-1143,SVC3,EGRT,L-205,L-256,2025-05-22 15:37,2025-05-23 16:33,86.9,KG,16,71.89,GBP,DELIVERED
SH101921,2025-06-21,P-1221,SVC4,FNCH,L-244,L-232,2025-06-21 14:26,2025-06-29 15:07,973.4,KG,11,448.63,EUR,DELIVERED
SH101922,2026-02-05,P-1195,SVC4,DNUB,L-205,L-243,,,1224.9,LB,12,258.55,GBP,BOOKED
SH101923,2025-10-14,P-1137,SVC3,FNCH,L-214,L-239,2025-10-16 19:35,2025-10-24 16:43,602.2,LB,20,136.53,GBP,DELIVERED
SH101924,2026-02-12,P-1080,SVC3,EGRT,L-240,L-225,,,1145.8,KG,6,511.36,GBP,CANCELLED
SH101925,2025-01-16,P-1117,SVC5,FNCH,L-256,L-210,2025-01-19 14:54,2025-01-22 12:50,773.8,KG,10,354.14,GBP,DELIVERED
SH101926,2025-12-29,P-1211,SVC2,ARRW,L-242,L-218,2025-12-29 12:29,2025-12-30 10:27,629.0,LB,21,204.65,GBP,DELIVERED
SH101927,2025-11-12,P-1020,SVC4,BLTC,L-203,L-240,2025-11-14 17:45,2025-11-22 15:35,851.6,LB,13,198.42,GBP,DELIVERED
SH101928,2025-12-17,P-1038,SVC6,CDRX,L-220,L-206,2025-12-18 21:58,2025-12-21 12:50,1390.7,KG,8,607.80,GBP,DELIVERED
SH101929,2025-04-18,P-1143,SVC5,GRYP,L-219,L-215,,,1077.7,KG,1,484.36,GBP,BOOKED
SH101930,2025-07-23,P-1114,SVC5,ARRW,L-221,L-224,2025-07-23 21:58,2025-07-25 15:54,880.6,KG,1,402.89,GBP,DELIVERED
SH101931,2025-01-24,P-1229,SVC3,GRYP,L-249,L-255,2025-01-24 06:20,2025-02-02 06:14,1148.5,KG,2,496.01,GBP,DELIVERED
SH101932,2026-01-27,P-1061,SVC4,ARRW,L-243,L-241,2026-01-27 13:26,2026-01-29 08:53,148.2,KG,11,99.63,GBP,DELIVERED
SH101933,2025-07-15,P-1138,SVC1,GRYP,L-218,L-204,2025-07-17 20:31,2025-07-18 06:17,258.8,KG,7,189.63,GBP,DELIVERED
SH101934,2026-03-16,P-1091,SVC4,DNUB,L-225,L-224,2026-03-16 11:43,,650.3,LB,20,164.75,GBP,IN_TRANSIT
SH101935,2025-01-15,P-1037,SVC4,DNUB,L-205,L-228,2025-01-18 19:22,2025-01-28 21:25,961.9,KG,4,443.35,GBP,DELIVERED
SH101936,2025-12-14,P-1060,SVC3,BLTC,L-232,L-224,2025-12-15 08:46,2025-12-16 19:49,17.3,KG,22,36.56,GBP,DELIVERED
SH101937,2025-10-27,P-1076,SVC6,CDRX,L-204,L-254,,,990.3,KG,15,440.99,GBP,BOOKED
SH101938,2025-09-26,P-1060,SVC4,DNUB,L-214,L-251,2025-09-26 11:38,2025-10-04 20:47,15.0,KG,26,40.32,GBP,DELIVERED
SH101939,2026-03-12,P-1109,SVC4,DNUB,L-244,L-231,2026-03-15 08:32,2026-03-20 09:31,564.2,KG,13,258.47,EUR,DELIVERED
SH101940,2025-12-23,P-1185,SVC3,BLTC,L-203,L-260,2025-12-26 08:56,2025-12-29 13:45,1360.0,LB,1,285.17,GBP,DELIVERED
SH101941,2026-05-10,P-1237,SVC2,GRYP,L-220,L-226,2026-05-13 15:56,2026-05-19 20:15,865.2,KG,20,606.52,GBP,DELIVERED
SH101942,2026-01-08,P-1206,SVC2,CDRX,L-202,L-240,2026-01-11 21:36,2026-01-13 11:51,207.5,KG,19,163.59,GBP,DELIVERED
SH101943,2025-03-26,P-1029,SVC3,DNUB,L-216,L-219,2025-03-29 12:23,2025-03-31 06:24,418.1,KG,23,191.90,GBP,DELIVERED
SH101944,2025-09-28,P-1213,SVC6,DNUB,L-247,L-234,2025-09-28 06:46,2025-09-30 16:15,1116.3,KG,17,510.21,GBP,DELIVERED
SH101945,2025-04-11,P-1189,SVC2,GRYP,L-234,L-247,2025-04-14 10:34,2025-04-16 07:21,896.1,KG,4,636.53,GBP,DELIVERED
SH101946,2025-12-03,P-1223,SVC4,CDRX,L-243,L-202,2025-12-04 10:58,2025-12-11 12:28,1006.8,KG,10,462.66,GBP,DELIVERED
SH101947,2025-04-09,P-1179,SVC5,DNUB,L-248,L-250,2025-04-09 07:25,2025-04-10 19:24,161.1,KG,25,98.54,GBP,DELIVERED
SH101948,2025-07-02,P-1209,SVC3,FNCH,L-258,L-253,2025-07-03 15:21,2025-07-04 20:39,285.0,KG,1,141.74,GBP,DELIVERED
SH101949,2025-03-22,P-1061,SVC3,EGRT,L-251,L-207,2025-03-24 17:47,2025-03-27 16:50,1171.9,KG,11,509.74,GBP,DELIVERED
SH101950,2025-01-25,P-1141,SVC2,ARRW,L-251,L-210,2025-01-26 09:23,2025-02-02 19:50,1124.9,KG,17,781.10,GBP,DELIVERED
SH101951,2025-10-23,P-1177,SVC5,ARRW,L-251,L-220,2025-10-26 09:00,2025-10-29 18:23,1052.7,KG,15,460.14,EUR,DELIVERED
SH101952,2026-02-06,P-1157,SVC4,FNCH,L-229,L-260,2026-02-08 14:45,2026-02-12 12:48,1392.4,KG,21,625.16,EUR,DELIVERED
SH101953,2025-06-02,P-1131,SVC3,BLTC,L-244,L-221,2025-06-03 16:34,2025-06-07 06:01,1147.6,KG,12,505.77,GBP,DELIVERED
SH101954,2025-03-23,P-1054,SVC4,GRYP,L-217,L-201,2025-03-23 19:13,2025-03-31 19:57,523.5,LB,20,127.92,GBP,DELIVERED
SH101955,2025-08-02,P-1165,SVC3,EGRT,L-219,L-257,2025-08-03 11:41,2025-08-12 12:54,998.8,KG,20,461.77,GBP,DELIVERED
SH101956,2025-08-11,P-1087,SVC6,FNCH,L-243,L-226,2025-08-13 18:31,2025-08-15 09:54,1343.4,KG,1,577.85,GBP,DELIVERED
SH101957,2026-03-21,P-1119,SVC1,CDRX,L-244,L-225,,,616.4,KG,13,431.05,GBP,CANCELLED
SH101958,2025-03-15,P-1072,SVC1,ARRW,L-237,L-255,2025-03-15 10:28,2025-03-16 16:26,974.1,KG,15,675.55,GBP,DELIVERED
SH101959,2025-10-30,P-1192,SVC1,DNUB,L-204,L-203,2025-10-30 13:33,2025-10-31 18:27,152.2,KG,9,144.91,EUR,DELIVERED
SH101960,2026-05-01,P-1027,SVC5,DNUB,L-248,L-241,2026-05-01 21:00,2026-05-06 13:47,1385.0,LB,1,286.30,GBP,DELIVERED
SH101961,2025-04-15,P-1145,SVC5,FNCH,L-227,L-211,2025-04-15 06:07,2025-04-20 06:04,703.2,KG,23,326.82,GBP,DELIVERED
SH101962,2025-07-04,P-1188,SVC3,CDRX,L-240,L-244,2025-07-06 09:54,2025-07-07 11:43,1103.7,LB,10,244.66,GBP,DELIVERED
SH101963,2026-01-04,P-1184,SVC3,EGRT,L-222,L-254,2026-01-06 18:27,2026-01-07 15:50,291.4,KG,9,155.15,GBP,DELIVERED
SH101964,2026-04-08,P-1135,SVC4,BLTC,L-234,L-213,2026-04-08 10:32,2026-04-10 11:26,1206.4,KG,18,526.14,GBP,DELIVERED
SH101965,2025-01-12,P-1139,SVC4,ARRW,L-230,L-257,2025-01-12 18:40,2025-01-13 09:15,1118.8,KG,12,486.56,EUR,DELIVERED
SH101966,2025-09-19,P-1232,SVC3,CDRX,L-231,L-202,2025-09-19 21:37,2025-09-20 10:30,663.9,LB,9,161.57,GBP,DELIVERED
SH101967,2026-02-04,P-1116,SVC3,ARRW,L-235,L-215,2026-02-07 07:59,2026-02-08 18:44,719.9,KG,25,323.42,GBP,DELIVERED
SH101968,2025-10-27,P-1017,SVC4,GRYP,L-234,L-239,2025-10-27 08:29,2025-11-01 18:58,432.7,KG,5,196.04,GBP,DELIVERED
SH101969,2026-03-21,P-1018,SVC5,CDRX,L-258,L-237,2026-03-23 19:59,2026-03-31 06:45,228.9,KG,7,119.60,GBP,DELIVERED
SH101970,2026-03-31,P-1062,SVC2,ARRW,L-246,L-259,2026-04-03 07:54,2026-04-05 08:58,1378.3,KG,16,948.01,GBP,DELIVERED
SH101971,2026-02-15,P-1073,SVC3,DNUB,L-260,L-203,2026-02-16 18:43,,1195.2,KG,25,531.74,GBP,IN_TRANSIT
SH101972,2025-10-28,P-1192,SVC3,FNCH,L-207,L-252,2025-10-30 12:24,2025-11-01 08:33,351.8,KG,23,189.80,GBP,DELIVERED
SH101973,2025-01-26,P-1026,SVC5,BLTC,L-210,L-252,2025-01-26 13:27,2025-01-28 15:01,982.7,KG,26,446.44,GBP,DELIVERED
SH101974,2025-07-18,P-1023,SVC1,EGRT,L-245,L-221,,,381.6,LB,5,154.44,GBP,BOOKED
SH101975,2026-03-01,P-1021,SVC3,ARRW,L-250,L-252,2026-03-02 20:51,2026-03-05 17:26,437.1,KG,22,216.56,EUR,DELIVERED
SH101976,2025-06-03,P-1053,SVC1,DNUB,L-230,L-260,2025-06-06 06:54,2025-06-07 08:10,734.3,KG,22,509.52,GBP,DELIVERED
SH101977,2026-01-30,P-1138,SVC4,DNUB,L-235,L-203,2026-01-30 20:33,2026-02-06 09:05,562.1,KG,19,273.86,EUR,DELIVERED
SH101978,2025-01-04,P-1028,SVC5,GRYP,L-216,L-238,2025-01-05 21:25,2025-01-11 19:44,793.8,KG,5,356.60,GBP,DELIVERED
SH101979,2025-07-21,P-1087,SVC4,EGRT,L-207,L-245,2025-07-21 18:57,2025-08-02 13:59,1011.5,LB,21,211.70,EUR,DELIVERED
SH101980,2026-02-06,P-1022,SVC2,FNCH,L-225,L-245,2026-02-09 18:26,2026-02-10 06:39,53.9,LB,11,54.92,GBP,DELIVERED
SH101981,2025-06-22,P-1204,SVC4,CDRX,L-243,L-234,2025-06-25 07:56,,503.3,KG,26,237.33,GBP,IN_TRANSIT
SH101982,2025-04-13,P-1078,SVC5,BLTC,L-249,L-209,,,743.5,LB,15,161.20,GBP,CANCELLED
SH101983,2025-01-05,P-1037,SVC4,CDRX,L-240,L-224,2025-01-06 13:02,2025-01-16 06:43,867.0,KG,17,377.60,GBP,DELIVERED
SH101984,2025-01-03,P-1032,SVC6,BLTC,L-252,L-216,2025-01-04 06:32,2025-01-06 11:34,873.9,KG,25,400.61,GBP,DELIVERED
SH101985,2026-01-25,P-1065,SVC2,ARRW,L-212,L-216,2026-01-27 15:43,2026-01-29 19:52,121.5,KG,13,120.33,EUR,DELIVERED
SH101986,2025-06-06,P-1041,SVC4,ARRW,L-234,L-249,2025-06-07 21:25,2025-06-19 16:40,473.3,KG,17,220.04,GBP,DELIVERED
SH101987,2025-04-27,P-1009,SVC2,GRYP,L-241,L-212,2025-04-29 06:54,,163.7,KG,5,130.52,GBP,IN_TRANSIT
SH101988,2025-05-25,P-1135,SVC1,EGRT,L-243,L-231,2025-05-25 06:11,2025-05-26 13:59,1214.9,LB,26,410.36,GBP,DELIVERED
SH101989,2025-06-07,P-1097,SVC3,BLTC,L-221,L-230,2025-06-07 11:50,2025-06-08 15:40,1035.9,KG,18,455.85,GBP,DELIVERED
SH101990,2025-01-15,P-1011,SVC3,EGRT,L-224,L-234,2025-01-17 18:39,2025-01-19 12:20,1181.4,LB,26,265.86,GBP,DELIVERED
SH101991,2025-08-08,P-1031,SVC4,FNCH,L-232,L-206,2025-08-09 19:33,2025-08-16 08:54,939.0,LB,20,202.11,EUR,DELIVERED
SH101992,2025-03-28,P-1047,SVC3,DNUB,L-201,L-220,2025-03-30 20:53,2025-04-01 20:37,1055.2,LB,22,226.87,GBP,DELIVERED
SH101993,2026-01-09,P-1150,SVC4,GRYP,L-224,L-212,2026-01-10 15:36,2026-01-19 11:10,1027.4,KG,4,453.07,GBP,DELIVERED
SH101994,2025-04-13,P-1146,SVC4,DNUB,L-236,L-212,2025-04-15 19:42,2025-04-16 14:48,808.7,KG,14,360.58,GBP,DELIVERED
SH101995,2025-01-28,P-1050,SVC4,GRYP,L-222,L-245,2025-01-30 15:23,2025-02-09 18:50,67.7,KG,17,68.15,GBP,DELIVERED
SH101996,2025-11-13,P-1136,SVC2,BLTC,L-236,L-235,2025-11-14 06:55,2025-11-15 13:19,28.6,KG,7,54.78,GBP,DELIVERED
SH101997,2025-05-16,P-1047,SVC1,BLTC,L-213,L-212,2025-05-19 13:40,2025-05-20 16:46,110.1,KG,25,104.22,GBP,DELIVERED
SH101998,2025-05-28,P-1076,SVC5,DNUB,L-214,L-239,2025-05-29 09:10,2025-06-01 08:23,925.5,KG,13,412.82,GBP,DELIVERED
SH101999,2026-03-23,P-1091,SVC1,CDRX,L-227,L-208,2026-03-25 08:32,2026-03-26 20:26,638.4,KG,3,458.82,GBP,DELIVERED
SH102000,2025-06-26,P-1142,SVC3,FNCH,L-225,L-249,2025-06-27 10:49,2025-06-30 12:45,193.4,KG,1,104.59,GBP,DELIVERED
SH102001,2026-04-22,P-1016,SVC2,FNCH,L-259,L-241,2026-04-24 21:10,2026-04-25 13:31,1251.3,KG,4,875.33,GBP,DELIVERED
SH102002,2026-02-10,P-1168,SVC1,EGRT,L-247,L-233,2026-02-13 11:48,2026-02-14 07:27,1325.6,KG,5,913.52,GBP,DELIVERED
SH102003,2025-06-22,P-1091,SVC1,ARRW,L-227,L-225,2025-06-22 10:05,2025-06-23 16:12,1154.0,KG,24,812.07,EUR,DELIVERED
SH102004,2025-08-21,P-1044,SVC2,FNCH,L-222,L-211,2025-08-23 16:01,2025-08-24 16:01,892.2,KG,26,626.06,GBP,DELIVERED
SH102005,2025-05-24,P-1223,SVC5,ARRW,L-244,L-245,2025-05-26 14:53,2025-05-28 19:25,383.4,LB,12,105.53,GBP,DELIVERED
SH102006,2026-01-06,P-1184,SVC3,DNUB,L-213,L-212,,,159.0,LB,7,68.51,GBP,CANCELLED
SH102007,2026-04-21,P-1119,SVC4,GRYP,L-214,L-237,2026-04-23 09:52,2026-04-28 15:07,472.0,KG,26,224.57,GBP,DELIVERED
SH102008,2026-02-06,P-1070,SVC5,CDRX,L-242,L-227,2026-02-09 20:35,,31.3,KG,9,44.57,GBP,IN_TRANSIT
SH102009,2026-04-01,P-1160,SVC3,BLTC,L-258,L-216,2026-04-02 08:38,2026-04-04 13:49,125.7,KG,26,89.74,GBP,DELIVERED
SH102010,2025-11-27,P-1093,SVC4,BLTC,L-247,L-219,2025-11-27 11:02,2025-11-28 07:39,680.6,KG,4,300.20,GBP,DELIVERED
SH102011,2026-03-15,P-1117,SVC2,BLTC,L-248,L-233,2026-03-18 12:10,2026-03-24 11:30,457.8,KG,6,342.32,GBP,DELIVERED
SH102012,2026-01-09,P-1008,SVC3,CDRX,L-207,L-214,,,23.4,KG,2,45.61,GBP,BOOKED
SH102013,2025-09-06,P-1113,SVC4,EGRT,L-202,L-209,,,1210.7,KG,16,533.21,EUR,BOOKED
SH102014,2025-11-04,P-1071,SVC3,EGRT,L-251,L-247,2025-11-07 10:01,2025-11-11 06:52,272.2,KG,1,145.69,EUR,DELIVERED
SH102015,2025-10-03,P-1013,SVC1,CDRX,L-224,L-204,2025-10-04 15:33,2025-10-05 17:52,781.5,KG,11,540.84,GBP,DELIVERED
SH102016,2025-09-18,P-1193,SVC3,FNCH,L-240,L-215,,,733.2,LB,12,177.34,GBP,CANCELLED
SH102017,2025-09-27,P-1056,SVC3,GRYP,L-226,L-239,2025-09-29 06:05,2025-09-30 08:46,163.5,KG,18,87.28,GBP,DELIVERED
SH102018,2026-04-22,P-1100,SVC3,EGRT,L-201,L-258,2026-04-23 10:05,2026-04-27 13:06,114.1,KG,26,83.84,GBP,DELIVERED
SH102019,2025-08-15,P-1024,SVC3,CDRX,L-210,L-213,2025-08-16 12:05,2025-08-23 14:57,796.0,KG,4,356.21,GBP,DELIVERED
SH102020,2025-03-10,P-1159,SVC2,ARRW,L-218,L-206,2025-03-13 17:38,2025-03-14 15:06,515.0,KG,18,385.05,GBP,DELIVERED
SH102021,2025-09-23,P-1199,SVC4,ARRW,L-208,L-203,2025-09-23 08:49,2025-09-26 16:30,1360.9,LB,3,291.86,GBP,DELIVERED
SH102022,2025-01-03,P-1211,SVC1,FNCH,L-256,L-240,2025-01-06 13:49,2025-01-07 11:20,38.5,LB,23,43.86,GBP,DELIVERED
SH102023,2025-08-03,P-1103,SVC3,CDRX,L-247,L-251,2025-08-03 21:27,2025-08-07 07:16,878.3,KG,21,387.52,GBP,DELIVERED
SH102024,2025-06-08,P-1050,SVC3,BLTC,L-241,L-212,2025-06-08 08:10,2025-06-11 07:53,284.2,KG,4,133.18,GBP,DELIVERED
SH102025,2025-09-22,P-1187,SVC4,FNCH,L-247,L-221,2025-09-22 12:25,,226.8,KG,23,138.02,GBP,IN_TRANSIT
SH102026,2025-01-13,P-1099,SVC5,CDRX,L-205,L-236,2025-01-15 17:00,2025-01-20 15:00,1321.7,KG,20,572.77,GBP,DELIVERED
SH102027,2025-07-06,P-1173,SVC3,GRYP,L-222,L-213,2025-07-08 08:44,2025-07-09 19:12,520.2,KG,20,259.26,GBP,DELIVERED
SH102028,2026-02-11,P-1111,SVC2,ARRW,L-247,L-221,2026-02-12 11:14,2026-02-13 15:29,929.7,KG,24,656.27,GBP,DELIVERED
SH102029,2025-11-16,P-1073,SVC1,FNCH,L-211,L-246,2025-11-16 15:36,2025-11-20 14:07,184.2,KG,3,156.85,EUR,DELIVERED
SH102030,2025-05-09,P-1183,SVC6,CDRX,L-211,L-237,2025-05-11 20:38,2025-05-14 06:11,453.5,KG,8,218.71,GBP,DELIVERED
SH102031,2025-09-08,P-1179,SVC4,DNUB,L-250,L-206,2025-09-08 13:06,2025-09-12 08:46,373.0,KG,22,186.57,GBP,DELIVERED
SH102032,2025-04-22,P-1228,SVC4,EGRT,L-217,L-232,,,179.4,KG,16,107.98,GBP,BOOKED
SH102033,2025-08-06,P-1068,SVC2,CDRX,L-207,L-259,2025-08-09 15:34,2025-08-11 18:50,976.5,KG,19,694.14,GBP,DELIVERED
SH102034,2025-08-04,P-1119,SVC3,ARRW,L-230,L-246,2025-08-05 08:01,2025-08-14 16:09,697.2,KG,10,313.54,GBP,DELIVERED
SH102035,2025-12-17,P-1186,SVC3,GRYP,L-206,L-249,,,664.2,KG,23,296.33,GBP,CANCELLED
SH102036,2025-01-13,P-1110,SVC1,ARRW,L-233,L-254,2025-01-13 21:14,2025-01-14 11:34,664.9,LB,16,224.55,GBP,DELIVERED
SH102037,2025-07-02,P-1211,SVC3,CDRX,L-254,L-247,2025-07-03 20:46,2025-07-10 13:32,322.6,LB,18,81.61,GBP,DELIVERED
SH102038,2025-11-18,P-1033,SVC1,ARRW,L-219,L-208,2025-11-19 14:54,2025-11-20 11:31,1279.2,LB,17,427.38,GBP,DELIVERED
SH102039,2026-03-30,P-1212,SVC3,FNCH,L-239,L-234,2026-04-01 10:10,2026-04-05 12:42,566.1,LB,24,145.25,GBP,DELIVERED
SH102040,2025-10-11,P-1118,SVC4,FNCH,L-214,L-205,2025-10-12 20:14,2025-10-16 10:34,35.4,LB,4,39.50,GBP,DELIVERED
SH102041,2025-06-09,P-1004,SVC6,BLTC,L-227,L-212,2025-06-10 13:34,,1363.5,KG,26,607.92,GBP,IN_TRANSIT
SH102042,2026-02-26,P-1205,SVC4,DNUB,L-243,L-210,2026-02-28 20:57,2026-03-04 15:41,481.5,LB,13,111.50,GBP,DELIVERED
SH102043,2026-04-27,P-1039,SVC1,GRYP,L-231,L-203,2026-04-29 18:58,2026-05-02 13:47,731.8,LB,7,254.85,EUR,DELIVERED
SH102044,2025-08-16,P-1074,SVC3,EGRT,L-256,L-260,2025-08-18 12:48,2025-08-23 07:09,191.3,KG,25,119.82,GBP,DELIVERED
SH102045,2025-09-21,P-1202,SVC6,BLTC,L-217,L-255,2025-09-21 16:58,2025-09-23 14:03,1280.7,KG,19,557.32,GBP,DELIVERED
SH102046,2025-01-30,P-1113,SVC2,DNUB,L-259,L-209,2025-01-31 06:35,2025-02-01 11:37,987.1,KG,18,690.80,EUR,DELIVERED
SH102047,2025-04-16,P-1121,SVC3,GRYP,L-204,L-218,2025-04-18 13:22,2025-04-19 06:16,970.4,LB,11,210.34,GBP,DELIVERED
SH102048,2025-04-28,P-1137,SVC2,CDRX,L-238,L-229,2025-04-29 17:59,2025-05-02 20:22,824.8,LB,24,278.42,GBP,DELIVERED
SH102049,2025-01-27,P-1166,SVC5,ARRW,L-241,L-259,,,627.2,KG,3,293.82,GBP,CANCELLED
SH102050,2026-01-12,P-1176,SVC3,ARRW,L-232,L-224,,,1250.1,KG,16,559.55,GBP,CANCELLED
SH102051,2025-10-15,P-1066,SVC4,GRYP,L-211,L-238,2025-10-18 06:49,2025-10-20 10:11,346.2,LB,23,89.35,GBP,DELIVERED
SH102052,2025-07-13,P-1157,SVC5,GRYP,L-251,L-235,2025-07-16 07:14,2025-07-26 14:21,1222.0,LB,2,270.79,GBP,DELIVERED
SH102053,2025-12-09,P-1139,SVC3,BLTC,L-244,L-210,,,388.8,KG,3,191.82,GBP,BOOKED
SH102054,2025-01-19,P-1196,SVC1,DNUB,L-242,L-226,2025-01-19 16:40,2025-01-20 06:00,769.7,KG,16,538.04,GBP,DELIVERED
SH102055,2025-10-22,P-1013,SVC5,EGRT,L-203,L-209,2025-10-25 10:54,2025-10-28 18:17,1375.6,KG,25,617.32,EUR,DELIVERED
SH102056,2025-12-18,P-1047,SVC6,DNUB,L-246,L-208,2025-12-21 21:47,2025-12-22 18:26,947.3,LB,7,216.86,EUR,DELIVERED
SH102057,2025-07-08,P-1017,SVC6,GRYP,L-249,L-235,2025-07-10 12:29,2025-07-13 18:49,1114.5,KG,21,482.91,GBP,DELIVERED
SH102058,2026-03-08,P-1138,SVC3,FNCH,L-241,L-233,2026-03-08 11:12,2026-03-11 17:59,1081.1,LB,5,227.56,EUR,DELIVERED
SH102059,2025-12-31,P-1152,SVC2,EGRT,L-257,L-228,2026-01-03 18:33,2026-01-04 19:19,1223.1,KG,17,835.20,GBP,DELIVERED
SH102060,2025-09-11,P-1201,SVC2,ARRW,L-242,L-238,,,146.6,LB,3,61.00,GBP,CANCELLED
SH102061,2025-09-23,P-1206,SVC3,CDRX,L-236,L-207,2025-09-23 06:12,2025-09-24 15:26,381.4,KG,3,174.58,GBP,DELIVERED
SH102062,2025-09-18,P-1123,SVC3,EGRT,L-238,L-237,2025-09-18 15:39,2025-09-22 07:34,1033.3,KG,13,447.33,GBP,DELIVERED
SH102063,2025-02-08,P-1037,SVC2,FNCH,L-227,L-252,2025-02-08 06:25,2025-02-10 11:48,1283.5,KG,15,905.11,GBP,DELIVERED
SH102064,2025-09-24,P-1059,SVC4,DNUB,L-203,L-219,2025-09-24 10:43,2025-09-30 08:52,496.3,LB,12,109.98,EUR,DELIVERED
SH102065,2025-07-13,P-1195,SVC3,DNUB,L-205,L-225,2025-07-16 13:26,2025-07-18 14:48,205.8,KG,21,107.09,EUR,DELIVERED
SH102066,2025-11-26,P-1156,SVC5,EGRT,L-227,L-206,2025-11-28 13:31,2025-11-29 08:12,283.7,KG,11,144.78,GBP,DELIVERED
SH102067,2025-09-05,P-1194,SVC3,DNUB,L-214,L-249,2025-09-06 07:23,2025-09-09 06:24,314.4,KG,1,149.03,GBP,DELIVERED
SH102068,2026-02-02,P-1006,SVC2,CDRX,L-205,L-222,2026-02-03 06:54,2026-02-04 07:59,1050.9,KG,11,745.28,EUR,DELIVERED
SH102069,2025-09-10,P-1031,SVC4,EGRT,L-244,L-202,2025-09-13 08:50,2025-09-19 18:02,404.8,KG,1,203.03,GBP,DELIVERED
SH102070,2025-03-22,P-1073,SVC1,ARRW,L-206,L-238,,,406.6,KG,15,307.60,GBP,BOOKED
SH102071,2026-01-04,P-1002,SVC2,BLTC,L-246,L-210,2026-01-04 20:52,2026-01-09 12:08,1213.0,KG,13,843.89,EUR,DELIVERED
SH102072,2025-02-14,P-1181,SVC2,EGRT,L-237,L-215,2025-02-14 06:40,2025-02-15 16:07,9.2,KG,11,33.30,GBP,DELIVERED
SH102073,2025-11-20,P-1146,SVC3,GRYP,L-215,L-237,2025-11-23 19:30,,895.7,LB,19,206.67,GBP,IN_TRANSIT
SH102074,2025-12-27,P-1013,SVC4,ARRW,L-202,L-247,2025-12-29 09:59,2026-01-04 13:20,195.2,LB,20,76.31,GBP,DELIVERED
SH102075,2025-06-11,P-1084,SVC6,CDRX,L-239,L-204,2025-06-11 10:41,2025-06-13 18:21,560.5,LB,23,141.25,EUR,DELIVERED
SH102076,2025-10-27,P-1019,SVC3,CDRX,L-249,L-228,2025-10-28 11:39,2025-11-03 09:11,1249.3,KG,7,557.47,GBP,DELIVERED
SH102077,2025-04-18,P-1199,SVC5,DNUB,L-231,L-206,2025-04-20 12:27,2025-04-25 10:35,144.0,KG,9,85.97,GBP,DELIVERED
SH102078,2025-04-14,P-1018,SVC3,FNCH,L-202,L-229,2025-04-15 21:53,2025-04-16 21:27,1306.4,KG,9,581.81,GBP,DELIVERED
SH102079,2025-08-06,P-1037,SVC4,CDRX,L-225,L-234,,,756.6,KG,3,348.40,GBP,CANCELLED
SH102080,2025-01-03,P-1181,SVC4,DNUB,L-245,L-226,2025-01-05 14:48,2025-01-10 18:00,835.5,KG,11,369.10,GBP,DELIVERED
SH102081,2025-02-21,P-1146,SVC3,CDRX,L-204,L-244,2025-02-23 16:23,2025-02-24 10:50,1382.4,KG,4,618.52,GBP,DELIVERED
SH102082,2026-03-06,P-1043,SVC3,FNCH,L-243,L-232,2026-03-06 11:18,2026-03-14 16:15,720.9,KG,15,334.09,GBP,DELIVERED
SH102083,2025-04-22,P-1216,SVC4,ARRW,L-205,L-237,2025-04-25 11:52,,944.5,KG,21,425.41,GBP,IN_TRANSIT
SH102084,2026-04-27,P-1149,SVC2,ARRW,L-233,L-256,2026-04-30 10:23,2026-05-02 07:19,111.9,LB,10,51.71,GBP,DELIVERED
SH102085,2025-06-15,P-1006,SVC4,DNUB,L-228,L-260,2025-06-17 14:20,2025-06-25 18:42,462.6,KG,20,227.23,GBP,DELIVERED
SH102086,2025-04-09,P-1163,SVC5,EGRT,L-210,L-257,2025-04-10 09:28,2025-04-15 07:30,851.8,KG,24,382.67,GBP,DELIVERED
SH102087,2025-08-09,P-1170,SVC6,EGRT,L-228,L-250,2025-08-11 20:01,,955.3,KG,5,415.86,EUR,IN_TRANSIT
SH102088,2025-04-27,P-1151,SVC4,EGRT,L-232,L-249,2025-04-29 16:53,2025-05-01 20:19,1379.4,KG,19,616.94,GBP,DELIVERED
SH102089,2025-05-01,P-1007,SVC2,ARRW,L-250,L-224,2025-05-04 10:04,2025-05-05 10:42,903.9,LB,7,307.66,GBP,DELIVERED
SH102090,2026-02-12,P-1133,SVC6,ARRW,L-235,L-229,,,924.8,KG,5,409.97,GBP,BOOKED
SH102091,2026-01-19,P-1033,SVC1,GRYP,L-248,L-251,2026-01-20 07:36,2026-01-26 12:32,835.2,KG,14,593.98,GBP,DELIVERED
SH102092,2025-04-05,P-1103,SVC3,CDRX,L-224,L-245,2025-04-07 14:11,,1065.3,KG,18,473.97,GBP,IN_TRANSIT
SH102093,2025-12-20,P-1114,SVC1,BLTC,L-232,L-212,2025-12-23 17:20,2025-12-24 18:08,681.1,LB,10,224.72,GBP,DELIVERED
SH102094,2025-04-06,P-1132,SVC1,CDRX,L-240,L-242,2025-04-09 09:42,2025-04-10 16:33,866.8,KG,19,599.89,GBP,DELIVERED
SH102095,2025-08-30,P-1091,SVC2,ARRW,L-227,L-225,2025-09-01 11:51,2025-09-02 20:27,421.1,KG,14,299.27,GBP,DELIVERED
SH102096,2026-04-29,P-1069,SVC4,GRYP,L-247,L-235,2026-05-02 09:00,2026-05-13 11:29,445.5,LB,1,118.52,GBP,DELIVERED
SH102097,2025-03-27,P-1221,SVC2,FNCH,L-209,L-204,2025-03-27 10:36,2025-03-29 14:23,513.0,LB,2,174.49,GBP,DELIVERED
SH102098,2025-06-05,P-1067,SVC2,EGRT,L-218,L-238,2025-06-07 16:36,2025-06-08 09:26,1221.2,KG,5,853.87,GBP,DELIVERED
SH102099,2025-01-12,P-1169,SVC3,CDRX,L-232,L-210,2025-01-13 15:27,2025-01-16 07:02,257.8,KG,14,127.47,EUR,DELIVERED
SH102100,2025-06-18,P-1179,SVC3,EGRT,L-216,L-255,2025-06-20 16:10,2025-06-24 09:27,1113.5,KG,25,501.89,GBP,DELIVERED
SH102101,2025-06-02,P-1238,SVC4,ARRW,L-202,L-226,2025-06-04 07:11,2025-06-08 20:13,914.0,LB,22,197.53,GBP,DELIVERED
SH102102,2025-08-11,P-1081,SVC3,BLTC,L-203,L-245,2025-08-11 15:42,2025-08-15 07:47,664.9,LB,11,157.97,GBP,DELIVERED
SH102103,2025-10-14,P-1202,SVC4,CDRX,L-255,L-249,2025-10-17 07:43,2025-10-19 09:44,1283.9,KG,4,569.64,GBP,DELIVERED
SH102104,2025-06-22,P-1189,SVC5,FNCH,L-246,L-220,2025-06-23 09:46,2025-06-27 11:30,772.9,LB,9,189.31,GBP,DELIVERED
SH102105,2025-10-24,P-1125,SVC1,BLTC,L-207,L-211,2025-10-25 07:20,2025-10-26 21:52,250.8,LB,15,96.49,GBP,DELIVERED
SH102106,2025-08-08,P-1010,SVC1,BLTC,L-221,L-234,2025-08-08 07:12,2025-08-09 13:38,601.6,KG,13,426.56,GBP,DELIVERED
SH102107,2025-05-30,P-1135,SVC3,GRYP,L-231,L-214,2025-05-31 19:33,2025-06-01 11:07,213.8,KG,15,113.63,GBP,DELIVERED
SH102108,2025-11-21,P-1103,SVC3,FNCH,L-218,L-224,2025-11-23 13:33,2025-11-25 10:04,965.7,LB,24,199.42,GBP,DELIVERED
SH102109,2025-11-13,P-1089,SVC5,CDRX,L-249,L-252,2025-11-15 11:53,2025-11-16 11:34,1395.9,KG,9,602.07,GBP,DELIVERED
SH102110,2025-11-11,P-1009,SVC3,FNCH,L-203,L-241,,,535.1,KG,8,254.35,GBP,BOOKED
SH102111,2025-11-11,P-1101,SVC4,ARRW,L-208,L-257,2025-11-11 16:38,2025-11-17 06:29,249.3,KG,16,136.15,GBP,DELIVERED
SH102112,2025-06-17,P-1146,SVC6,GRYP,L-234,L-246,2025-06-18 12:46,2025-06-20 12:18,723.0,KG,1,328.99,GBP,DELIVERED
SH102113,2026-01-28,P-1015,SVC2,CDRX,L-220,L-216,,,805.1,KG,16,559.36,GBP,BOOKED
SH102114,2025-05-03,P-1132,SVC2,GRYP,L-208,L-244,2025-05-04 08:39,2025-05-06 12:25,88.0,LB,17,68.23,GBP,DELIVERED
SH102115,2025-11-05,P-1014,SVC4,FNCH,L-212,L-249,2025-11-06 11:28,2025-11-07 10:39,1030.6,KG,11,446.79,GBP,DELIVERED
SH102116,2026-01-20,P-1207,SVC4,BLTC,L-204,L-239,,,1236.5,LB,25,271.67,GBP,BOOKED
SH102117,2026-03-17,P-1032,SVC3,BLTC,L-249,L-205,2026-03-20 18:01,2026-03-23 14:58,1384.9,KG,7,609.36,GBP,DELIVERED
SH102118,2026-01-02,P-1032,SVC3,CDRX,L-259,L-230,2026-01-02 18:56,2026-01-04 10:23,656.2,LB,4,158.45,GBP,DELIVERED
SH102119,2025-06-04,P-1150,SVC4,ARRW,L-241,L-205,2025-06-07 17:12,2025-06-13 20:30,647.0,LB,21,141.84,GBP,DELIVERED
SH102120,2025-11-01,P-1101,SVC1,CDRX,L-229,L-202,2025-11-03 13:40,,1099.1,KG,23,768.06,GBP,IN_TRANSIT
SH102121,2025-08-10,P-1018,SVC3,GRYP,L-208,L-234,2025-08-12 08:11,2025-08-13 13:54,1270.9,LB,23,275.87,GBP,DELIVERED
SH102122,2025-02-03,P-1176,SVC1,CDRX,L-226,L-259,,,55.1,KG,21,76.56,GBP,BOOKED
SH102123,2025-08-20,P-1171,SVC4,FNCH,L-243,L-257,2025-08-21 16:54,2025-08-27 06:18,1195.1,KG,9,519.82,EUR,DELIVERED
SH102124,2025-09-05,P-1094,SVC6,DNUB,L-236,L-214,2025-09-06 09:15,,1383.2,KG,2,606.63,GBP,IN_TRANSIT
SH102125,2026-01-27,P-1023,SVC3,FNCH,L-219,L-204,2026-01-28 19:09,2026-01-29 09:19,1360.3,KG,23,596.94,EUR,DELIVERED
SH102126,2026-02-27,P-1106,SVC1,BLTC,L-253,L-246,2026-02-28 13:44,2026-03-03 10:47,711.7,KG,22,496.18,GBP,DELIVERED
SH102127,2025-12-11,P-1090,SVC3,DNUB,L-249,L-225,2025-12-14 08:00,,1070.2,KG,12,473.48,EUR,IN_TRANSIT
SH102128,2025-06-18,P-1182,SVC3,FNCH,L-253,L-251,2025-06-19 08:38,2025-06-22 10:30,409.3,LB,7,115.74,GBP,DELIVERED
SH102129,2026-01-13,P-1213,SVC1,CDRX,L-229,L-203,,,1139.3,LB,5,384.27,GBP,BOOKED
SH102130,2026-04-06,P-1051,SVC3,FNCH,L-202,L-245,2026-04-07 17:08,2026-04-11 14:12,664.7,LB,19,157.10,GBP,DELIVERED
SH102131,2025-01-16,P-1217,SVC3,CDRX,L-225,L-214,2025-01-18 09:42,2025-01-21 08:01,1185.0,LB,24,240.72,GBP,DELIVERED
SH102132,2026-02-19,P-1106,SVC5,GRYP,L-247,L-234,2026-02-20 17:31,,658.1,KG,4,313.09,GBP,IN_TRANSIT
SH102133,2025-12-30,P-1141,SVC3,FNCH,L-228,L-243,2026-01-02 21:15,2026-01-05 10:25,612.5,LB,10,153.06,EUR,DELIVERED
SH102134,2025-06-20,P-1239,SVC2,GRYP,L-201,L-228,2025-06-21 15:47,2025-06-22 16:18,927.7,LB,15,297.92,GBP,DELIVERED
SH102135,2026-02-03,P-1219,SVC2,EGRT,L-204,L-205,2026-02-05 18:35,2026-02-08 14:16,1166.1,KG,23,811.75,GBP,DELIVERED
SH102136,2025-01-13,P-1025,SVC3,ARRW,L-256,L-255,2025-01-16 11:06,2025-01-20 20:22,640.1,KG,12,303.11,GBP,DELIVERED
SH102137,2025-03-17,P-1130,SVC4,EGRT,L-251,L-207,2025-03-17 20:40,,200.0,KG,24,115.18,EUR,IN_TRANSIT
SH102138,2025-12-14,P-1221,SVC2,CDRX,L-206,L-259,,,1083.4,KG,9,769.32,GBP,CANCELLED
SH102139,2025-09-24,P-1138,SVC3,FNCH,L-207,L-231,2025-09-27 19:30,,1049.0,KG,3,457.52,GBP,IN_TRANSIT
SH102140,2026-01-26,P-1123,SVC3,CDRX,L-236,L-230,2026-01-26 17:14,2026-01-29 12:52,262.6,LB,16,91.11,EUR,DELIVERED
SH102141,2026-05-11,P-1090,SVC3,EGRT,L-207,L-260,,,633.3,KG,6,307.49,GBP,CANCELLED
SH102142,2025-04-28,P-1129,SVC2,CDRX,L-218,L-247,2025-04-30 16:41,2025-05-01 14:55,666.5,LB,25,240.73,GBP,DELIVERED
SH102143,2026-02-09,P-1077,SVC1,DNUB,L-238,L-212,2026-02-11 18:12,2026-02-12 14:39,753.8,KG,23,534.77,GBP,DELIVERED
SH102144,2026-02-04,P-1081,SVC4,BLTC,L-257,L-241,2026-02-04 13:29,2026-02-13 20:07,1022.1,LB,23,219.57,GBP,DELIVERED
SH102145,2025-05-27,P-1031,SVC2,CDRX,L-222,L-239,2025-05-30 11:38,2025-06-04 07:43,113.1,KG,26,95.82,GBP,DELIVERED
SH102146,2025-08-20,P-1213,SVC6,CDRX,L-243,L-237,2025-08-23 16:34,2025-08-26 20:48,470.0,LB,24,105.78,GBP,DELIVERED
SH102147,2025-10-01,P-1178,SVC2,DNUB,L-203,L-254,2025-10-01 11:15,2025-10-03 19:43,876.1,KG,16,629.10,EUR,DELIVERED
SH102148,2025-11-25,P-1152,SVC4,BLTC,L-227,L-234,2025-11-26 12:14,2025-12-03 19:10,823.2,KG,17,384.30,EUR,DELIVERED
SH102149,2025-12-02,P-1139,SVC3,DNUB,L-249,L-244,2025-12-05 13:55,2025-12-08 06:49,50.6,LB,5,36.84,EUR,DELIVERED
SH102150,2025-05-19,P-1129,SVC1,EGRT,L-238,L-224,,,589.3,KG,15,420.82,GBP,CANCELLED
SH102151,2026-01-30,P-1066,SVC1,GRYP,L-239,L-242,2026-01-31 17:01,2026-02-05 18:30,286.0,KG,25,214.64,GBP,DELIVERED
SH102152,2025-06-16,P-1122,SVC2,CDRX,L-259,L-201,2025-06-16 11:40,2025-06-17 13:47,13.2,KG,16,39.97,GBP,DELIVERED
SH102153,2026-03-11,P-1169,SVC3,GRYP,L-207,L-247,2026-03-14 19:13,2026-03-17 21:44,1396.9,KG,3,604.29,GBP,DELIVERED
SH102154,2026-02-03,P-1210,SVC1,FNCH,L-258,L-213,2026-02-03 08:07,2026-02-04 09:14,29.7,KG,2,51.34,GBP,DELIVERED
SH102155,2026-05-07,P-1225,SVC3,FNCH,L-232,L-204,2026-05-10 20:53,2026-05-12 10:38,349.8,KG,5,164.61,GBP,DELIVERED
SH102156,2025-12-05,P-1140,SVC5,BLTC,L-230,L-204,2025-12-05 07:08,2025-12-07 12:30,1242.7,KG,8,546.09,EUR,DELIVERED
SH102157,2025-06-05,P-1227,SVC4,GRYP,L-251,L-249,2025-06-05 17:07,2025-06-14 17:03,912.4,KG,8,425.24,GBP,DELIVERED
SH102158,2025-03-26,P-1025,SVC5,ARRW,L-208,L-233,2025-03-27 12:53,,839.8,KG,21,390.77,GBP,IN_TRANSIT
SH102159,2026-04-16,P-1007,SVC3,GRYP,L-254,L-211,2026-04-19 19:59,2026-04-27 11:45,597.3,KG,3,289.59,GBP,DELIVERED
SH102160,2026-04-05,P-1224,SVC4,EGRT,L-234,L-258,2026-04-08 12:21,2026-04-15 14:37,1005.9,KG,8,444.18,GBP,DELIVERED
SH102161,2026-01-18,P-1062,SVC3,DNUB,L-252,L-229,2026-01-20 07:15,2026-01-22 21:25,86.0,KG,14,68.39,GBP,DELIVERED
SH102162,2025-12-10,P-1114,SVC5,BLTC,L-249,L-210,2025-12-13 09:59,2025-12-16 14:40,680.6,KG,26,299.29,GBP,DELIVERED
SH102163,2025-12-04,P-1218,SVC4,CDRX,L-251,L-203,2025-12-04 16:00,2025-12-07 15:22,355.5,KG,8,171.98,GBP,DELIVERED
SH102164,2025-01-06,P-1075,SVC5,FNCH,L-219,L-236,2025-01-06 09:50,2025-01-10 10:46,682.0,LB,19,146.13,GBP,DELIVERED
SH102165,2025-03-30,P-1187,SVC3,EGRT,L-230,L-228,2025-03-30 19:51,2025-03-31 21:09,113.8,LB,19,44.15,GBP,DELIVERED
SH102166,2025-04-08,P-1002,SVC3,FNCH,L-214,L-249,2025-04-10 09:56,2025-04-13 21:24,52.8,KG,8,51.37,GBP,DELIVERED
SH102167,2025-09-13,P-1063,SVC3,FNCH,L-213,L-249,2025-09-13 13:41,2025-09-17 07:58,971.5,KG,13,450.18,GBP,DELIVERED
SH102168,2026-03-16,P-1144,SVC3,FNCH,L-239,L-260,,,414.7,KG,11,212.02,GBP,BOOKED
SH102169,2025-11-09,P-1204,SVC3,EGRT,L-222,L-208,2025-11-09 13:47,2025-11-10 18:17,195.6,KG,24,115.83,GBP,DELIVERED
SH102170,2025-04-20,P-1031,SVC5,CDRX,L-258,L-254,2025-04-23 11:14,2025-04-24 20:04,317.7,KG,1,148.63,EUR,DELIVERED
SH102171,2025-03-06,P-1058,SVC1,FNCH,L-220,L-251,2025-03-09 20:04,,261.5,LB,7,112.63,GBP,IN_TRANSIT
SH102172,2025-02-13,P-1029,SVC2,BLTC,L-212,L-252,2025-02-14 21:31,2025-02-19 07:18,187.5,KG,17,143.75,GBP,DELIVERED
SH102173,2025-02-24,P-1136,SVC3,GRYP,L-250,L-239,2025-02-26 07:04,2025-02-27 13:31,917.2,KG,14,414.37,EUR,DELIVERED
SH102174,2025-09-07,P-1009,SVC3,GRYP,L-221,L-254,2025-09-10 12:26,2025-09-13 16:15,1287.2,KG,3,558.92,GBP,DELIVERED
SH102175,2025-08-21,P-1064,SVC5,EGRT,L-251,L-203,2025-08-24 21:19,2025-08-27 16:47,210.7,LB,19,82.05,EUR,DELIVERED
SH102176,2025-04-30,P-1042,SVC2,FNCH,L-243,L-208,2025-05-02 21:04,2025-05-03 16:38,247.0,LB,3,109.74,GBP,DELIVERED
SH102177,2026-02-08,P-1158,SVC3,DNUB,L-240,L-232,2026-02-08 11:08,2026-02-10 16:23,644.7,KG,19,285.84,GBP,DELIVERED
SH102178,2025-02-28,P-1181,SVC3,DNUB,L-207,L-242,2025-03-03 09:21,2025-03-07 10:29,691.0,KG,19,330.32,GBP,DELIVERED
SH102179,2025-06-21,P-1171,SVC6,FNCH,L-238,L-220,2025-06-23 11:37,2025-06-25 18:17,973.6,KG,11,444.28,GBP,DELIVERED
SH102180,2025-12-30,P-1215,SVC4,BLTC,L-250,L-255,2026-01-01 11:12,2026-01-03 19:22,548.9,KG,7,271.66,GBP,DELIVERED
SH102181,2026-04-04,P-1133,SVC2,FNCH,L-206,L-228,2026-04-05 12:35,2026-04-07 16:03,520.9,KG,1,369.45,GBP,DELIVERED
SH102182,2025-05-29,P-1235,SVC2,EGRT,L-255,L-259,2025-05-30 18:04,2025-05-31 06:17,394.7,LB,23,152.54,GBP,DELIVERED
SH102183,2025-07-16,P-1179,SVC3,BLTC,L-215,L-241,2025-07-17 07:05,2025-07-19 15:17,1334.3,KG,12,584.14,GBP,DELIVERED
SH102184,2025-08-28,P-1219,SVC3,BLTC,L-210,L-227,2025-08-31 21:11,2025-09-03 11:29,1236.8,KG,5,539.35,GBP,DELIVERED
SH102185,2025-01-27,P-1122,SVC1,EGRT,L-241,L-252,2025-01-27 19:40,2025-02-01 08:00,1118.4,KG,12,788.83,GBP,DELIVERED
SH102186,2025-01-14,P-1096,SVC1,FNCH,L-207,L-258,2025-01-17 10:59,2025-01-18 21:46,349.4,KG,7,248.75,GBP,DELIVERED
SH102187,2025-02-16,P-1114,SVC2,ARRW,L-210,L-231,2025-02-17 12:20,2025-02-24 20:33,169.6,KG,24,138.44,GBP,DELIVERED
SH102188,2026-01-05,P-1083,SVC3,FNCH,L-250,L-226,2026-01-06 20:32,2026-01-08 18:19,523.1,KG,8,242.36,GBP,DELIVERED
SH102189,2025-09-22,P-1104,SVC5,CDRX,L-258,L-247,2025-09-23 10:32,2025-09-27 08:09,1056.7,KG,8,472.88,GBP,DELIVERED
SH102190,2026-05-17,P-1179,SVC2,GRYP,L-256,L-236,2026-05-17 21:13,,408.6,KG,18,304.48,GBP,IN_TRANSIT
SH102191,2025-11-17,P-1115,SVC3,ARRW,L-254,L-236,2025-11-17 21:06,2025-11-18 12:41,47.3,KG,5,54.18,GBP,DELIVERED
SH102192,2025-10-29,P-1196,SVC4,GRYP,L-219,L-220,2025-11-01 14:45,2025-11-04 20:06,592.8,KG,21,273.30,GBP,DELIVERED
SH102193,2026-04-04,P-1086,SVC1,GRYP,L-236,L-260,2026-04-07 20:42,2026-04-13 20:07,546.1,KG,24,392.94,GBP,DELIVERED
SH102194,2025-06-20,P-1026,SVC1,EGRT,L-246,L-259,2025-06-20 11:43,2025-06-21 18:22,1225.5,KG,6,852.97,GBP,DELIVERED
SH102195,2025-01-27,P-1155,SVC5,FNCH,L-235,L-243,2025-01-29 12:02,2025-02-01 08:04,710.0,KG,5,330.87,GBP,DELIVERED
SH102196,2025-08-31,P-1208,SVC4,BLTC,L-231,L-248,2025-09-01 08:16,2025-09-06 18:33,29.8,KG,15,32.31,GBP,DELIVERED
SH102197,2025-02-08,P-1171,SVC3,EGRT,L-221,L-259,2025-02-09 11:48,2025-02-14 09:59,430.4,KG,23,197.85,GBP,DELIVERED
SH102198,2025-09-05,P-1239,SVC4,DNUB,L-217,L-241,2025-09-05 06:59,2025-09-08 16:16,251.8,KG,4,133.71,GBP,DELIVERED
SH102199,2025-02-23,P-1139,SVC2,FNCH,L-228,L-203,,,1397.4,LB,7,449.35,GBP,BOOKED
SH102200,2025-12-05,P-1071,SVC1,FNCH,L-213,L-216,2025-12-07 09:23,2025-12-08 12:25,901.0,KG,17,628.96,GBP,DELIVERED
SH102201,2025-12-11,P-1202,SVC6,ARRW,L-222,L-211,,,794.8,LB,4,180.81,GBP,BOOKED
SH102202,2025-03-28,P-1053,SVC2,DNUB,L-212,L-232,2025-03-31 19:58,2025-04-02 08:46,277.6,KG,11,199.60,GBP,DELIVERED
SH102203,2025-06-24,P-1240,SVC1,GRYP,L-230,L-240,,,1328.8,LB,17,432.72,GBP,CANCELLED
SH102204,2025-06-02,P-1212,SVC4,EGRT,L-244,L-202,2025-06-04 20:38,2025-06-05 21:50,8.4,LB,24,33.29,GBP,DELIVERED
SH102205,2026-03-14,P-1171,SVC4,DNUB,L-260,L-240,2026-03-14 06:24,2026-03-17 06:41,1128.2,KG,9,508.67,GBP,DELIVERED
SH102206,2025-05-07,P-1001,SVC4,CDRX,L-215,L-204,2025-05-08 11:36,2025-05-20 13:42,1135.9,KG,2,512.42,GBP,DELIVERED
SH102207,2025-12-17,P-1107,SVC4,EGRT,L-236,L-212,,,1088.9,LB,7,223.16,GBP,BOOKED
SH102208,2025-04-19,P-1111,SVC2,GRYP,L-239,L-236,2025-04-20 06:23,2025-04-22 17:16,447.3,KG,24,314.72,GBP,DELIVERED
SH102209,2026-03-16,P-1105,SVC1,GRYP,L-206,L-232,2026-03-18 13:21,2026-03-19 08:08,127.5,KG,10,123.00,GBP,DELIVERED
SH102210,2026-03-09,P-1227,SVC4,GRYP,L-249,L-244,2026-03-09 21:51,2026-03-19 07:12,302.5,KG,6,161.25,EUR,DELIVERED
SH102211,2025-11-02,P-1079,SVC3,ARRW,L-249,L-221,,,589.1,KG,7,277.12,GBP,CANCELLED
SH102212,2025-12-22,P-1176,SVC3,ARRW,L-216,L-205,2025-12-24 08:30,2025-12-28 19:58,508.0,KG,23,247.41,GBP,DELIVERED
SH102213,2025-03-20,P-1104,SVC1,BLTC,L-244,L-210,2025-03-23 19:28,2025-03-24 10:53,1088.4,KG,8,760.19,GBP,DELIVERED
SH102214,2025-01-03,P-1098,SVC2,ARRW,L-232,L-236,2025-01-03 14:44,2025-01-05 08:13,1038.4,LB,8,339.60,GBP,DELIVERED
SH102215,2025-03-07,P-1003,SVC3,DNUB,L-222,L-215,2025-03-07 11:23,2025-03-10 10:41,632.8,LB,4,158.88,GBP,DELIVERED
SH102216,2025-09-27,P-1066,SVC4,EGRT,L-218,L-222,2025-09-28 21:45,2025-10-01 10:33,1214.4,LB,18,253.50,GBP,DELIVERED
SH102217,2025-06-25,P-1037,SVC3,BLTC,L-260,L-249,2025-06-28 10:51,2025-06-30 12:09,1289.2,KG,3,561.74,GBP,DELIVERED
SH102218,2025-09-29,P-1049,SVC1,GRYP,L-219,L-253,,,1184.9,KG,22,810.83,GBP,CANCELLED
SH102219,2025-12-12,P-1064,SVC2,GRYP,L-230,L-212,2025-12-13 07:56,2025-12-15 21:03,695.3,KG,16,507.40,EUR,DELIVERED
SH102220,2025-08-21,P-1112,SVC2,FNCH,L-245,L-251,2025-08-22 14:34,,247.0,KG,17,188.72,GBP,IN_TRANSIT
SH102221,2025-03-16,P-1105,SVC5,GRYP,L-240,L-225,2025-03-17 16:36,2025-03-20 13:15,933.2,KG,7,410.28,GBP,DELIVERED
SH102222,2025-10-06,P-1128,SVC3,DNUB,L-208,L-207,2025-10-08 06:54,2025-10-10 17:00,436.2,LB,13,113.13,GBP,DELIVERED
SH102223,2026-01-03,P-1011,SVC3,CDRX,L-212,L-260,2026-01-05 12:48,2026-01-12 10:35,572.9,KG,21,265.24,GBP,DELIVERED
SH102224,2026-04-04,P-1081,SVC5,CDRX,L-241,L-214,2026-04-07 14:17,2026-04-09 07:13,1088.9,KG,4,492.59,GBP,DELIVERED
SH102225,2026-02-07,P-1227,SVC6,DNUB,L-202,L-244,2026-02-07 08:12,2026-02-14 16:15,785.3,LB,6,171.33,GBP,DELIVERED
SH102226,2025-12-18,P-1127,SVC4,EGRT,L-209,L-256,2025-12-20 11:03,2025-12-24 18:51,267.7,LB,21,87.33,GBP,DELIVERED
SH102227,2025-08-20,P-1080,SVC5,BLTC,L-244,L-220,2025-08-22 17:15,,168.6,KG,3,97.69,GBP,IN_TRANSIT
SH102228,2026-02-25,P-1201,SVC2,CDRX,L-218,L-233,,,716.1,KG,20,499.00,GBP,BOOKED
SH102229,2026-03-17,P-1163,SVC1,BLTC,L-226,L-214,2026-03-17 19:18,2026-03-22 16:41,865.9,KG,4,601.73,GBP,DELIVERED
SH102230,2025-12-28,P-1103,SVC3,DNUB,L-220,L-230,2025-12-28 07:51,2025-12-30 07:45,224.4,KG,1,128.81,GBP,DELIVERED
SH102231,2025-07-26,P-1188,SVC1,BLTC,L-218,L-236,2025-07-26 11:25,2025-07-27 18:52,575.2,LB,10,213.33,GBP,DELIVERED
SH102232,2025-12-06,P-1099,SVC3,BLTC,L-247,L-257,2025-12-08 12:27,2025-12-12 08:22,1296.1,KG,10,568.48,EUR,DELIVERED
SH102233,2026-03-13,P-1077,SVC3,BLTC,L-220,L-235,2026-03-14 11:19,2026-03-18 12:55,507.2,LB,3,132.08,GBP,DELIVERED
SH102234,2025-01-17,P-1044,SVC3,FNCH,L-209,L-258,2025-01-18 07:46,2025-01-21 14:47,585.6,KG,9,287.91,GBP,DELIVERED
SH102235,2026-02-14,P-1190,SVC3,EGRT,L-252,L-237,2026-02-14 12:48,2026-02-17 18:45,968.1,KG,26,446.48,GBP,DELIVERED
SH102236,2025-11-25,P-1201,SVC4,GRYP,L-208,L-256,2025-11-26 09:36,2025-11-29 08:32,538.8,KG,22,241.19,GBP,DELIVERED
SH102237,2026-04-30,P-1172,SVC1,ARRW,L-210,L-203,2026-05-03 18:37,2026-05-06 13:57,507.7,KG,10,371.56,GBP,DELIVERED
SH102238,2025-10-01,P-1082,SVC5,BLTC,L-227,L-243,2025-10-03 09:22,2025-10-09 06:00,677.2,KG,21,326.53,GBP,DELIVERED
SH102239,2025-08-26,P-1191,SVC1,EGRT,L-208,L-213,2025-08-29 18:41,2025-08-30 21:51,292.3,KG,4,231.17,GBP,DELIVERED
SH102240,2026-01-12,P-1149,SVC2,CDRX,L-245,L-219,,,355.1,KG,20,254.22,GBP,CANCELLED
SH102241,2025-02-27,P-1076,SVC3,GRYP,L-208,L-246,2025-03-02 13:27,2025-03-04 15:43,286.7,KG,24,152.30,GBP,DELIVERED
SH102242,2025-03-28,P-1182,SVC2,GRYP,L-205,L-234,2025-03-29 08:20,2025-03-31 06:46,620.4,KG,15,442.68,GBP,DELIVERED
SH102243,2025-04-09,P-1116,SVC1,GRYP,L-225,L-213,,,746.1,KG,25,536.43,GBP,CANCELLED
SH102244,2025-09-20,P-1072,SVC5,GRYP,L-252,L-231,2025-09-21 17:16,2025-09-25 11:35,587.6,LB,11,146.39,GBP,DELIVERED
SH102245,2025-08-21,P-1188,SVC3,EGRT,L-228,L-203,2025-08-23 15:58,2025-08-25 10:06,1045.1,KG,18,460.28,EUR,DELIVERED
SH102246,2025-05-12,P-1063,SVC5,EGRT,L-220,L-206,2025-05-13 07:39,2025-05-18 18:01,387.6,KG,14,194.81,GBP,DELIVERED
SH102247,2026-05-11,P-1234,SVC4,DNUB,L-253,L-240,2026-05-11 14:45,2026-05-18 13:11,458.1,LB,9,110.03,GBP,DELIVERED
SH102248,2025-03-11,P-1200,SVC6,ARRW,L-254,L-217,2025-03-11 10:48,2025-03-12 06:14,704.8,LB,14,166.85,GBP,DELIVERED
SH102249,2025-08-07,P-1205,SVC3,ARRW,L-229,L-202,2025-08-09 15:02,,998.7,KG,3,438.25,EUR,IN_TRANSIT
SH102250,2025-08-12,P-1126,SVC1,ARRW,L-251,L-239,2025-08-12 13:15,2025-08-17 06:03,290.6,LB,15,124.66,GBP,DELIVERED
SH102251,2025-04-10,P-1235,SVC2,EGRT,L-227,L-232,2025-04-12 18:22,2025-04-13 13:44,657.8,LB,7,227.19,GBP,DELIVERED
SH102252,2025-10-05,P-1200,SVC1,EGRT,L-237,L-211,2025-10-08 06:32,2025-10-09 08:36,365.2,KG,6,260.70,EUR,DELIVERED
SH102253,2025-02-08,P-1085,SVC3,EGRT,L-205,L-235,2025-02-11 15:16,,566.9,KG,20,252.30,GBP,IN_TRANSIT
SH102254,2025-02-12,P-1165,SVC3,GRYP,L-238,L-215,2025-02-15 18:09,2025-02-18 18:01,354.6,LB,22,100.59,GBP,DELIVERED
SH102255,2026-03-21,P-1111,SVC2,ARRW,L-250,L-225,2026-03-23 12:46,2026-03-24 13:36,247.1,KG,13,206.87,GBP,DELIVERED
SH102256,2026-04-09,P-1202,SVC5,EGRT,L-252,L-231,2026-04-10 19:29,2026-04-11 13:27,880.4,KG,8,398.29,GBP,DELIVERED
SH102257,2025-08-26,P-1222,SVC3,GRYP,L-239,L-234,2025-08-27 15:17,2025-08-31 06:14,944.6,KG,6,431.88,GBP,DELIVERED
SH102258,2025-05-02,P-1102,SVC2,BLTC,L-242,L-217,2025-05-02 20:39,2025-05-03 19:59,148.7,KG,8,126.79,GBP,DELIVERED
SH102259,2026-02-17,P-1009,SVC6,BLTC,L-212,L-240,2026-02-19 20:31,2026-02-21 11:49,1251.6,KG,25,552.68,GBP,DELIVERED
SH102260,2025-02-12,P-1038,SVC3,GRYP,L-202,L-240,2025-02-13 20:35,2025-02-14 16:31,911.6,KG,26,407.88,GBP,DELIVERED
SH102261,2025-06-26,P-1115,SVC4,ARRW,L-239,L-207,2025-06-28 21:44,2025-06-29 10:32,951.1,KG,22,438.91,GBP,DELIVERED
SH102262,2026-02-06,P-1031,SVC3,DNUB,L-205,L-236,2026-02-07 06:29,2026-02-11 19:26,675.6,KG,8,317.70,GBP,DELIVERED
SH102263,2025-02-10,P-1219,SVC2,DNUB,L-256,L-238,2025-02-13 15:55,2025-02-15 12:44,399.2,KG,17,286.54,GBP,DELIVERED
SH102264,2026-05-17,P-1166,SVC4,FNCH,L-232,L-238,2026-05-17 09:55,2026-05-20 13:58,638.0,LB,1,143.76,GBP,DELIVERED
SH102265,2026-01-07,P-1174,SVC3,ARRW,L-256,L-217,2026-01-09 08:50,2026-01-12 16:06,1257.2,KG,16,546.52,GBP,DELIVERED
SH102266,2026-04-05,P-1144,SVC3,GRYP,L-206,L-217,2026-04-07 08:18,2026-04-15 12:10,869.4,LB,9,181.42,GBP,DELIVERED
SH102267,2025-08-30,P-1029,SVC5,DNUB,L-232,L-239,2025-09-01 06:07,,90.2,KG,19,60.34,GBP,IN_TRANSIT
SH102268,2025-08-08,P-1051,SVC5,DNUB,L-211,L-225,2025-08-08 19:42,2025-08-11 17:36,1356.0,KG,10,597.49,GBP,DELIVERED
SH102269,2025-07-13,P-1110,SVC2,CDRX,L-219,L-207,,,455.0,KG,1,326.49,GBP,CANCELLED
SH102270,2026-01-02,P-1043,SVC4,FNCH,L-243,L-244,2026-01-05 20:51,2026-01-08 10:35,72.1,KG,19,61.53,EUR,DELIVERED
SH102271,2025-01-03,P-1083,SVC6,ARRW,L-204,L-227,2025-01-06 06:39,2025-01-07 21:26,490.2,LB,4,126.50,GBP,DELIVERED
SH102272,2026-04-18,P-1005,SVC4,BLTC,L-210,L-228,2026-04-19 15:07,2026-04-25 19:04,1362.7,KG,26,605.06,EUR,DELIVERED
SH102273,2025-02-13,P-1008,SVC4,FNCH,L-215,L-252,,,1234.6,LB,5,247.69,GBP,CANCELLED
SH102274,2025-11-03,P-1208,SVC4,ARRW,L-219,L-253,2025-11-03 10:07,2025-11-09 14:03,1330.5,KG,23,591.83,GBP,DELIVERED
SH102275,2025-01-10,P-1159,SVC4,GRYP,L-217,L-206,2025-01-13 19:26,2025-01-20 08:12,882.9,LB,5,201.84,GBP,DELIVERED
SH102276,2025-07-27,P-1121,SVC1,EGRT,L-204,L-235,2025-07-29 07:17,2025-07-30 11:20,1188.4,KG,17,817.19,GBP,DELIVERED
SH102277,2025-11-29,P-1209,SVC2,GRYP,L-234,L-259,2025-11-30 18:13,2025-12-02 11:08,618.9,KG,8,454.74,GBP,DELIVERED
SH102278,2025-01-20,P-1098,SVC3,BLTC,L-256,L-229,2025-01-20 14:04,2025-01-24 08:08,336.8,KG,18,169.02,GBP,DELIVERED
SH102279,2026-04-24,P-1102,SVC5,ARRW,L-229,L-203,2026-04-26 10:42,,1269.7,KG,19,557.40,GBP,IN_TRANSIT
SH102280,2025-06-05,P-1149,SVC6,DNUB,L-214,L-210,2025-06-08 15:20,2025-06-10 07:54,61.4,LB,1,29.90,GBP,DELIVERED
SH102281,2025-07-01,P-1157,SVC3,EGRT,L-228,L-259,2025-07-03 14:26,,798.3,KG,19,371.92,GBP,IN_TRANSIT
SH102282,2026-01-10,P-1078,SVC4,ARRW,L-227,L-222,2026-01-11 07:39,2026-01-15 21:08,250.2,KG,17,137.18,GBP,DELIVERED
SH102283,2025-11-07,P-1060,SVC2,BLTC,L-212,L-237,2025-11-08 08:55,2025-11-10 20:35,1006.2,KG,21,714.95,GBP,DELIVERED
SH102284,2025-12-20,P-1209,SVC2,CDRX,L-246,L-211,2025-12-23 09:23,2025-12-25 16:11,350.8,KG,8,261.19,GBP,DELIVERED
SH102285,2026-05-08,P-1156,SVC5,FNCH,L-230,L-203,2026-05-11 08:13,2026-05-12 19:20,40.5,KG,7,44.04,GBP,DELIVERED
SH102286,2025-11-03,P-1215,SVC2,CDRX,L-247,L-206,2025-11-04 15:46,2025-11-05 11:49,959.1,LB,10,305.38,GBP,DELIVERED
SH102287,2026-05-07,P-1187,SVC1,CDRX,L-257,L-241,2026-05-09 14:39,2026-05-14 15:47,1270.4,LB,11,427.12,GBP,DELIVERED
SH102288,2025-08-31,P-1156,SVC3,GRYP,L-207,L-249,2025-09-02 15:09,2025-09-06 13:20,789.6,KG,2,374.01,GBP,DELIVERED
SH102289,2026-03-23,P-1151,SVC3,DNUB,L-208,L-220,2026-03-24 17:53,2026-03-28 16:21,13.8,LB,14,37.60,GBP,DELIVERED
SH102290,2026-05-15,P-1123,SVC3,GRYP,L-257,L-252,,,229.9,KG,9,137.28,EUR,CANCELLED
SH102291,2026-05-07,P-1195,SVC5,FNCH,L-205,L-228,2026-05-09 15:27,2026-05-12 18:31,191.8,KG,10,95.33,GBP,DELIVERED
SH102292,2025-05-12,P-1124,SVC5,DNUB,L-222,L-236,2025-05-14 14:45,2025-05-18 13:36,1171.8,KG,7,508.30,GBP,DELIVERED
SH102293,2025-07-02,P-1147,SVC3,DNUB,L-214,L-258,2025-07-05 17:44,2025-07-07 16:24,895.4,KG,16,410.62,GBP,DELIVERED
SH102294,2026-05-09,P-1214,SVC1,EGRT,L-257,L-236,2026-05-09 14:19,,265.2,KG,19,213.80,GBP,IN_TRANSIT
SH102295,2026-02-03,P-1089,SVC3,FNCH,L-231,L-260,2026-02-05 10:11,,449.2,KG,1,224.66,GBP,IN_TRANSIT
SH102296,2026-03-22,P-1074,SVC1,EGRT,L-254,L-251,2026-03-22 06:02,2026-03-23 07:54,433.4,KG,22,324.73,GBP,DELIVERED
SH102297,2026-01-26,P-1148,SVC4,BLTC,L-248,L-217,2026-01-26 06:28,2026-01-30 20:53,874.1,LB,6,182.23,EUR,DELIVERED
SH102298,2025-08-19,P-1137,SVC1,GRYP,L-239,L-201,2025-08-19 18:30,2025-08-20 15:19,655.7,KG,17,466.34,GBP,DELIVERED
SH102299,2025-11-04,P-1207,SVC4,FNCH,L-219,L-234,2025-11-07 17:50,2025-11-13 20:07,115.6,KG,19,81.72,GBP,DELIVERED
SH102300,2026-01-14,P-1152,SVC2,FNCH,L-211,L-209,2026-01-16 13:03,,202.9,KG,8,157.18,GBP,IN_TRANSIT
SH102301,2025-08-22,P-1187,SVC3,DNUB,L-205,L-225,2025-08-24 21:25,2025-08-26 16:48,749.1,LB,16,164.75,GBP,DELIVERED
SH102302,2026-02-23,P-1021,SVC4,ARRW,L-213,L-227,2026-02-26 16:06,2026-02-27 12:07,1083.6,LB,6,225.04,EUR,DELIVERED
SH102303,2025-03-15,P-1050,SVC3,ARRW,L-227,L-221,2025-03-16 19:43,2025-03-17 15:48,202.6,LB,23,79.33,GBP,DELIVERED
SH102304,2026-04-08,P-1070,SVC6,DNUB,L-251,L-246,,,354.9,LB,23,92.29,EUR,CANCELLED
SH102305,2026-04-07,P-1213,SVC4,GRYP,L-234,L-221,2026-04-07 11:52,2026-04-10 13:34,592.5,KG,10,283.70,GBP,DELIVERED
SH102306,2026-02-04,P-1100,SVC1,BLTC,L-214,L-225,2026-02-06 10:13,2026-02-07 15:17,1197.3,KG,14,830.17,GBP,DELIVERED
SH102307,2026-02-20,P-1006,SVC3,DNUB,L-214,L-234,,,1065.5,KG,15,467.17,GBP,BOOKED
SH102308,2025-08-26,P-1192,SVC3,DNUB,L-214,L-203,2025-08-29 17:49,2025-09-01 09:28,717.4,KG,14,337.21,EUR,DELIVERED
SH102309,2025-01-16,P-1039,SVC5,BLTC,L-235,L-249,2025-01-17 19:08,,796.2,KG,9,354.96,GBP,IN_TRANSIT
SH102310,2025-11-19,P-1116,SVC3,BLTC,L-243,L-201,2025-11-21 09:44,2025-11-27 07:05,178.3,KG,23,90.92,GBP,DELIVERED
SH102311,2025-02-22,P-1187,SVC3,ARRW,L-227,L-251,2025-02-22 19:17,2025-02-24 20:02,1198.4,LB,1,245.53,EUR,DELIVERED
SH102312,2025-02-23,P-1031,SVC2,FNCH,L-236,L-233,2025-02-24 19:43,,102.6,KG,17,92.30,EUR,IN_TRANSIT
SH102313,2025-11-07,P-1209,SVC3,BLTC,L-257,L-218,2025-11-07 16:40,2025-11-10 15:53,310.6,LB,17,73.02,GBP,DELIVERED
SH102314,2025-03-28,P-1121,SVC5,GRYP,L-242,L-230,2025-03-30 11:29,2025-04-01 19:24,564.3,KG,9,267.20,GBP,DELIVERED
SH102315,2026-04-18,P-1085,SVC3,ARRW,L-259,L-215,2026-04-19 12:31,2026-04-22 18:00,79.1,LB,15,44.44,EUR,DELIVERED
SH102316,2025-10-15,P-1081,SVC3,ARRW,L-257,L-239,2025-10-18 08:57,2025-10-19 08:06,1102.9,LB,9,237.05,GBP,DELIVERED
SH102317,2025-07-08,P-1031,SVC4,EGRT,L-226,L-245,2025-07-09 14:03,2025-07-14 17:37,718.9,LB,23,157.04,GBP,DELIVERED
SH102318,2026-02-16,P-1031,SVC2,CDRX,L-215,L-239,2026-02-18 19:30,2026-02-19 17:56,715.7,LB,9,241.35,EUR,DELIVERED
SH102319,2026-01-12,P-1187,SVC3,DNUB,L-226,L-237,2026-01-15 18:06,2026-01-16 07:14,869.0,KG,15,392.80,GBP,DELIVERED
SH102320,2025-06-26,P-1072,SVC3,GRYP,L-237,L-256,2025-06-29 08:14,2025-07-01 11:36,1268.8,KG,16,547.82,EUR,DELIVERED
SH102321,2025-04-06,P-1156,SVC3,GRYP,L-201,L-221,2025-04-07 07:55,2025-04-10 21:20,1383.8,KG,4,600.00,GBP,DELIVERED
SH102322,2025-12-04,P-1157,SVC4,ARRW,L-244,L-237,,,733.8,KG,20,344.77,GBP,BOOKED
SH102323,2025-04-30,P-1103,SVC5,CDRX,L-213,L-221,2025-05-02 10:36,2025-05-07 13:51,25.7,LB,5,45.40,GBP,DELIVERED
SH102324,2025-04-22,P-1198,SVC4,DNUB,L-245,L-205,2025-04-22 20:49,2025-04-26 15:41,638.6,LB,23,144.93,GBP,DELIVERED
SH102325,2025-01-04,P-1186,SVC1,FNCH,L-216,L-208,,,1342.9,KG,24,939.76,GBP,CANCELLED
SH102326,2026-04-15,P-1222,SVC2,DNUB,L-229,L-215,2026-04-15 06:24,2026-04-19 10:26,696.9,LB,1,247.67,GBP,DELIVERED
SH102327,2025-10-14,P-1096,SVC6,BLTC,L-248,L-243,2025-10-16 10:18,2025-10-18 17:22,813.6,KG,13,360.82,GBP,DELIVERED
SH102328,2025-11-15,P-1079,SVC2,BLTC,L-260,L-247,,,1391.5,KG,25,957.20,EUR,CANCELLED
SH102329,2025-10-06,P-1168,SVC2,CDRX,L-236,L-214,2025-10-09 12:00,2025-10-13 18:53,1308.7,KG,15,904.15,GBP,DELIVERED
SH102330,2026-03-06,P-1049,SVC4,ARRW,L-250,L-256,2026-03-07 06:11,2026-03-13 08:40,1163.7,LB,11,256.40,GBP,DELIVERED
SH102331,2025-08-23,P-1106,SVC2,DNUB,L-201,L-251,2025-08-24 17:02,2025-08-30 15:24,1033.2,LB,15,349.54,GBP,DELIVERED
SH102332,2026-03-14,P-1232,SVC6,ARRW,L-221,L-258,2026-03-15 14:23,2026-03-17 14:00,671.3,LB,24,149.82,GBP,DELIVERED
SH102333,2026-01-23,P-1205,SVC3,EGRT,L-237,L-213,2026-01-25 07:25,2026-01-28 14:14,1382.0,LB,24,304.73,GBP,DELIVERED
SH102334,2025-08-28,P-1165,SVC2,DNUB,L-220,L-224,2025-08-30 11:38,2025-09-04 20:07,1193.7,KG,14,841.55,GBP,DELIVERED
SH102335,2025-09-27,P-1108,SVC5,CDRX,L-208,L-225,2025-09-28 07:48,2025-09-30 10:01,891.1,KG,12,414.01,GBP,DELIVERED
SH102336,2025-10-12,P-1164,SVC3,GRYP,L-245,L-236,2025-10-15 20:01,2025-10-23 11:51,419.5,KG,22,217.79,GBP,DELIVERED
SH102337,2026-01-20,P-1003,SVC4,DNUB,L-245,L-225,2026-01-22 21:20,2026-01-29 07:16,45.1,KG,11,56.26,GBP,DELIVERED
SH102338,2026-03-22,P-1107,SVC5,FNCH,L-213,L-204,2026-03-25 06:18,2026-03-29 13:31,1253.5,KG,26,562.18,GBP,DELIVERED
SH102339,2026-03-10,P-1196,SVC2,BLTC,L-234,L-244,2026-03-12 14:41,2026-03-14 17:07,674.2,LB,3,219.12,GBP,DELIVERED
SH102340,2025-10-10,P-1088,SVC3,ARRW,L-246,L-242,2025-10-13 13:27,,1189.8,KG,8,528.06,GBP,IN_TRANSIT
SH102341,2025-10-02,P-1220,SVC3,FNCH,L-252,L-254,2025-10-03 17:35,2025-10-08 06:53,659.3,KG,8,316.29,GBP,DELIVERED
SH102342,2025-01-28,P-1213,SVC5,EGRT,L-246,L-256,2025-01-29 20:33,2025-02-03 07:28,604.4,LB,18,129.29,EUR,DELIVERED
SH102343,2025-09-13,P-1150,SVC3,DNUB,L-217,L-230,2025-09-13 13:46,2025-09-15 19:54,338.9,KG,22,167.67,GBP,DELIVERED
SH102344,2025-12-13,P-1055,SVC1,GRYP,L-201,L-220,2025-12-13 20:44,2025-12-17 16:06,801.1,KG,9,570.98,GBP,DELIVERED
SH102345,2025-11-04,P-1123,SVC2,ARRW,L-227,L-230,2025-11-04 07:24,2025-11-05 15:46,681.6,KG,11,494.76,GBP,DELIVERED
SH102346,2025-07-04,P-1211,SVC4,BLTC,L-227,L-213,2025-07-04 16:07,,1048.8,KG,21,466.97,EUR,IN_TRANSIT
SH102347,2026-01-29,P-1206,SVC2,ARRW,L-228,L-258,2026-01-30 18:04,2026-02-03 15:43,1142.3,KG,9,806.16,GBP,DELIVERED
SH102348,2026-01-09,P-1219,SVC2,GRYP,L-233,L-203,2026-01-09 08:35,2026-01-11 08:13,1212.2,KG,17,846.74,GBP,DELIVERED
SH102349,2026-02-20,P-1015,SVC3,DNUB,L-228,L-254,2026-02-20 14:23,2026-02-21 10:45,163.2,KG,12,85.62,GBP,DELIVERED
SH102350,2025-12-18,P-1146,SVC1,FNCH,L-214,L-231,2025-12-21 09:41,2025-12-26 18:10,566.3,KG,24,397.27,GBP,DELIVERED
SH102351,2026-05-07,P-1161,SVC3,CDRX,L-209,L-242,2026-05-08 17:47,2026-05-12 08:10,1182.4,KG,12,531.63,GBP,DELIVERED
SH102352,2025-03-12,P-1150,SVC5,GRYP,L-240,L-252,2025-03-14 20:31,,1179.8,KG,12,519.29,GBP,IN_TRANSIT
SH102353,2025-04-22,P-1133,SVC5,CDRX,L-205,L-259,2025-04-25 15:25,2025-04-26 18:32,90.1,KG,20,68.93,EUR,DELIVERED
SH102354,2025-01-23,P-1095,SVC5,FNCH,L-228,L-237,2025-01-23 09:04,,240.8,KG,3,139.82,GBP,IN_TRANSIT
SH102355,2025-11-15,P-1039,SVC3,CDRX,L-260,L-230,2025-11-15 18:04,,1304.3,LB,4,268.74,EUR,IN_TRANSIT
SH102356,2025-11-30,P-1002,SVC3,FNCH,L-224,L-205,2025-12-03 06:14,2025-12-07 06:26,800.6,KG,17,361.64,GBP,DELIVERED
SH102357,2026-03-04,P-1169,SVC1,CDRX,L-244,L-250,,,1080.5,KG,15,762.30,GBP,BOOKED
SH102358,2025-11-18,P-1023,SVC3,CDRX,L-254,L-212,2025-11-20 06:50,2025-11-23 14:59,1385.1,KG,18,606.64,GBP,DELIVERED
SH102359,2026-05-07,P-1074,SVC1,EGRT,L-205,L-232,,,1261.4,KG,20,878.48,GBP,CANCELLED
SH102360,2025-06-10,P-1179,SVC3,DNUB,L-249,L-211,2025-06-11 15:44,,837.5,KG,11,375.67,GBP,IN_TRANSIT
SH102361,2025-12-24,P-1237,SVC4,CDRX,L-219,L-221,2025-12-26 18:29,2026-01-07 14:29,1017.3,LB,20,226.54,GBP,DELIVERED
SH102362,2026-03-14,P-1146,SVC3,DNUB,L-250,L-257,2026-03-15 12:22,2026-03-18 11:17,518.5,KG,10,254.79,GBP,DELIVERED
SH102363,2025-04-01,P-1008,SVC2,GRYP,L-257,L-252,2025-04-02 19:11,2025-04-03 17:39,428.8,KG,10,307.30,GBP,DELIVERED
SH102364,2026-02-13,P-1145,SVC3,DNUB,L-231,L-221,2026-02-15 13:35,2026-02-17 21:30,566.2,KG,3,271.30,GBP,DELIVERED
SH102365,2025-05-16,P-1119,SVC4,GRYP,L-215,L-229,2025-05-17 08:37,2025-05-20 11:35,521.3,KG,6,258.27,GBP,DELIVERED
SH102366,2025-09-24,P-1191,SVC6,EGRT,L-235,L-245,2025-09-26 07:56,2025-10-03 20:13,1144.9,KG,7,518.16,GBP,DELIVERED
SH102367,2026-05-15,P-1115,SVC6,BLTC,L-208,L-248,2026-05-17 12:39,2026-05-24 08:08,218.4,LB,17,80.93,GBP,DELIVERED
SH102368,2025-11-05,P-1105,SVC4,DNUB,L-206,L-236,2025-11-05 16:15,2025-11-07 15:53,13.4,KG,5,44.90,GBP,DELIVERED
SH102369,2025-05-17,P-1221,SVC3,FNCH,L-236,L-203,2025-05-18 17:26,,577.2,KG,20,264.84,EUR,IN_TRANSIT
SH102370,2025-01-08,P-1218,SVC3,ARRW,L-224,L-215,2025-01-11 16:56,2025-01-14 21:49,1224.6,KG,22,543.10,GBP,DELIVERED
SH102371,2025-03-30,P-1239,SVC2,DNUB,L-208,L-240,2025-04-01 15:56,2025-04-02 06:07,1266.7,LB,17,425.50,GBP,DELIVERED
SH102372,2025-06-11,P-1090,SVC3,DNUB,L-239,L-211,2025-06-12 08:48,2025-06-18 09:45,323.6,KG,24,156.13,GBP,DELIVERED
SH102373,2026-04-02,P-1124,SVC2,DNUB,L-206,L-247,2026-04-04 16:41,,1242.9,KG,20,852.88,GBP,IN_TRANSIT
SH102374,2026-03-10,P-1060,SVC1,EGRT,L-219,L-260,2026-03-10 21:19,2026-03-11 12:03,1325.1,KG,22,925.37,EUR,DELIVERED
SH102375,2025-08-05,P-1120,SVC6,EGRT,L-228,L-215,2025-08-05 19:41,2025-08-06 14:11,1215.6,KG,21,531.36,EUR,DELIVERED
SH102376,2026-01-05,P-1055,SVC6,GRYP,L-252,L-251,2026-01-08 17:46,2026-01-11 09:36,200.3,LB,17,56.75,GBP,DELIVERED
SH102377,2025-07-24,P-1214,SVC4,ARRW,L-238,L-232,2025-07-26 21:30,2025-07-28 14:36,391.3,KG,4,177.84,GBP,DELIVERED
SH102378,2025-03-19,P-1150,SVC5,ARRW,L-229,L-218,2025-03-22 14:32,2025-03-30 19:50,847.5,KG,5,372.08,GBP,DELIVERED
SH102379,2025-05-02,P-1026,SVC2,CDRX,L-234,L-255,2025-05-05 14:59,2025-05-06 12:39,144.9,KG,25,127.34,EUR,DELIVERED
SH102380,2025-03-12,P-1054,SVC2,DNUB,L-230,L-201,2025-03-12 17:04,2025-03-18 17:12,418.6,KG,7,308.55,GBP,DELIVERED
SH102381,2025-07-01,P-1012,SVC2,FNCH,L-205,L-202,2025-07-04 08:25,2025-07-06 18:36,1004.4,KG,12,713.40,GBP,DELIVERED
SH102382,2026-01-24,P-1067,SVC4,GRYP,L-227,L-238,2026-01-27 11:02,2026-01-31 06:01,1032.4,LB,5,218.28,GBP,DELIVERED
SH102383,2026-02-11,P-1234,SVC4,FNCH,L-258,L-255,,,24.0,KG,5,24.61,GBP,BOOKED
SH102384,2025-08-30,P-1063,SVC5,FNCH,L-259,L-207,2025-09-02 15:07,2025-09-03 13:56,424.3,KG,23,207.29,GBP,DELIVERED
SH102385,2025-04-16,P-1067,SVC3,FNCH,L-251,L-216,2025-04-16 11:04,2025-04-17 07:50,1084.9,KG,22,486.00,GBP,DELIVERED
SH102386,2026-02-23,P-1082,SVC2,BLTC,L-252,L-216,2026-02-23 07:44,2026-02-24 12:44,1217.3,KG,3,859.63,GBP,DELIVERED
SH102387,2025-12-08,P-1018,SVC4,FNCH,L-258,L-260,2025-12-11 17:59,,1246.4,KG,17,555.69,GBP,IN_TRANSIT
SH102388,2025-12-31,P-1222,SVC3,FNCH,L-243,L-239,2026-01-01 11:25,,1077.9,KG,24,486.53,EUR,IN_TRANSIT
SH102389,2025-07-03,P-1206,SVC3,ARRW,L-201,L-254,,,911.6,KG,5,397.58,GBP,BOOKED
SH102390,2025-02-07,P-1046,SVC1,GRYP,L-218,L-206,2025-02-10 10:10,2025-02-11 06:13,12.3,KG,1,30.38,GBP,DELIVERED
SH102391,2025-12-25,P-1147,SVC2,DNUB,L-235,L-208,2025-12-26 06:45,,658.8,LB,16,235.48,GBP,IN_TRANSIT
SH102392,2025-12-28,P-1212,SVC2,CDRX,L-226,L-247,2025-12-29 18:07,2025-12-30 11:26,299.1,KG,14,216.05,EUR,DELIVERED
SH102393,2025-09-15,P-1069,SVC4,DNUB,L-259,L-233,,,695.8,KG,23,328.57,EUR,CANCELLED
SH102394,2026-01-16,P-1198,SVC2,CDRX,L-209,L-218,2026-01-17 11:13,2026-01-18 14:20,1158.8,KG,17,804.25,EUR,DELIVERED
SH102395,2025-10-23,P-1073,SVC3,EGRT,L-253,L-225,2025-10-26 20:26,2025-10-30 12:38,988.6,LB,23,203.88,EUR,DELIVERED
SH102396,2026-04-23,P-1238,SVC1,BLTC,L-229,L-207,2026-04-25 06:21,2026-04-26 06:10,368.5,LB,2,147.27,GBP,DELIVERED
SH102397,2025-03-05,P-1236,SVC2,FNCH,L-235,L-251,2025-03-08 07:48,2025-03-10 16:54,803.5,KG,23,555.87,GBP,DELIVERED
SH102398,2026-04-19,P-1084,SVC4,FNCH,L-256,L-247,2026-04-19 10:34,2026-04-20 06:53,1194.6,LB,16,244.64,GBP,DELIVERED
SH102399,2026-03-06,P-1060,SVC6,GRYP,L-256,L-242,2026-03-07 13:33,2026-03-15 21:28,1182.1,KG,3,517.82,GBP,DELIVERED
SH102400,2025-12-18,P-1152,SVC3,CDRX,L-207,L-216,2025-12-18 16:26,2025-12-20 15:40,584.3,KG,22,275.32,GBP,DELIVERED
SH102401,2025-08-31,P-1129,SVC3,GRYP,L-209,L-237,2025-09-01 06:36,2025-09-03 12:33,1102.0,KG,1,494.70,EUR,DELIVERED
SH102402,2026-02-28,P-1063,SVC3,GRYP,L-240,L-237,2026-03-02 17:01,2026-03-04 20:56,379.9,KG,13,190.28,GBP,DELIVERED
SH102403,2025-01-01,P-1096,SVC2,FNCH,L-236,L-226,2025-01-04 10:57,2025-01-06 16:26,606.2,KG,26,440.47,EUR,DELIVERED
SH102404,2026-05-04,P-1118,SVC6,ARRW,L-220,L-259,2026-05-07 11:48,2026-05-10 13:46,1195.6,KG,6,544.31,EUR,DELIVERED
SH102405,2026-05-10,P-1183,SVC5,BLTC,L-233,L-221,2026-05-11 14:34,2026-05-16 19:03,653.8,KG,23,294.92,GBP,DELIVERED
SH102406,2025-07-14,P-1083,SVC5,EGRT,L-241,L-226,2025-07-14 12:20,2025-07-19 12:44,983.7,LB,18,226.45,GBP,DELIVERED
SH102407,2026-03-15,P-1228,SVC1,BLTC,L-215,L-221,2026-03-16 12:49,2026-03-17 10:41,892.4,KG,23,642.22,EUR,DELIVERED
SH102408,2025-11-01,P-1197,SVC1,GRYP,L-255,L-260,2025-11-04 08:08,2025-11-05 18:32,112.2,KG,5,109.25,GBP,DELIVERED
SH102409,2025-10-10,P-1232,SVC4,FNCH,L-233,L-205,2025-10-12 09:47,2025-10-24 15:30,845.8,KG,7,384.87,GBP,DELIVERED
SH102410,2026-05-13,P-1215,SVC3,GRYP,L-247,L-238,2026-05-14 20:29,2026-05-19 20:29,212.4,KG,23,117.12,GBP,DELIVERED
SH102411,2025-03-17,P-1189,SVC2,ARRW,L-233,L-231,2025-03-20 11:42,2025-03-25 20:22,818.9,KG,2,570.40,GBP,DELIVERED
SH102412,2025-09-02,P-1107,SVC1,BLTC,L-236,L-241,2025-09-04 10:44,2025-09-05 08:31,1109.6,KG,1,763.37,EUR,DELIVERED
SH102413,2025-05-23,P-1197,SVC2,CDRX,L-255,L-221,2025-05-24 11:08,2025-05-31 11:48,696.0,KG,21,504.90,GBP,DELIVERED
SH102414,2025-03-15,P-1001,SVC4,EGRT,L-239,L-232,2025-03-15 20:55,2025-03-16 21:28,657.0,KG,20,310.13,EUR,DELIVERED
SH102415,2026-01-26,P-1221,SVC3,FNCH,L-208,L-210,2026-01-28 09:59,2026-02-02 21:09,730.8,LB,14,178.38,GBP,DELIVERED
SH102416,2025-07-12,P-1118,SVC5,DNUB,L-249,L-217,2025-07-15 16:00,2025-07-19 20:25,621.7,KG,14,302.26,GBP,DELIVERED
SH102417,2025-07-04,P-1003,SVC2,ARRW,L-248,L-225,2025-07-05 07:21,2025-07-07 21:41,577.8,LB,3,201.44,GBP,DELIVERED
SH102418,2025-01-10,P-1165,SVC1,CDRX,L-236,L-203,2025-01-12 07:26,2025-01-13 17:43,229.3,KG,16,194.49,GBP,DELIVERED
SH102419,2025-12-17,P-1084,SVC5,CDRX,L-242,L-233,2025-12-19 15:37,2025-12-22 14:39,1026.6,LB,6,208.71,GBP,DELIVERED
SH102420,2025-02-12,P-1193,SVC5,CDRX,L-241,L-238,2025-02-13 14:34,2025-02-16 09:32,50.3,KG,26,35.64,GBP,DELIVERED
SH102421,2026-01-12,P-1178,SVC5,ARRW,L-203,L-221,2026-01-13 16:15,2026-01-16 18:26,791.2,KG,8,347.55,GBP,DELIVERED
SH102422,2025-01-07,P-1184,SVC1,CDRX,L-252,L-228,2025-01-08 20:53,2025-01-09 16:51,557.1,KG,25,389.99,GBP,DELIVERED
SH102423,2025-10-17,P-1230,SVC6,BLTC,L-219,L-253,2025-10-18 21:30,2025-10-20 07:10,912.9,KG,25,404.79,EUR,DELIVERED
SH102424,2025-09-22,P-1076,SVC2,CDRX,L-208,L-203,2025-09-24 08:20,2025-09-26 07:09,1398.1,LB,11,454.93,GBP,DELIVERED
SH102425,2025-10-12,P-1111,SVC3,DNUB,L-231,L-252,2025-10-13 18:32,2025-10-22 20:57,1040.2,KG,2,471.54,GBP,DELIVERED
SH102426,2025-11-23,P-1215,SVC1,EGRT,L-242,L-258,2025-11-23 16:50,2025-11-24 17:12,212.1,KG,17,174.56,EUR,DELIVERED
SH102427,2025-07-07,P-1070,SVC3,FNCH,L-246,L-217,2025-07-08 13:36,2025-07-09 17:40,775.8,LB,15,187.53,GBP,DELIVERED
SH102428,2025-09-17,P-1232,SVC2,GRYP,L-212,L-222,2025-09-18 21:50,2025-09-21 08:55,875.4,KG,14,607.03,GBP,DELIVERED
SH102429,2025-05-31,P-1024,SVC5,BLTC,L-241,L-252,2025-05-31 14:50,2025-06-05 15:57,1062.1,KG,10,466.57,EUR,DELIVERED
SH102430,2025-03-17,P-1076,SVC6,CDRX,L-213,L-201,,,1019.8,LB,18,229.65,EUR,CANCELLED
SH102431,2025-05-31,P-1039,SVC6,GRYP,L-220,L-242,2025-06-03 07:51,2025-06-11 13:20,1125.7,KG,18,494.58,GBP,DELIVERED
SH102432,2025-09-26,P-1028,SVC4,ARRW,L-246,L-259,2025-09-27 12:05,2025-09-30 14:32,897.4,KG,18,417.21,GBP,DELIVERED
SH102433,2025-10-15,P-1057,SVC3,BLTC,L-215,L-240,2025-10-17 17:49,2025-10-21 17:58,704.7,KG,18,324.34,EUR,DELIVERED
SH102434,2026-01-13,P-1124,SVC2,DNUB,L-222,L-235,,,70.1,KG,21,66.16,EUR,CANCELLED
SH102435,2026-01-29,P-1152,SVC4,DNUB,L-210,L-207,2026-01-31 14:53,2026-02-02 08:48,1030.2,LB,25,224.39,GBP,DELIVERED
SH102436,2025-04-08,P-1231,SVC4,DNUB,L-240,L-255,2025-04-09 21:54,2025-04-13 15:21,806.5,KG,23,362.77,GBP,DELIVERED
SH102437,2025-06-02,P-1151,SVC5,EGRT,L-216,L-242,,,355.5,KG,20,181.53,GBP,BOOKED
SH102438,2025-04-16,P-1119,SVC2,GRYP,L-258,L-246,2025-04-18 12:58,2025-04-19 10:02,612.3,KG,11,448.42,GBP,DELIVERED
SH102439,2026-05-12,P-1157,SVC6,ARRW,L-234,L-242,2026-05-13 12:45,2026-05-15 17:53,32.6,LB,12,31.99,GBP,DELIVERED
SH102440,2025-11-30,P-1132,SVC3,DNUB,L-213,L-251,2025-11-30 09:11,2025-12-02 21:03,27.7,KG,20,39.46,GBP,DELIVERED
SH102441,2026-02-05,P-1183,SVC2,EGRT,L-257,L-213,2026-02-06 19:25,2026-02-08 20:54,403.2,KG,5,295.15,GBP,DELIVERED
SH102442,2026-03-24,P-1105,SVC3,FNCH,L-259,L-225,,,1284.0,LB,14,272.32,GBP,BOOKED
SH102443,2026-01-05,P-1186,SVC2,CDRX,L-238,L-226,2026-01-06 21:07,2026-01-07 21:01,270.2,LB,17,108.50,GBP,DELIVERED
SH102444,2025-09-22,P-1207,SVC3,CDRX,L-214,L-210,2025-09-24 09:26,2025-10-01 11:23,1076.8,KG,3,482.48,GBP,DELIVERED
SH102445,2026-01-25,P-1081,SVC3,FNCH,L-233,L-242,2026-01-27 18:13,2026-01-28 17:21,945.4,KG,14,437.79,GBP,DELIVERED
SH102446,2025-08-28,P-1186,SVC3,FNCH,L-203,L-213,2025-08-30 14:37,2025-09-01 13:46,1192.6,KG,17,516.95,GBP,DELIVERED
SH102447,2025-12-02,P-1054,SVC4,ARRW,L-201,L-244,2025-12-05 18:54,2025-12-10 10:44,851.2,KG,1,373.68,GBP,DELIVERED
SH102448,2025-11-19,P-1130,SVC3,GRYP,L-214,L-246,2025-11-19 19:05,2025-11-22 06:59,1380.6,KG,18,603.54,GBP,DELIVERED
SH102449,2026-04-30,P-1067,SVC4,GRYP,L-235,L-229,2026-04-30 14:28,2026-05-10 06:10,1319.2,KG,10,579.92,GBP,DELIVERED
SH102450,2026-02-03,P-1044,SVC1,ARRW,L-209,L-260,2026-02-03 10:12,2026-02-04 17:54,537.6,KG,22,380.97,GBP,DELIVERED
SH102451,2025-12-30,P-1179,SVC5,GRYP,L-254,L-206,2026-01-01 17:57,2026-01-03 08:41,801.7,KG,11,354.13,GBP,DELIVERED
SH102452,2026-03-30,P-1071,SVC4,CDRX,L-203,L-212,2026-04-01 21:18,2026-04-07 21:48,32.1,KG,4,46.57,GBP,DELIVERED
SH102453,2026-01-10,P-1216,SVC3,CDRX,L-209,L-231,2026-01-11 08:36,2026-01-18 11:34,346.3,KG,23,188.01,GBP,DELIVERED
SH102454,2025-07-18,P-1220,SVC1,ARRW,L-238,L-248,2025-07-18 10:18,2025-07-19 19:46,1349.8,KG,11,933.71,GBP,DELIVERED
SH102455,2025-04-27,P-1082,SVC5,BLTC,L-216,L-230,2025-04-29 12:55,2025-05-02 09:13,1146.1,LB,15,232.19,GBP,DELIVERED
SH102456,2025-11-19,P-1104,SVC5,GRYP,L-240,L-245,2025-11-22 19:45,2025-11-26 21:16,28.8,LB,4,33.82,GBP,DELIVERED
SH102457,2025-03-17,P-1105,SVC4,FNCH,L-218,L-228,2025-03-18 14:02,2025-03-19 14:12,581.5,LB,15,136.56,GBP,DELIVERED
SH102458,2025-07-13,P-1042,SVC3,GRYP,L-219,L-216,2025-07-16 17:06,2025-07-18 13:58,1108.8,LB,22,226.86,EUR,DELIVERED
SH102459,2025-04-08,P-1007,SVC2,FNCH,L-260,L-244,2025-04-11 18:20,2025-04-17 21:31,79.9,LB,6,55.57,GBP,DELIVERED
SH102460,2025-08-17,P-1183,SVC4,CDRX,L-237,L-257,,,757.8,KG,4,341.65,EUR,BOOKED
SH102461,2025-11-28,P-1232,SVC5,EGRT,L-239,L-253,2025-11-30 07:10,2025-12-03 11:17,1366.6,KG,22,611.71,EUR,DELIVERED
SH102462,2026-05-11,P-1158,SVC4,EGRT,L-208,L-203,2026-05-13 11:30,2026-05-18 10:03,334.4,KG,4,164.48,EUR,DELIVERED
SH102463,2025-07-29,P-1103,SVC4,ARRW,L-246,L-219,2025-08-01 20:27,2025-08-07 19:13,1036.0,KG,14,461.06,GBP,DELIVERED
SH102464,2026-04-01,P-1205,SVC6,DNUB,L-213,L-235,,,281.7,KG,12,148.67,GBP,BOOKED
SH102465,2025-11-22,P-1029,SVC5,CDRX,L-228,L-256,2025-11-23 16:40,2025-11-25 21:46,1262.8,KG,11,558.79,GBP,DELIVERED
SH102466,2025-09-30,P-1147,SVC3,ARRW,L-213,L-240,2025-10-01 09:46,2025-10-05 06:58,314.0,LB,15,90.92,GBP,DELIVERED
SH102467,2025-09-26,P-1150,SVC5,FNCH,L-226,L-205,2025-09-26 15:03,2025-09-30 11:19,111.9,KG,4,61.12,GBP,DELIVERED
SH102468,2025-03-03,P-1228,SVC5,CDRX,L-222,L-237,2025-03-03 10:00,2025-03-10 15:30,1296.6,KG,20,573.07,GBP,DELIVERED
SH102469,2025-06-14,P-1018,SVC3,DNUB,L-245,L-232,2025-06-16 19:40,2025-06-18 11:04,529.1,KG,2,263.25,GBP,DELIVERED
SH102470,2026-05-09,P-1223,SVC1,ARRW,L-258,L-216,2026-05-12 11:25,2026-05-13 11:49,36.5,KG,9,54.11,GBP,DELIVERED
SH102471,2025-10-30,P-1204,SVC6,DNUB,L-230,L-252,2025-10-30 11:12,2025-10-31 19:12,888.5,KG,4,408.20,GBP,DELIVERED
SH102472,2025-04-12,P-1199,SVC1,BLTC,L-252,L-236,2025-04-14 20:15,2025-04-15 11:40,1192.1,KG,7,824.69,GBP,DELIVERED
SH102473,2026-03-22,P-1171,SVC3,FNCH,L-243,L-217,2026-03-22 09:08,2026-03-26 15:23,363.1,LB,11,106.68,GBP,DELIVERED
SH102474,2025-10-12,P-1232,SVC5,FNCH,L-209,L-210,,,461.2,KG,10,229.08,GBP,BOOKED
SH102475,2026-01-19,P-1082,SVC6,ARRW,L-246,L-242,,,46.1,KG,25,51.12,GBP,CANCELLED
SH102476,2025-09-28,P-1102,SVC4,FNCH,L-255,L-215,2025-09-28 20:50,2025-10-03 08:24,83.3,LB,9,32.44,GBP,DELIVERED
SH102477,2025-11-17,P-1129,SVC3,EGRT,L-234,L-217,,,847.2,KG,26,387.33,GBP,CANCELLED
SH102478,2026-04-14,P-1149,SVC3,DNUB,L-240,L-220,,,915.9,LB,25,200.95,GBP,CANCELLED
SH102479,2025-05-22,P-1118,SVC1,BLTC,L-249,L-242,2025-05-24 19:56,2025-05-25 08:52,750.8,LB,12,244.64,GBP,DELIVERED
SH102480,2025-10-19,P-1094,SVC3,CDRX,L-244,L-259,2025-10-21 21:31,2025-10-28 19:48,726.2,KG,3,340.59,GBP,DELIVERED
SH102481,2026-01-11,P-1230,SVC3,ARRW,L-229,L-258,,,518.9,KG,26,236.11,GBP,CANCELLED
SH102482,2025-02-09,P-1030,SVC6,CDRX,L-217,L-250,2025-02-10 17:42,2025-02-18 21:29,345.1,KG,21,172.46,GBP,DELIVERED
SH102483,2025-01-15,P-1217,SVC3,GRYP,L-252,L-237,2025-01-18 08:58,2025-01-19 14:48,893.6,KG,19,401.72,EUR,DELIVERED
SH102484,2025-06-25,P-1028,SVC1,FNCH,L-234,L-240,,,878.6,KG,17,605.96,GBP,BOOKED
SH102485,2026-03-29,P-1027,SVC2,BLTC,L-258,L-205,2026-03-30 19:56,2026-03-31 20:46,716.7,KG,19,504.23,GBP,DELIVERED
SH102486,2026-04-17,P-1100,SVC3,ARRW,L-206,L-225,2026-04-18 13:38,2026-04-22 14:36,457.4,KG,23,207.42,EUR,DELIVERED
SH102487,2026-02-04,P-1094,SVC5,GRYP,L-210,L-206,2026-02-06 08:45,2026-02-15 20:24,951.3,KG,16,418.93,EUR,DELIVERED
SH102488,2025-10-11,P-1054,SVC2,FNCH,L-231,L-258,2025-10-14 08:44,2025-10-15 16:36,7.0,KG,13,27.75,GBP,DELIVERED
SH102489,2025-01-08,P-1093,SVC1,EGRT,L-206,L-241,2025-01-10 12:29,2025-01-15 20:49,335.3,KG,8,256.57,GBP,DELIVERED
SH102490,2026-03-31,P-1079,SVC2,ARRW,L-220,L-203,2026-04-03 06:22,2026-04-10 13:57,576.6,KG,10,412.91,GBP,DELIVERED
SH102491,2025-08-15,P-1004,SVC3,EGRT,L-217,L-253,,,1248.1,LB,4,265.17,GBP,BOOKED
SH102492,2025-04-14,P-1219,SVC5,GRYP,L-252,L-202,2025-04-16 21:02,2025-04-20 12:31,668.5,KG,25,310.08,GBP,DELIVERED
SH102493,2025-05-27,P-1188,SVC2,BLTC,L-243,L-257,2025-05-28 06:12,2025-05-29 11:56,407.5,LB,21,157.39,GBP,DELIVERED
SH102494,2025-02-01,P-1136,SVC2,FNCH,L-220,L-260,2025-02-02 18:08,2025-02-04 15:34,996.5,KG,4,697.07,EUR,DELIVERED
SH102495,2025-08-26,P-1005,SVC3,GRYP,L-232,L-201,2025-08-26 20:19,2025-08-28 14:37,720.2,LB,11,176.85,GBP,DELIVERED
SH102496,2025-03-27,P-1199,SVC1,BLTC,L-258,L-225,2025-03-27 09:53,2025-03-28 07:39,1238.4,KG,8,872.04,GBP,DELIVERED
SH102497,2026-01-28,P-1198,SVC1,FNCH,L-240,L-258,2026-01-31 06:18,2026-02-01 14:42,624.1,KG,6,447.24,EUR,DELIVERED
SH102498,2025-10-24,P-1114,SVC2,GRYP,L-226,L-245,2025-10-25 10:00,2025-10-27 19:54,1020.2,KG,18,703.99,GBP,DELIVERED
SH102499,2025-12-11,P-1153,SVC4,ARRW,L-233,L-252,,,1184.9,KG,25,517.48,GBP,BOOKED
SH102500,2025-12-13,P-1227,SVC2,EGRT,L-224,L-241,,,192.2,KG,22,144.00,GBP,BOOKED
SH102501,2025-07-28,P-1026,SVC1,GRYP,L-257,L-244,2025-07-28 21:14,2025-07-29 09:15,1024.7,KG,5,731.49,GBP,DELIVERED
SH102502,2025-01-06,P-1187,SVC3,GRYP,L-253,L-225,,,1030.2,KG,18,471.40,GBP,BOOKED
SH102503,2025-01-31,P-1099,SVC4,FNCH,L-226,L-203,2025-02-01 15:47,2025-02-02 07:17,830.3,LB,3,188.50,GBP,DELIVERED
SH102504,2025-06-10,P-1134,SVC3,BLTC,L-235,L-221,2025-06-13 17:57,2025-06-15 21:57,989.1,LB,8,212.01,GBP,DELIVERED
SH102505,2025-02-20,P-1163,SVC6,CDRX,L-241,L-207,2025-02-22 14:35,2025-02-25 10:10,837.7,LB,3,174.63,GBP,DELIVERED
SH102506,2025-06-18,P-1146,SVC6,DNUB,L-214,L-216,2025-06-19 08:04,2025-06-22 08:21,311.2,KG,25,144.71,GBP,DELIVERED
SH102507,2026-02-26,P-1175,SVC4,ARRW,L-224,L-208,2026-03-01 16:56,2026-03-05 09:25,232.4,KG,10,114.47,GBP,DELIVERED
SH102508,2026-05-03,P-1195,SVC6,CDRX,L-204,L-218,2026-05-03 19:26,2026-05-05 14:23,73.2,KG,24,51.66,GBP,DELIVERED
SH102509,2025-06-30,P-1081,SVC4,EGRT,L-243,L-216,2025-06-30 20:00,2025-07-03 10:24,511.5,LB,3,116.06,GBP,DELIVERED
SH102510,2025-01-15,P-1066,SVC1,EGRT,L-253,L-204,,,99.8,KG,13,101.20,GBP,BOOKED
SH102511,2025-09-22,P-1031,SVC5,BLTC,L-231,L-236,2025-09-24 11:55,2025-09-25 12:20,1121.6,KG,13,485.27,EUR,DELIVERED
SH102512,2025-01-29,P-1122,SVC4,BLTC,L-243,L-252,2025-02-01 17:00,2025-02-13 08:17,262.9,KG,7,134.26,GBP,DELIVERED
SH102513,2025-10-10,P-1069,SVC2,ARRW,L-243,L-254,2025-10-12 10:56,2025-10-13 10:33,1197.3,LB,5,403.64,EUR,DELIVERED
SH102514,2025-04-07,P-1134,SVC6,GRYP,L-240,L-260,2025-04-08 18:10,2025-04-11 15:11,18.9,KG,7,48.54,GBP,DELIVERED
SH102515,2025-05-14,P-1006,SVC2,CDRX,L-254,L-225,,,933.0,LB,12,306.58,EUR,CANCELLED
SH102516,2026-01-18,P-1018,SVC6,ARRW,L-248,L-250,2026-01-18 21:39,2026-01-22 12:15,633.1,KG,2,282.58,GBP,DELIVERED
SH102517,2026-01-09,P-1063,SVC3,EGRT,L-251,L-207,2026-01-09 10:35,2026-01-10 18:13,1385.6,KG,10,616.76,EUR,DELIVERED
SH102518,2025-04-02,P-1005,SVC3,FNCH,L-255,L-245,,,786.4,KG,13,343.57,GBP,BOOKED
SH102519,2025-03-07,P-1058,SVC1,DNUB,L-259,L-209,2025-03-10 14:34,,439.0,KG,11,329.43,EUR,IN_TRANSIT
SH102520,2025-01-14,P-1007,SVC2,BLTC,L-247,L-244,2025-01-15 19:53,2025-01-16 11:03,385.1,LB,23,131.98,GBP,DELIVERED
SH102521,2025-09-24,P-1027,SVC3,GRYP,L-220,L-256,2025-09-27 15:18,2025-09-28 19:48,735.4,KG,2,328.56,GBP,DELIVERED
SH102522,2025-03-15,P-1063,SVC5,GRYP,L-255,L-208,2025-03-18 17:23,2025-03-21 13:37,358.0,KG,1,165.07,GBP,DELIVERED
SH102523,2026-04-26,P-1013,SVC1,FNCH,L-243,L-240,2026-04-27 07:21,2026-04-28 18:21,1025.4,KG,25,708.52,GBP,DELIVERED
SH102524,2026-02-18,P-1005,SVC2,ARRW,L-206,L-216,2026-02-20 20:18,2026-02-21 19:16,689.8,KG,1,482.26,EUR,DELIVERED
SH102525,2025-11-20,P-1034,SVC6,GRYP,L-212,L-251,2025-11-22 11:54,2025-11-27 08:21,25.6,KG,4,51.69,GBP,DELIVERED
SH102526,2025-07-29,P-1129,SVC5,EGRT,L-254,L-225,2025-07-31 06:06,2025-08-01 10:10,716.2,LB,6,173.25,GBP,DELIVERED
SH102527,2026-02-28,P-1163,SVC3,CDRX,L-251,L-204,2026-02-28 15:33,2026-03-01 21:18,324.9,LB,25,77.13,GBP,DELIVERED
SH102528,2025-10-30,P-1083,SVC2,EGRT,L-203,L-222,2025-10-30 09:00,,578.0,KG,15,406.79,GBP,IN_TRANSIT
SH102529,2025-08-11,P-1165,SVC3,ARRW,L-247,L-252,2025-08-14 08:11,2025-08-16 10:07,917.4,KG,3,418.81,GBP,DELIVERED
SH102530,2025-07-06,P-1082,SVC3,GRYP,L-251,L-258,2025-07-06 09:07,2025-07-08 17:21,119.2,KG,21,67.79,GBP,DELIVERED
SH102531,2025-12-25,P-1051,SVC2,GRYP,L-218,L-235,2025-12-25 06:09,2025-12-27 17:18,179.2,KG,26,149.04,GBP,DELIVERED
SH102532,2025-09-09,P-1229,SVC5,GRYP,L-211,L-240,2025-09-11 14:31,2025-09-14 11:59,901.3,KG,19,412.13,GBP,DELIVERED
SH102533,2025-03-01,P-1181,SVC4,ARRW,L-233,L-208,2025-03-02 11:24,2025-03-11 06:49,1291.1,KG,5,565.62,GBP,DELIVERED
SH102534,2025-06-25,P-1138,SVC3,EGRT,L-208,L-207,2025-06-26 11:08,2025-06-29 20:01,1041.9,KG,21,477.05,EUR,DELIVERED
SH102535,2025-02-23,P-1052,SVC4,FNCH,L-253,L-226,2025-02-23 06:25,2025-03-07 17:47,1125.2,LB,18,230.71,GBP,DELIVERED
SH102536,2026-04-29,P-1172,SVC4,DNUB,L-251,L-260,2026-05-02 17:07,2026-05-12 20:34,1141.3,LB,8,254.86,GBP,DELIVERED
SH102537,2025-10-17,P-1228,SVC3,DNUB,L-240,L-202,2025-10-19 15:07,2025-10-25 18:46,847.8,KG,6,395.21,EUR,DELIVERED
SH102538,2025-04-23,P-1237,SVC5,BLTC,L-230,L-201,2025-04-23 15:30,2025-05-02 12:29,438.8,LB,16,120.98,GBP,DELIVERED
SH102539,2025-10-23,P-1001,SVC4,FNCH,L-214,L-256,2025-10-24 12:44,2025-10-30 11:45,397.4,KG,21,200.49,GBP,DELIVERED
SH102540,2025-10-01,P-1234,SVC1,DNUB,L-219,L-207,2025-10-02 07:38,2025-10-03 14:20,145.7,KG,24,120.08,GBP,DELIVERED
SH102541,2025-01-21,P-1063,SVC1,BLTC,L-231,L-221,2025-01-24 15:25,2025-01-30 17:13,1225.7,KG,2,847.04,GBP,DELIVERED
SH102542,2025-08-06,P-1064,SVC2,CDRX,L-231,L-244,2025-08-06 15:57,,411.0,KG,2,293.40,GBP,IN_TRANSIT
SH102543,2026-04-02,P-1085,SVC3,ARRW,L-238,L-207,,,438.7,LB,2,106.32,GBP,BOOKED
SH102544,2025-10-10,P-1129,SVC1,CDRX,L-254,L-217,2025-10-13 14:35,2025-10-18 21:41,817.7,LB,17,282.99,GBP,DELIVERED
SH102545,2025-12-11,P-1100,SVC3,BLTC,L-215,L-245,2025-12-14 10:45,2025-12-16 21:25,282.5,KG,2,145.95,GBP,DELIVERED
SH102546,2025-05-23,P-1069,SVC4,DNUB,L-216,L-206,2025-05-25 10:24,2025-05-27 10:48,285.7,LB,4,70.64,GBP,DELIVERED
SH102547,2026-03-21,P-1143,SVC4,CDRX,L-206,L-253,,,165.2,LB,19,64.84,GBP,CANCELLED
SH102548,2025-04-13,P-1013,SVC5,BLTC,L-256,L-222,2025-04-15 20:47,2025-04-16 10:03,912.2,LB,10,214.41,GBP,DELIVERED
SH102549,2025-09-14,P-1023,SVC4,EGRT,L-259,L-227,2025-09-14 19:44,2025-09-19 06:31,1008.6,KG,7,448.35,GBP,DELIVERED
SH102550,2026-01-08,P-1138,SVC4,BLTC,L-215,L-235,2026-01-11 06:26,2026-01-20 10:03,1058.9,LB,2,226.07,GBP,DELIVERED
SH102551,2025-08-06,P-1118,SVC2,DNUB,L-207,L-214,,,1254.2,LB,11,407.65,GBP,BOOKED
SH102552,2026-03-08,P-1214,SVC4,BLTC,L-234,L-257,2026-03-08 19:03,,1332.8,LB,17,267.19,GBP,IN_TRANSIT
SH102553,2025-03-01,P-1101,SVC1,FNCH,L-238,L-207,2025-03-03 14:59,2025-03-04 18:30,691.3,KG,22,505.68,GBP,DELIVERED
SH102554,2025-09-27,P-1066,SVC5,BLTC,L-250,L-203,2025-09-30 09:17,2025-10-05 21:20,23.8,KG,6,35.11,EUR,DELIVERED
SH102555,2025-02-07,P-1093,SVC1,FNCH,L-257,L-203,2025-02-07 14:30,2025-02-08 10:26,172.4,KG,13,158.05,GBP,DELIVERED
SH102556,2026-04-25,P-1083,SVC5,EGRT,L-221,L-234,2026-04-28 07:51,,1385.7,KG,16,599.67,GBP,IN_TRANSIT
SH102557,2026-05-02,P-1156,SVC6,BLTC,L-209,L-235,2026-05-03 08:40,2026-05-05 20:12,1147.7,KG,17,519.88,GBP,DELIVERED
SH102558,2025-03-30,P-1046,SVC3,CDRX,L-244,L-236,2025-03-30 19:33,2025-04-03 13:22,953.6,KG,9,439.16,GBP,DELIVERED
SH102559,2025-09-01,P-1118,SVC3,DNUB,L-228,L-213,,,616.4,LB,17,154.13,GBP,CANCELLED
SH102560,2025-12-19,P-1044,SVC2,BLTC,L-238,L-227,2025-12-20 20:59,2025-12-23 13:06,1325.8,KG,16,918.26,GBP,DELIVERED
SH102561,2026-04-18,P-1003,SVC1,EGRT,L-201,L-202,2026-04-19 21:58,2026-04-20 21:02,1292.7,KG,7,901.66,GBP,DELIVERED
SH102562,2026-04-23,P-1229,SVC2,EGRT,L-247,L-230,2026-04-25 12:37,2026-04-26 06:28,281.8,KG,2,215.69,GBP,DELIVERED
SH102563,2025-08-02,P-1063,SVC1,EGRT,L-256,L-243,2025-08-04 17:53,2025-08-05 10:04,148.2,LB,16,81.71,GBP,DELIVERED
SH102564,2026-03-02,P-1168,SVC1,DNUB,L-232,L-259,2026-03-05 09:36,2026-03-06 12:10,1335.9,KG,9,916.82,GBP,DELIVERED
SH102565,2026-02-17,P-1038,SVC5,EGRT,L-205,L-211,2026-02-19 08:26,2026-02-25 21:14,1305.1,KG,7,582.57,GBP,DELIVERED
SH102566,2025-11-02,P-1070,SVC3,CDRX,L-201,L-239,2025-11-03 12:36,2025-11-05 06:36,30.2,KG,20,53.95,GBP,DELIVERED
SH102567,2025-09-27,P-1107,SVC4,CDRX,L-217,L-255,2025-09-30 15:53,,1304.8,KG,21,586.83,GBP,IN_TRANSIT
SH102568,2025-11-20,P-1138,SVC3,FNCH,L-221,L-241,2025-11-22 10:08,2025-11-26 14:14,1031.6,KG,4,464.80,GBP,DELIVERED
SH102569,2025-01-31,P-1082,SVC6,DNUB,L-257,L-211,2025-01-31 07:50,,380.1,KG,24,187.96,GBP,IN_TRANSIT
SH102570,2025-02-20,P-1141,SVC5,GRYP,L-222,L-233,2025-02-22 16:08,2025-02-24 19:44,442.3,KG,2,219.33,GBP,DELIVERED
SH102571,2025-02-24,P-1145,SVC5,ARRW,L-225,L-219,2025-02-25 06:43,2025-03-01 13:31,1296.0,LB,21,265.80,GBP,DELIVERED
SH102572,2025-06-02,P-1039,SVC1,GRYP,L-207,L-256,2025-06-02 19:41,2025-06-03 10:22,161.4,KG,2,141.75,GBP,DELIVERED
SH102573,2026-02-03,P-1194,SVC1,DNUB,L-240,L-212,2026-02-06 18:30,2026-02-07 11:17,981.2,KG,15,680.97,GBP,DELIVERED
SH102574,2025-03-11,P-1072,SVC3,FNCH,L-221,L-204,2025-03-14 17:25,2025-03-18 11:47,948.6,KG,7,427.81,EUR,DELIVERED
SH102575,2025-12-17,P-1153,SVC1,BLTC,L-219,L-230,,,153.5,LB,19,77.50,EUR,CANCELLED
SH102576,2025-07-25,P-1151,SVC2,CDRX,L-252,L-203,2025-07-25 17:10,,939.8,KG,12,646.30,GBP,IN_TRANSIT
SH102577,2025-07-30,P-1209,SVC3,FNCH,L-201,L-252,2025-08-02 12:11,2025-08-04 06:49,204.8,KG,19,124.24,EUR,DELIVERED
SH102578,2025-04-11,P-1011,SVC4,CDRX,L-208,L-246,2025-04-12 12:31,2025-04-16 07:23,466.3,KG,2,223.76,GBP,DELIVERED
SH102579,2026-05-10,P-1233,SVC1,EGRT,L-248,L-216,2026-05-10 07:50,2026-05-11 10:42,815.8,KG,2,566.25,GBP,DELIVERED
SH102580,2025-05-13,P-1045,SVC2,EGRT,L-206,L-254,2025-05-16 11:09,2025-05-18 08:32,1166.9,LB,11,381.44,EUR,DELIVERED
SH102581,2025-10-12,P-1103,SVC2,FNCH,L-228,L-239,2025-10-15 12:55,2025-10-16 11:59,41.6,KG,22,55.50,GBP,DELIVERED
SH102582,2026-02-15,P-1168,SVC5,DNUB,L-228,L-216,2026-02-15 08:40,2026-02-19 10:29,373.6,KG,18,171.30,GBP,DELIVERED
SH102583,2026-05-09,P-1137,SVC5,CDRX,L-206,L-255,2026-05-09 10:52,,864.1,LB,23,192.03,GBP,IN_TRANSIT
SH102584,2025-08-19,P-1163,SVC1,ARRW,L-253,L-245,2025-08-22 07:18,2025-08-26 21:54,526.0,KG,11,393.77,GBP,DELIVERED
SH102585,2026-03-27,P-1048,SVC6,BLTC,L-250,L-248,2026-03-30 14:12,2026-03-31 09:56,466.2,KG,12,216.70,GBP,DELIVERED
SH102586,2025-10-18,P-1014,SVC4,ARRW,L-253,L-212,2025-10-20 14:12,2025-10-22 14:09,847.4,LB,24,191.88,GBP,DELIVERED
SH102587,2025-07-26,P-1117,SVC4,CDRX,L-218,L-213,2025-07-26 12:23,2025-07-31 17:32,627.2,KG,18,285.94,GBP,DELIVERED
SH102588,2025-01-28,P-1072,SVC2,EGRT,L-236,L-229,2025-01-28 18:44,2025-01-30 15:34,1363.8,LB,19,437.23,GBP,DELIVERED
SH102589,2025-09-26,P-1143,SVC2,ARRW,L-245,L-241,2025-09-27 17:04,2025-09-28 17:59,330.1,KG,24,247.21,GBP,DELIVERED
SH102590,2026-03-06,P-1204,SVC3,GRYP,L-206,L-247,2026-03-09 08:19,2026-03-13 21:04,535.5,KG,26,265.57,GBP,DELIVERED
SH102591,2025-04-11,P-1173,SVC4,BLTC,L-212,L-245,2025-04-12 11:26,2025-04-19 17:48,622.5,LB,7,146.04,GBP,DELIVERED
SH102592,2026-05-15,P-1231,SVC6,CDRX,L-201,L-258,2026-05-16 11:30,2026-05-17 21:34,542.7,KG,24,265.52,GBP,DELIVERED
SH102593,2025-05-13,P-1057,SVC6,DNUB,L-203,L-255,2025-05-14 13:38,2025-05-16 18:09,401.8,LB,7,93.79,GBP,DELIVERED
SH102594,2025-02-22,P-1046,SVC2,ARRW,L-241,L-242,2025-02-22 19:15,2025-02-24 10:06,1133.0,KG,14,780.47,GBP,DELIVERED
SH102595,2025-07-28,P-1212,SVC4,ARRW,L-219,L-211,2025-07-29 06:21,2025-07-31 11:42,143.2,LB,12,53.67,EUR,DELIVERED
SH102596,2025-08-23,P-1100,SVC4,GRYP,L-205,L-258,2025-08-26 11:12,2025-08-29 13:45,429.1,KG,19,222.89,GBP,DELIVERED
SH102597,2025-03-31,P-1209,SVC1,BLTC,L-230,L-255,,,1303.2,KG,22,892.11,GBP,BOOKED
SH102598,2025-10-08,P-1198,SVC6,GRYP,L-237,L-208,2025-10-09 13:16,2025-10-12 20:08,496.9,KG,7,225.78,GBP,DELIVERED
SH102599,2025-08-21,P-1025,SVC3,CDRX,L-222,L-235,2025-08-23 12:42,2025-08-27 09:56,47.3,KG,5,58.41,GBP,DELIVERED
SH102600,2025-05-14,P-1187,SVC4,ARRW,L-247,L-224,2025-05-16 13:25,2025-05-22 13:33,393.0,KG,11,200.09,GBP,DELIVERED
SH102601,2025-06-22,P-1080,SVC2,FNCH,L-207,L-201,2025-06-22 07:10,2025-06-24 21:00,822.5,LB,19,271.74,EUR,DELIVERED
SH102602,2025-04-23,P-1106,SVC4,ARRW,L-219,L-210,2025-04-26 17:21,2025-04-28 15:53,1191.1,KG,13,526.00,GBP,DELIVERED
SH102603,2026-05-15,P-1165,SVC5,EGRT,L-219,L-256,,,1135.8,KG,26,516.07,GBP,BOOKED
SH102604,2025-10-02,P-1141,SVC2,CDRX,L-256,L-244,2025-10-05 21:56,2025-10-07 13:04,689.2,KG,22,480.46,GBP,DELIVERED
SH102605,2026-05-08,P-1205,SVC3,DNUB,L-242,L-231,2026-05-11 09:42,2026-05-14 21:10,1183.0,LB,7,250.46,GBP,DELIVERED
SH102606,2025-02-08,P-1089,SVC5,ARRW,L-248,L-237,2025-02-10 16:53,2025-02-14 16:33,752.1,KG,16,347.01,GBP,DELIVERED
SH102607,2026-02-19,P-1130,SVC3,EGRT,L-218,L-254,2026-02-22 18:28,2026-02-25 14:35,13.5,KG,4,46.92,GBP,DELIVERED
SH102608,2025-10-03,P-1203,SVC1,EGRT,L-245,L-219,2025-10-06 10:57,2025-10-11 19:34,111.4,KG,9,105.80,GBP,DELIVERED
SH102609,2025-06-02,P-1117,SVC3,CDRX,L-229,L-240,2025-06-04 08:58,2025-06-06 15:16,542.9,KG,13,264.27,GBP,DELIVERED
SH102610,2025-03-08,P-1082,SVC4,CDRX,L-213,L-236,2025-03-08 11:34,2025-03-12 07:32,1054.3,KG,17,471.10,GBP,DELIVERED
SH102611,2025-06-20,P-1164,SVC3,GRYP,L-236,L-218,2025-06-20 07:09,2025-06-25 09:38,732.0,LB,24,152.84,GBP,DELIVERED
SH102612,2026-05-14,P-1081,SVC2,BLTC,L-233,L-217,2026-05-17 18:36,2026-05-19 17:37,1184.3,KG,23,818.61,GBP,DELIVERED
SH102613,2025-12-22,P-1206,SVC4,GRYP,L-258,L-227,2025-12-25 16:55,2025-12-29 19:12,285.2,KG,6,145.39,GBP,DELIVERED
SH102614,2025-08-14,P-1004,SVC2,GRYP,L-220,L-244,2025-08-17 12:41,2025-08-18 14:18,929.2,KG,15,663.58,GBP,DELIVERED
SH102615,2025-08-04,P-1074,SVC3,EGRT,L-234,L-206,,,222.9,KG,22,117.67,EUR,CANCELLED
SH102616,2025-11-12,P-1140,SVC1,ARRW,L-237,L-205,2025-11-15 08:46,2025-11-16 14:10,111.5,LB,26,73.06,GBP,DELIVERED
SH102617,2026-01-06,P-1008,SVC2,DNUB,L-247,L-243,2026-01-06 10:33,,918.9,LB,7,298.73,GBP,IN_TRANSIT
SH102618,2026-02-21,P-1001,SVC5,DNUB,L-205,L-203,2026-02-24 19:03,2026-02-26 18:43,169.7,KG,7,112.34,GBP,DELIVERED
SH102619,2025-03-04,P-1152,SVC3,ARRW,L-258,L-255,2025-03-05 17:33,2025-03-11 13:01,528.7,LB,9,121.95,GBP,DELIVERED
SH102620,2025-04-06,P-1233,SVC3,EGRT,L-207,L-235,,,999.9,KG,17,456.04,GBP,CANCELLED
SH102621,2025-08-16,P-1207,SVC3,CDRX,L-203,L-245,2025-08-16 06:25,2025-08-18 14:59,54.9,KG,17,43.57,GBP,DELIVERED
SH102622,2026-04-26,P-1231,SVC2,GRYP,L-244,L-252,2026-04-28 20:54,2026-04-30 17:24,1158.1,KG,9,809.11,EUR,DELIVERED
SH102623,2025-09-20,P-1150,SVC1,EGRT,L-260,L-233,2025-09-21 10:14,2025-09-22 15:44,715.5,KG,19,495.23,GBP,DELIVERED
SH102624,2025-02-18,P-1164,SVC1,EGRT,L-232,L-225,,,708.5,KG,6,506.06,EUR,BOOKED
SH102625,2025-05-28,P-1001,SVC5,ARRW,L-217,L-208,2025-05-31 10:09,2025-06-05 16:52,1119.0,KG,10,503.06,GBP,DELIVERED
SH102626,2026-01-22,P-1104,SVC2,EGRT,L-212,L-248,2026-01-25 14:53,2026-01-27 07:58,404.4,KG,19,299.21,GBP,DELIVERED
SH102627,2026-01-26,P-1051,SVC3,EGRT,L-239,L-222,,,123.8,LB,5,40.15,GBP,BOOKED
SH102628,2025-06-23,P-1087,SVC4,ARRW,L-227,L-214,2025-06-26 06:16,2025-06-30 19:48,440.6,KG,16,208.08,EUR,DELIVERED
SH102629,2025-07-25,P-1130,SVC2,CDRX,L-234,L-229,2025-07-26 07:45,,107.6,KG,9,109.83,GBP,IN_TRANSIT
SH102630,2026-05-06,P-1112,SVC2,BLTC,L-222,L-251,2026-05-09 15:19,2026-05-11 18:06,98.2,LB,21,57.27,GBP,DELIVERED
SH102631,2025-01-31,P-1052,SVC3,DNUB,L-250,L-242,2025-02-02 16:00,,483.9,LB,22,107.24,GBP,IN_TRANSIT
SH102632,2025-11-01,P-1210,SVC5,EGRT,L-220,L-229,2025-11-03 20:08,,828.7,KG,22,372.60,GBP,IN_TRANSIT
SH102633,2025-05-29,P-1008,SVC3,BLTC,L-241,L-252,2025-05-30 08:06,2025-06-04 17:06,856.1,LB,17,195.78,GBP,DELIVERED
SH102634,2025-04-10,P-1183,SVC2,BLTC,L-249,L-257,2025-04-12 08:38,2025-04-13 20:29,996.2,LB,21,330.29,GBP,DELIVERED
SH102635,2026-02-03,P-1155,SVC4,EGRT,L-237,L-245,2026-02-05 08:46,,454.4,KG,18,223.97,GBP,IN_TRANSIT
SH102636,2025-08-11,P-1031,SVC3,BLTC,L-250,L-215,2025-08-13 13:58,2025-08-15 13:14,406.3,KG,22,207.68,GBP,DELIVERED
SH102637,2025-02-17,P-1087,SVC2,FNCH,L-222,L-234,2025-02-18 08:42,2025-02-19 06:02,759.9,LB,17,251.76,GBP,DELIVERED
SH102638,2025-07-14,P-1011,SVC3,DNUB,L-209,L-238,2025-07-16 17:08,2025-07-19 16:32,728.6,LB,20,151.86,GBP,DELIVERED
SH102639,2026-02-02,P-1219,SVC2,ARRW,L-227,L-204,2026-02-02 20:07,2026-02-03 19:23,1177.9,KG,7,825.96,GBP,DELIVERED
SH102640,2025-10-02,P-1011,SVC2,BLTC,L-206,L-252,2025-10-03 12:11,2025-10-04 10:48,23.1,LB,1,20.54,GBP,DELIVERED
SH102641,2025-03-01,P-1081,SVC4,GRYP,L-213,L-233,2025-03-01 15:10,2025-03-07 20:21,646.2,KG,8,303.56,GBP,DELIVERED
SH102642,2025-01-15,P-1052,SVC4,FNCH,L-221,L-230,2025-01-15 17:22,2025-01-19 09:04,763.5,KG,5,336.38,GBP,DELIVERED
SH102643,2025-08-12,P-1222,SVC4,ARRW,L-207,L-248,2025-08-15 19:22,2025-08-19 19:36,185.4,KG,21,108.04,GBP,DELIVERED
SH102644,2025-12-30,P-1110,SVC3,BLTC,L-254,L-239,2025-12-30 08:17,2026-01-04 07:33,1375.4,LB,26,286.67,GBP,DELIVERED
SH102645,2025-09-05,P-1206,SVC4,BLTC,L-252,L-207,2025-09-06 06:15,2025-09-12 13:11,1216.7,LB,1,249.53,GBP,DELIVERED
SH102646,2025-10-18,P-1162,SVC4,FNCH,L-245,L-213,2025-10-21 14:54,2025-10-22 18:53,957.8,KG,19,424.67,GBP,DELIVERED
SH102647,2025-10-20,P-1015,SVC5,CDRX,L-225,L-231,2025-10-23 06:54,,518.2,KG,16,239.85,EUR,IN_TRANSIT
SH102648,2026-01-23,P-1192,SVC5,FNCH,L-220,L-236,,,1370.4,KG,19,590.93,GBP,CANCELLED
SH102649,2026-03-11,P-1176,SVC3,EGRT,L-225,L-250,2026-03-14 21:17,2026-03-17 11:01,429.2,KG,20,213.70,GBP,DELIVERED
SH102650,2025-01-20,P-1140,SVC1,GRYP,L-208,L-242,2025-01-21 19:42,2025-01-22 08:11,1134.0,KG,9,776.77,GBP,DELIVERED
SH102651,2025-03-22,P-1053,SVC3,ARRW,L-205,L-230,2025-03-24 14:05,2025-03-27 09:37,341.6,KG,18,180.82,EUR,DELIVERED
SH102652,2025-11-20,P-1119,SVC3,DNUB,L-250,L-252,2025-11-22 18:45,2025-11-25 15:57,1065.5,LB,9,243.99,GBP,DELIVERED
SH102653,2025-05-09,P-1074,SVC3,BLTC,L-209,L-226,2025-05-11 16:40,2025-05-15 13:42,1146.9,KG,18,502.91,GBP,DELIVERED
SH102654,2025-09-22,P-1062,SVC5,BLTC,L-217,L-209,2025-09-23 07:52,,228.3,LB,24,84.76,GBP,IN_TRANSIT
SH102655,2025-05-18,P-1101,SVC1,DNUB,L-210,L-246,2025-05-18 11:06,2025-05-19 11:30,49.0,KG,9,70.44,GBP,DELIVERED
SH102656,2025-04-12,P-1029,SVC1,CDRX,L-202,L-257,2025-04-14 16:11,2025-04-15 13:38,73.1,LB,20,42.33,EUR,DELIVERED
SH102657,2025-09-21,P-1088,SVC4,BLTC,L-225,L-249,2025-09-23 09:50,2025-10-04 19:08,609.3,KG,18,269.30,EUR,DELIVERED
SH102658,2025-02-10,P-1121,SVC4,CDRX,L-245,L-247,2025-02-13 16:47,2025-02-14 15:04,152.6,KG,19,102.19,EUR,DELIVERED
SH102659,2025-03-01,P-1044,SVC4,BLTC,L-256,L-259,2025-03-02 12:13,2025-03-10 20:03,778.6,LB,24,171.93,GBP,DELIVERED
SH102660,2025-08-21,P-1137,SVC3,CDRX,L-233,L-258,2025-08-24 07:16,2025-08-27 11:59,802.0,LB,24,194.80,GBP,DELIVERED
SH102661,2025-04-30,P-1040,SVC6,ARRW,L-226,L-213,2025-04-30 17:30,2025-05-03 08:45,843.8,KG,2,367.45,GBP,DELIVERED
SH102662,2025-10-15,P-1098,SVC4,CDRX,L-260,L-227,2025-10-16 08:00,2025-10-18 08:33,1202.0,LB,6,244.17,GBP,DELIVERED
SH102663,2026-03-17,P-1086,SVC4,DNUB,L-249,L-211,2026-03-19 20:19,2026-03-30 20:34,862.9,KG,5,378.80,GBP,DELIVERED
SH102664,2025-07-07,P-1022,SVC2,EGRT,L-239,L-210,2025-07-07 21:24,2025-07-08 19:00,647.7,KG,20,456.98,EUR,DELIVERED
SH102665,2025-02-21,P-1098,SVC1,EGRT,L-249,L-255,2025-02-22 15:21,2025-02-26 08:07,1330.3,KG,12,910.63,GBP,DELIVERED
SH102666,2026-03-03,P-1090,SVC2,FNCH,L-220,L-259,2026-03-06 17:14,2026-03-10 20:13,606.1,KG,19,421.27,GBP,DELIVERED
SH102667,2026-03-13,P-1190,SVC3,FNCH,L-260,L-246,2026-03-15 14:32,2026-03-16 12:45,742.9,KG,16,345.90,GBP,DELIVERED
SH102668,2025-12-06,P-1183,SVC5,ARRW,L-227,L-232,2025-12-09 08:59,,72.7,LB,2,41.46,GBP,IN_TRANSIT
SH102669,2025-12-24,P-1014,SVC3,CDRX,L-243,L-203,2025-12-27 16:36,2025-12-30 15:57,998.4,KG,2,451.50,GBP,DELIVERED
SH102670,2026-04-08,P-1123,SVC1,FNCH,L-216,L-247,2026-04-10 08:41,2026-04-11 15:15,415.4,LB,12,141.46,GBP,DELIVERED
SH102671,2025-03-16,P-1088,SVC1,CDRX,L-251,L-253,2025-03-17 16:29,2025-03-18 11:59,1301.8,LB,14,428.13,EUR,DELIVERED
SH102672,2026-03-07,P-1078,SVC4,GRYP,L-259,L-220,2026-03-07 08:13,2026-03-13 21:58,1255.6,KG,3,569.98,GBP,DELIVERED
SH102673,2026-03-03,P-1118,SVC2,BLTC,L-240,L-220,,,1208.8,LB,5,407.38,EUR,CANCELLED
SH102674,2026-03-21,P-1093,SVC2,EGRT,L-203,L-241,2026-03-23 09:44,2026-03-28 21:17,1299.7,LB,17,410.96,GBP,DELIVERED
SH102675,2026-04-09,P-1174,SVC4,EGRT,L-220,L-218,,,874.2,KG,10,391.81,GBP,CANCELLED
SH102676,2025-09-19,P-1227,SVC6,ARRW,L-226,L-229,2025-09-20 07:42,2025-09-23 06:07,815.5,KG,18,356.68,GBP,DELIVERED
SH102677,2025-04-09,P-1010,SVC3,GRYP,L-258,L-239,2025-04-12 19:08,2025-04-15 06:48,182.6,KG,7,102.33,EUR,DELIVERED
SH102678,2026-02-15,P-1219,SVC1,GRYP,L-206,L-251,,,942.8,KG,1,674.35,GBP,BOOKED
SH102679,2025-08-29,P-1133,SVC6,EGRT,L-230,L-226,2025-08-30 19:48,2025-08-31 07:50,550.5,KG,10,252.82,GBP,DELIVERED
SH102680,2025-02-04,P-1192,SVC5,EGRT,L-220,L-204,2025-02-04 16:01,2025-02-06 14:37,1097.9,KG,4,500.36,GBP,DELIVERED
SH102681,2026-02-25,P-1051,SVC1,FNCH,L-224,L-233,2026-02-25 16:45,2026-02-26 15:08,486.7,KG,23,349.72,GBP,DELIVERED
SH102682,2025-05-09,P-1116,SVC3,FNCH,L-203,L-246,2025-05-12 14:00,2025-05-14 13:32,116.1,KG,21,72.56,GBP,DELIVERED
SH102683,2026-04-17,P-1088,SVC2,EGRT,L-227,L-243,2026-04-19 21:42,,850.0,KG,22,610.65,GBP,IN_TRANSIT
SH102684,2025-06-28,P-1049,SVC5,DNUB,L-209,L-249,2025-07-01 17:30,2025-07-06 19:25,449.9,LB,4,109.97,GBP,DELIVERED
SH102685,2025-11-27,P-1085,SVC2,DNUB,L-249,L-242,2025-11-29 07:29,2025-12-01 15:23,630.6,KG,19,462.20,GBP,DELIVERED
SH102686,2026-03-15,P-1201,SVC3,DNUB,L-238,L-259,2026-03-17 07:58,2026-03-21 09:36,1372.4,KG,26,616.55,GBP,DELIVERED
SH102687,2025-08-21,P-1017,SVC4,DNUB,L-244,L-254,2025-08-23 11:31,2025-08-25 20:19,564.6,KG,4,263.16,GBP,DELIVERED
SH102688,2025-03-18,P-1026,SVC3,BLTC,L-237,L-205,2025-03-20 17:50,2025-03-24 15:19,130.9,LB,11,58.92,GBP,DELIVERED
SH102689,2025-10-22,P-1191,SVC5,GRYP,L-255,L-246,2025-10-22 06:10,2025-10-27 17:32,550.8,KG,11,247.07,GBP,DELIVERED
SH102690,2025-04-04,P-1178,SVC4,DNUB,L-222,L-220,2025-04-05 15:41,,462.1,LB,7,106.07,EUR,IN_TRANSIT
SH102691,2025-03-28,P-1150,SVC2,GRYP,L-226,L-245,2025-03-30 10:03,2025-03-31 10:53,1126.2,LB,20,380.14,GBP,DELIVERED
SH102692,2026-03-28,P-1051,SVC4,BLTC,L-249,L-254,2026-03-28 21:01,2026-03-31 17:43,377.2,LB,20,103.41,GBP,DELIVERED
SH102693,2025-12-13,P-1090,SVC3,CDRX,L-250,L-252,2025-12-14 14:43,2025-12-22 15:36,1298.6,KG,2,564.23,GBP,DELIVERED
SH102694,2025-07-24,P-1173,SVC2,FNCH,L-213,L-234,2025-07-25 13:13,2025-07-26 09:45,524.0,KG,10,380.19,GBP,DELIVERED
SH102695,2026-04-30,P-1204,SVC3,FNCH,L-227,L-251,2026-05-03 15:17,,1094.6,KG,10,484.61,GBP,IN_TRANSIT
SH102696,2025-02-17,P-1218,SVC3,DNUB,L-236,L-231,2025-02-20 14:51,,451.9,LB,10,112.54,EUR,IN_TRANSIT
SH102697,2025-01-03,P-1171,SVC3,CDRX,L-225,L-207,2025-01-04 16:52,,736.6,KG,20,347.45,EUR,IN_TRANSIT
SH102698,2025-06-08,P-1002,SVC6,FNCH,L-201,L-239,,,1125.6,LB,1,253.47,GBP,CANCELLED
SH102699,2025-06-07,P-1104,SVC3,BLTC,L-241,L-260,2025-06-10 18:32,,211.8,LB,8,55.18,GBP,IN_TRANSIT
SH102700,2025-06-16,P-1234,SVC3,GRYP,L-257,L-218,2025-06-16 17:13,,662.0,LB,20,150.50,GBP,IN_TRANSIT
SH102701,2025-05-20,P-1192,SVC1,EGRT,L-207,L-201,2025-05-22 11:28,2025-05-23 06:29,977.3,KG,5,681.82,EUR,DELIVERED
SH102702,2026-03-30,P-1219,SVC2,ARRW,L-241,L-260,2026-04-02 12:15,2026-04-03 06:50,818.9,KG,3,577.78,GBP,DELIVERED
SH102703,2025-07-06,P-1086,SVC3,BLTC,L-236,L-260,2025-07-08 14:05,2025-07-09 18:58,851.5,LB,1,189.56,GBP,DELIVERED
SH102704,2025-02-26,P-1208,SVC1,EGRT,L-237,L-225,2025-03-01 19:30,2025-03-02 06:14,1149.0,KG,15,792.56,GBP,DELIVERED
SH102705,2025-01-12,P-1168,SVC1,GRYP,L-228,L-242,2025-01-14 07:14,2025-01-15 19:35,734.1,KG,3,520.20,GBP,DELIVERED
SH102706,2026-01-19,P-1112,SVC3,FNCH,L-258,L-232,2026-01-21 16:31,2026-01-25 11:04,476.2,KG,8,221.54,GBP,DELIVERED
SH102707,2026-01-06,P-1086,SVC3,FNCH,L-220,L-203,2026-01-06 14:25,,168.3,LB,24,62.32,GBP,IN_TRANSIT
SH102708,2025-01-28,P-1142,SVC4,GRYP,L-234,L-222,2025-01-30 06:27,2025-02-08 13:07,397.4,KG,1,198.02,GBP,DELIVERED
SH102709,2025-10-12,P-1196,SVC6,ARRW,L-242,L-246,2025-10-13 20:11,2025-10-15 21:57,627.7,LB,5,142.95,GBP,DELIVERED
SH102710,2025-04-10,P-1007,SVC3,GRYP,L-222,L-201,2025-04-12 17:26,2025-04-14 18:57,1230.7,KG,13,544.97,GBP,DELIVERED
SH102711,2025-03-03,P-1062,SVC6,ARRW,L-260,L-211,2025-03-06 08:15,,932.3,KG,1,421.29,GBP,IN_TRANSIT
SH102712,2025-07-08,P-1102,SVC4,ARRW,L-241,L-211,2025-07-11 18:51,2025-07-14 15:39,522.6,KG,26,258.21,GBP,DELIVERED
SH102713,2025-04-10,P-1094,SVC1,GRYP,L-248,L-260,2025-04-11 18:27,2025-04-16 14:51,134.4,LB,8,80.72,GBP,DELIVERED
SH102714,2025-07-30,P-1197,SVC4,BLTC,L-252,L-239,2025-08-01 17:32,2025-08-06 06:56,580.8,LB,13,128.45,GBP,DELIVERED
SH102715,2025-12-26,P-1221,SVC1,BLTC,L-253,L-216,2025-12-27 17:35,2025-12-31 20:32,471.1,KG,3,353.73,GBP,DELIVERED
SH102716,2025-03-18,P-1039,SVC3,CDRX,L-236,L-238,2025-03-19 12:16,2025-03-23 10:37,131.6,KG,17,78.67,EUR,DELIVERED
SH102717,2025-05-31,P-1158,SVC1,BLTC,L-234,L-205,2025-05-31 12:27,,544.6,KG,22,391.27,EUR,IN_TRANSIT
SH102718,2025-01-12,P-1060,SVC1,FNCH,L-236,L-244,,,62.4,KG,11,82.87,GBP,CANCELLED
SH102719,2026-01-15,P-1191,SVC3,FNCH,L-236,L-245,2026-01-16 19:57,2026-01-18 16:31,822.5,LB,2,194.23,GBP,DELIVERED
SH102720,2025-03-07,P-1139,SVC6,FNCH,L-243,L-215,2025-03-09 20:49,2025-03-16 20:22,733.5,KG,1,349.46,EUR,DELIVERED
SH102721,2025-09-07,P-1124,SVC2,ARRW,L-214,L-243,,,864.7,LB,5,278.61,GBP,BOOKED
SH102722,2025-09-14,P-1136,SVC4,EGRT,L-231,L-210,,,895.6,KG,13,416.90,GBP,CANCELLED
SH102723,2025-05-09,P-1126,SVC1,GRYP,L-247,L-243,2025-05-12 11:00,2025-05-14 07:14,374.3,KG,15,271.38,EUR,DELIVERED
SH102724,2025-09-02,P-1223,SVC3,CDRX,L-235,L-204,2025-09-05 12:56,2025-09-08 11:49,1214.6,KG,14,542.26,GBP,DELIVERED
SH102725,2026-04-19,P-1012,SVC4,EGRT,L-245,L-236,2026-04-19 18:34,2026-04-20 13:19,1140.6,LB,12,252.06,GBP,DELIVERED
SH102726,2025-05-10,P-1066,SVC3,BLTC,L-235,L-231,,,566.3,KG,9,270.13,EUR,CANCELLED
SH102727,2026-02-17,P-1223,SVC5,FNCH,L-259,L-204,2026-02-17 21:14,2026-02-20 18:08,1137.4,KG,1,501.78,EUR,DELIVERED
SH102728,2025-05-18,P-1041,SVC6,GRYP,L-204,L-221,,,1111.0,LB,17,239.01,GBP,BOOKED
SH102729,2025-08-16,P-1189,SVC4,ARRW,L-228,L-226,,,1374.8,KG,10,606.97,GBP,CANCELLED
SH102730,2025-12-26,P-1090,SVC4,DNUB,L-252,L-247,2025-12-27 16:28,2025-12-31 19:51,26.7,KG,1,49.92,GBP,DELIVERED
SH102731,2025-08-03,P-1104,SVC3,GRYP,L-209,L-249,2025-08-03 06:50,2025-08-04 09:21,971.4,KG,26,429.30,GBP,DELIVERED
SH102732,2025-10-02,P-1121,SVC5,GRYP,L-255,L-214,2025-10-03 06:55,2025-10-08 15:56,1071.7,KG,3,487.76,GBP,DELIVERED
SH102733,2025-01-17,P-1230,SVC2,ARRW,L-224,L-202,2025-01-17 15:05,2025-01-19 09:50,787.5,LB,22,279.84,GBP,DELIVERED
SH102734,2025-04-20,P-1088,SVC5,EGRT,L-237,L-205,2025-04-22 13:03,2025-04-23 15:17,587.7,LB,4,152.82,GBP,DELIVERED
SH102735,2026-03-15,P-1238,SVC5,EGRT,L-245,L-255,2026-03-18 18:18,2026-03-19 17:32,1038.0,LB,20,224.16,GBP,DELIVERED
SH102736,2025-10-30,P-1090,SVC3,EGRT,L-234,L-248,2025-11-01 10:27,2025-11-07 14:20,702.4,LB,1,173.16,GBP,DELIVERED
SH102737,2026-01-20,P-1010,SVC1,GRYP,L-246,L-225,2026-01-22 21:52,2026-01-23 20:31,1074.1,KG,18,750.31,GBP,DELIVERED
SH102738,2025-04-07,P-1032,SVC4,ARRW,L-201,L-245,2025-04-08 11:12,2025-04-09 09:35,1153.7,LB,20,252.31,GBP,DELIVERED
SH102739,2026-04-17,P-1005,SVC4,ARRW,L-212,L-211,2026-04-18 19:12,2026-04-26 20:21,105.6,LB,4,42.76,GBP,DELIVERED
SH102740,2025-08-16,P-1052,SVC3,DNUB,L-209,L-222,2025-08-17 08:09,2025-08-20 11:51,409.9,LB,18,108.02,GBP,DELIVERED
SH102741,2025-04-13,P-1196,SVC4,FNCH,L-244,L-242,2025-04-15 14:13,2025-04-19 09:03,1379.4,LB,7,290.07,EUR,DELIVERED
SH102742,2025-11-28,P-1114,SVC5,GRYP,L-230,L-247,2025-11-28 18:24,2025-12-03 17:37,878.1,KG,5,403.09,GBP,DELIVERED
SH102743,2025-10-19,P-1188,SVC2,FNCH,L-233,L-220,2025-10-20 17:40,2025-10-21 06:49,1243.2,KG,1,873.51,GBP,DELIVERED
SH102744,2025-11-13,P-1071,SVC6,EGRT,L-222,L-208,2025-11-16 10:32,2025-11-19 11:45,850.5,KG,1,381.13,GBP,DELIVERED
SH102745,2026-04-16,P-1147,SVC3,ARRW,L-221,L-233,2026-04-18 20:51,2026-04-21 07:26,658.3,LB,18,140.23,GBP,DELIVERED
SH102746,2026-04-16,P-1207,SVC3,GRYP,L-255,L-240,2026-04-17 07:53,2026-04-18 14:47,1045.5,KG,4,461.86,GBP,DELIVERED
SH102747,2025-04-14,P-1016,SVC5,FNCH,L-233,L-245,2025-04-17 20:47,2025-04-21 15:23,434.1,KG,26,203.43,GBP,DELIVERED
SH102748,2026-03-21,P-1122,SVC5,GRYP,L-221,L-251,2026-03-24 18:53,2026-03-25 11:50,402.2,KG,22,203.94,GBP,DELIVERED
SH102749,2025-09-21,P-1199,SVC3,CDRX,L-242,L-236,2025-09-21 20:53,2025-09-25 06:18,660.3,LB,3,153.60,GBP,DELIVERED
SH102750,2026-05-11,P-1002,SVC3,BLTC,L-210,L-257,,,1194.1,KG,22,521.15,EUR,CANCELLED
SH102751,2025-02-06,P-1059,SVC2,DNUB,L-212,L-201,2025-02-09 15:07,,1328.2,KG,15,933.65,GBP,IN_TRANSIT
SH102752,2025-09-02,P-1049,SVC5,FNCH,L-212,L-228,2025-09-04 10:54,2025-09-07 10:51,1340.0,LB,2,277.18,GBP,DELIVERED
SH102753,2025-02-10,P-1035,SVC4,FNCH,L-215,L-249,2025-02-10 19:24,2025-02-19 07:20,1200.8,KG,18,528.87,EUR,DELIVERED
SH102754,2025-05-23,P-1207,SVC3,ARRW,L-240,L-252,2025-05-23 07:04,2025-05-27 19:04,1370.2,KG,25,608.88,GBP,DELIVERED
SH102755,2025-08-18,P-1219,SVC3,EGRT,L-235,L-207,2025-08-20 07:31,2025-08-22 07:12,1106.1,LB,7,234.97,EUR,DELIVERED
SH102756,2025-01-31,P-1057,SVC5,GRYP,L-225,L-239,2025-02-02 11:11,2025-02-04 08:33,318.1,LB,19,98.49,GBP,DELIVERED
SH102757,2025-09-14,P-1125,SVC3,DNUB,L-202,L-242,,,285.9,KG,22,148.89,GBP,BOOKED
SH102758,2025-10-11,P-1007,SVC2,DNUB,L-238,L-232,2025-10-14 21:54,2025-10-16 18:48,886.1,KG,3,611.61,GBP,DELIVERED
SH102759,2025-07-26,P-1119,SVC4,GRYP,L-219,L-212,2025-07-28 14:15,2025-08-07 20:07,851.7,KG,22,379.78,GBP,DELIVERED
SH102760,2025-01-15,P-1219,SVC2,FNCH,L-235,L-258,2025-01-18 11:02,2025-01-20 14:02,1345.4,KG,16,925.62,GBP,DELIVERED
SH102761,2025-01-29,P-1053,SVC1,EGRT,L-237,L-220,2025-01-30 07:50,2025-01-31 21:57,1392.5,KG,24,974.91,GBP,DELIVERED
SH102762,2025-09-18,P-1107,SVC3,CDRX,L-228,L-253,2025-09-18 11:53,2025-09-22 18:59,1021.0,KG,8,471.03,GBP,DELIVERED
SH102763,2025-08-16,P-1235,SVC5,EGRT,L-258,L-250,2025-08-16 07:14,2025-08-17 07:08,7.3,KG,16,23.02,GBP,DELIVERED
SH102764,2025-12-01,P-1180,SVC4,ARRW,L-217,L-236,2025-12-03 12:42,,1280.0,LB,4,260.40,GBP,IN_TRANSIT
SH102765,2025-09-27,P-1211,SVC1,BLTC,L-203,L-219,2025-09-27 19:32,2025-09-28 14:59,9.9,KG,4,44.06,EUR,DELIVERED
SH102766,2026-02-23,P-1005,SVC6,DNUB,L-228,L-234,,,1218.9,LB,10,268.96,GBP,CANCELLED
SH102767,2025-11-12,P-1050,SVC3,EGRT,L-221,L-247,2025-11-13 10:08,,1274.1,LB,17,268.08,GBP,IN_TRANSIT
SH102768,2026-04-10,P-1201,SVC2,GRYP,L-260,L-219,2026-04-12 19:34,2026-04-13 13:51,394.1,KG,22,302.43,GBP,DELIVERED
SH102769,2025-12-15,P-1185,SVC6,FNCH,L-216,L-252,2025-12-18 07:02,,674.3,KG,18,316.06,GBP,IN_TRANSIT
SH102770,2026-04-11,P-1137,SVC4,ARRW,L-259,L-249,2026-04-12 09:15,2026-04-17 08:49,37.1,LB,9,49.23,GBP,DELIVERED
SH102771,2025-05-10,P-1041,SVC5,EGRT,L-241,L-256,2025-05-13 17:30,,617.6,KG,2,300.87,GBP,IN_TRANSIT
SH102772,2025-06-06,P-1183,SVC1,ARRW,L-245,L-238,2025-06-08 08:58,2025-06-09 12:16,1080.4,KG,9,758.21,GBP,DELIVERED
SH102773,2026-04-15,P-1212,SVC6,FNCH,L-253,L-251,2026-04-18 11:11,2026-04-19 12:14,106.2,KG,14,67.17,GBP,DELIVERED
SH102774,2025-02-22,P-1212,SVC2,ARRW,L-216,L-227,2025-02-24 06:09,2025-02-26 10:31,1354.3,LB,2,426.11,GBP,DELIVERED
SH102775,2025-04-21,P-1041,SVC2,CDRX,L-217,L-212,2025-04-24 07:44,2025-04-26 07:52,450.0,KG,20,326.82,GBP,DELIVERED
SH102776,2026-04-27,P-1147,SVC1,EGRT,L-214,L-228,2026-04-27 11:44,,1025.1,KG,10,730.22,GBP,IN_TRANSIT
SH102777,2025-12-02,P-1205,SVC3,BLTC,L-227,L-240,2025-12-04 20:24,2025-12-07 10:30,381.7,KG,5,188.35,EUR,DELIVERED
SH102778,2025-04-16,P-1210,SVC3,ARRW,L-246,L-216,2025-04-19 09:20,2025-04-20 11:22,1126.4,KG,11,509.27,GBP,DELIVERED
SH102779,2025-06-17,P-1185,SVC4,DNUB,L-210,L-230,2025-06-18 14:41,2025-06-24 09:22,1391.1,LB,6,278.20,GBP,DELIVERED
SH102780,2025-10-05,P-1004,SVC4,GRYP,L-222,L-227,2025-10-06 07:19,2025-10-13 18:08,1039.6,KG,24,455.09,GBP,DELIVERED
SH102781,2025-06-17,P-1098,SVC2,GRYP,L-210,L-243,2025-06-18 17:06,2025-06-20 18:30,617.4,KG,2,433.42,EUR,DELIVERED
SH102782,2025-07-05,P-1177,SVC2,ARRW,L-218,L-206,2025-07-05 09:24,2025-07-06 19:30,1210.2,KG,5,838.18,GBP,DELIVERED
SH102783,2025-07-20,P-1142,SVC4,BLTC,L-217,L-254,2025-07-20 08:57,2025-07-27 17:40,574.8,LB,24,144.98,GBP,DELIVERED
SH102784,2025-09-22,P-1110,SVC3,ARRW,L-245,L-220,2025-09-22 18:16,2025-09-26 06:16,278.2,KG,18,141.04,GBP,DELIVERED
SH102785,2025-03-19,P-1019,SVC4,DNUB,L-246,L-224,2025-03-19 11:27,2025-03-21 18:32,729.9,KG,2,323.54,GBP,DELIVERED
SH102786,2025-05-09,P-1024,SVC2,CDRX,L-201,L-228,2025-05-09 12:13,,1215.6,KG,16,832.67,GBP,IN_TRANSIT
SH102787,2025-04-29,P-1079,SVC5,GRYP,L-239,L-255,,,517.9,KG,22,248.90,GBP,BOOKED
SH102788,2025-09-01,P-1095,SVC4,DNUB,L-258,L-228,2025-09-01 09:25,2025-09-02 19:07,647.0,KG,12,291.83,GBP,DELIVERED
SH102789,2026-03-08,P-1208,SVC4,BLTC,L-221,L-257,2026-03-09 06:16,2026-03-11 10:38,1072.7,KG,12,492.38,GBP,DELIVERED
SH102790,2025-08-20,P-1099,SVC3,DNUB,L-216,L-219,2025-08-21 20:24,,494.7,KG,12,247.80,GBP,IN_TRANSIT
SH102791,2025-04-03,P-1195,SVC3,CDRX,L-222,L-238,2025-04-06 07:54,2025-04-08 19:26,250.9,KG,19,136.51,EUR,DELIVERED
SH102792,2025-03-09,P-1155,SVC5,EGRT,L-220,L-258,2025-03-11 16:37,2025-03-13 06:51,1319.3,LB,14,269.44,GBP,DELIVERED
SH102793,2025-12-09,P-1156,SVC5,BLTC,L-214,L-201,2025-12-12 11:38,2025-12-18 18:54,346.0,LB,18,90.04,GBP,DELIVERED
SH102794,2025-02-14,P-1078,SVC3,GRYP,L-256,L-231,2025-02-17 08:33,2025-02-18 16:35,296.1,KG,6,143.12,EUR,DELIVERED
SH102795,2025-07-24,P-1103,SVC6,GRYP,L-240,L-208,2025-07-27 08:08,2025-07-30 17:26,205.4,KG,5,118.13,GBP,DELIVERED
SH102796,2025-07-19,P-1109,SVC1,EGRT,L-212,L-228,2025-07-19 15:18,2025-07-25 18:33,443.3,LB,12,164.45,GBP,DELIVERED
SH102797,2025-04-10,P-1002,SVC1,CDRX,L-242,L-208,2025-04-10 13:26,,854.1,KG,11,610.55,EUR,IN_TRANSIT
SH102798,2026-03-07,P-1211,SVC4,BLTC,L-256,L-204,2026-03-09 07:44,2026-03-15 12:24,1173.0,KG,10,509.47,GBP,DELIVERED
SH102799,2026-03-03,P-1213,SVC1,GRYP,L-208,L-230,2026-03-03 18:01,2026-03-04 09:17,1315.9,KG,24,922.38,GBP,DELIVERED
SH102800,2025-11-16,P-1106,SVC3,BLTC,L-229,L-211,,,9.2,KG,13,33.40,GBP,BOOKED
SH102801,2025-05-14,P-1123,SVC1,CDRX,L-244,L-204,2025-05-15 09:04,2025-05-16 19:02,882.6,KG,9,623.98,EUR,DELIVERED
SH102802,2025-02-09,P-1097,SVC3,GRYP,L-212,L-218,2025-02-11 13:28,2025-02-14 20:47,1095.2,KG,23,497.84,EUR,DELIVERED
SH102803,2025-06-17,P-1003,SVC4,BLTC,L-238,L-221,,,196.8,KG,15,97.07,GBP,BOOKED
SH102804,2025-02-01,P-1018,SVC4,BLTC,L-219,L-251,2025-02-02 17:03,2025-02-07 18:41,509.8,KG,12,233.72,GBP,DELIVERED
SH102805,2025-10-14,P-1199,SVC4,BLTC,L-213,L-225,2025-10-15 10:36,2025-10-21 18:36,989.4,LB,21,206.80,GBP,DELIVERED
SH102806,2025-09-30,P-1157,SVC4,BLTC,L-213,L-201,2025-10-01 14:58,2025-10-11 11:08,1148.6,KG,24,517.40,GBP,DELIVERED
SH102807,2026-04-11,P-1004,SVC4,DNUB,L-249,L-219,2026-04-13 18:02,2026-04-18 16:20,890.4,LB,17,193.71,GBP,DELIVERED
SH102808,2026-03-29,P-1136,SVC4,BLTC,L-239,L-203,2026-03-29 16:12,2026-03-30 07:38,1273.4,KG,2,553.38,GBP,DELIVERED
SH102809,2025-04-16,P-1001,SVC4,ARRW,L-205,L-204,2025-04-19 08:10,2025-04-24 19:36,586.8,KG,6,285.47,GBP,DELIVERED
SH102810,2025-08-18,P-1147,SVC3,EGRT,L-236,L-220,2025-08-20 15:44,2025-08-26 13:43,1198.6,LB,8,258.95,GBP,DELIVERED
SH102811,2025-11-28,P-1117,SVC3,CDRX,L-255,L-228,2025-11-28 06:49,2025-11-29 06:14,452.3,KG,10,203.28,GBP,DELIVERED
SH102812,2026-04-05,P-1011,SVC4,GRYP,L-221,L-231,2026-04-06 09:24,2026-04-16 16:27,579.8,KG,6,262.16,GBP,DELIVERED
SH102813,2025-06-25,P-1175,SVC4,BLTC,L-215,L-243,2025-06-26 19:35,2025-06-29 09:25,77.5,LB,6,40.76,GBP,DELIVERED
SH102814,2026-05-02,P-1219,SVC5,ARRW,L-234,L-219,2026-05-02 18:06,2026-05-05 06:50,1014.8,KG,6,461.67,GBP,DELIVERED
SH102815,2025-09-14,P-1075,SVC6,BLTC,L-249,L-245,2025-09-15 15:13,2025-09-18 08:13,568.8,KG,14,277.57,GBP,DELIVERED
SH102816,2025-08-01,P-1182,SVC2,ARRW,L-258,L-218,2025-08-04 12:33,2025-08-05 08:37,1030.3,KG,20,720.55,EUR,DELIVERED
SH102817,2026-03-27,P-1053,SVC3,EGRT,L-231,L-213,2026-03-30 09:05,2026-03-31 15:58,33.4,KG,1,43.01,GBP,DELIVERED
SH102818,2025-03-15,P-1035,SVC3,DNUB,L-231,L-211,2025-03-15 16:06,2025-03-17 06:07,685.4,KG,18,327.28,GBP,DELIVERED
SH102819,2025-05-16,P-1129,SVC3,CDRX,L-208,L-251,2025-05-18 14:20,2025-05-19 21:52,401.0,KG,20,208.14,GBP,DELIVERED
SH102820,2025-07-02,P-1002,SVC4,ARRW,L-204,L-253,2025-07-05 12:56,2025-07-09 13:03,1098.1,KG,21,479.61,GBP,DELIVERED
SH102821,2025-10-11,P-1145,SVC4,GRYP,L-248,L-235,,,802.1,LB,19,168.39,GBP,BOOKED
SH102822,2025-03-05,P-1171,SVC2,DNUB,L-259,L-216,2025-03-07 20:18,2025-03-10 14:09,9.7,KG,11,22.85,GBP,DELIVERED
SH102823,2025-08-06,P-1146,SVC5,FNCH,L-249,L-224,2025-08-07 21:22,2025-08-08 19:54,1301.7,LB,10,266.70,EUR,DELIVERED
SH102824,2025-01-08,P-1130,SVC4,ARRW,L-233,L-211,2025-01-11 06:44,,993.1,KG,15,458.48,GBP,IN_TRANSIT
SH102825,2026-03-09,P-1209,SVC4,BLTC,L-227,L-243,2026-03-09 15:18,2026-03-16 21:46,879.8,KG,11,394.96,GBP,DELIVERED
SH102826,2025-09-14,P-1195,SVC5,DNUB,L-233,L-201,2025-09-15 07:17,2025-09-17 17:11,126.3,KG,1,84.90,EUR,DELIVERED
SH102827,2025-09-23,P-1208,SVC3,FNCH,L-238,L-226,2025-09-23 09:21,2025-09-27 10:47,744.7,LB,20,182.63,GBP,DELIVERED
SH102828,2026-03-15,P-1157,SVC4,GRYP,L-227,L-213,2026-03-17 09:06,2026-03-21 10:58,185.4,LB,4,59.50,GBP,DELIVERED
SH102829,2025-06-08,P-1080,SVC5,FNCH,L-246,L-233,2025-06-08 07:09,2025-06-12 17:00,869.2,LB,24,197.55,GBP,DELIVERED
SH102830,2026-04-24,P-1049,SVC3,BLTC,L-224,L-207,2026-04-24 17:36,2026-04-26 17:58,368.1,KG,22,196.20,GBP,DELIVERED
SH102831,2025-06-03,P-1202,SVC1,ARRW,L-214,L-251,2025-06-04 21:00,2025-06-05 12:01,103.8,KG,18,104.28,GBP,DELIVERED
SH102832,2025-04-25,P-1006,SVC5,EGRT,L-258,L-241,2025-04-28 18:05,2025-05-01 10:31,52.8,KG,16,61.80,EUR,DELIVERED
SH102833,2025-04-11,P-1180,SVC2,CDRX,L-235,L-202,2025-04-12 11:43,2025-04-13 07:07,882.5,LB,4,285.73,GBP,DELIVERED
SH102834,2025-04-20,P-1137,SVC3,GRYP,L-214,L-235,2025-04-23 17:23,2025-04-25 09:22,954.1,KG,6,416.86,GBP,DELIVERED
SH102835,2025-01-21,P-1192,SVC1,EGRT,L-203,L-218,,,1149.3,KG,24,807.58,GBP,BOOKED
SH102836,2025-12-05,P-1029,SVC6,EGRT,L-234,L-241,2025-12-07 14:13,2025-12-08 09:33,1220.2,KG,9,531.95,GBP,DELIVERED
SH102837,2025-11-26,P-1054,SVC3,EGRT,L-206,L-241,2025-11-26 20:53,2025-11-27 16:57,691.5,KG,4,320.44,GBP,DELIVERED
SH102838,2025-12-03,P-1166,SVC6,FNCH,L-258,L-213,2025-12-06 07:02,2025-12-07 09:06,371.2,KG,12,176.13,GBP,DELIVERED
SH102839,2025-07-01,P-1117,SVC3,DNUB,L-208,L-226,2025-07-01 06:38,2025-07-09 15:43,1186.8,KG,16,536.66,GBP,DELIVERED
SH102840,2025-04-21,P-1225,SVC1,DNUB,L-232,L-242,2025-04-24 13:05,2025-04-25 11:33,893.2,KG,15,641.65,GBP,DELIVERED
SH102841,2026-04-09,P-1213,SVC3,DNUB,L-250,L-214,2026-04-11 07:51,2026-04-14 06:41,300.7,KG,11,142.44,GBP,DELIVERED
SH102842,2025-06-02,P-1203,SVC6,GRYP,L-244,L-201,2025-06-03 16:56,2025-06-05 11:46,800.7,LB,5,174.88,GBP,DELIVERED
SH102843,2026-02-06,P-1178,SVC3,GRYP,L-255,L-218,,,282.0,KG,9,138.60,GBP,CANCELLED
SH102844,2025-06-22,P-1094,SVC3,DNUB,L-202,L-239,2025-06-23 16:29,,1372.9,LB,12,284.07,GBP,IN_TRANSIT
SH102845,2025-02-15,P-1142,SVC2,DNUB,L-211,L-256,,,925.1,LB,13,322.39,GBP,CANCELLED
SH102846,2025-08-28,P-1196,SVC3,GRYP,L-246,L-259,2025-08-31 18:15,2025-09-06 06:43,428.6,KG,25,201.85,GBP,DELIVERED
SH102847,2026-04-15,P-1052,SVC1,BLTC,L-241,L-244,2026-04-17 06:43,2026-04-18 21:06,1377.2,KG,3,962.87,GBP,DELIVERED
SH102848,2025-11-11,P-1073,SVC3,ARRW,L-246,L-219,2025-11-13 07:39,2025-11-15 08:32,961.4,LB,8,199.86,GBP,DELIVERED
SH102849,2026-03-15,P-1166,SVC3,FNCH,L-225,L-224,2026-03-15 14:16,2026-03-22 21:20,12.3,KG,16,35.21,GBP,DELIVERED
SH102850,2025-01-08,P-1043,SVC3,DNUB,L-201,L-233,2025-01-08 10:14,2025-01-12 08:46,1321.5,KG,1,595.21,EUR,DELIVERED
SH102851,2025-07-09,P-1133,SVC3,CDRX,L-203,L-230,2025-07-11 10:52,2025-07-13 09:49,291.3,LB,8,69.12,GBP,DELIVERED
SH102852,2025-04-07,P-1212,SVC2,ARRW,L-254,L-219,2025-04-07 15:53,2025-04-08 09:53,296.9,KG,10,229.98,GBP,DELIVERED
SH102853,2025-11-06,P-1017,SVC3,BLTC,L-215,L-203,2025-11-07 08:53,2025-11-08 14:40,437.0,LB,16,103.08,GBP,DELIVERED
SH102854,2025-09-06,P-1200,SVC4,CDRX,L-256,L-248,2025-09-06 20:20,2025-09-12 20:00,608.4,LB,6,135.86,EUR,DELIVERED
SH102855,2025-05-08,P-1186,SVC3,EGRT,L-244,L-213,2025-05-08 13:17,2025-05-12 08:13,645.3,KG,22,300.63,EUR,DELIVERED
SH102856,2025-03-02,P-1115,SVC3,BLTC,L-215,L-240,2025-03-02 07:12,2025-03-11 15:26,1331.5,KG,12,590.08,GBP,DELIVERED
SH102857,2026-03-01,P-1160,SVC6,EGRT,L-250,L-224,2026-03-04 15:39,2026-03-05 18:23,1112.9,LB,10,249.20,GBP,DELIVERED
SH102858,2026-04-09,P-1140,SVC4,EGRT,L-215,L-260,2026-04-11 17:20,2026-04-17 11:51,643.9,KG,14,288.54,GBP,DELIVERED
SH102859,2025-09-17,P-1197,SVC6,GRYP,L-250,L-216,2025-09-17 17:22,2025-09-19 13:10,947.0,LB,8,219.43,GBP,DELIVERED
SH102860,2025-01-24,P-1234,SVC3,BLTC,L-229,L-244,2025-01-24 11:19,2025-01-26 07:46,79.9,KG,24,75.78,GBP,DELIVERED
SH102861,2026-03-28,P-1005,SVC5,GRYP,L-237,L-226,2026-03-31 13:51,2026-04-01 12:21,804.1,KG,6,373.65,GBP,DELIVERED
SH102862,2025-04-06,P-1197,SVC1,EGRT,L-252,L-233,2025-04-08 08:11,2025-04-09 09:43,1047.2,KG,11,728.85,GBP,DELIVERED
SH102863,2025-10-10,P-1079,SVC1,GRYP,L-240,L-241,2025-10-13 15:38,2025-10-14 16:43,102.3,KG,12,103.85,GBP,DELIVERED
SH102864,2025-09-07,P-1128,SVC3,CDRX,L-212,L-224,,,372.7,KG,3,186.12,GBP,BOOKED
SH102865,2025-07-13,P-1068,SVC2,ARRW,L-201,L-219,2025-07-13 20:13,2025-07-14 07:40,1233.0,KG,4,853.34,GBP,DELIVERED
SH102866,2025-11-14,P-1028,SVC4,BLTC,L-216,L-202,,,64.1,KG,19,55.33,GBP,BOOKED
SH102867,2026-03-02,P-1104,SVC3,GRYP,L-233,L-251,2026-03-05 21:56,2026-03-07 07:03,387.3,KG,26,189.65,GBP,DELIVERED
SH102868,2025-10-01,P-1125,SVC3,BLTC,L-256,L-260,2025-10-02 06:20,2025-10-09 21:57,483.1,KG,2,244.92,GBP,DELIVERED
SH102869,2025-10-06,P-1098,SVC2,GRYP,L-222,L-238,,,865.6,KG,4,618.64,GBP,CANCELLED
SH102870,2025-01-04,P-1132,SVC1,FNCH,L-249,L-259,2025-01-06 11:36,2025-01-07 06:46,340.8,LB,22,124.95,GBP,DELIVERED
SH102871,2025-11-24,P-1032,SVC2,ARRW,L-254,L-245,2025-11-24 10:30,2025-11-26 08:43,1110.3,KG,25,786.61,GBP,DELIVERED
SH102872,2025-10-04,P-1203,SVC2,CDRX,L-207,L-248,2025-10-07 11:52,2025-10-09 07:56,173.1,KG,4,133.16,GBP,DELIVERED
SH102873,2025-10-27,P-1044,SVC3,EGRT,L-214,L-207,2025-10-27 16:14,2025-11-05 13:04,1047.0,KG,22,481.09,GBP,DELIVERED
SH102874,2025-07-21,P-1219,SVC4,FNCH,L-236,L-241,2025-07-21 17:24,2025-07-22 20:47,1318.2,KG,14,593.11,GBP,DELIVERED
SH102875,2025-01-19,P-1138,SVC5,CDRX,L-228,L-257,2025-01-22 06:02,2025-01-24 11:08,639.5,KG,9,285.25,GBP,DELIVERED
SH102876,2025-12-10,P-1030,SVC3,BLTC,L-253,L-247,,,588.5,LB,15,143.30,GBP,BOOKED
SH102877,2025-11-21,P-1060,SVC4,ARRW,L-259,L-233,2025-11-23 21:53,2025-11-24 21:30,1097.2,LB,18,226.78,EUR,DELIVERED
SH102878,2026-01-01,P-1232,SVC6,FNCH,L-207,L-205,2026-01-02 17:53,2026-01-04 20:18,368.5,LB,26,93.63,GBP,DELIVERED
SH102879,2026-02-04,P-1148,SVC4,GRYP,L-257,L-224,2026-02-05 07:32,2026-02-06 08:12,311.3,KG,1,165.13,EUR,DELIVERED
SH102880,2025-08-08,P-1072,SVC4,BLTC,L-235,L-237,2025-08-08 08:54,,221.7,KG,14,135.37,GBP,IN_TRANSIT
SH102881,2026-04-09,P-1239,SVC1,ARRW,L-205,L-218,2026-04-09 11:52,2026-04-10 15:45,899.6,KG,4,628.97,GBP,DELIVERED
SH102882,2025-12-29,P-1002,SVC1,BLTC,L-248,L-246,2026-01-01 12:01,2026-01-02 16:10,385.0,LB,21,141.23,GBP,DELIVERED
SH102883,2025-01-20,P-1203,SVC2,FNCH,L-225,L-207,,,1065.6,LB,1,337.96,GBP,BOOKED
SH102884,2026-02-22,P-1070,SVC3,DNUB,L-224,L-207,2026-02-24 06:04,2026-03-03 21:09,1133.1,KG,15,512.08,GBP,DELIVERED
SH102885,2026-02-16,P-1185,SVC4,DNUB,L-224,L-226,2026-02-16 07:07,2026-02-21 13:46,1349.3,KG,6,581.58,GBP,DELIVERED
SH102886,2025-03-07,P-1227,SVC3,BLTC,L-246,L-238,2025-03-08 14:13,2025-03-09 12:54,1058.8,LB,5,219.33,GBP,DELIVERED
SH102887,2025-01-20,P-1185,SVC3,DNUB,L-215,L-201,2025-01-21 07:16,2025-01-24 14:52,516.7,KG,20,241.22,GBP,DELIVERED
SH102888,2026-05-11,P-1199,SVC4,EGRT,L-206,L-256,2026-05-13 20:14,2026-05-15 18:39,420.3,KG,3,207.30,GBP,DELIVERED
SH102889,2025-10-28,P-1044,SVC1,ARRW,L-232,L-234,2025-10-31 07:58,2025-11-05 18:03,1216.5,KG,10,844.24,GBP,DELIVERED
SH102890,2025-07-21,P-1188,SVC2,EGRT,L-206,L-230,2025-07-21 12:00,,834.2,KG,23,577.76,GBP,IN_TRANSIT
SH102891,2026-03-05,P-1197,SVC4,EGRT,L-258,L-209,2026-03-08 18:07,2026-03-12 09:29,137.5,KG,11,100.25,GBP,DELIVERED
SH102892,2025-08-20,P-1223,SVC5,FNCH,L-202,L-257,2025-08-21 10:05,2025-08-25 20:47,704.6,KG,25,327.46,GBP,DELIVERED
SH102893,2025-10-08,P-1099,SVC6,DNUB,L-227,L-220,2025-10-08 07:09,2025-10-10 12:22,1393.2,LB,20,288.46,GBP,DELIVERED
SH102894,2025-07-14,P-1207,SVC2,BLTC,L-205,L-258,,,52.6,KG,24,68.12,EUR,BOOKED
SH102895,2025-11-03,P-1067,SVC3,CDRX,L-251,L-228,2025-11-05 17:16,,807.1,KG,1,377.22,GBP,IN_TRANSIT
SH102896,2025-08-19,P-1165,SVC3,ARRW,L-260,L-208,2025-08-20 20:58,2025-08-29 21:41,860.9,KG,26,394.34,GBP,DELIVERED
SH102897,2025-09-17,P-1200,SVC2,CDRX,L-229,L-253,2025-09-17 18:59,2025-09-24 21:27,996.8,KG,13,696.31,GBP,DELIVERED
SH102898,2025-08-23,P-1084,SVC3,DNUB,L-246,L-229,2025-08-23 18:53,2025-08-24 12:50,1056.5,KG,15,474.71,GBP,DELIVERED
SH102899,2026-01-15,P-1049,SVC1,CDRX,L-226,L-243,2026-01-17 16:07,2026-01-18 17:57,241.6,KG,9,190.01,GBP,DELIVERED
SH102900,2025-01-12,P-1176,SVC2,DNUB,L-257,L-224,2025-01-15 19:46,2025-01-16 06:54,372.6,KG,8,285.30,EUR,DELIVERED
SH102901,2025-02-08,P-1102,SVC3,ARRW,L-201,L-247,2025-02-08 10:02,2025-02-12 18:10,1045.1,LB,5,229.92,GBP,DELIVERED
SH102902,2025-03-08,P-1127,SVC5,FNCH,L-254,L-251,2025-03-09 16:16,2025-03-12 12:08,1055.4,KG,3,468.83,EUR,DELIVERED
SH102903,2026-03-19,P-1155,SVC2,CDRX,L-219,L-220,2026-03-22 18:11,,863.2,LB,9,282.96,GBP,IN_TRANSIT
SH102904,2025-11-28,P-1184,SVC4,ARRW,L-242,L-204,2025-11-28 12:08,2025-11-30 10:30,578.1,KG,25,267.74,GBP,DELIVERED
SH102905,2025-04-27,P-1034,SVC3,CDRX,L-225,L-219,2025-04-28 14:37,2025-04-30 20:58,449.0,KG,11,231.10,GBP,DELIVERED
SH102906,2026-01-28,P-1111,SVC2,GRYP,L-257,L-228,2026-01-31 21:07,2026-02-01 13:12,219.9,KG,4,161.15,GBP,DELIVERED
SH102907,2025-02-06,P-1207,SVC1,CDRX,L-221,L-213,2025-02-09 16:23,2025-02-10 12:13,1393.5,KG,16,974.28,GBP,DELIVERED
SH102908,2025-03-26,P-1164,SVC3,CDRX,L-222,L-255,2025-03-29 18:25,2025-03-31 16:31,205.5,LB,14,71.16,GBP,DELIVERED
SH102909,2025-07-02,P-1216,SVC3,CDRX,L-241,L-236,2025-07-04 08:45,2025-07-12 09:08,457.7,LB,23,101.04,GBP,DELIVERED
SH102910,2026-04-15,P-1026,SVC2,EGRT,L-243,L-205,2026-04-18 12:03,2026-04-25 09:39,419.5,LB,13,150.90,GBP,DELIVERED
SH102911,2025-05-02,P-1090,SVC6,BLTC,L-247,L-244,2025-05-05 16:30,2025-05-07 12:43,1329.4,KG,12,585.93,GBP,DELIVERED
SH102912,2025-02-25,P-1020,SVC4,CDRX,L-210,L-245,2025-02-26 08:32,2025-03-08 17:55,151.1,LB,10,57.01,GBP,DELIVERED
SH102913,2025-01-01,P-1168,SVC2,GRYP,L-236,L-248,2025-01-01 17:36,2025-01-03 17:38,258.0,LB,4,96.21,GBP,DELIVERED
SH102914,2025-05-20,P-1066,SVC1,CDRX,L-204,L-222,2025-05-21 17:30,2025-05-26 20:34,311.8,KG,13,227.46,EUR,DELIVERED
SH102915,2025-10-28,P-1115,SVC3,BLTC,L-201,L-204,2025-10-29 17:29,,357.7,KG,14,180.52,GBP,IN_TRANSIT
SH102916,2026-02-01,P-1190,SVC3,CDRX,L-249,L-226,2026-02-03 06:43,2026-02-09 17:43,92.1,LB,6,57.07,EUR,DELIVERED
SH102917,2026-01-19,P-1224,SVC4,DNUB,L-232,L-210,2026-01-19 14:30,2026-01-26 17:19,1371.7,KG,3,593.77,GBP,DELIVERED
SH102918,2025-11-01,P-1124,SVC3,BLTC,L-236,L-249,2025-11-02 07:15,2025-11-03 17:23,24.3,KG,13,31.87,GBP,DELIVERED
SH102919,2026-04-21,P-1224,SVC3,GRYP,L-236,L-254,2026-04-24 16:26,2026-04-26 07:32,1156.0,KG,10,513.76,GBP,DELIVERED
SH102920,2025-03-02,P-1038,SVC4,GRYP,L-259,L-226,2025-03-03 19:47,,248.1,KG,26,144.09,EUR,IN_TRANSIT
SH102921,2025-12-27,P-1002,SVC2,ARRW,L-211,L-258,2025-12-27 13:19,2025-12-28 16:36,1106.3,KG,13,766.97,GBP,DELIVERED
SH102922,2025-08-26,P-1023,SVC5,DNUB,L-220,L-229,2025-08-29 09:44,2025-09-03 10:22,1000.1,KG,7,444.84,GBP,DELIVERED
SH102923,2025-04-07,P-1025,SVC3,DNUB,L-228,L-240,2025-04-10 08:37,2025-04-12 14:13,1160.1,KG,1,520.73,EUR,DELIVERED
SH102924,2025-01-22,P-1128,SVC1,DNUB,L-244,L-255,2025-01-25 21:56,2025-01-26 17:57,240.6,KG,23,176.20,GBP,DELIVERED
SH102925,2026-03-19,P-1023,SVC2,EGRT,L-258,L-240,2026-03-20 13:58,2026-03-26 19:37,554.5,KG,5,396.64,GBP,DELIVERED
SH102926,2025-06-06,P-1084,SVC4,DNUB,L-260,L-217,2025-06-08 11:31,2025-06-13 18:15,519.3,LB,6,120.63,EUR,DELIVERED
SH102927,2025-05-29,P-1134,SVC5,FNCH,L-226,L-255,2025-05-30 19:57,2025-06-04 17:08,861.5,KG,23,388.53,GBP,DELIVERED
SH102928,2025-07-05,P-1195,SVC4,CDRX,L-224,L-241,2025-07-06 21:30,,1023.6,KG,14,461.85,GBP,IN_TRANSIT
SH102929,2025-05-26,P-1051,SVC3,ARRW,L-204,L-205,2025-05-29 06:49,2025-05-31 15:18,1093.7,LB,2,224.45,GBP,DELIVERED
SH102930,2026-02-22,P-1119,SVC5,GRYP,L-222,L-245,2026-02-25 13:25,2026-03-07 16:40,952.6,KG,19,419.81,GBP,DELIVERED
SH102931,2025-02-21,P-1219,SVC3,GRYP,L-210,L-217,2025-02-22 06:44,2025-02-23 06:29,894.1,KG,16,413.26,GBP,DELIVERED
SH102932,2026-01-03,P-1038,SVC2,CDRX,L-212,L-244,2026-01-05 20:09,2026-01-06 08:19,55.2,LB,20,52.29,GBP,DELIVERED
SH102933,2025-07-25,P-1071,SVC3,BLTC,L-237,L-248,2025-07-28 06:04,2025-07-30 14:33,176.0,KG,25,101.69,GBP,DELIVERED
SH102934,2025-04-26,P-1078,SVC1,GRYP,L-241,L-230,2025-04-27 10:34,2025-04-28 18:41,325.0,KG,25,247.98,GBP,DELIVERED
SH102935,2026-05-10,P-1151,SVC3,FNCH,L-248,L-258,2026-05-10 07:29,2026-05-13 18:19,1023.0,KG,26,464.33,GBP,DELIVERED
SH102936,2026-03-05,P-1178,SVC5,ARRW,L-221,L-246,2026-03-07 17:42,2026-03-12 16:31,45.0,KG,8,36.40,GBP,DELIVERED
SH102937,2026-01-15,P-1071,SVC5,FNCH,L-258,L-226,2026-01-17 20:09,2026-01-22 14:29,1216.9,KG,21,533.20,GBP,DELIVERED
SH102938,2025-12-16,P-1231,SVC2,GRYP,L-210,L-253,,,978.3,KG,10,682.11,GBP,CANCELLED
SH102939,2026-02-16,P-1022,SVC1,FNCH,L-260,L-247,2026-02-16 13:25,2026-02-17 16:15,1257.4,KG,24,861.25,EUR,DELIVERED
SH102940,2025-07-24,P-1189,SVC5,BLTC,L-224,L-233,2025-07-25 18:16,,1284.5,KG,26,552.71,GBP,IN_TRANSIT
SH102941,2026-05-17,P-1106,SVC6,FNCH,L-208,L-220,2026-05-18 15:26,,1353.8,KG,17,587.14,GBP,IN_TRANSIT
SH102942,2025-03-02,P-1039,SVC1,ARRW,L-217,L-245,2025-03-02 09:08,2025-03-03 09:10,1372.7,KG,7,946.86,GBP,DELIVERED
SH102943,2026-04-19,P-1149,SVC2,GRYP,L-257,L-240,2026-04-20 06:01,,1321.7,KG,23,928.24,GBP,IN_TRANSIT
SH102944,2026-04-09,P-1017,SVC2,FNCH,L-215,L-254,2026-04-11 10:09,2026-04-18 07:44,494.5,LB,26,187.66,GBP,DELIVERED
SH102945,2025-03-18,P-1073,SVC2,ARRW,L-242,L-209,2025-03-21 16:30,2025-03-23 11:35,1276.3,KG,11,897.43,GBP,DELIVERED
SH102946,2026-02-03,P-1108,SVC2,CDRX,L-235,L-217,,,291.1,KG,11,229.19,GBP,CANCELLED
SH102947,2025-09-08,P-1143,SVC1,DNUB,L-237,L-255,2025-09-09 16:23,,284.2,KG,23,215.51,GBP,IN_TRANSIT
SH102948,2025-07-23,P-1039,SVC6,CDRX,L-203,L-233,2025-07-24 06:07,2025-07-25 12:58,203.8,KG,2,116.79,GBP,DELIVERED
SH102949,2025-02-20,P-1133,SVC3,BLTC,L-208,L-225,2025-02-22 13:57,2025-02-23 20:44,46.6,LB,8,37.03,EUR,DELIVERED
SH102950,2026-04-15,P-1133,SVC4,GRYP,L-249,L-241,2026-04-18 07:11,2026-04-29 16:15,396.5,KG,15,203.71,GBP,DELIVERED
SH102951,2025-07-20,P-1080,SVC4,CDRX,L-211,L-256,2025-07-20 15:09,,520.8,KG,19,251.57,GBP,IN_TRANSIT
SH102952,2025-05-24,P-1124,SVC3,DNUB,L-232,L-224,2025-05-27 14:38,,444.9,KG,9,220.92,EUR,IN_TRANSIT
SH102953,2025-11-14,P-1168,SVC4,GRYP,L-251,L-258,,,1358.0,LB,13,295.24,GBP,BOOKED
SH102954,2025-04-08,P-1196,SVC4,DNUB,L-247,L-229,2025-04-08 18:41,2025-04-16 14:52,648.7,KG,23,299.11,EUR,DELIVERED
SH102955,2026-01-20,P-1180,SVC1,BLTC,L-226,L-206,,,995.5,KG,26,701.48,GBP,CANCELLED
SH102956,2025-09-15,P-1128,SVC3,EGRT,L-225,L-210,2025-09-18 14:31,2025-09-19 13:44,1110.6,LB,3,226.50,GBP,DELIVERED
SH102957,2026-05-10,P-1039,SVC3,GRYP,L-225,L-255,2026-05-11 08:22,2026-05-13 13:38,243.6,LB,7,59.47,EUR,DELIVERED
SH102958,2025-12-24,P-1162,SVC2,DNUB,L-209,L-250,2025-12-24 12:25,2025-12-31 13:42,761.1,KG,15,536.72,GBP,DELIVERED
SH102959,2026-05-01,P-1149,SVC5,CDRX,L-202,L-245,2026-05-04 07:26,2026-05-05 07:42,391.1,KG,21,197.07,EUR,DELIVERED
SH102960,2025-11-16,P-1223,SVC3,FNCH,L-202,L-213,2025-11-16 21:05,2025-11-18 20:18,707.0,KG,26,329.51,GBP,DELIVERED
SH102961,2025-02-26,P-1203,SVC2,ARRW,L-204,L-245,2025-02-27 13:00,2025-02-28 21:10,1109.5,KG,2,759.88,GBP,DELIVERED
SH102962,2025-05-22,P-1113,SVC5,CDRX,L-233,L-231,2025-05-23 18:16,2025-05-27 10:30,1255.7,KG,23,554.33,GBP,DELIVERED
SH102963,2025-10-18,P-1201,SVC3,BLTC,L-209,L-247,2025-10-19 11:34,2025-10-21 09:49,610.8,KG,17,274.18,GBP,DELIVERED
SH102964,2026-04-29,P-1068,SVC5,ARRW,L-219,L-258,2026-05-01 21:08,2026-05-03 12:58,1365.1,KG,8,612.78,EUR,DELIVERED
SH102965,2025-11-18,P-1118,SVC2,DNUB,L-216,L-242,2025-11-19 19:27,2025-11-21 21:27,398.4,KG,16,283.69,GBP,DELIVERED
SH102966,2025-05-10,P-1156,SVC4,BLTC,L-231,L-225,2025-05-10 14:00,2025-05-14 19:12,767.1,LB,8,160.93,GBP,DELIVERED
SH102967,2025-06-16,P-1227,SVC4,GRYP,L-215,L-207,2025-06-16 15:30,2025-06-17 17:25,474.1,LB,17,124.67,EUR,DELIVERED
SH102968,2026-02-20,P-1185,SVC5,DNUB,L-252,L-254,2026-02-20 10:33,2026-02-21 13:34,1212.8,KG,23,533.60,GBP,DELIVERED
SH102969,2026-02-13,P-1095,SVC3,ARRW,L-219,L-203,2026-02-16 17:21,2026-02-20 08:27,8.5,KG,21,40.67,GBP,DELIVERED
SH102970,2025-09-20,P-1173,SVC2,DNUB,L-257,L-245,2025-09-21 20:37,2025-09-23 13:51,558.8,KG,2,412.25,GBP,DELIVERED
SH102971,2025-02-23,P-1131,SVC3,DNUB,L-210,L-209,2025-02-26 13:34,2025-03-01 21:39,1318.5,LB,15,271.14,GBP,DELIVERED
SH102972,2026-02-09,P-1064,SVC1,ARRW,L-205,L-213,,,32.8,LB,17,38.51,GBP,CANCELLED
SH102973,2026-01-13,P-1049,SVC3,DNUB,L-235,L-258,2026-01-15 18:32,2026-01-18 07:57,623.3,KG,6,288.38,GBP,DELIVERED
SH102974,2025-12-07,P-1208,SVC3,CDRX,L-243,L-260,2025-12-09 18:28,2025-12-13 06:05,50.9,KG,16,38.42,GBP,DELIVERED
SH102975,2026-04-26,P-1095,SVC3,DNUB,L-217,L-204,,,1054.0,KG,15,458.11,GBP,BOOKED
SH102976,2025-05-09,P-1052,SVC3,CDRX,L-250,L-255,2025-05-11 13:03,2025-05-17 20:50,295.8,KG,9,164.68,EUR,DELIVERED
SH102977,2025-12-16,P-1148,SVC2,ARRW,L-245,L-237,2025-12-19 07:12,2025-12-20 11:02,1165.0,KG,1,807.04,GBP,DELIVERED
SH102978,2025-05-23,P-1051,SVC4,DNUB,L-246,L-215,2025-05-24 17:43,2025-06-05 13:41,292.6,LB,2,91.27,GBP,DELIVERED
SH102979,2026-02-10,P-1133,SVC4,FNCH,L-205,L-229,2026-02-10 19:58,2026-02-17 08:54,503.3,KG,23,253.18,GBP,DELIVERED
SH102980,2025-01-08,P-1231,SVC2,EGRT,L-205,L-222,,,1364.9,KG,4,939.05,GBP,BOOKED
SH102981,2026-01-09,P-1025,SVC3,CDRX,L-218,L-204,2026-01-11 09:03,2026-01-12 10:35,1071.9,KG,11,464.86,GBP,DELIVERED
SH102982,2026-03-12,P-1004,SVC3,CDRX,L-214,L-239,2026-03-14 09:14,2026-03-21 17:18,1379.4,KG,23,604.30,GBP,DELIVERED
SH102983,2025-10-17,P-1101,SVC3,BLTC,L-241,L-218,,,1365.5,KG,7,596.90,GBP,CANCELLED
SH102984,2025-10-20,P-1173,SVC1,ARRW,L-224,L-229,2025-10-22 17:05,2025-10-23 10:07,551.4,LB,25,206.82,GBP,DELIVERED
SH102985,2025-12-14,P-1227,SVC3,ARRW,L-259,L-214,,,1263.1,LB,14,278.16,GBP,BOOKED
SH102986,2025-04-15,P-1237,SVC4,EGRT,L-230,L-237,2025-04-15 09:00,2025-04-21 21:33,909.3,KG,25,424.90,GBP,DELIVERED
SH102987,2026-04-12,P-1190,SVC1,GRYP,L-203,L-210,2026-04-12 18:37,2026-04-13 20:27,1012.0,KG,7,700.51,GBP,DELIVERED
SH102988,2025-05-19,P-1148,SVC2,BLTC,L-239,L-213,2025-05-20 10:40,,52.6,KG,2,70.87,GBP,IN_TRANSIT
SH102989,2025-07-31,P-1020,SVC5,ARRW,L-220,L-201,2025-08-02 18:07,2025-08-03 08:32,945.8,LB,3,218.41,GBP,DELIVERED
SH102990,2025-09-29,P-1142,SVC4,CDRX,L-212,L-253,,,599.7,KG,16,274.14,GBP,CANCELLED
SH102991,2026-04-17,P-1124,SVC2,EGRT,L-224,L-258,2026-04-19 06:49,2026-04-26 11:36,636.1,LB,18,225.36,GBP,DELIVERED
SH102992,2025-10-11,P-1214,SVC3,GRYP,L-243,L-252,2025-10-14 11:38,2025-10-16 17:57,1167.2,KG,26,532.35,GBP,DELIVERED
SH102993,2025-05-11,P-1150,SVC6,FNCH,L-229,L-212,2025-05-14 17:40,2025-05-17 12:49,80.9,LB,24,38.48,GBP,DELIVERED
SH102994,2026-03-31,P-1236,SVC4,GRYP,L-254,L-226,2026-04-03 11:01,2026-04-07 18:17,461.9,KG,20,224.15,GBP,DELIVERED
SH102995,2026-03-19,P-1011,SVC2,EGRT,L-206,L-227,2026-03-21 19:06,2026-03-22 21:36,1106.3,KG,21,769.00,GBP,DELIVERED
SH102996,2025-09-23,P-1216,SVC5,EGRT,L-239,L-216,2025-09-23 09:37,2025-09-29 19:27,533.5,LB,15,137.53,GBP,DELIVERED
SH102997,2025-05-26,P-1118,SVC4,ARRW,L-213,L-219,,,968.4,KG,7,428.68,GBP,CANCELLED
SH102998,2026-04-03,P-1041,SVC2,ARRW,L-214,L-204,2026-04-03 07:12,2026-04-04 17:53,1047.7,KG,4,721.42,GBP,DELIVERED
SH102999,2026-05-08,P-1052,SVC3,GRYP,L-210,L-235,2026-05-09 20:48,2026-05-11 16:12,366.9,LB,18,110.39,GBP,DELIVERED
SH103000,2026-05-13,P-1009,SVC3,EGRT,L-246,L-224,2026-05-13 10:48,2026-05-16 16:11,469.7,KG,18,228.45,GBP,DELIVERED
SH103001,2025-07-31,P-1215,SVC5,CDRX,L-232,L-213,2025-08-02 06:24,2025-08-04 21:59,1252.6,LB,20,270.19,GBP,DELIVERED
SH103002,2025-08-11,P-1223,SVC6,EGRT,L-224,L-217,2025-08-11 08:57,2025-08-16 16:03,255.1,LB,25,84.93,EUR,DELIVERED
SH103003,2026-02-13,P-1169,SVC6,BLTC,L-220,L-231,2026-02-15 20:09,2026-02-16 07:15,1352.9,KG,2,590.79,GBP,DELIVERED
SH103004,2026-05-12,P-1220,SVC1,BLTC,L-242,L-221,2026-05-14 16:55,2026-05-15 09:38,604.0,KG,10,435.55,GBP,DELIVERED
SH103005,2025-10-05,P-1224,SVC5,ARRW,L-226,L-222,2025-10-07 10:03,2025-10-15 19:54,1358.7,KG,6,611.00,GBP,DELIVERED
SH103006,2025-04-25,P-1066,SVC2,CDRX,L-202,L-201,2025-04-25 14:50,2025-04-27 18:53,1234.8,KG,12,852.66,GBP,DELIVERED
SH103007,2025-10-08,P-1118,SVC3,BLTC,L-220,L-238,2025-10-08 13:12,2025-10-10 15:42,796.7,KG,17,359.05,GBP,DELIVERED
SH103008,2025-03-04,P-1218,SVC3,CDRX,L-209,L-211,2025-03-05 08:22,2025-03-08 09:02,529.5,LB,2,143.35,EUR,DELIVERED
SH103009,2025-12-22,P-1190,SVC4,GRYP,L-216,L-224,2025-12-25 08:36,2025-12-30 18:17,85.4,KG,20,73.13,GBP,DELIVERED
SH103010,2025-09-05,P-1205,SVC3,BLTC,L-201,L-222,2025-09-07 09:35,2025-09-09 13:45,1352.1,KG,13,601.77,GBP,DELIVERED
SH103011,2025-11-19,P-1195,SVC5,ARRW,L-242,L-247,2025-11-21 19:56,,252.5,KG,5,137.49,GBP,IN_TRANSIT
SH103012,2025-05-11,P-1092,SVC5,BLTC,L-251,L-211,2025-05-13 17:22,2025-05-22 14:04,159.6,KG,17,80.95,EUR,DELIVERED
SH103013,2025-05-07,P-1135,SVC4,GRYP,L-220,L-225,2025-05-09 21:27,2025-05-14 20:14,348.5,LB,10,81.57,GBP,DELIVERED
SH103014,2025-04-30,P-1034,SVC3,GRYP,L-205,L-201,2025-05-01 19:40,2025-05-04 17:57,1364.8,KG,20,590.45,GBP,DELIVERED
SH103015,2025-11-01,P-1180,SVC3,ARRW,L-249,L-208,,,636.2,KG,24,291.84,GBP,BOOKED
SH103016,2025-10-10,P-1101,SVC2,DNUB,L-257,L-248,2025-10-12 20:23,2025-10-13 19:31,266.0,LB,20,122.46,GBP,DELIVERED
SH103017,2025-07-26,P-1028,SVC3,FNCH,L-234,L-235,2025-07-26 19:37,2025-07-29 06:47,294.3,KG,24,147.36,GBP,DELIVERED
SH103018,2026-02-12,P-1182,SVC3,FNCH,L-238,L-236,2026-02-14 13:04,2026-02-15 19:13,268.1,KG,2,136.17,GBP,DELIVERED
SH103019,2025-05-22,P-1193,SVC4,DNUB,L-241,L-224,2025-05-22 18:29,2025-05-23 09:31,1131.2,LB,11,236.58,GBP,DELIVERED
SH103020,2026-04-14,P-1004,SVC6,ARRW,L-232,L-218,2026-04-14 10:55,2026-04-22 12:04,742.4,KG,16,337.64,GBP,DELIVERED
SH103021,2025-09-01,P-1034,SVC2,GRYP,L-246,L-257,2025-09-03 11:43,2025-09-05 07:16,463.6,LB,25,169.09,GBP,DELIVERED
SH103022,2026-01-15,P-1068,SVC3,CDRX,L-220,L-233,2026-01-17 10:36,2026-01-19 17:21,233.6,KG,21,129.36,GBP,DELIVERED
SH103023,2025-03-20,P-1196,SVC1,GRYP,L-235,L-208,2025-03-22 19:49,2025-03-23 20:53,269.7,KG,5,213.85,GBP,DELIVERED
SH103024,2025-11-10,P-1136,SVC1,ARRW,L-229,L-253,,,1379.0,LB,21,457.75,GBP,BOOKED
SH103025,2025-05-03,P-1172,SVC3,CDRX,L-229,L-224,2025-05-04 21:49,2025-05-08 20:17,390.7,LB,2,103.44,GBP,DELIVERED
SH103026,2026-02-04,P-1185,SVC1,FNCH,L-204,L-259,2026-02-05 16:18,2026-02-06 06:19,1245.8,LB,16,406.81,EUR,DELIVERED
SH103027,2026-03-13,P-1184,SVC6,ARRW,L-215,L-228,2026-03-14 18:44,2026-03-20 21:03,113.3,KG,9,69.76,GBP,DELIVERED
SH103028,2026-02-22,P-1030,SVC3,FNCH,L-211,L-201,2026-02-25 15:39,2026-03-01 08:21,401.0,LB,6,96.92,GBP,DELIVERED
SH103029,2025-03-18,P-1180,SVC3,FNCH,L-204,L-244,2025-03-19 11:56,2025-03-20 20:51,1287.9,KG,9,570.77,GBP,DELIVERED
SH103030,2025-05-09,P-1120,SVC3,FNCH,L-252,L-232,2025-05-09 09:40,2025-05-12 21:06,144.5,KG,8,88.24,GBP,DELIVERED
SH103031,2025-12-24,P-1164,SVC6,ARRW,L-227,L-219,2025-12-25 18:12,2025-12-30 08:59,5.5,KG,4,36.22,GBP,DELIVERED
SH103032,2026-05-16,P-1151,SVC3,GRYP,L-208,L-236,2026-05-19 12:01,2026-05-22 07:29,777.0,LB,26,166.62,GBP,DELIVERED
SH103033,2025-05-22,P-1184,SVC3,CDRX,L-209,L-220,2025-05-23 11:43,2025-05-27 21:36,29.7,LB,16,40.82,GBP,DELIVERED
SH103034,2025-03-07,P-1101,SVC1,ARRW,L-235,L-255,,,264.9,KG,4,214.61,GBP,CANCELLED
SH103035,2025-04-09,P-1022,SVC2,BLTC,L-242,L-243,2025-04-10 15:52,2025-04-12 20:06,655.4,LB,1,224.07,GBP,DELIVERED
SH103036,2026-01-27,P-1103,SVC3,GRYP,L-252,L-204,2026-01-30 12:51,,1019.6,KG,12,448.31,GBP,IN_TRANSIT
SH103037,2025-12-19,P-1038,SVC3,EGRT,L-259,L-212,2025-12-22 06:23,2025-12-23 19:36,1089.1,KG,12,490.99,GBP,DELIVERED
SH103038,2025-02-12,P-1204,SVC5,EGRT,L-222,L-252,2025-02-15 12:13,2025-02-22 09:43,152.7,KG,20,88.16,GBP,DELIVERED
SH103039,2026-03-16,P-1070,SVC5,ARRW,L-252,L-211,,,307.3,KG,13,151.69,GBP,CANCELLED
SH103040,2026-04-20,P-1133,SVC3,CDRX,L-234,L-201,2026-04-23 19:55,2026-05-02 10:24,553.4,KG,2,269.21,GBP,DELIVERED
SH103041,2025-03-09,P-1128,SVC1,BLTC,L-207,L-204,2025-03-09 18:44,2025-03-10 18:24,643.0,LB,12,218.04,GBP,DELIVERED
SH103042,2026-01-02,P-1124,SVC3,ARRW,L-248,L-252,2026-01-03 21:52,2026-01-04 10:38,71.9,KG,16,52.06,GBP,DELIVERED
SH103043,2025-05-09,P-1189,SVC3,CDRX,L-209,L-201,,,888.0,KG,20,406.17,GBP,BOOKED
SH103044,2026-05-16,P-1085,SVC3,GRYP,L-226,L-235,2026-05-16 21:58,2026-05-17 14:14,488.8,KG,12,240.59,GBP,DELIVERED
SH103045,2025-02-18,P-1189,SVC4,BLTC,L-246,L-254,2025-02-20 13:34,2025-02-21 11:16,1101.9,KG,13,494.18,GBP,DELIVERED
SH103046,2026-02-05,P-1160,SVC3,GRYP,L-256,L-259,2026-02-08 13:58,2026-02-15 12:15,1343.7,LB,1,273.27,GBP,DELIVERED
SH103047,2026-04-08,P-1117,SVC1,ARRW,L-210,L-238,2026-04-09 21:06,2026-04-12 18:46,958.7,KG,16,663.88,GBP,DELIVERED
SH103048,2025-01-13,P-1047,SVC3,EGRT,L-217,L-237,2025-01-16 07:24,2025-01-20 07:37,957.4,KG,9,426.87,GBP,DELIVERED
SH103049,2025-03-17,P-1227,SVC2,GRYP,L-252,L-219,2025-03-17 14:45,2025-03-23 21:59,1237.9,KG,21,858.52,GBP,DELIVERED
SH103050,2025-07-03,P-1153,SVC4,ARRW,L-232,L-208,2025-07-06 15:12,2025-07-18 15:01,1040.4,LB,20,226.28,GBP,DELIVERED
SH103051,2025-05-09,P-1046,SVC5,CDRX,L-201,L-253,2025-05-10 16:44,2025-05-15 19:57,652.9,KG,18,294.40,GBP,DELIVERED
SH103052,2026-02-15,P-1124,SVC2,DNUB,L-238,L-234,,,1001.5,LB,26,325.78,GBP,BOOKED
SH103053,2025-07-23,P-1198,SVC6,CDRX,L-235,L-241,2025-07-26 16:40,2025-07-28 21:15,569.0,KG,6,264.76,GBP,DELIVERED
SH103054,2025-03-04,P-1038,SVC5,EGRT,L-225,L-237,2025-03-04 21:52,2025-03-05 06:54,277.2,LB,24,90.25,GBP,DELIVERED
SH103055,2026-02-02,P-1158,SVC2,CDRX,L-257,L-215,2026-02-04 19:09,2026-02-06 16:48,599.8,KG,7,418.96,GBP,DELIVERED
SH103056,2025-06-11,P-1168,SVC3,GRYP,L-246,L-205,2025-06-12 20:11,2025-06-14 21:04,848.5,KG,9,392.23,GBP,DELIVERED
SH103057,2026-04-03,P-1159,SVC1,FNCH,L-201,L-207,2026-04-04 16:15,2026-04-08 13:19,241.3,LB,2,114.59,GBP,DELIVERED
SH103058,2025-08-14,P-1198,SVC3,CDRX,L-253,L-218,2025-08-15 19:55,2025-08-16 14:07,311.7,KG,22,159.25,GBP,DELIVERED
SH103059,2025-04-22,P-1203,SVC3,DNUB,L-202,L-222,2025-04-25 08:03,2025-04-27 14:22,1315.2,KG,20,578.55,GBP,DELIVERED
SH103060,2025-05-05,P-1130,SVC2,EGRT,L-235,L-216,2025-05-06 06:38,2025-05-07 11:06,375.1,KG,15,291.74,EUR,DELIVERED
SH103061,2025-06-28,P-1227,SVC1,ARRW,L-219,L-213,2025-06-29 07:52,2025-06-30 08:53,401.5,LB,11,146.04,GBP,DELIVERED
SH103062,2025-12-06,P-1044,SVC3,CDRX,L-242,L-253,2025-12-06 17:01,2025-12-10 09:40,20.6,LB,17,29.21,GBP,DELIVERED
SH103063,2025-02-10,P-1100,SVC4,ARRW,L-252,L-205,2025-02-11 21:37,2025-02-18 14:33,792.8,KG,25,360.95,GBP,DELIVERED
SH103064,2026-03-10,P-1143,SVC1,BLTC,L-255,L-206,2026-03-12 18:20,2026-03-13 06:43,157.8,KG,11,134.77,GBP,DELIVERED
SH103065,2025-09-28,P-1116,SVC3,CDRX,L-249,L-245,2025-09-29 15:54,2025-09-30 20:44,124.6,KG,7,78.26,GBP,DELIVERED
SH103066,2025-12-22,P-1153,SVC2,EGRT,L-201,L-238,,,422.4,LB,20,152.69,GBP,CANCELLED
SH103067,2025-05-09,P-1209,SVC3,GRYP,L-249,L-202,2025-05-09 13:52,2025-05-10 06:17,193.4,LB,14,60.30,GBP,DELIVERED
SH103068,2026-01-20,P-1013,SVC4,DNUB,L-202,L-224,2026-01-22 11:24,2026-01-25 14:27,864.7,KG,11,398.46,GBP,DELIVERED
SH103069,2026-02-26,P-1153,SVC4,DNUB,L-230,L-232,2026-03-01 10:02,2026-03-06 12:19,50.5,KG,12,62.64,GBP,DELIVERED
SH103070,2025-12-20,P-1200,SVC2,CDRX,L-244,L-202,2025-12-22 18:49,2025-12-24 17:00,997.3,KG,17,689.96,GBP,DELIVERED
SH103071,2025-03-18,P-1055,SVC4,GRYP,L-243,L-248,2025-03-19 17:28,2025-03-27 13:19,217.3,LB,10,56.39,GBP,DELIVERED
SH103072,2025-12-23,P-1183,SVC3,DNUB,L-214,L-204,2025-12-23 18:25,2026-01-01 14:24,645.2,LB,4,148.43,GBP,DELIVERED
SH103073,2026-03-22,P-1185,SVC6,ARRW,L-242,L-218,,,936.4,KG,16,412.24,GBP,BOOKED
SH103074,2025-04-22,P-1111,SVC1,CDRX,L-241,L-225,2025-04-23 15:23,2025-04-24 11:47,1358.1,KG,12,947.92,GBP,DELIVERED
SH103075,2025-07-18,P-1117,SVC6,GRYP,L-259,L-231,,,1367.0,KG,21,607.59,GBP,BOOKED
SH103076,2026-01-14,P-1098,SVC3,EGRT,L-222,L-250,2026-01-16 10:45,2026-01-24 15:29,1016.9,LB,26,214.29,GBP,DELIVERED
SH103077,2025-12-02,P-1052,SVC2,GRYP,L-207,L-206,2025-12-02 18:36,2025-12-03 20:20,521.6,KG,25,376.31,EUR,DELIVERED
SH103078,2025-10-04,P-1193,SVC5,GRYP,L-237,L-253,2025-10-04 21:36,,542.1,LB,1,125.55,EUR,IN_TRANSIT
SH103079,2025-05-05,P-1193,SVC1,GRYP,L-260,L-234,2025-05-07 19:28,2025-05-08 10:14,1051.5,KG,12,733.85,GBP,DELIVERED
SH103080,2025-02-23,P-1212,SVC4,DNUB,L-260,L-231,2025-02-24 12:31,2025-02-25 11:44,398.8,KG,26,206.60,GBP,DELIVERED
SH103081,2025-02-08,P-1182,SVC2,CDRX,L-251,L-254,2025-02-11 11:58,2025-02-13 18:33,876.6,LB,19,303.78,EUR,DELIVERED
SH103082,2026-01-17,P-1029,SVC3,FNCH,L-246,L-202,2026-01-17 21:54,2026-01-18 06:56,1013.1,KG,26,453.19,GBP,DELIVERED
SH103083,2026-05-04,P-1102,SVC3,FNCH,L-239,L-249,2026-05-07 12:28,2026-05-16 21:07,756.4,KG,9,357.15,GBP,DELIVERED
SH103084,2025-12-20,P-1152,SVC6,CDRX,L-218,L-212,2025-12-20 17:07,2025-12-22 19:28,525.8,LB,11,140.40,GBP,DELIVERED
SH103085,2025-07-06,P-1016,SVC1,DNUB,L-236,L-219,2025-07-06 17:46,2025-07-07 08:38,154.3,LB,7,73.43,GBP,DELIVERED
SH103086,2025-06-21,P-1200,SVC2,DNUB,L-222,L-253,2025-06-24 13:58,2025-06-25 10:31,136.7,KG,10,116.48,GBP,DELIVERED
SH103087,2026-03-19,P-1101,SVC5,BLTC,L-209,L-203,2026-03-21 20:46,2026-03-22 12:19,1240.9,KG,10,534.61,GBP,DELIVERED
SH103088,2025-09-12,P-1149,SVC3,DNUB,L-239,L-227,2025-09-12 18:47,2025-09-15 09:43,121.8,KG,21,68.10,GBP,DELIVERED
SH103089,2025-10-07,P-1049,SVC4,DNUB,L-254,L-233,2025-10-07 08:25,2025-10-17 07:30,1343.2,KG,12,589.65,GBP,DELIVERED
SH103090,2025-07-16,P-1038,SVC5,GRYP,L-259,L-211,2025-07-19 07:53,2025-07-23 13:09,1296.9,KG,14,563.88,GBP,DELIVERED
SH103091,2026-01-09,P-1049,SVC3,DNUB,L-248,L-243,2026-01-11 13:17,2026-01-15 09:11,278.0,KG,15,149.51,GBP,DELIVERED
SH103092,2025-12-26,P-1185,SVC4,BLTC,L-233,L-238,,,113.4,KG,20,66.31,EUR,BOOKED
SH103093,2025-08-14,P-1187,SVC5,BLTC,L-246,L-225,2025-08-16 20:23,2025-08-19 17:30,1059.8,LB,26,233.86,EUR,DELIVERED
SH103094,2025-10-25,P-1053,SVC2,BLTC,L-230,L-234,2025-10-26 13:30,2025-11-02 15:09,647.9,LB,17,233.01,EUR,DELIVERED
SH103095,2025-05-16,P-1215,SVC3,CDRX,L-212,L-259,,,770.6,LB,23,186.86,GBP,BOOKED
SH103096,2026-05-09,P-1072,SVC3,EGRT,L-225,L-250,2026-05-11 21:36,2026-05-14 09:19,579.4,KG,2,280.31,GBP,DELIVERED
SH103097,2025-10-10,P-1015,SVC6,EGRT,L-228,L-208,2025-10-13 08:10,2025-10-16 10:20,1212.7,KG,18,544.51,GBP,DELIVERED
SH103098,2026-02-13,P-1124,SVC3,GRYP,L-249,L-252,2026-02-15 07:40,2026-02-18 12:27,55.7,KG,25,46.25,EUR,DELIVERED
SH103099,2026-02-03,P-1023,SVC4,GRYP,L-219,L-225,2026-02-05 20:16,2026-02-14 18:20,457.8,KG,5,213.79,GBP,DELIVERED
SH103100,2025-10-30,P-1060,SVC3,EGRT,L-201,L-256,2025-10-31 12:51,2025-11-04 19:44,338.7,LB,11,99.54,GBP,DELIVERED
SH103101,2025-05-05,P-1073,SVC2,GRYP,L-215,L-257,2025-05-08 08:08,2025-05-10 11:46,231.5,KG,15,177.00,GBP,DELIVERED
SH103102,2026-02-15,P-1115,SVC4,GRYP,L-202,L-224,2026-02-18 09:26,2026-02-24 08:51,275.3,KG,9,154.96,GBP,DELIVERED
SH103103,2026-05-10,P-1194,SVC5,EGRT,L-250,L-220,2026-05-11 07:20,2026-05-14 12:22,1137.1,LB,26,241.83,GBP,DELIVERED
SH103104,2026-02-16,P-1139,SVC1,GRYP,L-248,L-227,2026-02-19 12:22,,431.1,KG,13,322.73,GBP,IN_TRANSIT
SH103105,2025-08-26,P-1166,SVC1,CDRX,L-233,L-226,2025-08-27 08:25,2025-08-28 12:09,1228.5,KG,20,849.22,GBP,DELIVERED
SH103106,2025-01-02,P-1012,SVC5,ARRW,L-226,L-254,2025-01-04 08:46,2025-01-05 17:17,86.3,KG,14,69.56,GBP,DELIVERED
SH103107,2025-08-26,P-1050,SVC3,BLTC,L-203,L-254,2025-08-26 17:44,2025-09-04 13:46,1283.9,KG,12,572.10,GBP,DELIVERED
SH103108,2025-12-29,P-1215,SVC2,FNCH,L-243,L-244,2025-12-30 15:22,2026-01-01 14:44,568.2,KG,13,419.40,GBP,DELIVERED
SH103109,2025-04-21,P-1035,SVC6,EGRT,L-254,L-207,2025-04-21 19:27,2025-04-24 14:30,1309.1,KG,16,591.86,GBP,DELIVERED
SH103110,2025-07-19,P-1236,SVC2,EGRT,L-208,L-246,,,1377.5,KG,5,964.51,GBP,CANCELLED
SH103111,2025-01-29,P-1072,SVC2,EGRT,L-206,L-229,2025-02-01 19:21,2025-02-03 13:01,221.1,KG,10,163.69,GBP,DELIVERED
SH103112,2026-03-01,P-1015,SVC6,ARRW,L-220,L-245,2026-03-04 14:19,2026-03-07 14:23,647.9,KG,17,309.35,GBP,DELIVERED
SH103113,2025-02-16,P-1185,SVC1,ARRW,L-238,L-218,2025-02-19 19:32,2025-02-20 15:23,234.1,KG,12,192.34,GBP,DELIVERED
SH103114,2025-01-12,P-1223,SVC4,DNUB,L-210,L-250,,,501.8,KG,3,252.93,GBP,CANCELLED
SH103115,2025-10-21,P-1146,SVC2,ARRW,L-206,L-235,2025-10-22 20:48,2025-10-24 10:19,1295.5,KG,20,884.36,GBP,DELIVERED
SH103116,2025-05-09,P-1045,SVC3,FNCH,L-245,L-231,2025-05-11 20:02,2025-05-12 06:08,839.1,LB,5,187.93,GBP,DELIVERED
SH103117,2026-05-04,P-1105,SVC3,EGRT,L-232,L-215,2026-05-07 20:36,2026-05-10 07:25,471.2,KG,23,224.25,GBP,DELIVERED
SH103118,2025-08-10,P-1130,SVC2,EGRT,L-259,L-221,2025-08-13 08:51,2025-08-15 08:24,148.2,KG,24,135.52,GBP,DELIVERED
SH103119,2026-01-17,P-1011,SVC3,EGRT,L-249,L-247,2026-01-19 07:05,2026-01-20 10:50,483.2,KG,11,226.70,GBP,DELIVERED
SH103120,2026-03-05,P-1134,SVC6,FNCH,L-217,L-253,2026-03-07 18:44,2026-03-08 10:53,991.9,KG,5,446.57,GBP,DELIVERED
SH103121,2025-09-29,P-1147,SVC5,CDRX,L-239,L-255,2025-09-30 20:25,2025-10-02 10:38,1157.9,KG,10,509.33,EUR,DELIVERED
SH103122,2025-05-14,P-1126,SVC4,EGRT,L-233,L-201,2025-05-17 07:01,2025-05-20 07:47,964.4,KG,9,439.84,GBP,DELIVERED
SH103123,2026-01-06,P-1003,SVC5,DNUB,L-229,L-204,2026-01-07 18:19,2026-01-17 20:20,1302.2,KG,14,571.52,GBP,DELIVERED
SH103124,2026-04-11,P-1106,SVC2,CDRX,L-228,L-255,2026-04-11 16:20,2026-04-13 11:03,1285.7,KG,18,900.78,GBP,DELIVERED
SH103125,2025-05-19,P-1101,SVC1,GRYP,L-218,L-205,2025-05-22 08:08,2025-05-23 06:27,97.8,KG,12,94.99,GBP,DELIVERED
SH103126,2025-06-12,P-1228,SVC3,DNUB,L-220,L-226,2025-06-15 12:03,2025-06-19 19:40,908.1,KG,23,399.72,GBP,DELIVERED
SH103127,2025-11-23,P-1163,SVC2,GRYP,L-226,L-242,2025-11-26 17:27,2025-11-27 13:41,116.4,KG,12,117.70,GBP,DELIVERED
SH103128,2025-07-18,P-1236,SVC3,FNCH,L-235,L-203,2025-07-19 17:26,2025-07-22 15:48,227.8,KG,4,125.84,GBP,DELIVERED
SH103129,2026-01-21,P-1036,SVC5,DNUB,L-237,L-207,2026-01-22 08:51,2026-01-27 13:35,768.3,KG,18,350.29,GBP,DELIVERED
SH103130,2026-04-23,P-1230,SVC3,EGRT,L-231,L-204,2026-04-26 10:17,2026-04-27 12:15,5.7,KG,8,30.09,GBP,DELIVERED
SH103131,2025-03-24,P-1138,SVC2,EGRT,L-203,L-258,2025-03-26 12:34,2025-03-27 15:39,760.6,KG,13,550.92,EUR,DELIVERED
SH103132,2025-03-03,P-1238,SVC1,ARRW,L-247,L-208,2025-03-04 13:53,2025-03-05 10:26,152.0,KG,1,127.87,GBP,DELIVERED
SH103133,2025-07-13,P-1108,SVC3,FNCH,L-240,L-216,2025-07-15 11:24,2025-07-18 17:28,1084.0,KG,26,476.80,GBP,DELIVERED
SH103134,2026-02-25,P-1151,SVC3,CDRX,L-240,L-231,2026-02-28 20:20,2026-03-04 14:55,225.1,LB,24,70.86,EUR,DELIVERED
SH103135,2025-12-01,P-1028,SVC2,CDRX,L-245,L-215,2025-12-02 18:28,2025-12-03 18:59,803.2,KG,16,561.58,GBP,DELIVERED
SH103136,2025-09-07,P-1021,SVC2,CDRX,L-207,L-248,2025-09-08 17:32,2025-09-09 21:56,336.0,KG,4,247.66,EUR,DELIVERED
SH103137,2025-04-14,P-1011,SVC1,ARRW,L-209,L-216,2025-04-15 14:44,2025-04-16 17:21,230.6,LB,25,88.13,GBP,DELIVERED
SH103138,2025-11-07,P-1113,SVC2,DNUB,L-217,L-243,2025-11-09 10:54,2025-11-11 17:08,1281.0,KG,13,882.57,GBP,DELIVERED
SH103139,2025-01-19,P-1066,SVC4,GRYP,L-225,L-260,2025-01-21 14:36,2025-01-30 15:30,1336.5,LB,14,272.82,GBP,DELIVERED
SH103140,2025-02-10,P-1141,SVC5,FNCH,L-226,L-235,2025-02-12 18:28,2025-02-17 09:19,328.5,KG,14,176.62,GBP,DELIVERED
SH103141,2025-09-20,P-1136,SVC3,DNUB,L-206,L-237,2025-09-20 09:02,2025-09-24 07:37,828.2,KG,10,383.90,GBP,DELIVERED
SH103142,2025-11-17,P-1056,SVC2,ARRW,L-206,L-201,2025-11-17 13:05,2025-11-18 17:42,610.0,LB,4,213.91,GBP,DELIVERED
SH103143,2025-02-19,P-1106,SVC3,GRYP,L-219,L-201,2025-02-21 17:01,2025-02-24 20:31,1005.3,KG,23,444.95,GBP,DELIVERED
SH103144,2025-09-29,P-1049,SVC1,GRYP,L-201,L-205,2025-09-30 11:16,,1207.8,KG,10,844.18,GBP,IN_TRANSIT
SH103145,2025-04-22,P-1108,SVC5,EGRT,L-251,L-254,2025-04-25 17:27,2025-04-30 15:23,216.4,KG,6,120.43,GBP,DELIVERED
SH103146,2025-09-02,P-1016,SVC3,EGRT,L-231,L-258,2025-09-05 08:54,2025-09-08 13:01,144.2,KG,15,80.87,GBP,DELIVERED
SH103147,2026-01-16,P-1023,SVC4,BLTC,L-221,L-256,2026-01-18 13:30,2026-01-28 18:07,388.3,KG,25,197.03,GBP,DELIVERED
SH103148,2026-03-09,P-1154,SVC1,FNCH,L-248,L-254,2026-03-09 06:17,2026-03-15 06:57,1006.7,LB,5,339.01,GBP,DELIVERED
SH103149,2026-04-24,P-1022,SVC5,GRYP,L-214,L-221,2026-04-27 20:19,2026-05-04 21:33,607.0,KG,21,296.17,GBP,DELIVERED
SH103150,2026-01-05,P-1129,SVC4,FNCH,L-257,L-204,2026-01-07 15:24,2026-01-09 13:34,154.6,KG,22,86.03,GBP,DELIVERED
SH103151,2025-12-02,P-1003,SVC3,BLTC,L-235,L-220,2025-12-02 17:57,2025-12-06 08:16,1092.6,KG,19,495.18,GBP,DELIVERED
SH103152,2025-03-12,P-1177,SVC3,GRYP,L-205,L-242,2025-03-12 19:02,2025-03-15 15:41,970.6,KG,1,437.37,GBP,DELIVERED
SH103153,2025-11-25,P-1188,SVC3,ARRW,L-260,L-224,2025-11-26 13:12,2025-11-28 12:28,1265.9,LB,6,270.55,GBP,DELIVERED
SH103154,2025-10-16,P-1142,SVC2,ARRW,L-220,L-206,2025-10-18 17:39,2025-10-20 21:45,668.7,KG,20,480.19,GBP,DELIVERED
SH103155,2025-04-29,P-1226,SVC3,EGRT,L-249,L-211,2025-04-29 20:00,,709.3,KG,20,334.75,GBP,IN_TRANSIT
SH103156,2025-07-20,P-1124,SVC4,BLTC,L-215,L-231,2025-07-22 17:31,2025-07-27 08:16,565.6,LB,5,143.85,GBP,DELIVERED
SH103157,2025-04-18,P-1123,SVC3,FNCH,L-222,L-239,2025-04-21 06:00,2025-04-22 21:06,1078.6,KG,10,492.67,GBP,DELIVERED
SH103158,2025-07-11,P-1038,SVC4,BLTC,L-214,L-258,2025-07-14 19:53,2025-07-15 13:04,358.9,KG,14,187.45,GBP,DELIVERED
SH103159,2025-06-22,P-1237,SVC2,BLTC,L-238,L-206,2025-06-25 15:44,2025-06-26 08:39,121.6,LB,17,73.66,GBP,DELIVERED
SH103160,2025-11-19,P-1016,SVC2,DNUB,L-214,L-253,2025-11-20 19:05,2025-11-21 15:42,606.8,KG,16,444.44,GBP,DELIVERED
SH103161,2025-06-08,P-1214,SVC2,DNUB,L-235,L-212,2025-06-10 21:30,2025-06-11 16:01,741.6,KG,10,530.46,EUR,DELIVERED
SH103162,2025-05-01,P-1136,SVC3,EGRT,L-259,L-234,2025-05-01 13:47,2025-05-05 15:03,1187.3,LB,10,254.42,GBP,DELIVERED
SH103163,2025-10-08,P-1216,SVC4,BLTC,L-245,L-256,2025-10-08 15:52,2025-10-11 12:43,1372.5,KG,18,590.62,GBP,DELIVERED
SH103164,2025-01-21,P-1052,SVC2,GRYP,L-252,L-233,,,1383.8,KG,25,950.01,GBP,BOOKED
SH103165,2025-06-08,P-1165,SVC2,BLTC,L-227,L-228,2025-06-08 13:01,2025-06-10 15:16,1244.0,KG,14,860.92,GBP,DELIVERED
SH103166,2026-02-23,P-1028,SVC6,FNCH,L-246,L-252,2026-02-26 19:32,2026-02-28 17:32,512.1,KG,14,238.20,GBP,DELIVERED
SH103167,2025-01-21,P-1088,SVC6,CDRX,L-233,L-248,2025-01-22 13:44,2025-01-25 20:59,1021.4,KG,18,469.10,GBP,DELIVERED
SH103168,2025-07-04,P-1037,SVC3,EGRT,L-251,L-244,2025-07-07 08:31,2025-07-10 21:41,558.3,KG,7,250.90,GBP,DELIVERED
SH103169,2025-03-10,P-1092,SVC2,GRYP,L-247,L-248,2025-03-11 12:21,2025-03-12 21:38,488.2,KG,22,361.48,GBP,DELIVERED
SH103170,2025-08-12,P-1133,SVC2,BLTC,L-209,L-257,2025-08-15 13:31,2025-08-22 21:35,466.7,KG,18,342.34,GBP,DELIVERED
SH103171,2025-12-15,P-1043,SVC4,EGRT,L-209,L-241,2025-12-18 07:18,2025-12-23 20:16,217.5,KG,1,125.25,GBP,DELIVERED
SH103172,2026-01-31,P-1057,SVC3,EGRT,L-245,L-259,2026-01-31 09:41,2026-02-04 20:12,768.0,KG,4,355.08,GBP,DELIVERED
SH103173,2025-01-20,P-1199,SVC3,DNUB,L-204,L-253,2025-01-23 15:39,2025-01-26 08:16,1105.4,KG,25,491.43,GBP,DELIVERED
SH103174,2026-04-22,P-1042,SVC5,BLTC,L-226,L-247,2026-04-24 17:07,2026-05-04 12:55,135.1,LB,20,57.11,GBP,DELIVERED
SH103175,2025-03-05,P-1055,SVC2,DNUB,L-205,L-248,2025-03-05 06:22,2025-03-10 17:10,318.6,KG,21,246.11,GBP,DELIVERED
SH103176,2025-10-20,P-1187,SVC4,DNUB,L-259,L-209,2025-10-22 15:45,2025-10-30 12:34,529.1,KG,2,264.13,GBP,DELIVERED
SH103177,2026-04-07,P-1215,SVC1,EGRT,L-254,L-214,2026-04-10 18:17,2026-04-11 07:07,1157.0,KG,10,798.50,GBP,DELIVERED
SH103178,2026-01-01,P-1021,SVC2,GRYP,L-235,L-233,2026-01-02 18:38,2026-01-04 08:57,1147.2,KG,4,787.12,GBP,DELIVERED
SH103179,2025-11-21,P-1017,SVC2,ARRW,L-219,L-244,2025-11-22 19:56,2025-11-23 19:58,651.4,LB,18,232.11,GBP,DELIVERED
SH103180,2025-03-07,P-1188,SVC3,CDRX,L-253,L-221,2025-03-07 09:55,2025-03-10 07:49,720.3,KG,8,336.59,EUR,DELIVERED
SH103181,2025-02-17,P-1119,SVC4,BLTC,L-217,L-219,2025-02-19 12:08,2025-02-23 18:15,731.3,KG,3,322.50,GBP,DELIVERED
SH103182,2025-04-19,P-1131,SVC4,BLTC,L-250,L-260,2025-04-21 08:18,2025-04-25 19:21,1271.3,LB,16,265.75,EUR,DELIVERED
SH103183,2025-04-27,P-1228,SVC2,BLTC,L-253,L-245,2025-04-27 13:46,2025-04-29 10:16,1000.0,LB,17,331.80,GBP,DELIVERED
SH103184,2025-11-25,P-1220,SVC2,ARRW,L-224,L-231,2025-11-26 15:41,2025-12-01 17:23,1103.4,KG,9,772.22,GBP,DELIVERED
SH103185,2025-11-10,P-1037,SVC4,BLTC,L-250,L-248,2025-11-11 21:39,2025-11-13 19:38,20.3,KG,16,25.71,GBP,DELIVERED
SH103186,2026-01-09,P-1168,SVC2,DNUB,L-222,L-250,2026-01-11 14:32,2026-01-12 20:32,623.0,LB,15,222.18,GBP,DELIVERED
SH103187,2025-06-24,P-1152,SVC5,FNCH,L-241,L-230,,,1150.7,KG,17,510.81,GBP,CANCELLED
SH103188,2026-03-07,P-1047,SVC1,BLTC,L-250,L-253,2026-03-07 21:28,2026-03-09 15:53,815.8,KG,4,590.44,GBP,DELIVERED
SH103189,2025-12-25,P-1149,SVC5,CDRX,L-211,L-230,2025-12-28 06:57,2026-01-01 17:24,980.6,LB,20,229.12,GBP,DELIVERED
SH103190,2026-04-18,P-1114,SVC3,CDRX,L-217,L-241,,,1364.8,KG,20,593.17,GBP,BOOKED
SH103191,2026-01-27,P-1230,SVC6,CDRX,L-246,L-201,2026-01-30 13:53,2026-01-31 13:05,761.6,KG,12,342.46,GBP,DELIVERED
SH103192,2025-06-18,P-1008,SVC5,CDRX,L-206,L-208,2025-06-20 08:09,2025-06-21 21:00,137.6,KG,3,76.42,GBP,DELIVERED
SH103193,2026-01-18,P-1052,SVC3,FNCH,L-231,L-221,2026-01-21 14:15,2026-01-22 19:51,550.3,KG,9,258.23,GBP,DELIVERED
SH103194,2025-12-09,P-1153,SVC6,CDRX,L-238,L-260,2025-12-10 07:29,2025-12-11 16:36,960.7,KG,18,441.32,GBP,DELIVERED
SH103195,2025-06-09,P-1110,SVC3,ARRW,L-202,L-236,2025-06-12 13:37,,86.4,KG,10,54.88,GBP,IN_TRANSIT
SH103196,2025-05-04,P-1221,SVC3,ARRW,L-206,L-245,2025-05-07 17:06,2025-05-14 17:40,159.3,KG,5,92.13,GBP,DELIVERED
SH103197,2025-09-04,P-1023,SVC4,FNCH,L-203,L-202,2025-09-07 12:40,2025-09-16 21:43,164.5,KG,25,109.10,GBP,DELIVERED
SH103198,2025-09-19,P-1061,SVC3,FNCH,L-212,L-224,2025-09-22 14:38,2025-09-23 06:43,460.0,LB,26,126.10,EUR,DELIVERED
SH103199,2025-03-10,P-1222,SVC3,CDRX,L-245,L-253,2025-03-12 19:27,2025-03-13 10:35,399.5,LB,26,101.33,GBP,DELIVERED
SH103200,2026-02-09,P-1167,SVC3,FNCH,L-247,L-205,2026-02-12 10:31,2026-02-15 08:35,100.6,KG,11,84.64,GBP,DELIVERED
SH103201,2026-01-23,P-1166,SVC3,ARRW,L-228,L-257,2026-01-25 07:30,2026-01-26 13:58,856.9,KG,20,389.42,GBP,DELIVERED
SH103202,2025-04-23,P-1200,SVC1,BLTC,L-260,L-216,2025-04-24 14:59,2025-04-25 16:24,761.6,KG,9,551.85,GBP,DELIVERED
SH103203,2025-12-23,P-1046,SVC3,GRYP,L-254,L-201,2025-12-26 07:28,2025-12-28 13:31,1381.4,LB,22,302.18,GBP,DELIVERED
SH103204,2026-01-10,P-1066,SVC5,DNUB,L-202,L-250,2026-01-10 16:43,2026-01-12 18:59,1115.9,LB,7,235.83,GBP,DELIVERED
SH103205,2026-02-25,P-1059,SVC1,EGRT,L-238,L-228,2026-02-26 10:35,2026-02-27 20:17,667.2,KG,5,485.87,GBP,DELIVERED
SH103206,2025-11-17,P-1237,SVC3,ARRW,L-201,L-243,2025-11-20 16:05,2025-11-23 20:31,541.0,KG,20,265.34,EUR,DELIVERED
SH103207,2025-08-10,P-1005,SVC2,BLTC,L-255,L-254,2025-08-13 12:54,,726.0,KG,16,504.99,GBP,IN_TRANSIT
SH103208,2026-02-03,P-1092,SVC3,GRYP,L-222,L-239,2026-02-03 06:51,2026-02-04 12:15,230.9,KG,15,127.34,GBP,DELIVERED
SH103209,2025-10-19,P-1002,SVC2,FNCH,L-212,L-246,,,50.2,KG,1,60.80,GBP,BOOKED
SH103210,2026-01-30,P-1232,SVC3,DNUB,L-207,L-236,2026-01-31 18:05,,281.3,KG,2,160.50,GBP,IN_TRANSIT
SH103211,2025-05-18,P-1091,SVC1,FNCH,L-212,L-207,2025-05-18 07:37,2025-05-19 19:07,951.7,KG,12,674.20,GBP,DELIVERED
SH103212,2025-12-08,P-1207,SVC2,EGRT,L-242,L-216,2025-12-09 06:49,2025-12-11 13:36,292.2,KG,21,212.78,GBP,DELIVERED
SH103213,2026-01-25,P-1236,SVC4,DNUB,L-238,L-203,2026-01-27 06:29,2026-01-30 20:06,316.7,KG,12,155.37,GBP,DELIVERED
SH103214,2026-05-02,P-1084,SVC3,BLTC,L-214,L-235,2026-05-05 15:51,2026-05-07 13:45,436.3,LB,8,114.57,GBP,DELIVERED
SH103215,2025-06-14,P-1130,SVC3,BLTC,L-202,L-217,2025-06-15 15:02,2025-06-16 20:45,341.6,KG,22,170.88,GBP,DELIVERED
SH103216,2025-10-03,P-1114,SVC2,DNUB,L-222,L-217,2025-10-03 15:28,2025-10-04 20:51,464.7,LB,9,154.35,GBP,DELIVERED
SH103217,2026-03-27,P-1172,SVC3,ARRW,L-222,L-209,2026-03-29 13:52,,626.2,LB,12,133.76,GBP,IN_TRANSIT
SH103218,2025-06-05,P-1069,SVC6,CDRX,L-249,L-227,2025-06-07 18:31,2025-06-08 18:01,1193.6,LB,24,247.03,GBP,DELIVERED
SH103219,2025-03-30,P-1092,SVC3,BLTC,L-260,L-203,2025-04-01 14:34,2025-04-04 06:30,230.3,LB,26,80.08,GBP,DELIVERED
SH103220,2025-12-03,P-1012,SVC4,CDRX,L-204,L-245,2025-12-04 08:42,2025-12-09 20:36,727.2,KG,6,339.00,EUR,DELIVERED
SH103221,2025-08-16,P-1217,SVC6,ARRW,L-245,L-205,2025-08-17 09:13,2025-08-19 18:05,810.7,LB,21,188.22,GBP,DELIVERED
SH103222,2026-01-12,P-1203,SVC3,FNCH,L-209,L-240,2026-01-15 19:08,2026-01-18 09:23,968.6,KG,16,423.30,GBP,DELIVERED
SH103223,2025-04-06,P-1214,SVC4,GRYP,L-206,L-233,2025-04-06 10:20,2025-04-09 15:27,575.3,LB,20,150.65,EUR,DELIVERED
SH103224,2026-04-30,P-1160,SVC3,ARRW,L-230,L-205,2026-05-01 09:49,2026-05-05 19:18,528.4,LB,6,142.14,EUR,DELIVERED
SH103225,2025-01-24,P-1093,SVC5,GRYP,L-234,L-229,2025-01-24 14:28,2025-01-27 17:39,999.3,LB,10,208.37,GBP,DELIVERED
SH103226,2025-01-15,P-1232,SVC3,BLTC,L-247,L-252,2025-01-18 19:22,2025-01-22 07:40,907.9,KG,17,394.41,GBP,DELIVERED
SH103227,2025-05-14,P-1067,SVC2,FNCH,L-252,L-210,2025-05-16 08:09,2025-05-18 18:25,781.2,KG,18,567.65,GBP,DELIVERED
SH103228,2025-06-29,P-1152,SVC2,BLTC,L-233,L-249,2025-06-29 07:21,2025-07-01 14:54,804.5,KG,2,567.87,GBP,DELIVERED
SH103229,2025-05-19,P-1143,SVC5,CDRX,L-224,L-227,2025-05-21 06:54,2025-05-22 07:21,93.8,LB,22,43.53,GBP,DELIVERED
SH103230,2025-02-09,P-1079,SVC1,BLTC,L-222,L-206,,,1236.5,LB,25,410.19,GBP,BOOKED
SH103231,2026-03-11,P-1088,SVC3,CDRX,L-209,L-256,2026-03-11 12:25,2026-03-13 17:42,1290.4,KG,19,583.16,GBP,DELIVERED
SH103232,2025-12-30,P-1179,SVC3,CDRX,L-201,L-250,2026-01-02 13:06,2026-01-04 14:49,548.4,KG,10,249.55,EUR,DELIVERED
SH103233,2025-06-16,P-1045,SVC3,FNCH,L-218,L-226,,,632.9,KG,1,302.09,GBP,CANCELLED
SH103234,2025-11-20,P-1043,SVC3,FNCH,L-203,L-218,2025-11-23 18:33,2025-11-26 14:35,465.7,KG,6,224.54,GBP,DELIVERED
SH103235,2025-04-22,P-1084,SVC1,ARRW,L-238,L-209,2025-04-23 12:51,2025-04-24 21:54,1140.8,KG,26,800.69,GBP,DELIVERED
SH103236,2025-09-21,P-1143,SVC3,GRYP,L-218,L-203,2025-09-23 06:49,2025-09-25 09:39,567.2,LB,14,128.21,EUR,DELIVERED
SH103237,2025-08-06,P-1056,SVC4,GRYP,L-243,L-201,2025-08-06 11:21,2025-08-08 16:59,341.6,LB,16,85.16,GBP,DELIVERED
SH103238,2025-10-20,P-1052,SVC3,BLTC,L-220,L-206,2025-10-22 15:13,2025-10-24 07:44,1223.9,LB,23,258.74,GBP,DELIVERED
SH103239,2026-04-03,P-1159,SVC5,BLTC,L-236,L-202,2026-04-05 14:22,2026-04-08 12:49,1112.5,LB,17,233.91,EUR,DELIVERED
SH103240,2026-04-22,P-1029,SVC4,CDRX,L-222,L-225,2026-04-23 17:07,2026-04-28 06:05,1191.1,KG,12,523.72,GBP,DELIVERED
SH103241,2025-01-29,P-1129,SVC3,CDRX,L-201,L-237,2025-01-31 14:36,2025-02-06 18:40,241.5,LB,13,73.51,GBP,DELIVERED
SH103242,2026-02-14,P-1174,SVC1,GRYP,L-256,L-210,2026-02-17 11:17,,543.7,KG,8,398.59,GBP,IN_TRANSIT
SH103243,2025-09-25,P-1117,SVC3,FNCH,L-216,L-230,2025-09-25 16:19,2025-09-27 20:53,1188.9,LB,15,260.00,GBP,DELIVERED
SH103244,2025-12-17,P-1230,SVC1,DNUB,L-234,L-260,2025-12-20 18:22,2025-12-24 13:09,131.3,LB,2,59.53,GBP,DELIVERED
SH103245,2025-03-11,P-1029,SVC3,CDRX,L-206,L-249,2025-03-11 17:20,2025-03-15 07:02,541.1,LB,16,116.91,GBP,DELIVERED
SH103246,2025-09-15,P-1165,SVC3,BLTC,L-231,L-204,2025-09-16 09:34,2025-09-20 11:57,119.5,LB,20,47.99,GBP,DELIVERED
SH103247,2025-02-28,P-1050,SVC3,FNCH,L-222,L-257,2025-03-03 13:30,2025-03-04 09:20,1125.5,KG,1,489.78,GBP,DELIVERED
SH103248,2026-04-22,P-1187,SVC2,FNCH,L-217,L-257,2026-04-25 07:41,2026-05-02 07:32,462.2,LB,1,158.85,EUR,DELIVERED
SH103249,2025-10-06,P-1131,SVC2,DNUB,L-224,L-207,2025-10-08 16:43,2025-10-10 19:33,463.0,LB,13,166.14,GBP,DELIVERED
SH103250,2025-12-05,P-1131,SVC2,ARRW,L-203,L-204,2025-12-07 16:11,2025-12-09 18:35,699.8,KG,20,507.91,GBP,DELIVERED
SH103251,2026-04-17,P-1220,SVC1,EGRT,L-231,L-235,2026-04-17 09:05,2026-04-18 10:38,655.8,LB,5,227.66,GBP,DELIVERED
SH103252,2025-10-07,P-1028,SVC6,EGRT,L-241,L-251,2025-10-08 09:18,2025-10-11 10:21,224.2,KG,20,125.06,EUR,DELIVERED
SH103253,2026-04-18,P-1028,SVC6,CDRX,L-212,L-221,2026-04-20 20:44,2026-04-23 20:49,154.5,KG,23,89.11,EUR,DELIVERED
SH103254,2026-01-31,P-1020,SVC5,BLTC,L-217,L-212,2026-02-02 10:13,2026-02-07 19:40,753.8,KG,10,355.48,GBP,DELIVERED
SH103255,2025-10-06,P-1124,SVC1,GRYP,L-257,L-254,2025-10-08 13:40,2025-10-09 21:18,827.0,KG,20,592.70,GBP,DELIVERED
SH103256,2025-10-15,P-1023,SVC1,FNCH,L-202,L-229,2025-10-18 21:58,2025-10-19 20:47,1030.1,KG,5,719.45,GBP,DELIVERED
SH103257,2025-07-20,P-1222,SVC2,ARRW,L-201,L-202,2025-07-23 18:53,2025-07-24 20:41,655.7,KG,5,482.10,GBP,DELIVERED
SH103258,2025-05-18,P-1127,SVC2,BLTC,L-247,L-232,2025-05-18 21:07,2025-05-19 16:11,543.2,KG,14,404.59,GBP,DELIVERED
SH103259,2025-12-29,P-1082,SVC3,ARRW,L-257,L-253,2025-12-30 16:57,2026-01-01 21:06,1135.9,KG,23,492.13,GBP,DELIVERED
SH103260,2025-07-08,P-1059,SVC2,CDRX,L-204,L-228,2025-07-11 18:24,2025-07-12 17:01,392.3,KG,17,281.42,GBP,DELIVERED
SH103261,2025-02-19,P-1043,SVC3,FNCH,L-242,L-244,2025-02-21 16:04,2025-02-28 19:32,1079.4,KG,12,488.88,GBP,DELIVERED
SH103262,2025-11-15,P-1087,SVC3,CDRX,L-235,L-230,2025-11-17 13:51,,1017.1,KG,10,440.99,GBP,IN_TRANSIT
SH103263,2026-03-08,P-1203,SVC4,DNUB,L-216,L-237,2026-03-11 13:40,2026-03-17 18:55,527.1,KG,10,235.56,GBP,DELIVERED
SH103264,2025-03-21,P-1109,SVC2,EGRT,L-222,L-249,2025-03-24 19:12,2025-03-25 17:53,937.2,KG,10,662.75,GBP,DELIVERED
SH103265,2026-01-30,P-1175,SVC1,EGRT,L-243,L-216,2026-01-30 16:12,2026-02-04 19:36,400.2,LB,9,151.07,GBP,DELIVERED
SH103266,2025-08-13,P-1114,SVC3,DNUB,L-227,L-226,2025-08-13 17:43,2025-08-14 14:51,658.1,KG,17,302.67,GBP,DELIVERED
SH103267,2025-03-18,P-1016,SVC5,CDRX,L-235,L-230,2025-03-19 17:25,2025-03-21 16:17,1212.1,KG,13,551.24,GBP,DELIVERED
SH103268,2025-10-22,P-1050,SVC4,DNUB,L-230,L-239,2025-10-25 08:36,2025-10-26 09:02,345.9,KG,24,165.05,EUR,DELIVERED
SH103269,2025-07-11,P-1153,SVC4,DNUB,L-212,L-256,2025-07-13 10:20,,740.3,LB,3,163.48,EUR,IN_TRANSIT
SH103270,2026-04-15,P-1121,SVC2,EGRT,L-222,L-214,,,737.3,LB,24,264.33,GBP,BOOKED
SH103271,2025-06-06,P-1094,SVC3,FNCH,L-249,L-205,2025-06-06 14:27,2025-06-07 16:23,782.0,KG,26,371.27,GBP,DELIVERED
SH103272,2025-04-04,P-1114,SVC1,DNUB,L-252,L-220,2025-04-04 16:30,2025-04-05 09:04,211.1,LB,15,87.30,GBP,DELIVERED
SH103273,2026-03-21,P-1004,SVC5,EGRT,L-235,L-206,2026-03-22 14:37,2026-03-24 09:42,1080.9,KG,4,483.76,GBP,DELIVERED
SH103274,2025-10-19,P-1100,SVC6,DNUB,L-258,L-252,2025-10-20 10:31,2025-10-22 16:32,304.2,LB,6,98.67,GBP,DELIVERED
SH103275,2025-09-30,P-1023,SVC1,CDRX,L-245,L-217,2025-09-30 12:00,2025-10-01 12:06,749.7,KG,14,544.45,GBP,DELIVERED
SH103276,2026-03-27,P-1179,SVC4,FNCH,L-208,L-253,,,1276.5,KG,10,575.53,GBP,BOOKED
SH103277,2025-05-29,P-1203,SVC6,EGRT,L-244,L-259,,,132.1,LB,9,43.39,GBP,BOOKED
SH103278,2025-07-17,P-1098,SVC6,ARRW,L-240,L-208,2025-07-18 17:16,2025-07-22 08:31,225.7,KG,17,110.96,EUR,DELIVERED
SH103279,2025-10-08,P-1067,SVC2,CDRX,L-255,L-210,2025-10-10 08:55,2025-10-11 13:12,901.5,KG,19,629.77,GBP,DELIVERED
SH103280,2026-04-24,P-1218,SVC5,DNUB,L-232,L-205,,,304.3,KG,7,145.52,GBP,BOOKED
SH103281,2025-10-21,P-1149,SVC6,BLTC,L-209,L-247,2025-10-22 11:10,2025-10-30 18:48,479.2,KG,9,234.41,GBP,DELIVERED
SH103282,2026-05-11,P-1120,SVC5,FNCH,L-228,L-246,2026-05-11 15:14,2026-05-13 18:12,662.5,LB,8,159.54,GBP,DELIVERED
SH103283,2025-01-10,P-1146,SVC3,GRYP,L-258,L-232,2025-01-13 08:16,2025-01-15 20:46,677.4,KG,16,317.47,EUR,DELIVERED
SH103284,2025-02-28,P-1064,SVC4,ARRW,L-244,L-231,2025-03-02 10:21,2025-03-08 06:38,868.3,KG,16,398.31,GBP,DELIVERED
SH103285,2025-05-07,P-1158,SVC1,FNCH,L-256,L-218,2025-05-09 08:05,2025-05-10 20:22,432.9,KG,15,313.91,GBP,DELIVERED
SH103286,2025-12-21,P-1233,SVC3,FNCH,L-236,L-243,2025-12-21 21:49,2025-12-25 13:20,1229.4,KG,13,554.63,EUR,DELIVERED
SH103287,2026-04-02,P-1089,SVC5,CDRX,L-224,L-253,2026-04-04 08:54,2026-04-07 13:36,1254.1,LB,24,269.63,GBP,DELIVERED
SH103288,2025-12-10,P-1202,SVC6,BLTC,L-212,L-256,2025-12-12 10:43,,1353.8,KG,24,587.48,EUR,IN_TRANSIT
SH103289,2025-07-19,P-1075,SVC2,GRYP,L-249,L-236,,,326.6,LB,18,119.16,GBP,CANCELLED
SH103290,2026-04-27,P-1149,SVC1,FNCH,L-209,L-203,2026-04-29 15:08,,551.9,LB,4,195.51,GBP,IN_TRANSIT
SH103291,2026-03-11,P-1142,SVC6,CDRX,L-213,L-203,,,7.4,LB,21,37.21,GBP,BOOKED
SH103292,2026-05-04,P-1072,SVC2,ARRW,L-231,L-224,,,122.3,KG,7,111.15,GBP,CANCELLED
SH103293,2026-05-12,P-1097,SVC4,FNCH,L-233,L-216,2026-05-14 11:08,2026-05-18 17:33,977.8,LB,19,200.89,EUR,DELIVERED
SH103294,2025-07-03,P-1157,SVC2,GRYP,L-226,L-243,2025-07-06 12:07,2025-07-07 13:36,699.6,LB,5,251.47,GBP,DELIVERED
SH103295,2025-08-08,P-1123,SVC1,GRYP,L-224,L-237,,,446.8,KG,7,341.49,GBP,BOOKED
SH103296,2025-07-08,P-1008,SVC5,BLTC,L-259,L-218,2025-07-09 19:32,2025-07-14 18:05,707.3,KG,12,334.78,GBP,DELIVERED
SH103297,2025-07-11,P-1058,SVC1,CDRX,L-201,L-230,2025-07-11 09:44,2025-07-12 14:00,219.9,LB,6,81.84,GBP,DELIVERED
SH103298,2025-11-06,P-1240,SVC4,EGRT,L-260,L-254,2025-11-07 12:34,2025-11-14 10:58,1259.0,LB,6,281.83,GBP,DELIVERED
SH103299,2025-08-13,P-1224,SVC5,BLTC,L-217,L-235,2025-08-15 15:50,2025-08-16 07:21,166.9,LB,23,64.07,GBP,DELIVERED
SH103300,2025-04-23,P-1209,SVC6,FNCH,L-228,L-251,2025-04-26 06:50,2025-04-29 19:30,840.7,KG,21,392.37,GBP,DELIVERED
SH103301,2025-06-27,P-1080,SVC4,BLTC,L-230,L-247,2025-06-30 11:22,2025-07-01 10:10,667.2,LB,20,159.94,GBP,DELIVERED
SH103302,2025-03-12,P-1173,SVC2,CDRX,L-210,L-211,2025-03-15 09:32,2025-03-16 16:38,1038.6,KG,1,729.32,GBP,DELIVERED
SH103303,2025-10-06,P-1115,SVC5,GRYP,L-242,L-211,2025-10-07 21:48,2025-10-14 13:40,366.6,KG,20,196.79,GBP,DELIVERED
SH103304,2025-10-01,P-1078,SVC4,BLTC,L-244,L-231,,,372.5,KG,3,185.20,GBP,BOOKED
SH103305,2025-12-26,P-1232,SVC5,EGRT,L-260,L-239,2025-12-29 15:40,2025-12-30 18:45,576.1,KG,19,273.38,GBP,DELIVERED
SH103306,2025-05-19,P-1113,SVC3,BLTC,L-212,L-254,,,1372.5,LB,6,295.07,EUR,BOOKED
SH103307,2025-05-22,P-1165,SVC4,FNCH,L-225,L-238,,,70.8,KG,14,49.40,EUR,BOOKED
SH103308,2025-03-22,P-1214,SVC3,CDRX,L-215,L-260,2025-03-22 13:01,2025-03-24 07:31,1159.4,LB,1,236.55,GBP,DELIVERED
SH103309,2026-03-22,P-1215,SVC3,DNUB,L-256,L-237,2026-03-24 08:29,2026-03-25 07:34,879.9,KG,17,387.45,GBP,DELIVERED
SH103310,2025-09-17,P-1177,SVC3,BLTC,L-240,L-218,2025-09-19 10:47,2025-09-20 10:37,1378.2,KG,9,611.45,GBP,DELIVERED
SH103311,2025-12-20,P-1057,SVC5,GRYP,L-252,L-235,2025-12-21 17:35,2025-12-31 16:24,2.9,LB,5,34.15,GBP,DELIVERED
SH103312,2026-01-15,P-1075,SVC6,BLTC,L-224,L-215,2026-01-18 16:49,2026-01-21 11:47,271.6,LB,7,70.07,GBP,DELIVERED
SH103313,2026-03-01,P-1148,SVC3,EGRT,L-241,L-207,2026-03-01 11:29,2026-03-02 08:11,564.7,KG,4,253.46,GBP,DELIVERED
SH103314,2026-03-11,P-1213,SVC5,DNUB,L-233,L-239,2026-03-14 16:45,2026-03-18 12:34,460.8,KG,26,224.48,GBP,DELIVERED
SH103315,2026-05-15,P-1108,SVC2,DNUB,L-217,L-212,2026-05-15 16:14,2026-05-16 13:59,561.0,KG,17,401.89,GBP,DELIVERED
SH103316,2025-10-07,P-1219,SVC6,DNUB,L-221,L-249,2025-10-09 09:32,2025-10-14 12:15,496.0,KG,15,223.41,GBP,DELIVERED
SH103317,2025-10-22,P-1161,SVC4,ARRW,L-235,L-237,2025-10-24 08:17,2025-10-27 09:16,1028.3,KG,3,458.86,GBP,DELIVERED
SH103318,2026-04-15,P-1001,SVC1,BLTC,L-215,L-229,2026-04-18 12:34,2026-04-20 20:13,1156.9,KG,4,794.32,GBP,DELIVERED
SH103319,2025-06-12,P-1119,SVC2,DNUB,L-258,L-232,2025-06-15 15:42,2025-06-16 17:53,1168.2,KG,26,805.90,GBP,DELIVERED
SH103320,2025-06-08,P-1095,SVC3,BLTC,L-210,L-213,2025-06-10 08:54,2025-06-12 07:08,1272.9,KG,19,571.70,GBP,DELIVERED
SH103321,2025-09-11,P-1105,SVC3,EGRT,L-235,L-218,2025-09-12 16:44,2025-09-15 08:55,1269.9,KG,22,574.53,GBP,DELIVERED
SH103322,2025-04-28,P-1024,SVC1,DNUB,L-203,L-232,2025-04-28 20:17,2025-04-30 18:31,937.0,KG,23,646.17,GBP,DELIVERED
SH103323,2026-02-07,P-1207,SVC3,FNCH,L-214,L-221,2026-02-07 09:22,2026-02-11 14:18,285.1,KG,14,162.70,GBP,DELIVERED
SH103324,2025-02-04,P-1036,SVC2,EGRT,L-207,L-254,2025-02-07 12:45,2025-02-09 13:45,637.8,KG,14,445.97,GBP,DELIVERED
SH103325,2026-04-13,P-1108,SVC1,DNUB,L-203,L-239,2026-04-13 06:00,2026-04-14 07:14,725.4,LB,25,239.26,GBP,DELIVERED
SH103326,2025-01-28,P-1047,SVC6,CDRX,L-225,L-217,2025-01-29 19:57,2025-02-01 21:55,162.3,KG,5,105.51,GBP,DELIVERED
SH103327,2025-05-13,P-1181,SVC3,FNCH,L-238,L-240,2025-05-15 21:30,2025-05-17 17:13,170.9,LB,13,69.98,EUR,DELIVERED
SH103328,2025-10-04,P-1097,SVC4,GRYP,L-236,L-242,2025-10-06 18:19,2025-10-09 08:49,1264.3,KG,9,567.39,GBP,DELIVERED
SH103329,2025-10-27,P-1144,SVC2,DNUB,L-239,L-245,2025-10-29 09:53,2025-10-30 12:31,284.0,LB,24,118.14,EUR,DELIVERED
SH103330,2025-11-15,P-1091,SVC5,DNUB,L-207,L-240,2025-11-16 20:47,2025-11-26 08:04,220.6,KG,4,114.75,GBP,DELIVERED
SH103331,2025-07-09,P-1164,SVC2,GRYP,L-222,L-235,2025-07-10 21:46,2025-07-11 07:02,667.2,LB,1,243.41,GBP,DELIVERED
SH103332,2025-12-27,P-1034,SVC4,GRYP,L-230,L-248,2025-12-27 21:43,2026-01-02 13:13,728.6,KG,2,326.80,GBP,DELIVERED
SH103333,2026-04-18,P-1185,SVC2,FNCH,L-259,L-233,,,818.9,KG,14,577.61,GBP,CANCELLED
SH103334,2026-03-04,P-1002,SVC3,EGRT,L-235,L-231,2026-03-04 08:53,2026-03-08 14:19,431.8,LB,19,97.38,GBP,DELIVERED
SH103335,2026-03-04,P-1119,SVC3,EGRT,L-254,L-245,2026-03-07 11:39,2026-03-10 10:02,294.9,LB,17,87.50,GBP,DELIVERED
SH103336,2025-07-29,P-1039,SVC2,CDRX,L-215,L-221,,,492.8,LB,10,168.26,GBP,CANCELLED
SH103337,2025-01-25,P-1024,SVC5,BLTC,L-229,L-244,2025-01-27 20:38,2025-02-01 12:59,75.0,KG,15,46.88,GBP,DELIVERED
SH103338,2026-04-06,P-1188,SVC1,DNUB,L-249,L-216,,,1364.0,KG,2,938.30,GBP,CANCELLED
SH103339,2025-01-30,P-1138,SVC3,GRYP,L-202,L-204,2025-02-02 12:39,2025-02-03 15:54,1080.3,KG,12,486.26,GBP,DELIVERED
SH103340,2025-04-26,P-1122,SVC3,ARRW,L-214,L-230,2025-04-26 11:37,2025-04-28 15:41,329.2,LB,13,89.55,EUR,DELIVERED
SH103341,2025-04-23,P-1071,SVC3,DNUB,L-218,L-259,2025-04-26 14:37,2025-04-30 14:06,671.7,KG,19,306.29,GBP,DELIVERED
SH103342,2025-07-05,P-1190,SVC2,FNCH,L-201,L-249,2025-07-08 20:14,2025-07-09 15:26,1240.5,KG,14,854.17,EUR,DELIVERED
SH103343,2026-02-21,P-1231,SVC3,BLTC,L-239,L-253,2026-02-21 08:10,2026-02-24 10:56,1060.9,KG,25,463.93,GBP,DELIVERED
SH103344,2025-03-03,P-1203,SVC5,DNUB,L-246,L-226,2025-03-05 08:37,2025-03-06 16:50,1323.0,LB,14,293.99,EUR,DELIVERED
SH103345,2025-05-25,P-1011,SVC5,BLTC,L-204,L-226,,,1068.7,KG,11,461.92,GBP,BOOKED
SH103346,2025-09-27,P-1196,SVC6,BLTC,L-225,L-232,2025-09-28 14:47,2025-09-30 18:42,737.9,KG,10,327.93,GBP,DELIVERED
SH103347,2025-03-15,P-1172,SVC1,ARRW,L-236,L-252,,,567.1,KG,12,394.55,GBP,CANCELLED
SH103348,2025-10-14,P-1045,SVC1,BLTC,L-260,L-207,2025-10-16 09:50,,1013.0,KG,15,709.25,GBP,IN_TRANSIT
SH103349,2026-05-17,P-1101,SVC3,FNCH,L-237,L-204,,,1294.1,KG,9,558.00,GBP,CANCELLED
SH103350,2025-02-10,P-1083,SVC4,CDRX,L-233,L-226,2025-02-13 07:19,2025-02-17 06:46,727.5,LB,3,162.80,EUR,DELIVERED
SH103351,2025-10-26,P-1098,SVC4,BLTC,L-244,L-217,2025-10-28 11:06,2025-11-03 09:42,1355.9,KG,21,597.45,GBP,DELIVERED
SH103352,2026-01-07,P-1055,SVC3,GRYP,L-230,L-249,2026-01-10 15:57,2026-01-11 18:11,1052.2,KG,6,478.50,EUR,DELIVERED
SH103353,2025-08-26,P-1226,SVC3,ARRW,L-234,L-212,2025-08-29 17:10,,599.9,KG,19,279.67,GBP,IN_TRANSIT
SH103354,2025-08-19,P-1040,SVC2,FNCH,L-257,L-251,2025-08-19 12:45,2025-08-20 20:18,262.5,LB,18,98.37,EUR,DELIVERED
SH103355,2025-07-17,P-1195,SVC2,ARRW,L-253,L-225,2025-07-20 11:32,2025-07-22 20:29,609.2,KG,1,433.54,GBP,DELIVERED
SH103356,2025-01-14,P-1046,SVC3,GRYP,L-256,L-242,,,71.7,LB,4,47.29,GBP,CANCELLED
SH103357,2025-03-23,P-1006,SVC3,CDRX,L-239,L-226,2025-03-25 06:38,,1302.9,KG,25,565.20,GBP,IN_TRANSIT
SH103358,2025-09-29,P-1098,SVC5,GRYP,L-235,L-205,2025-10-02 17:52,2025-10-04 20:15,424.5,KG,15,201.78,GBP,DELIVERED
SH103359,2025-08-10,P-1183,SVC3,GRYP,L-238,L-231,2025-08-12 17:59,2025-08-13 13:50,1086.7,LB,17,236.40,GBP,DELIVERED
SH103360,2025-01-09,P-1192,SVC2,CDRX,L-248,L-206,2025-01-10 18:23,2025-01-11 19:17,993.6,LB,26,316.98,GBP,DELIVERED
SH103361,2025-08-26,P-1094,SVC3,ARRW,L-217,L-255,2025-08-27 16:16,2025-08-29 20:44,934.3,KG,3,418.18,GBP,DELIVERED
SH103362,2025-05-08,P-1160,SVC6,CDRX,L-224,L-203,2025-05-11 17:51,2025-05-14 21:53,818.2,KG,2,381.94,GBP,DELIVERED
SH103363,2026-03-30,P-1116,SVC2,GRYP,L-206,L-250,2026-04-02 07:46,2026-04-04 16:04,486.1,KG,14,365.33,GBP,DELIVERED
SH103364,2025-12-14,P-1045,SVC5,DNUB,L-224,L-213,2025-12-16 16:10,2025-12-21 06:56,929.3,LB,10,194.66,GBP,DELIVERED
SH103365,2025-02-24,P-1209,SVC6,DNUB,L-205,L-204,2025-02-26 21:31,,220.7,KG,6,121.08,GBP,IN_TRANSIT
SH103366,2025-06-25,P-1012,SVC1,DNUB,L-245,L-218,,,1209.0,LB,22,395.46,GBP,CANCELLED
SH103367,2025-12-18,P-1235,SVC3,BLTC,L-253,L-211,2025-12-19 18:58,,535.0,KG,14,256.28,GBP,IN_TRANSIT
SH103368,2025-05-24,P-1172,SVC3,GRYP,L-212,L-229,2025-05-26 08:23,2025-05-28 14:23,450.4,LB,17,99.39,GBP,DELIVERED
SH103369,2025-10-14,P-1159,SVC5,BLTC,L-240,L-212,2025-10-17 09:43,2025-10-21 10:01,703.5,LB,5,165.45,GBP,DELIVERED
SH103370,2026-04-25,P-1021,SVC3,ARRW,L-249,L-256,2026-04-25 16:17,2026-04-27 09:41,976.2,KG,14,434.07,EUR,DELIVERED
SH103371,2025-01-31,P-1144,SVC3,BLTC,L-209,L-245,2025-02-02 10:00,2025-02-04 15:53,836.6,KG,4,389.15,GBP,DELIVERED
SH103372,2025-08-28,P-1205,SVC3,DNUB,L-201,L-207,2025-08-30 20:23,2025-09-03 19:36,903.6,KG,8,410.53,GBP,DELIVERED
SH103373,2026-04-26,P-1109,SVC5,CDRX,L-206,L-229,2026-04-29 10:00,2026-05-03 13:09,1193.9,KG,19,538.32,GBP,DELIVERED
SH103374,2026-03-28,P-1140,SVC3,ARRW,L-235,L-214,2026-03-28 21:32,2026-03-31 18:06,742.1,LB,23,180.65,GBP,DELIVERED
SH103375,2026-01-11,P-1184,SVC5,DNUB,L-254,L-217,2026-01-12 18:12,2026-01-18 09:55,763.2,KG,22,357.97,GBP,DELIVERED
SH103376,2025-06-12,P-1232,SVC3,CDRX,L-228,L-211,2025-06-14 06:00,2025-06-16 14:37,834.9,KG,7,387.29,GBP,DELIVERED
SH103377,2026-01-28,P-1024,SVC4,GRYP,L-224,L-260,2026-01-28 17:57,2026-01-31 17:42,71.5,KG,5,54.00,GBP,DELIVERED
SH103378,2025-07-04,P-1128,SVC2,GRYP,L-227,L-221,2025-07-04 11:52,2025-07-05 10:42,94.8,KG,17,87.31,GBP,DELIVERED
SH103379,2025-07-24,P-1091,SVC5,DNUB,L-209,L-229,2025-07-24 07:45,2025-07-26 14:03,761.2,KG,9,347.71,GBP,DELIVERED
SH103380,2025-01-04,P-1008,SVC1,FNCH,L-249,L-222,2025-01-05 20:55,2025-01-06 08:16,1289.5,LB,15,416.66,GBP,DELIVERED
SH103381,2025-08-26,P-1073,SVC2,GRYP,L-228,L-255,2025-08-27 14:24,2025-08-29 13:14,176.0,KG,5,157.52,GBP,DELIVERED
SH103382,2025-10-09,P-1232,SVC1,BLTC,L-218,L-248,2025-10-12 15:23,2025-10-13 16:27,108.9,LB,14,48.02,GBP,DELIVERED
SH103383,2025-08-24,P-1049,SVC3,FNCH,L-226,L-212,2025-08-24 08:49,2025-08-31 21:30,131.5,KG,11,88.23,GBP,DELIVERED
SH103384,2026-04-09,P-1006,SVC4,BLTC,L-205,L-212,2026-04-12 11:38,2026-04-17 08:51,520.0,KG,25,246.32,EUR,DELIVERED
SH103385,2026-02-26,P-1230,SVC6,FNCH,L-211,L-245,2026-03-01 17:22,2026-03-02 10:07,1266.6,KG,20,545.45,GBP,DELIVERED
SH103386,2026-02-28,P-1160,SVC3,BLTC,L-257,L-208,2026-03-03 19:09,2026-03-08 12:48,70.1,KG,12,50.43,GBP,DELIVERED
SH103387,2026-05-03,P-1233,SVC3,DNUB,L-255,L-259,2026-05-04 07:17,2026-05-12 13:24,952.6,KG,2,437.40,GBP,DELIVERED
SH103388,2025-09-22,P-1221,SVC2,CDRX,L-247,L-228,2025-09-24 17:00,2025-09-25 09:57,714.0,LB,10,240.58,GBP,DELIVERED
SH103389,2025-08-29,P-1226,SVC4,DNUB,L-226,L-219,2025-09-01 09:32,2025-09-12 14:42,568.8,KG,20,256.41,GBP,DELIVERED
SH103390,2025-02-26,P-1027,SVC5,ARRW,L-237,L-214,2025-02-26 11:03,2025-03-05 16:29,400.4,KG,21,193.10,GBP,DELIVERED
SH103391,2025-06-26,P-1118,SVC2,DNUB,L-243,L-242,2025-06-29 16:16,2025-07-01 08:05,655.5,KG,10,472.00,GBP,DELIVERED
SH103392,2025-03-25,P-1093,SVC3,EGRT,L-231,L-251,2025-03-25 13:23,2025-03-28 21:20,742.9,KG,17,351.55,GBP,DELIVERED
SH103393,2025-10-27,P-1191,SVC5,ARRW,L-218,L-254,2025-10-29 18:03,2025-11-03 07:33,1356.3,LB,6,287.98,GBP,DELIVERED
SH103394,2026-04-28,P-1213,SVC1,CDRX,L-255,L-230,2026-04-29 19:19,2026-04-30 10:56,1130.5,KG,26,783.40,GBP,DELIVERED
SH103395,2025-11-06,P-1025,SVC3,BLTC,L-245,L-217,2025-11-06 19:53,2025-11-07 09:22,1381.0,LB,16,299.28,GBP,DELIVERED
SH103396,2025-07-19,P-1131,SVC2,CDRX,L-247,L-237,2025-07-22 11:36,2025-07-23 08:14,104.6,KG,8,90.27,GBP,DELIVERED
SH103397,2026-03-21,P-1027,SVC2,CDRX,L-215,L-217,2026-03-21 19:49,2026-03-22 19:19,738.8,KG,9,525.91,GBP,DELIVERED
SH103398,2025-10-06,P-1210,SVC4,EGRT,L-216,L-204,2025-10-08 16:09,2025-10-12 21:48,717.2,LB,26,152.21,GBP,DELIVERED
SH103399,2025-07-21,P-1014,SVC4,EGRT,L-247,L-206,2025-07-22 08:11,2025-07-25 10:14,340.9,KG,16,173.96,GBP,DELIVERED
SH103400,2025-11-29,P-1115,SVC6,GRYP,L-247,L-236,2025-12-01 12:07,2025-12-02 17:55,1126.4,KG,11,500.40,GBP,DELIVERED
SH103401,2025-12-25,P-1086,SVC2,EGRT,L-235,L-236,,,317.3,KG,14,242.95,GBP,CANCELLED
SH103402,2025-04-12,P-1172,SVC2,DNUB,L-238,L-260,2025-04-13 07:00,,924.5,KG,18,652.98,GBP,IN_TRANSIT
SH103403,2025-05-29,P-1157,SVC3,BLTC,L-254,L-251,2025-06-01 17:15,2025-06-03 17:39,385.1,LB,4,106.88,EUR,DELIVERED
SH103404,2026-02-09,P-1132,SVC3,DNUB,L-218,L-258,2026-02-09 12:46,2026-02-18 17:23,917.6,KG,22,423.76,GBP,DELIVERED
SH103405,2026-03-13,P-1012,SVC3,CDRX,L-205,L-248,2026-03-14 11:06,2026-03-17 15:34,190.8,KG,6,96.87,GBP,DELIVERED
SH103406,2025-04-06,P-1086,SVC3,CDRX,L-259,L-211,2025-04-07 17:44,2025-04-10 19:49,223.3,KG,25,130.37,GBP,DELIVERED
SH103407,2026-05-11,P-1005,SVC3,BLTC,L-220,L-237,2026-05-13 13:54,2026-05-16 14:37,969.3,KG,6,424.11,GBP,DELIVERED
SH103408,2026-02-03,P-1083,SVC2,EGRT,L-203,L-226,2026-02-05 12:49,2026-02-06 21:04,556.7,KG,2,390.72,GBP,DELIVERED
SH103409,2026-01-14,P-1196,SVC1,EGRT,L-234,L-244,2026-01-17 20:54,2026-01-18 10:13,92.8,KG,6,80.78,GBP,DELIVERED
SH103410,2026-04-15,P-1147,SVC6,DNUB,L-202,L-217,2026-04-17 13:09,2026-04-19 06:24,173.7,LB,23,75.47,EUR,DELIVERED
SH103411,2025-02-10,P-1001,SVC3,DNUB,L-203,L-214,2025-02-12 16:27,2025-02-16 14:54,1062.3,KG,18,486.20,GBP,DELIVERED
SH103412,2025-12-11,P-1112,SVC3,CDRX,L-229,L-231,2025-12-11 16:30,2025-12-15 20:15,1353.7,KG,16,611.50,GBP,DELIVERED
SH103413,2025-06-01,P-1038,SVC1,FNCH,L-250,L-232,2025-06-03 21:17,2025-06-04 13:49,923.1,KG,17,642.77,GBP,DELIVERED
SH103414,2025-10-02,P-1208,SVC3,GRYP,L-226,L-234,2025-10-03 20:59,,486.3,LB,4,121.66,EUR,IN_TRANSIT
SH103415,2025-05-30,P-1236,SVC1,CDRX,L-255,L-225,2025-05-31 09:42,2025-06-02 12:25,315.3,KG,8,249.17,GBP,DELIVERED
SH103416,2025-04-22,P-1063,SVC6,FNCH,L-201,L-226,2025-04-23 21:45,2025-05-01 07:50,345.5,KG,11,167.38,GBP,DELIVERED
SH103417,2025-10-06,P-1188,SVC3,DNUB,L-247,L-218,2025-10-08 19:07,2025-10-10 07:10,387.1,LB,19,106.74,GBP,DELIVERED
SH103418,2025-07-26,P-1227,SVC1,BLTC,L-203,L-252,2025-07-29 10:42,2025-08-01 07:17,1085.6,LB,13,361.20,GBP,DELIVERED
SH103419,2026-05-14,P-1169,SVC3,GRYP,L-207,L-256,2026-05-17 17:19,2026-05-21 18:48,157.5,LB,6,50.72,GBP,DELIVERED
SH103420,2025-07-30,P-1190,SVC3,ARRW,L-251,L-242,2025-07-30 15:35,2025-08-02 09:48,115.9,KG,8,76.76,GBP,DELIVERED
SH103421,2025-12-13,P-1043,SVC3,BLTC,L-240,L-219,2025-12-16 17:34,2025-12-24 17:41,874.0,KG,12,396.69,EUR,DELIVERED
SH103422,2025-10-08,P-1227,SVC1,CDRX,L-252,L-254,2025-10-08 09:38,2025-10-09 13:29,61.2,KG,8,65.73,GBP,DELIVERED
SH103423,2025-04-19,P-1134,SVC5,FNCH,L-217,L-259,2025-04-19 11:57,2025-04-28 20:12,1044.1,KG,10,457.42,GBP,DELIVERED
SH103424,2025-04-01,P-1087,SVC3,EGRT,L-203,L-255,2025-04-01 21:52,2025-04-05 19:24,1055.8,LB,11,213.79,EUR,DELIVERED
SH103425,2025-03-19,P-1092,SVC3,CDRX,L-205,L-222,2025-03-22 14:56,2025-03-26 07:27,669.4,LB,15,160.93,GBP,DELIVERED
SH103426,2025-05-16,P-1200,SVC5,ARRW,L-244,L-230,2025-05-17 11:12,2025-05-22 21:39,878.4,LB,19,209.86,GBP,DELIVERED
SH103427,2025-04-01,P-1074,SVC3,GRYP,L-258,L-235,2025-04-04 15:11,,920.8,KG,10,414.66,EUR,IN_TRANSIT
SH103428,2026-04-23,P-1116,SVC1,GRYP,L-210,L-218,2026-04-25 10:45,2026-04-26 15:20,703.7,KG,17,486.93,GBP,DELIVERED
SH103429,2025-11-23,P-1238,SVC6,ARRW,L-242,L-259,,,400.5,KG,8,197.71,GBP,CANCELLED
SH103430,2025-03-22,P-1028,SVC1,ARRW,L-226,L-213,2025-03-22 09:47,2025-03-23 12:51,269.8,KG,3,205.10,GBP,DELIVERED
SH103431,2025-08-04,P-1204,SVC5,FNCH,L-205,L-244,2025-08-07 17:55,2025-08-12 14:18,1344.5,LB,23,289.59,EUR,DELIVERED
SH103432,2026-04-13,P-1001,SVC3,GRYP,L-253,L-238,2026-04-15 10:30,2026-04-17 08:18,1154.1,KG,20,520.58,GBP,DELIVERED
SH103433,2026-03-19,P-1098,SVC2,FNCH,L-220,L-247,2026-03-19 06:39,2026-03-20 14:07,755.6,KG,8,524.55,GBP,DELIVERED
SH103434,2026-05-02,P-1184,SVC2,BLTC,L-215,L-258,,,1021.6,LB,14,335.41,GBP,CANCELLED
SH103435,2025-11-25,P-1203,SVC5,FNCH,L-242,L-214,2025-11-25 18:53,2025-11-30 16:35,100.1,KG,3,56.55,GBP,DELIVERED
SH103436,2025-07-03,P-1097,SVC3,BLTC,L-209,L-214,2025-07-06 17:24,2025-07-10 13:53,1284.6,LB,5,282.10,GBP,DELIVERED
SH103437,2025-01-28,P-1046,SVC2,EGRT,L-243,L-226,2025-01-28 17:29,2025-02-02 09:41,45.8,LB,12,55.01,GBP,DELIVERED
SH103438,2025-09-16,P-1163,SVC4,GRYP,L-207,L-226,2025-09-16 13:26,2025-09-23 20:37,1153.6,LB,2,239.53,GBP,DELIVERED
SH103439,2025-07-31,P-1104,SVC1,GRYP,L-212,L-236,2025-08-01 13:48,2025-08-02 13:48,704.0,KG,7,501.67,GBP,DELIVERED
SH103440,2025-02-11,P-1227,SVC3,ARRW,L-257,L-256,2025-02-12 09:52,2025-02-14 07:05,588.3,KG,2,273.95,GBP,DELIVERED
SH103441,2025-11-28,P-1220,SVC5,FNCH,L-221,L-202,2025-11-28 16:40,2025-11-29 08:05,720.5,KG,2,315.83,EUR,DELIVERED
SH103442,2026-04-05,P-1073,SVC3,CDRX,L-202,L-248,2026-04-08 18:40,2026-04-09 12:27,972.0,LB,9,222.24,GBP,DELIVERED
SH103443,2026-05-07,P-1162,SVC2,CDRX,L-218,L-235,2026-05-07 06:27,2026-05-08 20:57,1333.3,KG,3,935.42,GBP,DELIVERED
SH103444,2026-01-11,P-1188,SVC4,ARRW,L-243,L-214,2026-01-11 18:03,2026-01-15 19:35,58.9,LB,2,32.33,GBP,DELIVERED
SH103445,2025-02-26,P-1178,SVC3,GRYP,L-235,L-204,2025-03-01 10:41,,982.4,KG,16,427.21,EUR,IN_TRANSIT
SH103446,2025-03-06,P-1196,SVC4,BLTC,L-259,L-215,2025-03-09 17:47,2025-03-11 10:35,947.1,LB,20,195.62,GBP,DELIVERED
SH103447,2026-05-10,P-1054,SVC5,ARRW,L-212,L-221,2026-05-13 08:59,2026-05-20 19:29,991.9,KG,19,433.71,GBP,DELIVERED
SH103448,2025-11-18,P-1181,SVC5,DNUB,L-235,L-246,2025-11-21 14:59,2025-11-25 11:13,665.6,KG,22,316.07,GBP,DELIVERED
SH103449,2026-03-11,P-1098,SVC1,DNUB,L-235,L-242,,,461.0,LB,11,154.98,GBP,BOOKED
SH103450,2025-11-08,P-1073,SVC4,EGRT,L-220,L-246,2025-11-10 12:00,2025-11-14 14:21,930.5,LB,8,204.17,GBP,DELIVERED
SH103451,2025-05-30,P-1063,SVC6,CDRX,L-249,L-259,2025-06-01 11:08,2025-06-02 17:51,243.0,KG,15,139.27,GBP,DELIVERED
SH103452,2025-03-11,P-1120,SVC2,GRYP,L-258,L-249,2025-03-13 14:52,2025-03-15 10:00,76.8,LB,18,65.51,GBP,DELIVERED
SH103453,2026-05-14,P-1017,SVC2,ARRW,L-250,L-208,2026-05-16 14:45,2026-05-17 17:17,232.3,KG,12,171.82,GBP,DELIVERED
SH103454,2025-03-21,P-1222,SVC6,CDRX,L-227,L-206,2025-03-24 06:24,2025-03-25 10:40,896.6,KG,8,400.24,GBP,DELIVERED
SH103455,2025-06-21,P-1213,SVC5,BLTC,L-208,L-243,2025-06-22 08:11,2025-06-26 14:37,1366.1,KG,24,592.86,GBP,DELIVERED
SH103456,2025-06-12,P-1112,SVC5,GRYP,L-220,L-231,2025-06-13 06:28,2025-06-18 18:43,1164.8,KG,17,519.54,GBP,DELIVERED
SH103457,2026-01-29,P-1219,SVC5,CDRX,L-220,L-227,2026-01-29 08:55,2026-02-02 13:00,1201.1,KG,22,524.25,GBP,DELIVERED
SH103458,2025-01-17,P-1011,SVC6,DNUB,L-234,L-249,2025-01-19 19:06,2025-01-24 07:28,1321.4,KG,13,587.60,GBP,DELIVERED
SH103459,2025-09-11,P-1151,SVC3,EGRT,L-233,L-228,2025-09-11 12:35,2025-09-14 17:38,525.6,KG,17,259.84,GBP,DELIVERED
SH103460,2025-05-07,P-1172,SVC3,GRYP,L-236,L-254,2025-05-10 20:19,2025-05-13 10:26,828.1,KG,23,382.05,GBP,DELIVERED
SH103461,2025-01-28,P-1238,SVC1,FNCH,L-237,L-245,2025-01-31 13:26,2025-02-01 10:58,625.4,LB,12,224.65,GBP,DELIVERED
SH103462,2025-02-27,P-1072,SVC3,BLTC,L-240,L-216,2025-02-27 11:42,2025-02-28 07:38,1263.8,KG,15,572.70,GBP,DELIVERED
SH103463,2025-12-31,P-1194,SVC1,BLTC,L-205,L-231,2025-12-31 16:21,,467.1,LB,4,168.66,GBP,IN_TRANSIT
SH103464,2025-05-11,P-1179,SVC2,EGRT,L-224,L-241,2025-05-13 19:44,2025-05-18 16:21,190.2,LB,20,72.43,EUR,DELIVERED
SH103465,2025-02-18,P-1123,SVC4,ARRW,L-227,L-237,,,355.4,KG,3,163.25,GBP,CANCELLED
SH103466,2025-05-30,P-1113,SVC1,FNCH,L-241,L-206,2025-06-01 12:14,2025-06-02 10:34,92.5,LB,4,47.99,EUR,DELIVERED
SH103467,2025-08-03,P-1067,SVC4,CDRX,L-212,L-240,2025-08-06 13:29,2025-08-10 21:30,492.7,KG,21,238.46,GBP,DELIVERED
SH103468,2026-03-08,P-1089,SVC4,EGRT,L-235,L-253,2026-03-10 12:30,2026-03-14 11:44,1378.8,KG,18,617.12,EUR,DELIVERED
SH103469,2026-03-07,P-1200,SVC1,FNCH,L-237,L-241,2026-03-09 17:44,2026-03-10 06:04,1395.3,LB,2,452.24,GBP,DELIVERED
SH103470,2026-03-12,P-1072,SVC2,DNUB,L-249,L-206,,,108.8,KG,17,108.93,EUR,CANCELLED
SH103471,2025-07-17,P-1199,SVC6,EGRT,L-244,L-257,2025-07-20 11:21,,779.2,KG,16,349.10,GBP,IN_TRANSIT
SH103472,2025-11-24,P-1178,SVC2,DNUB,L-227,L-239,2025-11-27 11:57,2025-11-29 16:53,1225.9,LB,6,386.71,GBP,DELIVERED
SH103473,2025-05-14,P-1001,SVC5,CDRX,L-259,L-224,2025-05-17 15:27,2025-05-22 07:38,1120.3,LB,3,246.49,GBP,DELIVERED
SH103474,2025-12-07,P-1043,SVC1,FNCH,L-235,L-241,2025-12-10 15:15,2025-12-13 19:31,1094.4,KG,18,771.06,GBP,DELIVERED
SH103475,2025-04-24,P-1226,SVC1,FNCH,L-225,L-246,2025-04-25 08:42,,640.7,KG,9,461.50,GBP,IN_TRANSIT
SH103476,2025-08-14,P-1057,SVC5,EGRT,L-258,L-246,2025-08-17 07:27,2025-08-18 15:09,1291.2,KG,17,575.18,GBP,DELIVERED
SH103477,2025-02-07,P-1010,SVC3,EGRT,L-246,L-214,,,1308.1,KG,22,564.29,GBP,BOOKED
SH103478,2025-05-10,P-1050,SVC3,DNUB,L-210,L-218,2025-05-10 08:49,2025-05-14 18:31,1293.4,KG,26,567.12,GBP,DELIVERED
SH103479,2025-06-12,P-1088,SVC2,DNUB,L-237,L-232,2025-06-12 10:53,2025-06-14 09:20,304.5,LB,16,113.05,GBP,DELIVERED
SH103480,2025-09-17,P-1118,SVC1,BLTC,L-226,L-242,2025-09-20 13:49,2025-09-23 06:33,256.8,KG,13,212.67,GBP,DELIVERED
SH103481,2025-10-22,P-1149,SVC3,CDRX,L-211,L-250,,,861.8,KG,11,395.86,GBP,BOOKED
SH103482,2026-02-05,P-1181,SVC5,CDRX,L-204,L-224,2026-02-08 08:27,2026-02-12 16:51,532.4,KG,2,265.72,GBP,DELIVERED
SH103483,2026-02-06,P-1017,SVC1,FNCH,L-207,L-258,2026-02-08 07:44,2026-02-09 07:08,12.9,KG,19,40.20,GBP,DELIVERED
SH103484,2025-05-29,P-1131,SVC2,EGRT,L-219,L-247,2025-05-31 06:58,2025-06-01 17:29,1185.0,KG,7,823.24,GBP,DELIVERED
SH103485,2025-05-23,P-1120,SVC2,FNCH,L-242,L-239,2025-05-23 19:07,2025-05-28 11:24,59.3,LB,21,36.86,GBP,DELIVERED
SH103486,2025-03-04,P-1019,SVC3,GRYP,L-228,L-237,2025-03-07 21:52,2025-03-08 08:48,655.7,LB,15,162.93,GBP,DELIVERED
SH103487,2025-01-16,P-1128,SVC5,ARRW,L-238,L-232,2025-01-17 06:41,2025-01-20 20:30,618.1,KG,20,277.14,GBP,DELIVERED
SH103488,2025-03-07,P-1061,SVC4,BLTC,L-250,L-206,2025-03-10 20:13,2025-03-14 10:29,407.7,KG,5,201.24,GBP,DELIVERED
SH103489,2026-04-10,P-1104,SVC3,FNCH,L-242,L-237,2026-04-13 10:45,2026-04-17 18:56,890.3,LB,13,209.17,EUR,DELIVERED
SH103490,2025-06-07,P-1177,SVC1,CDRX,L-211,L-260,2025-06-09 07:47,2025-06-12 18:16,939.7,LB,2,301.45,GBP,DELIVERED
SH103491,2026-03-17,P-1146,SVC6,BLTC,L-201,L-244,2026-03-17 14:47,2026-03-20 09:28,1326.0,LB,25,290.16,EUR,DELIVERED
SH103492,2025-02-03,P-1171,SVC5,GRYP,L-211,L-208,,,622.7,LB,13,158.00,GBP,CANCELLED
SH103493,2025-12-24,P-1198,SVC3,BLTC,L-217,L-215,2025-12-24 14:10,2025-12-25 19:09,1344.7,KG,6,600.26,GBP,DELIVERED
SH103494,2025-04-14,P-1026,SVC2,EGRT,L-203,L-244,2025-04-15 16:55,2025-04-22 07:52,1121.2,LB,5,362.57,GBP,DELIVERED
SH103495,2026-04-20,P-1029,SVC5,FNCH,L-215,L-254,2026-04-20 11:17,2026-04-23 12:47,1005.4,KG,7,446.11,GBP,DELIVERED
SH103496,2025-10-24,P-1239,SVC1,GRYP,L-231,L-254,,,962.2,LB,7,330.22,GBP,BOOKED
SH103497,2025-10-18,P-1092,SVC4,EGRT,L-245,L-222,2025-10-21 19:46,2025-10-30 11:00,1040.4,LB,14,218.97,GBP,DELIVERED
SH103498,2026-05-10,P-1072,SVC3,DNUB,L-246,L-242,2026-05-12 17:18,2026-05-13 14:13,1191.2,LB,24,241.68,GBP,DELIVERED
SH103499,2025-04-07,P-1004,SVC6,DNUB,L-256,L-235,2025-04-10 07:53,2025-04-12 20:59,930.0,KG,13,431.05,GBP,DELIVERED
SH103500,2025-01-10,P-1228,SVC3,DNUB,L-238,L-254,2025-01-11 14:49,2025-01-16 07:52,530.3,KG,6,250.14,GBP,DELIVERED
SH103501,2026-01-13,P-1045,SVC4,GRYP,L-224,L-253,2026-01-13 18:07,2026-01-17 13:19,155.3,LB,4,42.64,GBP,DELIVERED
SH103502,2025-05-08,P-1189,SVC5,FNCH,L-233,L-255,2025-05-08 14:53,2025-05-10 07:27,1096.3,LB,25,221.53,GBP,DELIVERED
SH103503,2026-02-25,P-1165,SVC3,FNCH,L-258,L-244,2026-02-27 21:48,2026-02-28 10:21,554.1,KG,11,248.76,GBP,DELIVERED
SH103504,2026-04-19,P-1060,SVC1,CDRX,L-250,L-218,2026-04-21 20:04,,391.6,LB,9,155.72,GBP,IN_TRANSIT
SH103505,2025-06-05,P-1152,SVC5,FNCH,L-260,L-246,2025-06-06 09:00,2025-06-09 17:41,146.3,KG,24,75.51,GBP,DELIVERED
SH103506,2025-12-04,P-1158,SVC4,CDRX,L-202,L-250,2025-12-06 06:44,2025-12-10 13:01,614.7,KG,26,275.25,GBP,DELIVERED
SH103507,2025-08-13,P-1021,SVC2,ARRW,L-205,L-220,2025-08-15 18:30,2025-08-16 06:58,538.8,LB,16,202.18,GBP,DELIVERED
SH103508,2025-08-28,P-1060,SVC1,DNUB,L-217,L-249,2025-08-28 18:15,,1304.3,LB,26,412.98,GBP,IN_TRANSIT
SH103509,2025-07-05,P-1047,SVC2,ARRW,L-219,L-205,2025-07-08 06:16,2025-07-09 16:14,1242.3,KG,13,851.29,EUR,DELIVERED
SH103510,2025-07-24,P-1057,SVC2,DNUB,L-239,L-201,2025-07-26 18:13,2025-07-28 06:58,663.0,KG,13,480.97,GBP,DELIVERED
SH103511,2026-04-22,P-1045,SVC3,ARRW,L-255,L-260,2026-04-23 21:31,2026-04-27 14:34,532.9,LB,18,133.16,GBP,DELIVERED
SH103512,2025-07-21,P-1212,SVC4,BLTC,L-255,L-248,2025-07-22 08:20,2025-07-31 06:12,264.6,LB,6,86.48,EUR,DELIVERED
SH103513,2026-01-11,P-1011,SVC3,CDRX,L-203,L-241,2026-01-13 19:11,,322.5,KG,7,150.54,GBP,IN_TRANSIT
SH103514,2025-10-12,P-1231,SVC3,CDRX,L-248,L-234,2025-10-12 20:51,2025-10-13 15:04,655.0,LB,11,153.25,GBP,DELIVERED
SH103515,2025-06-06,P-1090,SVC1,DNUB,L-225,L-205,2025-06-07 07:40,2025-06-09 21:56,929.2,KG,13,637.93,GBP,DELIVERED
SH103516,2025-03-05,P-1189,SVC1,CDRX,L-209,L-220,2025-03-07 09:39,2025-03-08 10:16,647.1,KG,4,473.52,GBP,DELIVERED
SH103517,2026-02-15,P-1101,SVC6,GRYP,L-236,L-203,2026-02-16 20:49,2026-02-17 20:49,1213.0,LB,15,254.76,GBP,DELIVERED
SH103518,2025-01-15,P-1030,SVC3,FNCH,L-239,L-238,2025-01-17 19:41,2025-01-21 20:48,277.0,LB,1,91.21,GBP,DELIVERED
SH103519,2025-05-01,P-1166,SVC4,GRYP,L-212,L-245,2025-05-01 06:08,2025-05-07 11:14,1237.6,KG,13,547.39,GBP,DELIVERED
SH103520,2025-09-20,P-1080,SVC4,CDRX,L-243,L-210,2025-09-20 13:45,2025-09-24 20:57,566.3,LB,15,129.35,GBP,DELIVERED
SH103521,2026-01-12,P-1235,SVC2,DNUB,L-229,L-220,2026-01-14 16:46,2026-01-16 09:05,1113.7,KG,5,769.45,GBP,DELIVERED
SH103522,2026-02-08,P-1228,SVC3,BLTC,L-203,L-248,2026-02-11 07:11,2026-02-13 16:17,699.3,KG,9,329.44,GBP,DELIVERED
SH103523,2025-08-24,P-1194,SVC3,EGRT,L-202,L-233,2025-08-27 20:12,,290.9,LB,5,91.89,GBP,IN_TRANSIT
SH103524,2025-07-30,P-1052,SVC5,DNUB,L-256,L-205,2025-07-31 21:24,2025-08-03 16:58,355.3,KG,25,186.93,EUR,DELIVERED
SH103525,2025-05-14,P-1154,SVC2,EGRT,L-245,L-203,2025-05-17 10:36,2025-05-18 15:59,174.9,LB,10,80.94,GBP,DELIVERED
SH103526,2025-04-17,P-1199,SVC1,EGRT,L-202,L-249,,,686.5,KG,12,484.71,GBP,CANCELLED
SH103527,2025-09-04,P-1032,SVC2,GRYP,L-249,L-259,,,1128.2,KG,17,788.77,GBP,BOOKED
SH103528,2025-05-22,P-1067,SVC5,CDRX,L-233,L-222,2025-05-24 14:36,2025-05-28 06:18,690.9,LB,9,160.57,GBP,DELIVERED
SH103529,2026-05-10,P-1122,SVC4,FNCH,L-206,L-202,2026-05-12 15:41,2026-05-16 21:32,753.8,KG,16,332.69,EUR,DELIVERED
SH103530,2025-06-10,P-1102,SVC3,ARRW,L-251,L-250,2025-06-12 16:46,2025-06-13 12:09,803.4,LB,2,184.97,GBP,DELIVERED
SH103531,2026-05-06,P-1085,SVC5,DNUB,L-258,L-255,2026-05-07 21:41,,1393.3,KG,23,625.57,GBP,IN_TRANSIT
SH103532,2025-09-18,P-1232,SVC3,EGRT,L-230,L-225,2025-09-19 18:55,2025-09-22 15:36,1254.8,LB,24,264.87,GBP,DELIVERED
SH103533,2026-03-07,P-1011,SVC3,GRYP,L-218,L-240,,,945.1,KG,23,438.56,GBP,BOOKED
SH103534,2025-06-18,P-1069,SVC6,ARRW,L-234,L-216,2025-06-21 18:44,2025-06-22 16:22,856.7,KG,2,373.24,GBP,DELIVERED
SH103535,2026-03-25,P-1233,SVC1,CDRX,L-234,L-214,2026-03-28 21:31,2026-03-29 17:24,47.8,KG,2,66.94,EUR,DELIVERED
SH103536,2025-03-29,P-1079,SVC1,FNCH,L-259,L-255,2025-03-31 17:00,,780.7,KG,13,538.75,GBP,IN_TRANSIT
SH103537,2026-05-15,P-1151,SVC1,FNCH,L-208,L-202,2026-05-16 08:26,2026-05-18 17:58,387.6,KG,19,293.66,EUR,DELIVERED
SH103538,2025-10-10,P-1037,SVC6,BLTC,L-237,L-219,2025-10-11 20:41,2025-10-12 21:50,1278.2,KG,13,552.97,GBP,DELIVERED
SH103539,2025-05-03,P-1050,SVC3,FNCH,L-204,L-251,2025-05-06 09:21,,17.0,KG,4,25.99,GBP,IN_TRANSIT
SH103540,2025-06-09,P-1064,SVC4,DNUB,L-235,L-239,,,52.1,LB,22,32.07,GBP,BOOKED
SH103541,2025-05-14,P-1008,SVC2,GRYP,L-222,L-237,2025-05-14 19:06,2025-05-21 08:09,331.4,LB,6,136.88,GBP,DELIVERED
SH103542,2026-05-09,P-1012,SVC3,CDRX,L-242,L-220,2026-05-12 11:32,2026-05-17 11:58,640.1,KG,25,290.20,GBP,DELIVERED
SH103543,2025-02-08,P-1178,SVC4,DNUB,L-232,L-254,2025-02-11 10:34,2025-02-13 18:04,304.5,KG,19,162.37,GBP,DELIVERED
SH103544,2025-01-02,P-1121,SVC4,GRYP,L-259,L-237,2025-01-03 10:03,2025-01-07 11:58,1174.3,KG,8,516.62,GBP,DELIVERED
SH103545,2026-01-06,P-1025,SVC1,GRYP,L-209,L-250,2026-01-06 20:07,,358.8,KG,19,266.27,GBP,IN_TRANSIT
SH103546,2026-02-14,P-1168,SVC6,FNCH,L-251,L-207,2026-02-15 18:40,2026-02-18 09:24,1256.1,LB,14,254.41,GBP,DELIVERED
SH103547,2026-02-04,P-1161,SVC3,ARRW,L-234,L-228,2026-02-07 20:28,2026-02-10 06:03,358.0,LB,16,106.29,GBP,DELIVERED
SH103548,2025-05-19,P-1080,SVC2,DNUB,L-220,L-249,2025-05-22 21:34,2025-05-23 18:29,688.1,KG,17,480.28,EUR,DELIVERED
SH103549,2026-01-08,P-1036,SVC4,GRYP,L-211,L-242,2026-01-08 09:02,2026-01-10 13:27,628.3,KG,22,286.54,GBP,DELIVERED
SH103550,2026-01-25,P-1187,SVC5,GRYP,L-252,L-201,2026-01-26 09:46,2026-01-29 19:40,689.5,KG,22,303.27,GBP,DELIVERED
SH103551,2025-03-19,P-1111,SVC2,BLTC,L-234,L-203,2025-03-21 08:34,2025-03-23 09:13,316.6,KG,9,248.14,GBP,DELIVERED
SH103552,2025-06-11,P-1052,SVC6,FNCH,L-257,L-232,2025-06-11 12:48,2025-06-13 09:37,507.7,KG,13,236.01,GBP,DELIVERED
SH103553,2026-02-12,P-1008,SVC3,BLTC,L-219,L-253,2026-02-14 06:41,2026-02-21 14:12,63.4,KG,19,54.07,GBP,DELIVERED
SH103554,2025-03-20,P-1161,SVC2,CDRX,L-240,L-256,2025-03-20 10:58,2025-03-21 13:32,842.7,KG,9,590.37,GBP,DELIVERED
SH103555,2025-09-05,P-1002,SVC5,GRYP,L-229,L-213,2025-09-08 12:44,2025-09-11 13:49,1216.2,LB,4,260.52,GBP,DELIVERED
SH103556,2026-03-02,P-1219,SVC3,CDRX,L-226,L-215,2026-03-05 18:19,2026-03-07 07:35,385.6,LB,15,105.91,GBP,DELIVERED
SH103557,2025-12-13,P-1095,SVC5,EGRT,L-229,L-257,2025-12-14 19:38,2025-12-17 19:49,305.7,KG,20,164.30,GBP,DELIVERED
SH103558,2025-09-14,P-1224,SVC5,CDRX,L-236,L-242,2025-09-14 08:09,2025-09-24 17:58,1067.1,KG,19,484.57,GBP,DELIVERED
SH103559,2025-04-09,P-1146,SVC2,EGRT,L-241,L-220,2025-04-09 18:08,2025-04-11 11:41,1085.8,LB,9,366.43,GBP,DELIVERED
SH103560,2025-12-15,P-1021,SVC3,DNUB,L-214,L-232,2025-12-15 11:45,2025-12-18 18:06,134.8,KG,2,78.64,GBP,DELIVERED
SH103561,2026-04-08,P-1091,SVC4,FNCH,L-228,L-225,2026-04-08 17:15,2026-04-10 21:12,1354.8,KG,6,593.61,GBP,DELIVERED
SH103562,2025-04-07,P-1065,SVC3,ARRW,L-258,L-244,,,108.9,KG,26,85.24,GBP,BOOKED
SH103563,2025-03-15,P-1176,SVC3,BLTC,L-206,L-202,2025-03-16 11:51,2025-03-18 17:17,27.9,LB,22,37.89,GBP,DELIVERED
SH103564,2026-02-22,P-1053,SVC3,ARRW,L-228,L-211,,,559.1,KG,26,268.05,GBP,CANCELLED
SH103565,2026-01-10,P-1022,SVC6,ARRW,L-239,L-243,2026-01-10 08:46,2026-01-12 20:57,318.0,KG,23,156.43,GBP,DELIVERED
SH103566,2026-04-21,P-1154,SVC6,GRYP,L-249,L-207,,,255.7,KG,20,143.38,EUR,BOOKED
SH103567,2026-01-22,P-1082,SVC2,ARRW,L-260,L-205,2026-01-22 16:34,2026-01-26 18:07,598.5,KG,8,423.06,GBP,DELIVERED
SH103568,2026-03-21,P-1174,SVC1,GRYP,L-244,L-206,2026-03-24 14:59,2026-03-25 14:17,475.6,LB,9,179.78,GBP,DELIVERED
SH103569,2025-01-06,P-1093,SVC6,DNUB,L-227,L-250,2025-01-07 15:29,2025-01-09 14:32,961.7,LB,10,209.02,GBP,DELIVERED
SH103570,2026-01-16,P-1120,SVC6,CDRX,L-247,L-240,2026-01-19 19:17,2026-01-20 13:52,1186.7,LB,20,258.22,GBP,DELIVERED
SH103571,2026-01-02,P-1082,SVC3,EGRT,L-248,L-201,2026-01-03 21:35,2026-01-04 16:58,200.5,KG,4,100.06,GBP,DELIVERED
SH103572,2026-05-01,P-1170,SVC3,GRYP,L-249,L-227,2026-05-03 08:00,2026-05-04 06:11,407.0,LB,11,98.00,GBP,DELIVERED
SH103573,2025-12-15,P-1185,SVC5,FNCH,L-260,L-209,2025-12-16 12:46,2025-12-22 16:38,1107.4,KG,12,507.20,GBP,DELIVERED
SH103574,2025-04-28,P-1211,SVC5,ARRW,L-222,L-206,2025-04-28 17:06,,28.1,LB,20,45.08,GBP,IN_TRANSIT
SH103575,2026-01-20,P-1078,SVC2,DNUB,L-211,L-209,2026-01-20 08:25,2026-01-21 15:05,106.6,KG,9,106.39,GBP,DELIVERED
SH103576,2026-04-08,P-1052,SVC3,FNCH,L-234,L-210,2026-04-08 21:08,2026-04-09 15:43,1373.5,KG,4,594.53,GBP,DELIVERED
SH103577,2026-01-04,P-1005,SVC3,GRYP,L-237,L-216,2026-01-06 11:27,2026-01-08 06:40,835.1,KG,18,364.68,GBP,DELIVERED
SH103578,2025-06-21,P-1154,SVC6,ARRW,L-218,L-246,2025-06-23 14:15,2025-06-24 14:00,1052.2,LB,17,238.60,GBP,DELIVERED
SH103579,2026-03-30,P-1055,SVC3,DNUB,L-206,L-204,2026-03-30 07:06,,244.2,KG,9,139.52,EUR,IN_TRANSIT
SH103580,2025-12-09,P-1159,SVC4,CDRX,L-243,L-259,2025-12-10 15:19,2025-12-16 11:19,968.4,KG,8,437.07,GBP,DELIVERED
SH103581,2026-04-19,P-1124,SVC4,ARRW,L-226,L-212,2026-04-22 20:51,2026-04-26 12:12,840.2,LB,23,183.06,EUR,DELIVERED
SH103582,2025-04-06,P-1076,SVC2,CDRX,L-260,L-232,,,770.0,LB,19,251.81,GBP,CANCELLED
SH103583,2025-06-05,P-1181,SVC4,ARRW,L-211,L-231,2025-06-06 17:32,2025-06-10 09:07,229.4,KG,23,112.35,GBP,DELIVERED
SH103584,2025-12-24,P-1239,SVC3,BLTC,L-236,L-222,2025-12-26 08:30,2025-12-29 16:40,385.0,KG,17,203.75,GBP,DELIVERED
SH103585,2025-02-11,P-1229,SVC5,FNCH,L-240,L-213,2025-02-12 21:16,2025-02-17 07:35,340.4,KG,16,162.46,GBP,DELIVERED
SH103586,2025-01-10,P-1193,SVC4,DNUB,L-255,L-216,2025-01-13 21:43,2025-01-17 12:07,336.8,LB,4,86.49,GBP,DELIVERED
SH103587,2025-05-14,P-1039,SVC2,CDRX,L-240,L-205,2025-05-16 14:23,,545.6,KG,9,398.03,EUR,IN_TRANSIT
SH103588,2025-12-07,P-1178,SVC5,FNCH,L-254,L-229,2025-12-07 07:30,2025-12-11 11:47,866.6,KG,22,393.23,GBP,DELIVERED
SH103589,2026-04-25,P-1126,SVC3,DNUB,L-216,L-218,2026-04-26 20:15,2026-04-30 15:15,454.2,LB,20,123.85,GBP,DELIVERED
SH103590,2025-07-20,P-1110,SVC3,EGRT,L-214,L-259,2025-07-21 20:25,2025-07-26 09:24,816.7,KG,11,370.59,GBP,DELIVERED
SH103591,2026-02-21,P-1157,SVC4,GRYP,L-234,L-248,2026-02-22 15:06,2026-02-23 09:46,1129.1,KG,3,487.27,GBP,DELIVERED
SH103592,2025-07-26,P-1143,SVC4,GRYP,L-202,L-250,2025-07-29 12:03,2025-08-01 09:15,1144.1,KG,18,496.95,GBP,DELIVERED
SH103593,2026-03-10,P-1031,SVC3,BLTC,L-235,L-236,2026-03-13 06:08,2026-03-14 07:18,904.2,KG,13,409.05,GBP,DELIVERED
SH103594,2025-06-08,P-1141,SVC4,ARRW,L-214,L-240,2025-06-10 15:04,2025-06-16 16:23,961.8,LB,15,209.96,GBP,DELIVERED
SH103595,2025-02-06,P-1211,SVC2,EGRT,L-207,L-208,2025-02-07 16:07,2025-02-08 12:58,445.8,KG,2,337.97,GBP,DELIVERED
SH103596,2025-09-26,P-1107,SVC3,ARRW,L-247,L-248,2025-09-28 15:10,2025-10-01 17:16,183.4,KG,16,108.04,GBP,DELIVERED
SH103597,2025-03-16,P-1212,SVC1,GRYP,L-207,L-259,2025-03-19 07:31,2025-03-20 12:19,344.4,KG,16,244.60,GBP,DELIVERED
SH103598,2025-06-13,P-1093,SVC3,ARRW,L-244,L-243,2025-06-16 13:46,,806.5,KG,17,379.25,EUR,IN_TRANSIT
SH103599,2025-03-07,P-1204,SVC2,EGRT,L-217,L-226,2025-03-09 12:07,2025-03-10 10:48,903.3,LB,20,298.26,GBP,DELIVERED
SH103600,2025-12-29,P-1065,SVC3,ARRW,L-259,L-224,2026-01-01 09:19,2026-01-09 13:56,847.8,LB,3,195.24,GBP,DELIVERED
SH103601,2025-03-21,P-1179,SVC1,ARRW,L-228,L-251,2025-03-23 20:45,2025-03-24 16:17,1399.0,KG,22,973.24,GBP,DELIVERED
SH103602,2025-05-08,P-1115,SVC5,EGRT,L-201,L-254,2025-05-10 17:53,2025-05-19 13:05,401.4,LB,8,108.28,EUR,DELIVERED
SH103603,2025-05-16,P-1008,SVC1,CDRX,L-259,L-227,2025-05-17 19:55,2025-05-18 16:07,1011.7,KG,3,722.86,GBP,DELIVERED
SH103604,2025-03-21,P-1060,SVC6,ARRW,L-249,L-208,2025-03-23 08:29,2025-03-24 17:21,535.5,KG,24,251.57,GBP,DELIVERED
SH103605,2026-04-10,P-1153,SVC1,BLTC,L-202,L-241,2026-04-11 09:39,2026-04-12 13:42,15.4,LB,22,39.34,GBP,DELIVERED
SH103606,2025-09-06,P-1132,SVC3,CDRX,L-224,L-228,2025-09-09 12:19,2025-09-12 16:10,610.0,KG,22,288.24,GBP,DELIVERED
SH103607,2025-01-13,P-1150,SVC6,EGRT,L-242,L-201,2025-01-13 11:46,2025-01-16 18:50,299.8,KG,15,143.85,GBP,DELIVERED
SH103608,2026-04-08,P-1142,SVC5,BLTC,L-209,L-207,2026-04-11 07:18,2026-04-12 10:05,1342.1,KG,21,585.27,GBP,DELIVERED
SH103609,2025-03-10,P-1098,SVC3,DNUB,L-219,L-256,2025-03-11 20:56,2025-03-13 20:40,484.3,KG,3,243.61,GBP,DELIVERED
SH103610,2025-09-26,P-1176,SVC3,GRYP,L-203,L-259,2025-09-27 16:55,2025-10-01 19:35,259.6,LB,11,67.35,GBP,DELIVERED
SH103611,2025-08-29,P-1160,SVC2,BLTC,L-211,L-210,2025-08-30 09:11,2025-09-01 14:04,205.5,KG,22,177.20,GBP,DELIVERED
SH103612,2026-01-22,P-1168,SVC5,FNCH,L-217,L-209,,,1127.0,KG,22,490.89,GBP,BOOKED
SH103613,2026-02-28,P-1001,SVC2,FNCH,L-260,L-236,2026-03-02 14:52,2026-03-03 07:04,746.8,KG,2,526.38,GBP,DELIVERED
SH103614,2025-06-28,P-1129,SVC2,FNCH,L-201,L-218,2025-07-01 11:41,2025-07-02 19:27,722.6,KG,9,502.03,EUR,DELIVERED
SH103615,2025-11-20,P-1148,SVC5,FNCH,L-208,L-235,2025-11-23 15:54,2025-11-28 20:34,372.7,KG,19,187.29,GBP,DELIVERED
SH103616,2025-03-20,P-1053,SVC1,ARRW,L-227,L-219,2025-03-21 14:00,,403.4,KG,15,298.95,GBP,IN_TRANSIT
SH103617,2025-02-07,P-1186,SVC4,BLTC,L-244,L-247,,,62.9,KG,24,60.73,GBP,BOOKED
SH103618,2025-05-08,P-1153,SVC3,CDRX,L-207,L-206,2025-05-08 12:24,2025-05-09 07:43,782.8,KG,19,360.57,GBP,DELIVERED
SH103619,2025-09-16,P-1013,SVC2,EGRT,L-244,L-235,2025-09-18 14:18,2025-09-20 07:27,72.4,LB,13,51.58,GBP,DELIVERED
SH103620,2025-07-04,P-1126,SVC3,EGRT,L-211,L-206,,,1322.3,KG,26,595.43,GBP,CANCELLED
SH103621,2026-02-10,P-1071,SVC1,EGRT,L-230,L-234,2026-02-10 10:13,2026-02-11 19:31,1045.0,LB,25,339.79,GBP,DELIVERED
SH103622,2025-12-29,P-1177,SVC6,GRYP,L-210,L-211,2026-01-01 21:33,2026-01-03 12:45,49.4,LB,20,31.46,EUR,DELIVERED
SH103623,2025-09-09,P-1165,SVC3,GRYP,L-245,L-253,2025-09-09 09:07,2025-09-13 08:19,977.7,KG,22,447.67,EUR,DELIVERED
SH103624,2026-02-04,P-1162,SVC1,FNCH,L-238,L-236,2026-02-04 18:02,2026-02-08 17:07,200.7,KG,5,152.37,GBP,DELIVERED
SH103625,2025-01-26,P-1023,SVC2,ARRW,L-209,L-260,2025-01-28 16:29,2025-01-29 20:42,852.4,KG,19,599.04,GBP,DELIVERED
SH103626,2025-08-16,P-1114,SVC4,EGRT,L-242,L-260,2025-08-17 10:37,2025-08-22 07:10,1200.3,KG,11,520.56,GBP,DELIVERED
SH103627,2025-02-13,P-1163,SVC1,EGRT,L-234,L-217,2025-02-13 15:44,2025-02-15 14:22,238.7,LB,1,103.79,GBP,DELIVERED
SH103628,2025-12-20,P-1171,SVC3,GRYP,L-225,L-210,2025-12-21 12:55,2025-12-23 09:48,1385.3,KG,17,600.34,GBP,DELIVERED
SH103629,2026-02-07,P-1072,SVC2,DNUB,L-237,L-246,2026-02-08 16:31,2026-02-09 17:43,472.2,KG,23,351.97,GBP,DELIVERED
SH103630,2025-06-18,P-1077,SVC1,EGRT,L-226,L-203,2025-06-19 15:15,2025-06-23 14:27,1015.1,LB,12,331.50,GBP,DELIVERED
SH103631,2025-04-24,P-1154,SVC4,GRYP,L-255,L-208,2025-04-26 14:09,2025-04-27 14:03,1237.5,KG,23,537.37,GBP,DELIVERED
SH103632,2025-05-12,P-1008,SVC5,BLTC,L-227,L-244,2025-05-15 14:50,,54.4,LB,3,44.44,EUR,IN_TRANSIT
SH103633,2025-04-19,P-1203,SVC3,ARRW,L-225,L-232,,,1096.8,LB,19,238.99,EUR,CANCELLED
SH103634,2025-09-07,P-1069,SVC4,ARRW,L-244,L-238,2025-09-10 13:24,2025-09-12 16:16,90.6,KG,12,54.07,GBP,DELIVERED
SH103635,2025-09-12,P-1124,SVC4,CDRX,L-215,L-254,2025-09-14 16:21,2025-09-20 15:27,934.7,KG,14,410.55,GBP,DELIVERED
SH103636,2025-01-10,P-1052,SVC3,EGRT,L-238,L-202,2025-01-11 09:36,2025-01-15 10:25,660.7,KG,10,299.40,GBP,DELIVERED
SH103637,2025-02-02,P-1213,SVC5,DNUB,L-257,L-244,2025-02-03 20:57,2025-02-11 07:08,740.1,LB,4,171.16,GBP,DELIVERED
SH103638,2025-12-25,P-1118,SVC6,BLTC,L-236,L-214,2025-12-28 17:07,2025-12-30 06:46,590.5,KG,23,280.06,GBP,DELIVERED
SH103639,2025-08-21,P-1134,SVC2,EGRT,L-226,L-260,2025-08-23 09:27,2025-08-25 11:13,471.9,KG,13,350.79,GBP,DELIVERED
SH103640,2025-04-18,P-1176,SVC4,FNCH,L-236,L-229,2025-04-18 15:24,,1108.6,LB,14,234.91,GBP,IN_TRANSIT
SH103641,2026-04-26,P-1208,SVC4,DNUB,L-219,L-258,2026-04-29 06:26,2026-05-02 20:47,977.0,LB,14,208.69,GBP,DELIVERED
SH103642,2025-11-08,P-1168,SVC4,ARRW,L-217,L-228,2025-11-08 15:46,2025-11-10 06:18,573.3,KG,24,259.95,EUR,DELIVERED
SH103643,2025-09-22,P-1138,SVC3,DNUB,L-258,L-206,2025-09-24 21:05,2025-09-30 20:30,106.1,KG,21,79.69,GBP,DELIVERED
SH103644,2025-05-27,P-1125,SVC4,DNUB,L-240,L-208,2025-05-28 09:00,2025-06-03 17:13,741.4,LB,18,163.24,GBP,DELIVERED
SH103645,2025-12-18,P-1177,SVC4,GRYP,L-250,L-251,2025-12-20 10:46,2025-12-23 10:30,759.8,KG,19,337.17,GBP,DELIVERED
SH103646,2025-10-02,P-1185,SVC1,ARRW,L-226,L-243,,,124.7,LB,1,57.84,EUR,BOOKED
SH103647,2025-05-07,P-1027,SVC4,GRYP,L-251,L-205,2025-05-08 07:56,,44.2,KG,12,45.51,GBP,IN_TRANSIT
SH103648,2025-08-17,P-1066,SVC4,CDRX,L-212,L-213,2025-08-19 06:50,2025-08-24 11:09,215.4,KG,17,116.83,GBP,DELIVERED
SH103649,2025-08-15,P-1041,SVC1,DNUB,L-205,L-218,2025-08-16 14:13,2025-08-17 08:01,672.3,KG,3,489.89,GBP,DELIVERED
SH103650,2025-04-10,P-1240,SVC1,BLTC,L-201,L-260,2025-04-12 14:28,2025-04-13 06:26,1222.8,KG,9,842.47,EUR,DELIVERED
SH103651,2026-02-16,P-1162,SVC4,FNCH,L-233,L-244,2026-02-19 12:21,2026-03-03 20:08,165.7,KG,14,111.94,GBP,DELIVERED
SH103652,2025-12-26,P-1029,SVC4,CDRX,L-229,L-202,2025-12-27 08:23,2026-01-05 18:10,677.7,KG,17,322.66,GBP,DELIVERED
SH103653,2025-01-07,P-1025,SVC4,GRYP,L-228,L-226,2025-01-09 09:36,2025-01-12 15:22,930.8,KG,6,422.08,EUR,DELIVERED
SH103654,2025-07-08,P-1173,SVC4,ARRW,L-251,L-244,2025-07-10 06:46,2025-07-16 21:11,349.8,KG,25,181.50,GBP,DELIVERED
SH103655,2026-01-06,P-1003,SVC6,GRYP,L-250,L-216,2026-01-09 20:15,2026-01-10 20:50,195.2,LB,2,73.48,GBP,DELIVERED
SH103656,2025-06-18,P-1018,SVC5,GRYP,L-207,L-249,2025-06-20 18:46,,434.9,KG,8,202.66,GBP,IN_TRANSIT
SH103657,2026-05-06,P-1198,SVC4,GRYP,L-256,L-221,2026-05-06 14:24,2026-05-18 06:48,239.5,KG,19,117.69,GBP,DELIVERED
SH103658,2025-06-30,P-1103,SVC3,CDRX,L-208,L-245,2025-07-03 19:39,2025-07-05 08:25,133.3,KG,13,85.03,GBP,DELIVERED
SH103659,2026-02-24,P-1115,SVC2,FNCH,L-201,L-258,2026-02-26 13:29,2026-02-27 10:47,1250.7,LB,19,417.35,EUR,DELIVERED
SH103660,2025-06-28,P-1229,SVC2,DNUB,L-216,L-206,2025-06-30 21:54,2025-07-01 13:49,646.9,KG,3,477.56,GBP,DELIVERED
SH103661,2026-04-15,P-1120,SVC1,ARRW,L-234,L-203,2026-04-16 15:23,2026-04-17 12:40,484.2,KG,11,354.24,GBP,DELIVERED
SH103662,2025-11-15,P-1199,SVC2,EGRT,L-221,L-234,2025-11-15 18:23,2025-11-18 14:55,784.6,KG,17,554.71,GBP,DELIVERED
SH103663,2025-09-05,P-1217,SVC2,EGRT,L-210,L-220,2025-09-08 20:57,2025-09-10 16:57,84.6,KG,7,92.12,GBP,DELIVERED
SH103664,2026-01-18,P-1117,SVC5,FNCH,L-215,L-219,2026-01-21 09:58,2026-01-24 21:50,872.2,KG,7,405.37,GBP,DELIVERED
SH103665,2025-12-21,P-1019,SVC3,BLTC,L-212,L-226,2025-12-23 21:02,2025-12-31 18:27,1110.3,KG,23,496.71,GBP,DELIVERED
SH103666,2025-08-24,P-1162,SVC4,EGRT,L-220,L-258,2025-08-24 10:57,2025-08-26 13:42,938.8,LB,24,207.51,GBP,DELIVERED
SH103667,2025-12-22,P-1180,SVC1,ARRW,L-241,L-245,2025-12-24 06:11,,1298.7,KG,6,906.21,EUR,IN_TRANSIT
SH103668,2025-10-03,P-1068,SVC4,ARRW,L-218,L-235,2025-10-05 07:17,2025-10-07 13:03,498.9,KG,2,229.42,GBP,DELIVERED
SH103669,2025-09-22,P-1125,SVC2,CDRX,L-214,L-248,2025-09-23 19:23,2025-09-24 16:33,295.3,KG,25,227.63,GBP,DELIVERED
SH103670,2026-01-20,P-1220,SVC4,EGRT,L-252,L-206,2026-01-20 19:35,2026-01-28 09:20,943.0,LB,17,211.39,GBP,DELIVERED
SH103671,2026-02-14,P-1184,SVC3,EGRT,L-208,L-224,2026-02-17 17:45,2026-02-25 19:14,18.5,KG,8,34.68,GBP,DELIVERED
SH103672,2025-11-22,P-1131,SVC3,CDRX,L-245,L-232,2025-11-25 12:17,2025-12-04 18:16,681.7,KG,3,300.04,GBP,DELIVERED
SH103673,2026-02-22,P-1127,SVC4,GRYP,L-221,L-218,2026-02-24 07:42,2026-02-28 07:46,877.8,LB,23,204.10,GBP,DELIVERED
SH103674,2026-03-23,P-1031,SVC3,BLTC,L-209,L-215,2026-03-26 16:48,2026-03-27 18:02,158.2,LB,7,62.59,GBP,DELIVERED
SH103675,2026-04-09,P-1038,SVC6,CDRX,L-249,L-213,2026-04-12 08:39,2026-04-13 10:15,808.7,KG,22,367.10,GBP,DELIVERED
SH103676,2026-05-11,P-1192,SVC5,EGRT,L-206,L-233,2026-05-14 12:52,,413.0,KG,3,187.55,GBP,IN_TRANSIT
SH103677,2025-07-11,P-1221,SVC2,FNCH,L-251,L-249,2025-07-12 07:49,2025-07-13 15:59,997.0,KG,19,701.39,GBP,DELIVERED
SH103678,2025-04-06,P-1108,SVC4,CDRX,L-255,L-213,2025-04-07 20:50,2025-04-13 13:47,913.5,KG,13,413.08,GBP,DELIVERED
SH103679,2025-05-24,P-1099,SVC4,CDRX,L-227,L-242,2025-05-27 17:21,2025-06-02 10:42,1138.2,LB,22,247.27,GBP,DELIVERED
SH103680,2025-10-11,P-1040,SVC1,EGRT,L-208,L-214,2025-10-11 18:33,2025-10-12 21:56,258.7,KG,15,213.59,GBP,DELIVERED
SH103681,2026-05-13,P-1086,SVC4,EGRT,L-230,L-247,2026-05-16 20:09,2026-05-18 07:54,1383.0,LB,22,293.70,GBP,DELIVERED
SH103682,2025-01-09,P-1140,SVC3,EGRT,L-260,L-230,,,718.2,LB,26,165.16,EUR,CANCELLED
SH103683,2026-02-02,P-1114,SVC1,CDRX,L-246,L-242,2026-02-04 16:58,2026-02-05 07:54,1260.2,KG,23,884.80,GBP,DELIVERED
SH103684,2026-02-19,P-1056,SVC1,CDRX,L-229,L-237,2026-02-22 15:59,2026-02-23 09:15,135.0,KG,14,111.24,GBP,DELIVERED
SH103685,2025-11-10,P-1187,SVC2,GRYP,L-248,L-206,2025-11-11 17:03,2025-11-12 14:10,4.3,KG,23,36.91,GBP,DELIVERED
SH103686,2025-03-17,P-1113,SVC2,FNCH,L-236,L-229,2025-03-17 07:24,2025-03-18 12:56,799.5,KG,10,564.49,GBP,DELIVERED
SH103687,2026-04-23,P-1015,SVC5,DNUB,L-212,L-207,,,721.9,KG,5,326.52,GBP,CANCELLED
SH103688,2026-02-26,P-1185,SVC6,FNCH,L-205,L-227,2026-02-27 13:50,2026-03-02 20:11,266.0,LB,19,86.05,GBP,DELIVERED
SH103689,2025-03-30,P-1055,SVC4,GRYP,L-201,L-234,2025-03-30 11:31,,416.2,LB,9,95.95,GBP,IN_TRANSIT
SH103690,2025-11-13,P-1159,SVC3,CDRX,L-233,L-222,2025-11-14 09:28,2025-11-18 15:35,900.1,LB,7,198.94,GBP,DELIVERED
SH103691,2025-04-24,P-1083,SVC4,EGRT,L-253,L-245,2025-04-27 18:31,2025-05-02 10:07,818.3,KG,9,367.54,GBP,DELIVERED
SH103692,2026-01-31,P-1018,SVC3,GRYP,L-219,L-240,2026-01-31 19:46,2026-02-06 19:08,1274.2,KG,23,568.35,EUR,DELIVERED
SH103693,2025-07-22,P-1148,SVC4,BLTC,L-211,L-255,2025-07-22 07:57,2025-07-28 20:56,265.3,LB,4,76.52,GBP,DELIVERED
SH103694,2026-03-08,P-1107,SVC3,GRYP,L-251,L-249,2026-03-10 11:56,2026-03-12 20:37,131.6,KG,8,71.09,EUR,DELIVERED
SH103695,2025-09-09,P-1162,SVC5,ARRW,L-207,L-251,2025-09-11 08:35,2025-09-14 16:05,1068.3,KG,14,480.21,GBP,DELIVERED
SH103696,2026-02-18,P-1226,SVC3,ARRW,L-232,L-215,2026-02-19 21:24,2026-02-21 07:01,819.5,KG,6,359.38,GBP,DELIVERED
SH103697,2025-10-13,P-1183,SVC1,GRYP,L-237,L-212,2025-10-13 12:41,2025-10-14 17:10,1248.0,LB,3,406.38,GBP,DELIVERED
SH103698,2026-02-07,P-1092,SVC3,BLTC,L-203,L-228,2026-02-09 19:09,2026-02-12 15:33,993.9,LB,12,219.96,GBP,DELIVERED
SH103699,2025-08-14,P-1097,SVC5,EGRT,L-216,L-211,,,138.6,LB,3,67.08,GBP,BOOKED
SH103700,2025-05-09,P-1043,SVC2,BLTC,L-213,L-208,2025-05-12 12:10,2025-05-13 16:12,1190.0,KG,4,836.95,GBP,DELIVERED
SH103701,2026-04-06,P-1142,SVC4,DNUB,L-226,L-251,2026-04-06 13:39,2026-04-16 19:19,501.1,LB,3,133.00,GBP,DELIVERED
SH103702,2026-03-11,P-1213,SVC2,CDRX,L-229,L-240,2026-03-11 11:13,2026-03-12 16:27,742.3,KG,25,535.89,GBP,DELIVERED
SH103703,2025-04-09,P-1007,SVC4,CDRX,L-212,L-213,2025-04-11 14:54,2025-04-18 10:18,145.1,KG,18,102.36,GBP,DELIVERED
SH103704,2025-03-25,P-1098,SVC2,EGRT,L-240,L-207,2025-03-25 16:47,2025-03-30 17:23,75.2,LB,22,46.24,GBP,DELIVERED
SH103705,2026-02-03,P-1039,SVC4,DNUB,L-208,L-227,2026-02-06 19:35,2026-02-09 15:49,850.9,LB,20,179.78,GBP,DELIVERED
SH103706,2025-06-10,P-1146,SVC4,BLTC,L-229,L-214,2025-06-10 07:02,2025-06-12 18:02,336.1,KG,13,175.14,GBP,DELIVERED
SH103707,2025-02-20,P-1158,SVC3,FNCH,L-216,L-252,2025-02-20 17:56,2025-02-28 14:58,1159.1,KG,22,511.73,GBP,DELIVERED
SH103708,2025-01-18,P-1063,SVC6,FNCH,L-250,L-218,2025-01-20 11:36,2025-01-28 18:09,186.2,LB,6,64.73,GBP,DELIVERED
SH103709,2025-08-16,P-1235,SVC1,FNCH,L-238,L-237,,,751.5,LB,24,243.50,GBP,BOOKED
SH103710,2026-04-24,P-1091,SVC4,CDRX,L-256,L-233,2026-04-26 13:52,2026-04-29 20:17,1172.3,LB,15,242.21,EUR,DELIVERED
SH103711,2025-01-23,P-1082,SVC3,GRYP,L-233,L-221,2025-01-24 21:20,2025-01-27 12:47,248.2,LB,24,90.01,GBP,DELIVERED
SH103712,2025-12-31,P-1156,SVC4,EGRT,L-258,L-246,2025-12-31 19:29,2026-01-01 14:10,1160.1,KG,10,528.81,EUR,DELIVERED
SH103713,2025-05-04,P-1069,SVC5,CDRX,L-231,L-216,2025-05-04 08:07,2025-05-08 12:01,466.9,KG,21,227.69,GBP,DELIVERED
SH103714,2026-05-07,P-1192,SVC6,CDRX,L-208,L-227,2026-05-10 15:02,2026-05-16 12:54,227.8,KG,9,110.50,GBP,DELIVERED
SH103715,2025-07-03,P-1037,SVC4,EGRT,L-242,L-205,2025-07-05 12:37,,238.4,KG,7,143.06,GBP,IN_TRANSIT
SH103716,2026-02-15,P-1022,SVC2,CDRX,L-208,L-247,2026-02-17 10:17,2026-02-18 20:00,86.5,LB,11,40.02,EUR,DELIVERED
SH103717,2025-10-15,P-1202,SVC3,GRYP,L-212,L-247,2025-10-17 21:38,2025-10-18 20:58,1005.2,KG,21,442.53,GBP,DELIVERED
SH103718,2026-03-21,P-1134,SVC5,ARRW,L-239,L-234,2026-03-23 12:00,2026-03-25 11:52,256.4,KG,8,129.01,GBP,DELIVERED
SH103719,2026-02-20,P-1158,SVC3,CDRX,L-204,L-243,,,181.9,KG,10,102.43,GBP,CANCELLED
SH103720,2025-08-11,P-1078,SVC1,FNCH,L-236,L-258,2025-08-12 08:30,2025-08-13 13:16,742.1,LB,10,268.24,GBP,DELIVERED
SH103721,2026-02-04,P-1035,SVC2,EGRT,L-212,L-256,2026-02-05 07:05,2026-02-06 11:24,156.4,KG,26,118.92,GBP,DELIVERED
SH103722,2025-01-30,P-1125,SVC3,FNCH,L-207,L-236,2025-01-31 11:33,2025-02-04 11:02,79.2,LB,21,41.91,GBP,DELIVERED
SH103723,2025-01-08,P-1240,SVC1,EGRT,L-206,L-244,2025-01-11 14:46,2025-01-12 13:04,1052.8,KG,2,729.18,GBP,DELIVERED
SH103724,2026-03-01,P-1174,SVC3,CDRX,L-226,L-206,2026-03-04 15:35,2026-03-05 07:27,1337.5,LB,25,286.40,GBP,DELIVERED
SH103725,2026-03-23,P-1009,SVC5,FNCH,L-245,L-216,2026-03-25 12:02,2026-04-04 07:08,330.0,LB,21,99.65,GBP,DELIVERED
SH103726,2026-02-21,P-1017,SVC4,DNUB,L-222,L-253,2026-02-23 16:45,2026-02-24 08:28,154.7,LB,7,65.50,GBP,DELIVERED
SH103727,2025-03-16,P-1067,SVC4,EGRT,L-227,L-203,2025-03-17 11:16,2025-03-20 20:19,733.5,LB,22,177.78,EUR,DELIVERED
SH103728,2025-10-28,P-1227,SVC5,CDRX,L-260,L-232,2025-10-29 19:20,,182.6,LB,26,63.51,GBP,IN_TRANSIT
SH103729,2025-07-15,P-1037,SVC2,CDRX,L-257,L-239,2025-07-17 11:39,2025-07-19 09:16,222.8,KG,12,175.30,GBP,DELIVERED
SH103730,2025-06-14,P-1238,SVC5,BLTC,L-226,L-242,2025-06-14 13:42,2025-06-17 17:00,979.9,KG,6,443.32,GBP,DELIVERED
SH103731,2025-05-02,P-1200,SVC4,FNCH,L-209,L-219,2025-05-04 18:46,2025-05-08 19:06,1288.1,KG,5,568.56,GBP,DELIVERED
SH103732,2025-09-09,P-1008,SVC3,EGRT,L-205,L-217,2025-09-11 11:19,2025-09-19 12:29,430.1,KG,1,220.46,GBP,DELIVERED
SH103733,2025-11-09,P-1144,SVC3,CDRX,L-213,L-215,,,1104.6,LB,24,231.00,EUR,BOOKED
SH103734,2025-10-10,P-1184,SVC1,BLTC,L-245,L-203,2025-10-13 16:13,2025-10-14 06:11,825.6,KG,14,586.19,GBP,DELIVERED
SH103735,2025-07-27,P-1040,SVC3,ARRW,L-239,L-207,2025-07-29 06:45,2025-07-31 20:04,774.2,KG,14,357.54,GBP,DELIVERED
SH103736,2025-04-20,P-1202,SVC4,CDRX,L-216,L-224,2025-04-21 11:36,,393.7,KG,26,188.17,GBP,IN_TRANSIT
SH103737,2025-06-11,P-1168,SVC3,DNUB,L-250,L-259,2025-06-14 18:54,2025-06-15 15:39,719.1,KG,9,328.20,GBP,DELIVERED
SH103738,2025-09-14,P-1044,SVC5,EGRT,L-251,L-230,2025-09-16 09:34,2025-09-20 15:17,1382.7,KG,25,600.64,GBP,DELIVERED
SH103739,2025-09-10,P-1164,SVC1,ARRW,L-211,L-242,2025-09-11 07:28,,594.5,KG,8,434.33,EUR,IN_TRANSIT
SH103740,2025-08-17,P-1007,SVC4,FNCH,L-215,L-210,2025-08-17 06:18,2025-08-22 18:41,1021.1,LB,5,227.70,GBP,DELIVERED
SH103741,2026-03-05,P-1126,SVC3,ARRW,L-254,L-234,2026-03-08 08:53,2026-03-10 10:25,829.5,LB,18,177.70,GBP,DELIVERED
SH103742,2025-08-27,P-1159,SVC5,EGRT,L-208,L-214,2025-08-28 20:28,2025-09-01 10:24,1236.8,KG,21,537.22,GBP,DELIVERED
SH103743,2025-10-17,P-1133,SVC3,ARRW,L-243,L-228,2025-10-18 10:06,2025-10-21 11:16,32.0,LB,3,39.02,GBP,DELIVERED
SH103744,2025-01-03,P-1041,SVC3,CDRX,L-258,L-249,2025-01-04 16:51,2025-01-05 10:49,1184.5,KG,9,518.76,GBP,DELIVERED
SH103745,2026-02-15,P-1236,SVC6,DNUB,L-237,L-248,2026-02-16 11:22,2026-02-19 17:14,173.1,LB,19,61.01,GBP,DELIVERED
SH103746,2026-01-19,P-1143,SVC5,BLTC,L-217,L-239,2026-01-22 10:23,2026-01-26 17:12,854.4,LB,8,203.85,GBP,DELIVERED
SH103747,2025-01-29,P-1113,SVC1,DNUB,L-202,L-228,2025-01-29 16:07,2025-01-30 14:26,206.2,KG,8,157.69,GBP,DELIVERED
SH103748,2025-05-03,P-1028,SVC5,GRYP,L-207,L-203,2025-05-04 12:04,2025-05-09 08:05,684.5,LB,15,165.39,GBP,DELIVERED
SH103749,2025-05-13,P-1141,SVC2,BLTC,L-222,L-240,2025-05-13 09:33,2025-05-15 17:27,1050.5,LB,2,340.60,GBP,DELIVERED
SH103750,2026-03-14,P-1075,SVC2,EGRT,L-220,L-245,2026-03-16 21:29,2026-03-17 09:29,672.4,KG,14,471.49,GBP,DELIVERED
SH103751,2025-12-17,P-1160,SVC4,ARRW,L-212,L-217,,,122.2,KG,9,94.25,GBP,CANCELLED
SH103752,2025-08-17,P-1133,SVC3,GRYP,L-255,L-207,2025-08-19 15:36,2025-08-23 08:31,212.0,KG,6,115.12,GBP,DELIVERED
SH103753,2025-11-25,P-1047,SVC4,DNUB,L-252,L-230,2025-11-25 06:47,2025-11-28 13:00,723.0,KG,18,319.41,GBP,DELIVERED
SH103754,2025-08-31,P-1095,SVC4,ARRW,L-204,L-244,2025-08-31 17:36,2025-09-03 21:45,1310.1,LB,19,263.39,GBP,DELIVERED
SH103755,2025-04-21,P-1099,SVC1,DNUB,L-235,L-227,2025-04-24 17:47,2025-04-25 20:13,792.5,KG,6,559.25,GBP,DELIVERED
SH103756,2026-04-30,P-1076,SVC6,BLTC,L-250,L-201,2026-05-01 12:55,2026-05-03 12:29,710.0,KG,22,318.46,GBP,DELIVERED
SH103757,2025-04-19,P-1164,SVC4,BLTC,L-202,L-222,2025-04-19 09:03,2025-04-22 16:28,1102.2,KG,25,505.70,EUR,DELIVERED
SH103758,2026-01-17,P-1037,SVC4,ARRW,L-216,L-209,,,285.8,KG,3,154.71,GBP,CANCELLED
SH103759,2025-07-25,P-1065,SVC2,EGRT,L-217,L-224,,,274.7,KG,25,227.49,GBP,CANCELLED
SH103760,2026-05-01,P-1062,SVC4,GRYP,L-220,L-201,2026-05-02 11:51,2026-05-08 08:11,562.9,KG,22,276.60,GBP,DELIVERED
SH103761,2025-08-09,P-1231,SVC3,BLTC,L-259,L-250,,,814.9,KG,21,374.19,GBP,CANCELLED
SH103762,2026-01-24,P-1140,SVC3,BLTC,L-214,L-255,2026-01-25 18:36,2026-01-26 21:21,158.3,LB,26,45.20,GBP,DELIVERED
SH103763,2025-09-24,P-1049,SVC6,DNUB,L-229,L-201,2025-09-24 14:48,2025-09-26 17:33,849.0,KG,4,371.28,GBP,DELIVERED
SH103764,2025-07-03,P-1043,SVC3,EGRT,L-253,L-217,2025-07-05 18:10,2025-07-08 16:43,647.1,LB,22,143.69,GBP,DELIVERED
SH103765,2025-09-23,P-1156,SVC2,FNCH,L-230,L-221,2025-09-25 16:20,2025-09-28 09:58,827.6,KG,15,580.42,GBP,DELIVERED
SH103766,2026-04-20,P-1040,SVC1,DNUB,L-222,L-204,2026-04-23 21:42,2026-04-24 17:31,870.4,LB,10,286.36,GBP,DELIVERED
SH103767,2025-07-31,P-1213,SVC2,BLTC,L-253,L-222,2025-08-02 09:29,2025-08-04 17:29,646.8,LB,19,210.25,GBP,DELIVERED
SH103768,2026-03-02,P-1091,SVC3,CDRX,L-212,L-218,2026-03-02 21:47,2026-03-04 13:27,583.0,LB,18,124.97,GBP,DELIVERED
SH103769,2025-12-10,P-1120,SVC4,FNCH,L-258,L-243,2025-12-12 15:08,2025-12-17 16:06,800.3,LB,15,169.19,GBP,DELIVERED
SH103770,2025-04-15,P-1022,SVC2,GRYP,L-255,L-249,2025-04-17 10:30,2025-04-19 18:19,666.4,KG,25,485.23,GBP,DELIVERED
SH103771,2025-10-09,P-1211,SVC4,EGRT,L-215,L-231,2025-10-10 07:51,2025-10-21 08:44,1380.7,LB,2,302.72,GBP,DELIVERED
SH103772,2026-04-17,P-1067,SVC1,DNUB,L-225,L-220,2026-04-19 18:37,2026-04-20 07:00,1108.0,KG,15,758.47,GBP,DELIVERED
SH103773,2025-06-04,P-1051,SVC2,EGRT,L-235,L-253,2025-06-05 17:27,2025-06-06 18:39,506.9,LB,25,185.11,EUR,DELIVERED
SH103774,2025-02-02,P-1022,SVC3,ARRW,L-209,L-238,2025-02-04 11:17,2025-02-06 20:47,612.4,LB,17,130.24,GBP,DELIVERED
SH103775,2025-12-24,P-1192,SVC1,DNUB,L-227,L-219,2025-12-25 12:18,2025-12-26 12:21,1349.4,LB,22,449.08,GBP,DELIVERED
SH103776,2025-12-31,P-1239,SVC1,CDRX,L-245,L-202,2025-12-31 09:01,2026-01-06 17:33,950.5,LB,7,325.32,EUR,DELIVERED
SH103777,2025-09-23,P-1133,SVC5,EGRT,L-214,L-256,2025-09-25 15:56,2025-09-29 20:26,1115.3,KG,15,484.72,GBP,DELIVERED
SH103778,2025-12-14,P-1149,SVC2,DNUB,L-226,L-201,2025-12-16 17:09,2025-12-21 06:07,966.8,KG,9,670.06,EUR,DELIVERED
SH103779,2025-06-22,P-1222,SVC1,DNUB,L-259,L-260,2025-06-25 18:10,2025-06-26 15:20,866.7,KG,14,604.50,EUR,DELIVERED
SH103780,2025-06-09,P-1071,SVC2,CDRX,L-213,L-217,2025-06-09 19:36,2025-06-10 09:29,576.3,KG,6,401.14,GBP,DELIVERED
SH103781,2025-04-13,P-1070,SVC4,FNCH,L-224,L-241,2025-04-15 07:09,2025-04-17 13:27,27.2,KG,22,32.17,GBP,DELIVERED
SH103782,2025-05-07,P-1156,SVC2,FNCH,L-206,L-257,2025-05-07 07:12,2025-05-08 15:25,1160.5,KG,3,811.26,GBP,DELIVERED
SH103783,2025-07-19,P-1173,SVC6,DNUB,L-217,L-213,2025-07-21 17:40,2025-07-24 09:46,263.6,KG,9,132.63,GBP,DELIVERED
SH103784,2026-01-08,P-1228,SVC4,BLTC,L-245,L-215,2026-01-11 11:53,2026-01-17 10:04,665.2,KG,10,319.58,EUR,DELIVERED
SH103785,2025-12-03,P-1009,SVC4,ARRW,L-226,L-251,2025-12-03 08:07,2025-12-05 09:29,684.9,LB,4,149.61,GBP,DELIVERED
SH103786,2025-02-04,P-1180,SVC2,ARRW,L-253,L-211,2025-02-07 11:43,2025-02-08 21:49,39.2,KG,7,65.23,GBP,DELIVERED
SH103787,2025-03-11,P-1208,SVC2,ARRW,L-250,L-260,2025-03-11 16:59,2025-03-12 09:41,870.8,KG,18,616.49,GBP,DELIVERED
SH103788,2025-10-21,P-1071,SVC2,GRYP,L-253,L-258,,,1275.9,LB,2,405.68,GBP,CANCELLED
SH103789,2025-12-04,P-1153,SVC5,FNCH,L-212,L-228,2025-12-06 06:20,2025-12-08 10:00,1290.0,KG,19,571.70,GBP,DELIVERED
SH103790,2026-04-27,P-1166,SVC1,BLTC,L-228,L-246,2026-04-28 21:48,2026-04-29 06:39,1100.4,LB,23,359.89,GBP,DELIVERED
SH103791,2025-02-20,P-1177,SVC4,ARRW,L-248,L-219,2025-02-22 07:12,2025-02-26 20:40,1174.9,KG,10,526.58,GBP,DELIVERED
SH103792,2025-09-02,P-1034,SVC5,BLTC,L-229,L-260,2025-09-05 19:33,2025-09-06 18:41,144.8,LB,14,54.11,GBP,DELIVERED
SH103793,2026-02-16,P-1084,SVC6,ARRW,L-238,L-222,2026-02-19 21:03,2026-02-20 08:39,1055.8,LB,13,214.20,GBP,DELIVERED
SH103794,2025-06-20,P-1154,SVC4,DNUB,L-235,L-252,2025-06-23 19:13,2025-06-27 18:02,74.1,KG,21,66.59,GBP,DELIVERED
SH103795,2025-06-01,P-1098,SVC6,EGRT,L-217,L-230,2025-06-03 16:20,,1362.4,LB,3,279.95,GBP,IN_TRANSIT
SH103796,2026-04-02,P-1144,SVC3,EGRT,L-233,L-214,2026-04-05 18:04,2026-04-08 11:36,733.5,KG,13,327.91,GBP,DELIVERED
SH103797,2025-03-09,P-1037,SVC2,ARRW,L-252,L-215,2025-03-10 19:22,2025-03-16 19:37,104.6,KG,1,102.06,GBP,DELIVERED
SH103798,2025-05-15,P-1070,SVC3,DNUB,L-204,L-253,2025-05-16 10:33,2025-05-17 06:52,148.9,KG,17,101.52,GBP,DELIVERED
SH103799,2025-07-01,P-1083,SVC1,CDRX,L-229,L-240,2025-07-04 14:48,2025-07-05 21:20,1304.3,KG,25,904.55,GBP,DELIVERED
SH103800,2025-04-08,P-1130,SVC3,FNCH,L-203,L-211,,,578.5,KG,13,264.25,EUR,CANCELLED
SH103801,2025-10-09,P-1116,SVC5,DNUB,L-246,L-211,2025-10-10 13:50,2025-10-15 16:18,524.1,LB,4,141.09,GBP,DELIVERED
SH103802,2025-08-27,P-1160,SVC4,CDRX,L-247,L-260,2025-08-30 19:39,2025-09-05 08:28,130.8,LB,25,67.58,GBP,DELIVERED
SH103803,2025-09-10,P-1100,SVC5,FNCH,L-240,L-234,2025-09-12 21:21,2025-09-19 16:16,669.8,KG,18,304.72,GBP,DELIVERED
SH103804,2025-04-19,P-1026,SVC3,DNUB,L-207,L-239,2025-04-20 16:04,2025-04-23 16:20,1294.4,KG,16,578.69,GBP,DELIVERED
SH103805,2026-01-24,P-1005,SVC2,GRYP,L-210,L-214,2026-01-24 08:33,2026-01-25 13:00,837.1,KG,8,576.27,GBP,DELIVERED
SH103806,2026-04-30,P-1234,SVC5,CDRX,L-231,L-232,2026-05-03 12:12,,127.3,KG,20,90.13,EUR,IN_TRANSIT
SH103807,2026-01-13,P-1062,SVC3,ARRW,L-201,L-257,2026-01-13 16:43,2026-01-16 10:34,726.4,KG,2,331.88,GBP,DELIVERED
SH103808,2025-06-10,P-1229,SVC2,BLTC,L-215,L-242,2025-06-13 14:52,2025-06-15 11:15,1014.1,KG,25,720.14,GBP,DELIVERED
SH103809,2026-03-29,P-1068,SVC4,CDRX,L-232,L-245,2026-03-30 18:09,2026-04-05 09:43,517.7,KG,8,253.30,GBP,DELIVERED
SH103810,2025-11-06,P-1209,SVC3,EGRT,L-242,L-214,2025-11-06 12:25,2025-11-11 13:01,1059.9,KG,3,484.26,EUR,DELIVERED
SH103811,2025-04-30,P-1061,SVC3,DNUB,L-247,L-231,2025-05-02 15:52,,1275.1,KG,7,570.65,EUR,IN_TRANSIT
SH103812,2025-12-28,P-1163,SVC3,GRYP,L-240,L-219,2025-12-30 15:49,2026-01-02 06:46,429.4,LB,9,94.64,GBP,DELIVERED
SH103813,2026-04-11,P-1213,SVC3,ARRW,L-205,L-252,2026-04-14 15:36,2026-04-17 15:31,768.3,LB,15,171.27,EUR,DELIVERED
SH103814,2025-04-07,P-1028,SVC2,CDRX,L-214,L-224,2025-04-07 14:41,2025-04-08 20:47,298.0,LB,21,114.13,EUR,DELIVERED
SH103815,2025-08-27,P-1109,SVC6,GRYP,L-240,L-208,2025-08-28 09:10,2025-08-31 19:41,1332.2,KG,11,592.37,GBP,DELIVERED
SH103816,2025-10-19,P-1204,SVC1,BLTC,L-235,L-207,2025-10-20 16:41,2025-10-21 12:22,1064.3,KG,5,746.87,GBP,DELIVERED
SH103817,2026-04-14,P-1083,SVC3,CDRX,L-239,L-219,2026-04-14 08:41,,691.4,KG,10,332.31,GBP,IN_TRANSIT
SH103818,2025-06-12,P-1073,SVC4,CDRX,L-204,L-252,2025-06-14 14:50,2025-06-18 15:35,751.2,KG,17,331.34,GBP,DELIVERED
SH103819,2025-09-23,P-1153,SVC4,GRYP,L-214,L-201,2025-09-23 09:32,2025-10-04 15:48,1202.2,KG,7,519.75,EUR,DELIVERED
SH103820,2025-12-01,P-1071,SVC6,DNUB,L-256,L-239,,,411.7,KG,15,206.57,GBP,BOOKED
SH103821,2025-04-03,P-1236,SVC3,BLTC,L-213,L-237,2025-04-05 16:02,2025-04-07 18:33,1063.3,KG,10,472.78,GBP,DELIVERED
SH103822,2025-06-02,P-1064,SVC2,ARRW,L-243,L-226,2025-06-04 08:25,2025-06-08 13:16,151.1,KG,20,116.00,GBP,DELIVERED
SH103823,2025-01-27,P-1089,SVC4,FNCH,L-222,L-220,2025-01-30 15:50,,1108.0,KG,16,480.70,GBP,IN_TRANSIT
SH103824,2025-04-21,P-1029,SVC2,BLTC,L-218,L-242,2025-04-24 08:11,2025-04-26 15:18,19.3,KG,24,40.52,EUR,DELIVERED
SH103825,2025-09-23,P-1187,SVC3,ARRW,L-250,L-248,2025-09-25 06:57,2025-09-26 20:04,561.1,LB,3,120.67,GBP,DELIVERED
SH103826,2026-05-02,P-1038,SVC2,DNUB,L-256,L-224,2026-05-05 17:57,2026-05-06 19:28,49.6,KG,17,55.16,EUR,DELIVERED
SH103827,2025-10-06,P-1038,SVC2,FNCH,L-222,L-228,2025-10-07 14:26,2025-10-09 18:48,305.4,LB,21,120.09,EUR,DELIVERED
SH103828,2026-03-10,P-1076,SVC3,DNUB,L-231,L-230,2026-03-13 11:58,2026-03-14 17:02,1383.0,KG,17,604.01,GBP,DELIVERED
SH103829,2026-02-04,P-1120,SVC3,CDRX,L-217,L-227,2026-02-07 20:57,2026-02-08 08:47,1149.5,KG,6,497.64,GBP,DELIVERED
SH103830,2025-07-18,P-1132,SVC2,GRYP,L-245,L-240,2025-07-19 13:32,2025-07-23 13:48,840.6,KG,26,582.40,GBP,DELIVERED
SH103831,2026-03-09,P-1093,SVC3,ARRW,L-248,L-233,,,1300.0,KG,20,584.59,GBP,CANCELLED
SH103832,2026-03-20,P-1140,SVC3,CDRX,L-237,L-248,2026-03-22 09:18,2026-03-24 06:19,636.1,KG,17,308.79,GBP,DELIVERED
SH103833,2025-11-04,P-1124,SVC3,ARRW,L-204,L-234,2025-11-04 18:23,,1336.8,KG,6,597.08,GBP,IN_TRANSIT
SH103834,2025-11-28,P-1169,SVC5,FNCH,L-220,L-236,2025-12-01 12:57,2025-12-06 21:53,471.6,KG,26,235.38,GBP,DELIVERED
SH103835,2025-01-02,P-1041,SVC3,BLTC,L-217,L-220,2025-01-03 12:49,2025-01-07 11:52,665.6,LB,7,162.57,EUR,DELIVERED
SH103836,2026-05-17,P-1230,SVC3,GRYP,L-242,L-243,2026-05-18 09:55,2026-05-21 08:20,817.1,LB,23,190.50,GBP,DELIVERED
SH103837,2025-05-05,P-1148,SVC1,ARRW,L-238,L-241,2025-05-08 20:12,2025-05-09 21:49,755.9,KG,21,536.14,GBP,DELIVERED
SH103838,2025-03-04,P-1135,SVC3,FNCH,L-256,L-241,2025-03-04 09:21,2025-03-07 13:34,1205.0,KG,19,523.76,GBP,DELIVERED
SH103839,2025-07-28,P-1163,SVC4,ARRW,L-216,L-229,2025-07-31 16:15,2025-08-07 06:44,238.6,LB,26,59.63,GBP,DELIVERED
SH103840,2025-08-27,P-1157,SVC6,CDRX,L-204,L-213,2025-08-27 09:48,2025-08-30 20:27,663.2,KG,7,292.52,EUR,DELIVERED
SH103841,2026-04-01,P-1015,SVC2,FNCH,L-248,L-224,2026-04-03 11:05,2026-04-05 10:22,1291.3,KG,8,905.80,GBP,DELIVERED
SH103842,2025-12-01,P-1097,SVC3,ARRW,L-241,L-260,2025-12-03 07:06,2025-12-07 15:17,848.5,KG,7,382.98,GBP,DELIVERED
SH103843,2026-02-08,P-1006,SVC2,FNCH,L-227,L-256,2026-02-08 21:47,2026-02-10 16:12,983.0,KG,5,682.63,GBP,DELIVERED
SH103844,2026-04-04,P-1155,SVC2,GRYP,L-224,L-210,2026-04-07 21:18,2026-04-09 17:52,1150.8,LB,16,382.72,GBP,DELIVERED
SH103845,2025-03-21,P-1088,SVC5,FNCH,L-259,L-231,2025-03-23 21:12,2025-03-26 11:46,377.1,KG,18,191.05,GBP,DELIVERED
SH103846,2025-02-21,P-1097,SVC4,GRYP,L-250,L-244,2025-02-24 14:49,2025-02-25 18:23,166.3,KG,9,95.98,GBP,DELIVERED
SH103847,2026-02-28,P-1174,SVC3,EGRT,L-251,L-244,2026-02-28 10:35,2026-03-02 20:20,1054.4,LB,7,223.05,GBP,DELIVERED
SH103848,2025-08-23,P-1080,SVC3,EGRT,L-259,L-234,2025-08-26 19:41,2025-08-29 20:28,578.4,KG,5,275.64,GBP,DELIVERED
SH103849,2025-02-15,P-1168,SVC3,ARRW,L-204,L-225,2025-02-15 18:50,2025-02-19 21:45,276.1,LB,18,82.62,GBP,DELIVERED
SH103850,2025-08-02,P-1222,SVC6,GRYP,L-227,L-245,2025-08-04 18:05,2025-08-05 06:56,1238.1,KG,3,535.78,EUR,DELIVERED
SH103851,2025-06-12,P-1010,SVC4,BLTC,L-254,L-242,2025-06-15 20:20,2025-06-18 13:13,518.5,KG,4,235.44,GBP,DELIVERED
SH103852,2025-04-03,P-1174,SVC3,FNCH,L-206,L-257,2025-04-05 15:04,2025-04-06 07:34,419.1,LB,22,101.76,GBP,DELIVERED
SH103853,2026-01-31,P-1008,SVC4,DNUB,L-218,L-244,2026-02-03 19:33,2026-02-09 13:05,1067.4,KG,11,479.56,GBP,DELIVERED
SH103854,2025-01-02,P-1119,SVC2,ARRW,L-239,L-211,2025-01-02 21:36,2025-01-05 09:29,1314.8,LB,15,419.25,GBP,DELIVERED
SH103855,2025-12-12,P-1033,SVC1,DNUB,L-248,L-244,2025-12-12 21:35,,89.9,LB,11,48.86,GBP,IN_TRANSIT
SH103856,2025-06-17,P-1084,SVC3,CDRX,L-225,L-203,2025-06-18 09:49,2025-06-24 10:06,1037.4,LB,25,214.86,GBP,DELIVERED
SH103857,2025-11-28,P-1061,SVC5,DNUB,L-214,L-232,2025-12-01 20:16,2025-12-08 12:52,1054.7,KG,4,476.76,EUR,DELIVERED
SH103858,2025-08-11,P-1070,SVC5,EGRT,L-259,L-226,2025-08-14 21:39,,1166.9,KG,20,504.46,GBP,IN_TRANSIT
SH103859,2026-04-10,P-1094,SVC3,FNCH,L-238,L-212,2026-04-13 19:39,,978.6,KG,24,427.67,GBP,IN_TRANSIT
SH103860,2026-03-11,P-1194,SVC4,CDRX,L-230,L-235,2026-03-12 06:53,2026-03-21 18:16,1024.2,KG,20,459.45,GBP,DELIVERED
SH103861,2025-06-25,P-1027,SVC3,DNUB,L-217,L-248,2025-06-28 13:50,2025-06-30 19:12,1272.1,KG,4,547.65,EUR,DELIVERED
SH103862,2025-03-03,P-1235,SVC2,BLTC,L-255,L-227,2025-03-05 09:24,,984.8,KG,8,697.06,GBP,IN_TRANSIT
SH103863,2025-01-23,P-1054,SVC5,CDRX,L-217,L-260,2025-01-25 14:59,2025-01-29 18:12,1257.5,KG,17,556.11,GBP,DELIVERED
SH103864,2025-01-19,P-1089,SVC3,CDRX,L-233,L-224,,,91.8,KG,13,68.28,EUR,CANCELLED
SH103865,2026-01-27,P-1172,SVC1,BLTC,L-222,L-241,,,829.7,KG,17,592.12,GBP,CANCELLED
SH103866,2025-07-26,P-1036,SVC3,ARRW,L-232,L-247,,,1181.1,KG,10,522.70,GBP,BOOKED
SH103867,2025-03-26,P-1004,SVC1,BLTC,L-218,L-241,2025-03-28 07:58,2025-04-01 09:52,797.9,LB,7,279.52,GBP,DELIVERED
SH103868,2026-02-23,P-1163,SVC3,DNUB,L-204,L-210,2026-02-23 14:12,2026-02-26 20:02,9.7,KG,11,40.40,EUR,DELIVERED
SH103869,2025-06-27,P-1064,SVC2,ARRW,L-257,L-205,,,1135.3,KG,15,800.91,GBP,BOOKED
SH103870,2025-12-13,P-1236,SVC5,GRYP,L-215,L-220,2025-12-15 14:55,2025-12-16 09:38,770.4,LB,10,172.33,GBP,DELIVERED
SH103871,2025-08-04,P-1144,SVC3,EGRT,L-219,L-221,2025-08-07 19:05,,863.2,KG,5,397.82,GBP,IN_TRANSIT
SH103872,2025-01-26,P-1083,SVC3,FNCH,L-210,L-215,2025-01-27 12:09,2025-01-31 11:57,818.9,KG,19,368.73,GBP,DELIVERED
SH103873,2026-01-12,P-1202,SVC3,CDRX,L-259,L-229,2026-01-12 15:21,2026-01-13 20:44,1068.5,KG,3,487.77,GBP,DELIVERED
SH103874,2025-09-22,P-1085,SVC1,GRYP,L-237,L-212,,,1314.2,LB,11,413.46,EUR,CANCELLED
SH103875,2026-03-06,P-1018,SVC2,ARRW,L-251,L-260,2026-03-09 14:33,2026-03-13 15:51,1278.7,KG,14,890.03,GBP,DELIVERED
SH103876,2025-06-13,P-1135,SVC6,DNUB,L-241,L-222,2025-06-15 17:59,2025-06-16 13:01,71.9,KG,10,70.59,GBP,DELIVERED
SH103877,2025-09-03,P-1199,SVC2,DNUB,L-243,L-205,2025-09-04 08:20,2025-09-06 07:23,313.9,KG,23,249.73,GBP,DELIVERED
SH103878,2025-07-31,P-1203,SVC3,DNUB,L-248,L-254,2025-08-01 11:34,2025-08-04 12:09,771.1,KG,2,337.31,GBP,DELIVERED
SH103879,2025-08-19,P-1159,SVC1,FNCH,L-253,L-222,2025-08-20 12:51,2025-08-21 06:47,983.6,LB,18,314.31,GBP,DELIVERED
SH103880,2026-04-04,P-1165,SVC4,EGRT,L-245,L-248,2026-04-04 06:09,,1218.8,KG,24,534.56,GBP,IN_TRANSIT
SH103881,2025-09-08,P-1125,SVC3,GRYP,L-213,L-255,2025-09-08 08:29,2025-09-12 17:06,683.0,KG,12,307.60,GBP,DELIVERED
SH103882,2026-05-17,P-1083,SVC1,GRYP,L-210,L-245,2026-05-20 14:00,2026-05-21 09:19,304.3,KG,7,221.72,GBP,DELIVERED
SH103883,2025-11-19,P-1065,SVC3,GRYP,L-248,L-226,2025-11-21 17:21,2025-11-23 06:58,135.1,LB,6,54.02,GBP,DELIVERED
SH103884,2025-06-13,P-1035,SVC3,CDRX,L-250,L-220,2025-06-14 21:06,2025-06-17 20:08,16.8,KG,20,41.80,GBP,DELIVERED
SH103885,2025-08-29,P-1116,SVC5,BLTC,L-236,L-217,2025-08-30 08:11,2025-09-01 11:46,1219.8,KG,26,527.81,GBP,DELIVERED
SH103886,2025-04-15,P-1237,SVC1,EGRT,L-226,L-249,2025-04-17 09:51,2025-04-18 15:51,256.0,KG,15,214.92,EUR,DELIVERED
SH103887,2025-05-08,P-1068,SVC3,ARRW,L-220,L-238,,,330.7,KG,17,173.08,GBP,CANCELLED
SH103888,2025-08-04,P-1213,SVC3,BLTC,L-245,L-205,2025-08-06 13:35,2025-08-11 07:34,146.8,KG,11,86.29,GBP,DELIVERED
SH103889,2025-01-14,P-1075,SVC1,EGRT,L-245,L-233,2025-01-14 12:53,2025-01-16 21:34,1155.7,KG,5,814.26,GBP,DELIVERED
SH103890,2025-10-13,P-1021,SVC3,DNUB,L-230,L-219,2025-10-13 10:52,2025-10-18 18:58,130.7,KG,8,93.43,GBP,DELIVERED
SH103891,2025-08-09,P-1215,SVC4,EGRT,L-208,L-237,2025-08-10 09:04,2025-08-12 09:41,992.8,KG,7,446.37,GBP,DELIVERED
SH103892,2025-03-20,P-1152,SVC3,DNUB,L-218,L-208,,,519.1,KG,21,236.36,GBP,CANCELLED
SH103893,2025-10-21,P-1208,SVC2,ARRW,L-236,L-248,2025-10-22 16:26,2025-10-23 13:09,1173.5,KG,24,831.51,GBP,DELIVERED
SH103894,2025-06-02,P-1096,SVC3,BLTC,L-240,L-245,2025-06-03 16:19,2025-06-05 14:38,745.8,KG,18,345.99,GBP,DELIVERED
SH103895,2025-12-07,P-1006,SVC2,CDRX,L-250,L-230,2025-12-09 19:27,2025-12-10 20:06,1345.3,KG,19,922.68,GBP,DELIVERED
SH103896,2026-04-01,P-1024,SVC4,CDRX,L-213,L-253,2026-04-01 15:10,2026-04-02 21:23,1293.6,KG,15,560.13,GBP,DELIVERED
SH103897,2026-02-07,P-1228,SVC3,GRYP,L-218,L-245,,,664.7,KG,1,322.07,GBP,BOOKED
SH103898,2025-02-26,P-1036,SVC3,ARRW,L-242,L-208,,,1065.9,KG,6,473.59,GBP,CANCELLED
SH103899,2026-02-20,P-1236,SVC2,BLTC,L-252,L-204,2026-02-20 17:50,2026-02-21 07:03,361.8,KG,23,280.67,GBP,DELIVERED
SH103900,2026-05-10,P-1220,SVC6,BLTC,L-227,L-205,2026-05-13 19:09,2026-05-16 20:39,357.0,KG,6,188.10,GBP,DELIVERED
SH103901,2025-08-26,P-1011,SVC4,CDRX,L-205,L-226,2025-08-29 07:51,,191.2,LB,21,74.19,GBP,IN_TRANSIT
SH103902,2025-02-19,P-1112,SVC2,DNUB,L-258,L-213,2025-02-21 16:21,2025-02-26 11:21,1395.5,KG,15,964.99,GBP,DELIVERED
SH103903,2025-07-06,P-1041,SVC4,ARRW,L-207,L-233,2025-07-08 19:14,2025-07-09 13:48,357.5,LB,12,82.24,GBP,DELIVERED
SH103904,2026-02-09,P-1229,SVC3,EGRT,L-201,L-218,2026-02-12 06:46,2026-02-15 09:17,526.1,KG,10,238.72,EUR,DELIVERED
SH103905,2025-03-22,P-1157,SVC2,EGRT,L-242,L-231,2025-03-25 15:03,,967.9,KG,4,688.70,GBP,IN_TRANSIT
SH103906,2025-11-17,P-1189,SVC1,FNCH,L-210,L-257,2025-11-19 16:09,2025-11-20 11:15,179.3,KG,19,159.02,GBP,DELIVERED
SH103907,2026-05-01,P-1082,SVC5,EGRT,L-236,L-214,2026-05-04 19:47,2026-05-06 17:46,292.2,KG,23,138.73,GBP,DELIVERED
SH103908,2026-01-06,P-1055,SVC3,CDRX,L-231,L-228,2026-01-07 12:09,2026-01-16 16:32,820.2,LB,18,172.00,GBP,DELIVERED
SH103909,2025-09-17,P-1218,SVC4,GRYP,L-245,L-224,2025-09-18 14:03,2025-09-25 20:03,742.6,LB,12,169.49,GBP,DELIVERED
SH103910,2025-02-07,P-1039,SVC2,GRYP,L-206,L-237,2025-02-08 16:21,2025-02-10 13:48,896.8,KG,7,638.93,GBP,DELIVERED
SH103911,2025-08-25,P-1112,SVC2,BLTC,L-220,L-221,2025-08-27 18:06,2025-08-28 21:01,848.2,LB,25,292.61,EUR,DELIVERED
SH103912,2026-02-21,P-1083,SVC5,ARRW,L-255,L-235,2026-02-23 18:11,2026-02-27 08:47,682.7,LB,11,172.05,GBP,DELIVERED
SH103913,2025-03-13,P-1050,SVC4,EGRT,L-226,L-246,2025-03-15 14:10,2025-03-21 15:46,738.0,KG,10,333.86,GBP,DELIVERED
SH103914,2025-05-12,P-1088,SVC1,CDRX,L-239,L-256,2025-05-13 18:56,,73.4,KG,9,65.73,GBP,IN_TRANSIT
SH103915,2025-07-11,P-1035,SVC2,FNCH,L-222,L-206,2025-07-11 18:00,2025-07-12 13:09,425.3,KG,7,300.90,GBP,DELIVERED
SH103916,2025-02-03,P-1073,SVC3,ARRW,L-216,L-228,2025-02-06 10:30,2025-02-10 12:54,705.5,KG,1,318.43,GBP,DELIVERED
SH103917,2026-03-12,P-1155,SVC3,DNUB,L-244,L-220,2026-03-15 16:25,2026-03-23 19:46,219.6,LB,19,68.14,EUR,DELIVERED
SH103918,2026-02-24,P-1199,SVC4,DNUB,L-235,L-249,2026-02-26 20:23,2026-03-03 08:30,832.8,LB,2,188.91,GBP,DELIVERED
SH103919,2025-02-04,P-1001,SVC4,GRYP,L-203,L-235,2025-02-04 18:42,,622.5,LB,17,150.55,GBP,IN_TRANSIT
SH103920,2025-06-16,P-1113,SVC6,GRYP,L-260,L-249,2025-06-16 19:25,2025-06-23 13:57,338.2,KG,7,167.42,GBP,DELIVERED
SH103921,2026-01-08,P-1174,SVC3,ARRW,L-222,L-242,2026-01-10 10:49,2026-01-11 15:15,1087.9,LB,10,243.20,GBP,DELIVERED
SH103922,2025-05-31,P-1111,SVC2,EGRT,L-245,L-215,2025-05-31 17:12,2025-06-02 11:20,1112.1,KG,18,763.65,GBP,DELIVERED
SH103923,2025-12-20,P-1198,SVC6,GRYP,L-205,L-244,2025-12-22 11:15,2025-12-24 21:32,673.7,KG,5,299.67,GBP,DELIVERED
SH103924,2025-02-19,P-1036,SVC4,BLTC,L-245,L-215,2025-02-21 14:34,2025-02-23 08:27,109.5,KG,21,75.83,EUR,DELIVERED
SH103925,2025-12-24,P-1213,SVC3,ARRW,L-240,L-248,2025-12-26 21:51,2025-12-27 13:33,592.5,LB,11,143.92,GBP,DELIVERED
SH103926,2025-04-27,P-1187,SVC6,FNCH,L-205,L-217,2025-04-29 09:52,2025-05-02 17:38,1171.7,KG,23,511.96,GBP,DELIVERED
SH103927,2026-03-15,P-1028,SVC2,BLTC,L-203,L-246,,,1201.7,LB,11,391.90,GBP,CANCELLED
SH103928,2025-05-05,P-1075,SVC6,GRYP,L-238,L-226,2025-05-07 11:44,2025-05-08 18:29,597.3,KG,21,286.32,EUR,DELIVERED
SH103929,2025-05-25,P-1239,SVC6,DNUB,L-258,L-232,2025-05-27 09:37,2025-06-02 11:16,1061.8,KG,4,486.89,GBP,DELIVERED
SH103930,2025-04-04,P-1208,SVC4,EGRT,L-211,L-257,2025-04-06 12:44,,560.5,LB,14,137.38,GBP,IN_TRANSIT
SH103931,2025-08-08,P-1008,SVC3,CDRX,L-210,L-224,2025-08-09 20:53,2025-08-14 12:31,845.6,KG,9,375.40,GBP,DELIVERED
SH103932,2025-02-25,P-1050,SVC5,EGRT,L-220,L-239,2025-02-28 17:27,2025-03-05 17:58,1080.5,LB,10,219.20,GBP,DELIVERED
SH103933,2025-04-09,P-1049,SVC5,CDRX,L-252,L-201,,,687.2,KG,16,328.39,GBP,CANCELLED
SH103934,2025-11-18,P-1085,SVC1,FNCH,L-216,L-201,2025-11-21 11:20,2025-11-24 21:17,735.4,KG,13,526.36,GBP,DELIVERED
SH103935,2026-01-31,P-1089,SVC5,BLTC,L-252,L-214,2026-02-02 18:05,2026-02-05 17:21,1296.1,KG,21,574.17,GBP,DELIVERED
SH103936,2026-05-05,P-1167,SVC2,FNCH,L-210,L-227,2026-05-07 15:36,2026-05-08 16:22,1150.8,KG,26,800.15,GBP,DELIVERED
SH103937,2025-03-21,P-1202,SVC3,CDRX,L-224,L-203,2025-03-23 06:42,2025-03-26 06:36,924.3,KG,15,427.92,GBP,DELIVERED
SH103938,2025-07-14,P-1083,SVC4,CDRX,L-219,L-238,2025-07-14 17:21,2025-07-17 07:16,1269.9,KG,11,564.05,EUR,DELIVERED
SH103939,2025-07-27,P-1008,SVC4,ARRW,L-242,L-245,2025-07-28 19:09,2025-07-29 15:20,455.6,KG,6,216.19,EUR,DELIVERED
SH103940,2026-01-06,P-1175,SVC2,CDRX,L-256,L-259,2026-01-09 14:52,2026-01-11 11:50,678.4,KG,18,484.13,GBP,DELIVERED
SH103941,2025-09-28,P-1110,SVC5,BLTC,L-232,L-235,,,510.4,KG,19,241.67,GBP,BOOKED
SH103942,2025-08-26,P-1039,SVC6,EGRT,L-211,L-202,2025-08-29 14:07,2025-08-30 14:54,1318.2,KG,2,583.20,GBP,DELIVERED
SH103943,2025-09-27,P-1041,SVC4,DNUB,L-211,L-260,2025-09-29 08:04,2025-10-02 08:57,191.4,KG,25,98.66,GBP,DELIVERED
SH103944,2026-04-15,P-1068,SVC6,DNUB,L-254,L-233,2026-04-16 21:26,2026-04-19 20:52,440.1,KG,8,201.97,GBP,DELIVERED
SH103945,2025-07-15,P-1145,SVC2,ARRW,L-228,L-259,2025-07-16 11:28,2025-07-23 20:27,476.9,KG,14,334.15,GBP,DELIVERED
SH103946,2025-07-20,P-1192,SVC1,DNUB,L-251,L-208,2025-07-20 15:31,2025-07-21 21:36,376.5,KG,21,273.25,GBP,DELIVERED
SH103947,2025-04-18,P-1056,SVC1,BLTC,L-232,L-213,2025-04-20 10:42,2025-04-21 12:41,152.0,KG,7,121.62,GBP,DELIVERED
SH103948,2025-01-18,P-1062,SVC3,FNCH,L-237,L-213,2025-01-20 21:42,2025-01-21 14:02,359.8,LB,8,98.28,GBP,DELIVERED
SH103949,2025-10-13,P-1167,SVC3,DNUB,L-251,L-227,2025-10-13 15:44,,426.0,KG,8,196.06,GBP,IN_TRANSIT
SH103950,2026-02-19,P-1174,SVC3,GRYP,L-244,L-242,,,1229.1,KG,26,540.45,GBP,CANCELLED
SH103951,2025-11-18,P-1232,SVC2,GRYP,L-222,L-229,2025-11-19 08:43,2025-11-21 16:37,1050.2,KG,2,743.12,GBP,DELIVERED
SH103952,2025-07-27,P-1008,SVC4,CDRX,L-246,L-214,2025-07-29 10:48,2025-08-04 19:19,989.8,KG,26,440.39,GBP,DELIVERED
SH103953,2025-11-07,P-1170,SVC4,BLTC,L-239,L-241,2025-11-07 13:56,2025-11-08 18:49,308.4,KG,1,169.84,GBP,DELIVERED
SH103954,2026-01-22,P-1007,SVC4,FNCH,L-248,L-259,2026-01-23 11:16,2026-02-04 08:30,1288.4,LB,5,270.44,GBP,DELIVERED
SH103955,2025-04-26,P-1086,SVC2,ARRW,L-247,L-215,2025-04-29 16:15,2025-04-30 19:11,74.0,KG,3,87.57,GBP,DELIVERED
SH103956,2025-10-26,P-1210,SVC3,BLTC,L-246,L-252,2025-10-28 19:37,2025-10-29 17:25,1170.2,KG,26,519.14,GBP,DELIVERED
SH103957,2025-08-30,P-1110,SVC5,CDRX,L-239,L-201,2025-08-31 08:36,,69.9,LB,6,34.71,GBP,IN_TRANSIT
SH103958,2025-03-16,P-1213,SVC5,BLTC,L-260,L-234,2025-03-18 08:52,2025-03-19 20:41,316.1,LB,11,94.01,EUR,DELIVERED
SH103959,2025-01-03,P-1095,SVC2,DNUB,L-249,L-204,2025-01-06 19:03,2025-01-08 17:39,1329.0,KG,5,915.22,GBP,DELIVERED
SH103960,2025-04-07,P-1156,SVC4,EGRT,L-237,L-241,2025-04-09 09:42,,537.9,KG,23,239.36,GBP,IN_TRANSIT
SH103961,2025-03-27,P-1199,SVC1,ARRW,L-206,L-236,2025-03-27 21:11,2025-03-28 20:13,1283.9,KG,16,891.81,GBP,DELIVERED
SH103962,2025-11-26,P-1031,SVC2,ARRW,L-250,L-230,2025-11-26 13:11,2025-11-28 20:25,1252.2,KG,3,883.59,GBP,DELIVERED
SH103963,2026-01-21,P-1017,SVC5,BLTC,L-229,L-254,2026-01-23 14:58,2026-01-26 09:15,1024.0,KG,18,456.55,EUR,DELIVERED
SH103964,2026-02-06,P-1130,SVC1,BLTC,L-230,L-214,2026-02-08 21:31,2026-02-09 17:49,233.6,LB,20,99.31,GBP,DELIVERED
SH103965,2026-04-23,P-1154,SVC3,EGRT,L-255,L-248,2026-04-26 15:06,2026-04-29 21:53,551.8,LB,24,130.24,GBP,DELIVERED
SH103966,2025-12-22,P-1132,SVC4,GRYP,L-249,L-207,2025-12-24 11:00,2026-01-03 08:29,1153.8,KG,26,516.97,GBP,DELIVERED
SH103967,2025-05-27,P-1098,SVC2,DNUB,L-222,L-243,2025-05-27 12:03,2025-05-29 17:52,81.2,KG,1,73.65,GBP,DELIVERED
SH103968,2025-06-04,P-1051,SVC3,GRYP,L-219,L-214,2025-06-06 16:50,2025-06-10 20:45,558.9,LB,22,137.31,GBP,DELIVERED
SH103969,2025-08-09,P-1079,SVC3,FNCH,L-239,L-235,2025-08-10 18:01,2025-08-12 17:16,191.0,KG,1,116.40,GBP,DELIVERED
SH103970,2025-04-21,P-1207,SVC4,GRYP,L-218,L-244,2025-04-22 11:48,2025-04-24 19:05,984.6,KG,15,444.11,GBP,DELIVERED
SH103971,2025-12-18,P-1213,SVC1,GRYP,L-225,L-249,2025-12-18 15:51,2025-12-19 15:27,699.0,KG,10,509.08,GBP,DELIVERED
SH103972,2025-08-02,P-1056,SVC1,BLTC,L-226,L-228,2025-08-04 10:27,2025-08-05 20:14,882.7,KG,13,628.00,GBP,DELIVERED
SH103973,2025-09-20,P-1006,SVC3,BLTC,L-211,L-233,2025-09-23 07:47,2025-09-26 06:44,257.6,LB,4,77.30,GBP,DELIVERED
SH103974,2025-11-28,P-1025,SVC3,DNUB,L-247,L-211,2025-11-28 21:27,2025-11-29 09:42,871.4,KG,23,385.70,EUR,DELIVERED
SH103975,2025-10-07,P-1179,SVC6,FNCH,L-214,L-216,2025-10-10 17:05,2025-10-12 08:26,1217.3,KG,6,527.07,EUR,DELIVERED
SH103976,2026-03-18,P-1165,SVC1,GRYP,L-242,L-201,,,201.4,KG,18,168.20,GBP,BOOKED
SH103977,2025-09-25,P-1120,SVC1,GRYP,L-234,L-246,2025-09-27 17:56,2025-09-28 12:17,951.0,KG,21,670.57,GBP,DELIVERED
SH103978,2025-10-30,P-1077,SVC3,FNCH,L-201,L-240,,,645.7,KG,18,297.00,EUR,CANCELLED
SH103979,2025-07-06,P-1012,SVC4,GRYP,L-214,L-219,2025-07-08 14:35,2025-07-12 13:52,564.7,LB,10,147.76,GBP,DELIVERED
SH103980,2025-09-10,P-1075,SVC1,FNCH,L-256,L-255,2025-09-13 06:34,2025-09-19 11:08,1264.1,KG,11,877.87,GBP,DELIVERED
SH103981,2026-02-01,P-1060,SVC2,CDRX,L-214,L-210,2026-02-01 08:47,2026-02-03 08:20,324.6,KG,8,253.67,GBP,DELIVERED
SH103982,2025-01-28,P-1181,SVC4,DNUB,L-234,L-258,2025-01-28 21:45,2025-01-31 16:12,668.4,KG,18,298.27,GBP,DELIVERED
SH103983,2025-10-22,P-1175,SVC1,ARRW,L-224,L-222,2025-10-24 17:24,2025-10-25 20:33,674.0,KG,2,474.60,GBP,DELIVERED
SH103984,2025-05-30,P-1019,SVC3,ARRW,L-230,L-239,2025-06-01 11:39,2025-06-02 17:11,1263.8,KG,13,566.11,EUR,DELIVERED
SH103985,2026-01-27,P-1162,SVC2,EGRT,L-213,L-236,2026-01-29 18:58,,353.4,KG,5,256.69,GBP,IN_TRANSIT
SH103986,2025-07-22,P-1042,SVC4,EGRT,L-207,L-218,2025-07-24 15:23,,521.6,KG,9,242.51,GBP,IN_TRANSIT
SH103987,2025-03-09,P-1208,SVC2,ARRW,L-248,L-218,2025-03-09 21:50,2025-03-11 06:24,465.2,KG,5,331.31,GBP,DELIVERED
SH103988,2025-03-16,P-1081,SVC3,CDRX,L-250,L-215,2025-03-17 19:28,,297.3,KG,6,155.89,GBP,IN_TRANSIT
SH103989,2026-02-02,P-1056,SVC2,DNUB,L-207,L-220,2026-02-02 09:34,2026-02-03 10:13,1394.7,LB,26,441.20,GBP,DELIVERED
SH103990,2025-08-31,P-1051,SVC3,FNCH,L-250,L-246,,,864.0,KG,2,387.47,EUR,BOOKED
SH103991,2025-06-03,P-1107,SVC6,EGRT,L-249,L-258,2025-06-04 18:37,2025-06-05 10:55,1046.9,KG,1,455.65,GBP,DELIVERED
SH103992,2025-08-20,P-1009,SVC3,DNUB,L-246,L-231,2025-08-20 20:42,2025-08-23 12:23,978.2,KG,8,425.68,GBP,DELIVERED
SH103993,2026-04-15,P-1161,SVC2,EGRT,L-222,L-260,2026-04-15 06:03,2026-04-16 10:21,710.1,KG,4,509.93,GBP,DELIVERED
SH103994,2025-12-31,P-1052,SVC4,FNCH,L-244,L-227,2025-12-31 06:44,2026-01-04 06:26,1053.2,KG,26,478.62,GBP,DELIVERED
SH103995,2025-11-22,P-1003,SVC3,ARRW,L-221,L-204,2025-11-24 07:57,2025-11-27 20:32,826.6,KG,20,380.24,GBP,DELIVERED
SH103996,2025-04-07,P-1184,SVC4,ARRW,L-204,L-225,2025-04-08 16:04,2025-04-14 13:33,429.2,KG,6,194.04,GBP,DELIVERED
SH103997,2025-05-12,P-1134,SVC5,GRYP,L-245,L-237,2025-05-13 19:01,,1119.3,LB,13,239.25,GBP,IN_TRANSIT
SH103998,2025-05-12,P-1180,SVC4,EGRT,L-244,L-224,2025-05-15 20:43,,1192.0,KG,16,519.87,GBP,IN_TRANSIT
SH103999,2025-04-12,P-1047,SVC1,EGRT,L-218,L-239,2025-04-14 20:56,2025-04-17 15:36,1134.6,KG,15,790.84,GBP,DELIVERED
SH104000,2025-08-05,P-1120,SVC5,EGRT,L-240,L-244,2025-08-07 11:48,2025-08-17 12:59,300.0,KG,9,166.66,GBP,DELIVERED
SH104001,2025-03-10,P-1161,SVC2,DNUB,L-237,L-253,2025-03-10 09:02,2025-03-11 09:50,1227.2,LB,10,405.61,EUR,DELIVERED
SH104002,2025-07-03,P-1188,SVC4,ARRW,L-225,L-235,2025-07-05 19:13,2025-07-06 06:25,700.6,KG,15,331.44,GBP,DELIVERED
SH104003,2026-03-10,P-1030,SVC6,CDRX,L-211,L-212,2026-03-12 17:23,2026-03-15 09:20,609.0,LB,6,150.42,GBP,DELIVERED
SH104004,2025-10-20,P-1138,SVC4,DNUB,L-234,L-215,,,595.9,KG,8,277.52,EUR,CANCELLED
SH104005,2025-09-05,P-1197,SVC1,BLTC,L-237,L-227,2025-09-06 16:33,2025-09-07 09:11,472.3,KG,8,332.96,GBP,DELIVERED
SH104006,2025-12-24,P-1189,SVC3,EGRT,L-256,L-249,2025-12-27 21:47,2025-12-28 08:21,1399.8,KG,18,622.78,GBP,DELIVERED
SH104007,2025-08-15,P-1189,SVC3,FNCH,L-207,L-237,2025-08-15 15:56,2025-08-16 21:38,234.7,KG,8,116.69,GBP,DELIVERED
SH104008,2025-05-14,P-1008,SVC3,BLTC,L-239,L-204,2025-05-16 15:09,2025-05-25 09:49,436.9,LB,26,114.68,GBP,DELIVERED
SH104009,2025-07-16,P-1029,SVC5,GRYP,L-246,L-218,2025-07-17 13:54,2025-07-21 06:21,379.0,LB,13,92.11,EUR,DELIVERED
SH104010,2026-01-19,P-1140,SVC1,GRYP,L-214,L-229,2026-01-20 09:37,2026-01-21 16:59,323.8,KG,5,255.50,GBP,DELIVERED
SH104011,2025-02-21,P-1022,SVC6,EGRT,L-250,L-241,2025-02-23 12:38,,106.7,LB,25,55.55,GBP,IN_TRANSIT
SH104012,2025-03-14,P-1126,SVC4,DNUB,L-248,L-249,2025-03-16 18:35,2025-03-20 14:51,940.0,KG,15,416.35,GBP,DELIVERED
SH104013,2025-03-22,P-1098,SVC1,DNUB,L-205,L-214,,,575.6,KG,10,427.24,EUR,BOOKED
SH104014,2025-02-14,P-1199,SVC1,CDRX,L-246,L-252,2025-02-14 21:11,2025-02-15 09:12,676.4,KG,15,472.20,GBP,DELIVERED
SH104015,2025-08-19,P-1114,SVC5,DNUB,L-218,L-232,2025-08-19 08:40,2025-08-28 08:35,578.5,KG,1,262.34,GBP,DELIVERED
SH104016,2026-03-21,P-1232,SVC2,BLTC,L-246,L-250,2026-03-22 19:06,2026-03-23 10:06,1094.0,KG,19,762.92,GBP,DELIVERED
SH104017,2025-04-18,P-1203,SVC3,ARRW,L-219,L-252,2025-04-18 06:52,2025-04-20 18:13,716.9,KG,5,321.01,GBP,DELIVERED
SH104018,2025-10-04,P-1135,SVC4,DNUB,L-252,L-254,2025-10-06 18:43,2025-10-17 06:05,1214.0,KG,11,547.80,EUR,DELIVERED
SH104019,2026-04-25,P-1108,SVC4,CDRX,L-229,L-237,2026-04-27 06:15,2026-05-02 06:10,362.3,KG,4,177.30,GBP,DELIVERED
SH104020,2025-02-07,P-1079,SVC1,FNCH,L-212,L-257,2025-02-08 19:47,,766.1,KG,1,545.05,EUR,IN_TRANSIT
SH104021,2025-04-21,P-1081,SVC3,EGRT,L-253,L-210,2025-04-22 13:06,2025-04-25 13:24,258.6,KG,21,133.99,EUR,DELIVERED
SH104022,2025-02-14,P-1180,SVC3,DNUB,L-255,L-214,2025-02-16 07:22,2025-02-17 14:07,78.8,LB,22,29.57,EUR,DELIVERED
SH104023,2025-05-09,P-1049,SVC4,EGRT,L-230,L-227,2025-05-10 07:45,2025-05-11 08:06,420.9,KG,6,198.73,GBP,DELIVERED
SH104024,2025-09-21,P-1202,SVC3,FNCH,L-248,L-256,2025-09-24 16:17,,227.5,KG,2,137.50,GBP,IN_TRANSIT
SH104025,2025-07-05,P-1102,SVC3,EGRT,L-229,L-256,2025-07-07 15:47,2025-07-09 07:27,290.7,KG,19,161.21,EUR,DELIVERED
SH104026,2025-06-17,P-1140,SVC2,BLTC,L-219,L-230,2025-06-18 11:12,2025-06-19 06:18,232.1,LB,19,113.10,GBP,DELIVERED
SH104027,2026-01-30,P-1082,SVC1,CDRX,L-224,L-259,2026-02-01 07:54,2026-02-02 19:03,772.2,KG,3,533.42,GBP,DELIVERED
SH104028,2025-07-21,P-1127,SVC4,BLTC,L-203,L-248,2025-07-24 06:18,2025-07-29 16:15,318.3,LB,26,79.75,EUR,DELIVERED
SH104029,2025-08-21,P-1210,SVC6,DNUB,L-206,L-244,2025-08-21 18:33,2025-08-24 14:14,1069.1,KG,3,476.78,GBP,DELIVERED
SH104030,2026-02-03,P-1132,SVC4,CDRX,L-254,L-228,2026-02-04 09:14,,403.2,LB,4,96.36,GBP,IN_TRANSIT
SH104031,2026-02-16,P-1064,SVC2,BLTC,L-217,L-213,2026-02-18 20:08,2026-02-25 06:10,1213.2,KG,8,853.60,GBP,DELIVERED
SH104032,2025-11-06,P-1047,SVC4,ARRW,L-216,L-233,2025-11-06 12:21,2025-11-10 10:55,1389.9,LB,24,293.26,GBP,DELIVERED
SH104033,2025-02-13,P-1162,SVC4,ARRW,L-249,L-235,2025-02-16 09:54,2025-02-18 08:32,1126.3,KG,5,501.76,GBP,DELIVERED
SH104034,2025-06-01,P-1088,SVC3,FNCH,L-251,L-203,2025-06-01 17:40,2025-06-06 10:47,281.4,KG,1,134.16,GBP,DELIVERED
SH104035,2025-08-23,P-1136,SVC3,FNCH,L-212,L-258,2025-08-23 11:21,2025-08-25 20:23,7.2,LB,26,18.06,GBP,DELIVERED
SH104036,2025-05-28,P-1086,SVC3,DNUB,L-213,L-205,2025-05-28 11:02,,834.9,KG,6,370.37,GBP,IN_TRANSIT
SH104037,2025-11-12,P-1173,SVC2,DNUB,L-201,L-250,2025-11-13 13:01,2025-11-14 20:17,778.5,KG,18,542.28,GBP,DELIVERED
SH104038,2025-03-17,P-1178,SVC4,FNCH,L-244,L-237,,,26.1,LB,20,39.18,GBP,BOOKED
SH104039,2025-12-27,P-1211,SVC2,FNCH,L-230,L-235,2025-12-28 16:55,2025-12-30 10:39,1301.9,LB,10,437.47,GBP,DELIVERED
SH104040,2025-07-19,P-1101,SVC2,ARRW,L-219,L-203,2025-07-21 13:56,2025-07-22 21:35,298.9,KG,7,223.73,GBP,DELIVERED
SH104041,2025-10-10,P-1036,SVC4,EGRT,L-253,L-250,2025-10-12 11:23,2025-10-16 08:31,1230.4,KG,20,536.23,GBP,DELIVERED
SH104042,2026-05-08,P-1048,SVC1,FNCH,L-204,L-238,2026-05-10 19:15,,912.3,KG,10,649.69,GBP,IN_TRANSIT
SH104043,2026-02-01,P-1191,SVC5,EGRT,L-242,L-234,2026-02-02 06:59,2026-02-04 17:26,432.2,KG,6,208.97,GBP,DELIVERED
SH104044,2025-05-07,P-1230,SVC4,CDRX,L-257,L-239,2025-05-10 08:33,2025-05-13 18:44,108.8,LB,12,60.17,GBP,DELIVERED
SH104045,2025-07-29,P-1232,SVC1,EGRT,L-224,L-250,2025-07-29 11:01,2025-07-30 11:14,934.8,LB,19,300.13,GBP,DELIVERED
SH104046,2025-03-17,P-1177,SVC2,FNCH,L-217,L-242,2025-03-18 09:33,2025-03-19 12:13,956.2,KG,3,667.32,GBP,DELIVERED
SH104047,2025-11-14,P-1034,SVC2,CDRX,L-228,L-251,2025-11-16 18:22,2025-11-20 18:33,705.9,KG,25,509.20,GBP,DELIVERED
SH104048,2025-05-03,P-1127,SVC3,FNCH,L-235,L-220,2025-05-05 18:43,2025-05-12 10:31,1033.0,KG,19,453.31,EUR,DELIVERED
SH104049,2026-03-04,P-1199,SVC2,CDRX,L-207,L-214,2026-03-07 07:11,2026-03-09 18:15,1087.8,KG,9,748.74,GBP,DELIVERED
SH104050,2026-01-04,P-1009,SVC2,GRYP,L-259,L-211,,,402.2,KG,25,293.85,GBP,CANCELLED
SH104051,2026-01-13,P-1228,SVC5,GRYP,L-213,L-203,2026-01-16 14:03,2026-01-20 19:46,389.2,LB,11,87.89,GBP,DELIVERED
SH104052,2026-03-12,P-1143,SVC5,GRYP,L-219,L-244,2026-03-14 07:36,2026-03-16 20:56,604.6,KG,11,276.67,GBP,DELIVERED
SH104053,2025-02-12,P-1199,SVC3,ARRW,L-239,L-234,,,341.0,KG,25,175.21,EUR,BOOKED
SH104054,2026-03-29,P-1053,SVC6,CDRX,L-216,L-220,2026-03-31 06:43,2026-04-02 12:37,1228.9,LB,8,276.09,GBP,DELIVERED
SH104055,2026-02-01,P-1218,SVC1,BLTC,L-227,L-248,2026-02-04 16:54,2026-02-05 21:10,524.0,KG,11,389.04,GBP,DELIVERED
SH104056,2026-03-31,P-1148,SVC1,EGRT,L-242,L-204,2026-03-31 07:02,2026-04-01 15:22,1135.4,LB,21,361.12,GBP,DELIVERED
SH104057,2025-08-10,P-1108,SVC1,ARRW,L-243,L-211,2025-08-11 12:13,2025-08-12 08:33,65.4,KG,19,65.08,GBP,DELIVERED
SH104058,2026-04-08,P-1138,SVC2,CDRX,L-214,L-250,2026-04-10 10:21,2026-04-11 07:42,1055.2,LB,23,349.07,EUR,DELIVERED
SH104059,2026-03-08,P-1196,SVC3,EGRT,L-215,L-233,2026-03-08 06:08,2026-03-11 21:22,480.6,KG,16,220.21,GBP,DELIVERED
SH104060,2025-10-07,P-1196,SVC3,GRYP,L-227,L-232,2025-10-10 09:42,2025-10-13 13:58,1118.2,KG,25,483.11,GBP,DELIVERED
SH104061,2025-06-19,P-1026,SVC2,DNUB,L-220,L-255,2025-06-20 07:38,2025-06-21 15:51,625.1,KG,14,439.23,GBP,DELIVERED
SH104062,2025-06-19,P-1045,SVC2,CDRX,L-219,L-229,2025-06-22 18:25,2025-06-23 07:05,80.1,KG,3,85.39,GBP,DELIVERED
SH104063,2025-08-08,P-1078,SVC2,FNCH,L-231,L-210,2025-08-08 14:10,2025-08-10 19:28,840.6,LB,23,272.09,GBP,DELIVERED
SH104064,2026-03-16,P-1146,SVC3,EGRT,L-245,L-207,2026-03-18 07:31,2026-03-23 13:45,159.9,KG,17,91.53,GBP,DELIVERED
SH104065,2025-08-17,P-1030,SVC2,GRYP,L-208,L-205,2025-08-18 21:32,,1375.7,KG,10,965.74,GBP,IN_TRANSIT
SH104066,2025-12-05,P-1223,SVC2,EGRT,L-225,L-243,2025-12-07 09:15,,834.4,LB,3,273.32,GBP,IN_TRANSIT
SH104067,2025-11-23,P-1206,SVC1,BLTC,L-234,L-240,2025-11-26 16:10,2025-11-27 09:53,1201.1,KG,25,843.61,GBP,DELIVERED
SH104068,2026-02-07,P-1207,SVC4,EGRT,L-260,L-201,,,774.0,KG,20,361.78,GBP,BOOKED
SH104069,2026-04-14,P-1186,SVC6,EGRT,L-241,L-220,2026-04-16 12:54,2026-04-18 14:28,248.0,LB,8,67.55,GBP,DELIVERED
SH104070,2026-03-19,P-1022,SVC3,CDRX,L-235,L-241,2026-03-20 09:45,2026-03-22 20:54,1131.7,KG,23,495.65,GBP,DELIVERED
SH104071,2025-06-07,P-1037,SVC6,FNCH,L-226,L-206,2025-06-08 08:56,2025-06-14 08:51,900.6,KG,15,391.69,GBP,DELIVERED
SH104072,2025-06-06,P-1018,SVC5,GRYP,L-230,L-207,,,100.1,LB,23,40.54,EUR,BOOKED
SH104073,2025-11-02,P-1050,SVC4,BLTC,L-202,L-225,2025-11-04 19:28,,468.7,LB,24,116.85,GBP,IN_TRANSIT
SH104074,2025-06-23,P-1034,SVC6,GRYP,L-229,L-218,2025-06-23 12:42,2025-06-24 21:31,145.5,KG,11,85.86,EUR,DELIVERED
SH104075,2025-01-10,P-1003,SVC4,GRYP,L-203,L-211,2025-01-13 21:02,2025-01-21 06:58,1241.7,KG,14,556.94,GBP,DELIVERED
SH104076,2025-08-03,P-1178,SVC2,CDRX,L-242,L-214,2025-08-05 12:49,,1221.0,KG,9,855.13,GBP,IN_TRANSIT
SH104077,2026-03-30,P-1070,SVC5,GRYP,L-257,L-205,2026-04-01 17:04,2026-04-06 08:17,744.9,KG,19,352.70,GBP,DELIVERED
SH104078,2025-10-11,P-1115,SVC4,GRYP,L-258,L-233,2025-10-12 11:03,2025-10-21 17:42,454.8,KG,21,209.37,GBP,DELIVERED
SH104079,2025-07-02,P-1156,SVC4,BLTC,L-254,L-215,2025-07-03 17:15,2025-07-06 17:33,221.2,LB,8,62.71,GBP,DELIVERED
SH104080,2025-08-03,P-1134,SVC5,ARRW,L-215,L-248,2025-08-05 16:56,,469.3,KG,20,214.46,GBP,IN_TRANSIT
SH104081,2025-01-20,P-1240,SVC2,DNUB,L-213,L-208,2025-01-21 15:40,2025-01-22 17:26,396.9,LB,7,159.74,GBP,DELIVERED
SH104082,2025-02-12,P-1204,SVC3,GRYP,L-259,L-211,2025-02-13 06:21,2025-02-16 09:22,736.7,KG,1,332.01,EUR,DELIVERED
SH104083,2025-06-25,P-1159,SVC4,ARRW,L-220,L-257,,,195.1,KG,9,122.12,EUR,BOOKED
SH104084,2025-07-09,P-1007,SVC3,FNCH,L-226,L-208,2025-07-10 14:38,2025-07-12 06:51,57.3,LB,25,48.81,EUR,DELIVERED
SH104085,2026-02-23,P-1108,SVC1,CDRX,L-225,L-254,2026-02-23 20:38,2026-02-24 17:22,65.2,KG,17,60.77,EUR,DELIVERED
SH104086,2025-12-26,P-1049,SVC4,CDRX,L-248,L-219,2025-12-28 16:55,2026-01-04 18:56,1234.0,LB,24,267.46,EUR,DELIVERED
SH104087,2026-02-08,P-1172,SVC2,EGRT,L-236,L-209,2026-02-10 14:53,2026-02-12 15:49,1096.2,KG,17,759.97,GBP,DELIVERED
SH104088,2026-03-12,P-1149,SVC5,BLTC,L-207,L-257,2026-03-15 09:08,,1323.7,KG,7,585.16,GBP,IN_TRANSIT
SH104089,2025-06-01,P-1078,SVC4,GRYP,L-232,L-228,,,1094.1,KG,8,490.31,GBP,BOOKED
SH104090,2025-02-08,P-1196,SVC1,BLTC,L-260,L-209,2025-02-11 09:01,2025-02-12 21:14,931.7,LB,24,311.84,GBP,DELIVERED
SH104091,2025-01-31,P-1219,SVC2,ARRW,L-242,L-204,2025-02-03 16:42,2025-02-06 08:33,1261.1,LB,24,397.56,GBP,DELIVERED
SH104092,2025-04-12,P-1148,SVC4,FNCH,L-215,L-217,2025-04-15 19:01,2025-04-27 06:27,58.9,KG,1,57.02,GBP,DELIVERED
SH104093,2025-01-05,P-1175,SVC1,EGRT,L-259,L-229,2025-01-05 15:30,2025-01-07 14:02,1256.5,KG,1,870.06,GBP,DELIVERED
SH104094,2026-03-22,P-1064,SVC4,GRYP,L-247,L-250,2026-03-22 15:45,2026-03-24 16:47,541.8,KG,21,260.71,GBP,DELIVERED
SH104095,2025-09-19,P-1030,SVC5,GRYP,L-241,L-252,,,390.9,LB,13,109.66,GBP,BOOKED
SH104096,2025-10-14,P-1053,SVC2,BLTC,L-237,L-235,2025-10-15 16:44,2025-10-16 17:47,471.3,KG,8,352.68,EUR,DELIVERED
SH104097,2025-12-19,P-1069,SVC3,BLTC,L-237,L-239,2025-12-19 07:43,2025-12-20 12:28,1243.8,KG,23,540.02,GBP,DELIVERED
SH104098,2025-11-25,P-1068,SVC3,ARRW,L-216,L-203,2025-11-26 09:10,2025-11-29 11:52,878.0,LB,25,183.32,GBP,DELIVERED
SH104099,2025-07-09,P-1019,SVC5,GRYP,L-234,L-231,2025-07-09 21:27,2025-07-11 14:59,1249.5,KG,5,554.88,GBP,DELIVERED
SH104100,2025-05-19,P-1187,SVC4,BLTC,L-243,L-238,,,1011.7,KG,15,451.66,GBP,CANCELLED
SH104101,2026-04-15,P-1169,SVC4,CDRX,L-205,L-243,2026-04-17 07:45,2026-04-26 09:17,376.5,KG,9,188.37,GBP,DELIVERED
SH104102,2026-02-28,P-1065,SVC3,DNUB,L-224,L-258,2026-03-03 07:27,2026-03-04 08:25,878.8,KG,2,382.98,GBP,DELIVERED
SH104103,2025-03-28,P-1018,SVC2,GRYP,L-215,L-247,,,182.6,LB,1,86.07,GBP,BOOKED
SH104104,2026-01-21,P-1040,SVC6,CDRX,L-248,L-246,2026-01-24 19:40,2026-01-27 21:40,804.3,LB,19,176.04,GBP,DELIVERED
SH104105,2025-05-19,P-1009,SVC3,BLTC,L-214,L-234,2025-05-19 11:08,2025-05-27 08:04,687.2,KG,7,312.62,GBP,DELIVERED
SH104106,2025-06-16,P-1145,SVC4,BLTC,L-201,L-252,2025-06-19 17:33,2025-06-22 08:06,839.8,LB,8,179.44,GBP,DELIVERED
SH104107,2025-12-23,P-1104,SVC2,EGRT,L-225,L-253,2025-12-26 16:31,,1227.2,KG,3,852.14,EUR,IN_TRANSIT
SH104108,2025-07-18,P-1155,SVC3,DNUB,L-255,L-254,2025-07-21 10:07,2025-07-22 17:17,347.3,LB,16,79.29,EUR,DELIVERED
SH104109,2025-05-13,P-1106,SVC3,CDRX,L-201,L-226,2025-05-13 19:41,2025-05-16 10:56,382.5,KG,25,197.66,EUR,DELIVERED
SH104110,2026-05-11,P-1074,SVC1,DNUB,L-209,L-216,2026-05-11 10:29,,314.4,KG,19,245.82,GBP,IN_TRANSIT
SH104111,2026-02-11,P-1053,SVC4,EGRT,L-206,L-248,2026-02-13 10:14,2026-02-17 08:01,230.1,LB,12,76.50,GBP,DELIVERED
SH104112,2025-03-31,P-1014,SVC3,CDRX,L-219,L-251,2025-04-03 14:27,2025-04-05 20:06,287.3,KG,1,155.26,GBP,DELIVERED
SH104113,2025-05-31,P-1183,SVC5,EGRT,L-250,L-254,2025-06-03 18:33,2025-06-04 11:04,1172.3,KG,5,532.96,GBP,DELIVERED
SH104114,2025-03-22,P-1230,SVC4,DNUB,L-209,L-255,,,118.0,LB,20,42.58,GBP,BOOKED
SH104115,2025-08-13,P-1213,SVC2,FNCH,L-249,L-231,2025-08-15 15:45,2025-08-17 07:40,786.8,LB,24,264.41,GBP,DELIVERED
SH104116,2026-02-17,P-1192,SVC5,ARRW,L-203,L-228,2026-02-18 20:59,2026-02-23 07:32,1006.7,KG,16,442.43,GBP,DELIVERED
SH104117,2025-04-30,P-1049,SVC4,ARRW,L-226,L-236,2025-05-02 13:37,,1391.6,KG,1,598.59,GBP,IN_TRANSIT
SH104118,2026-02-06,P-1050,SVC1,GRYP,L-250,L-235,,,165.2,KG,15,146.30,GBP,CANCELLED
SH104119,2025-10-23,P-1084,SVC4,FNCH,L-217,L-244,,,1239.9,KG,13,539.39,GBP,CANCELLED
SH104120,2026-05-11,P-1195,SVC3,DNUB,L-239,L-211,2026-05-12 12:44,2026-05-14 10:27,406.4,KG,2,189.43,GBP,DELIVERED
SH104121,2025-02-13,P-1236,SVC3,GRYP,L-206,L-235,2025-02-15 20:37,2025-02-17 20:23,241.9,KG,10,119.73,GBP,DELIVERED
SH104122,2026-03-13,P-1068,SVC3,FNCH,L-252,L-238,2026-03-13 14:59,2026-03-14 16:30,777.8,KG,17,353.91,GBP,DELIVERED
SH104123,2025-04-06,P-1034,SVC5,GRYP,L-244,L-215,,,219.3,KG,14,116.86,GBP,CANCELLED
SH104124,2025-04-17,P-1238,SVC4,CDRX,L-215,L-242,2025-04-18 14:15,2025-04-22 21:46,242.0,KG,7,128.41,EUR,DELIVERED
SH104125,2025-08-16,P-1045,SVC4,BLTC,L-221,L-252,2025-08-17 20:56,2025-08-19 15:52,1139.6,KG,15,509.12,GBP,DELIVERED
SH104126,2025-02-28,P-1017,SVC5,CDRX,L-211,L-255,2025-03-02 18:57,2025-03-04 18:33,629.4,KG,5,280.09,GBP,DELIVERED
SH104127,2025-07-15,P-1156,SVC3,DNUB,L-255,L-260,2025-07-15 13:09,2025-07-16 19:59,966.5,KG,13,441.21,GBP,DELIVERED
SH104128,2026-05-17,P-1185,SVC4,BLTC,L-218,L-202,2026-05-19 15:30,2026-05-21 11:56,74.5,KG,6,56.38,GBP,DELIVERED
SH104129,2026-05-01,P-1040,SVC3,FNCH,L-218,L-246,2026-05-02 15:55,2026-05-06 08:26,983.0,KG,5,437.89,GBP,DELIVERED
SH104130,2025-01-26,P-1206,SVC3,BLTC,L-218,L-259,2025-01-28 14:11,2025-02-01 21:05,187.6,KG,25,100.43,GBP,DELIVERED
SH104131,2026-02-22,P-1190,SVC1,FNCH,L-202,L-218,2026-02-22 14:52,2026-02-23 09:30,389.7,KG,4,280.68,GBP,DELIVERED
SH104132,2026-01-12,P-1225,SVC3,DNUB,L-241,L-253,2026-01-15 09:55,2026-01-19 09:06,947.7,KG,26,436.30,GBP,DELIVERED
SH104133,2025-06-15,P-1065,SVC2,GRYP,L-258,L-257,2025-06-17 18:21,2025-06-18 07:00,1346.3,LB,16,440.54,EUR,DELIVERED
SH104134,2025-01-02,P-1089,SVC1,ARRW,L-205,L-260,2025-01-02 09:52,2025-01-03 19:53,456.4,KG,2,331.11,GBP,DELIVERED
SH104135,2025-11-04,P-1117,SVC4,GRYP,L-249,L-243,2025-11-05 21:55,,322.6,LB,2,92.39,GBP,IN_TRANSIT
SH104136,2026-03-22,P-1207,SVC1,EGRT,L-257,L-251,2026-03-22 08:55,2026-03-23 12:07,112.3,KG,11,107.67,GBP,DELIVERED
SH104137,2025-10-19,P-1057,SVC3,ARRW,L-228,L-237,2025-10-22 08:31,2025-10-26 21:43,1362.1,KG,16,597.91,GBP,DELIVERED
SH104138,2025-01-12,P-1064,SVC4,GRYP,L-258,L-213,2025-01-15 07:00,2025-01-21 10:35,385.8,KG,17,197.18,EUR,DELIVERED
SH104139,2025-10-12,P-1091,SVC3,DNUB,L-230,L-258,2025-10-15 21:25,2025-10-18 20:29,430.4,KG,23,204.58,EUR,DELIVERED
SH104140,2025-04-29,P-1144,SVC5,EGRT,L-245,L-207,2025-04-29 06:01,2025-05-03 08:18,658.2,KG,15,311.39,GBP,DELIVERED
SH104141,2025-09-26,P-1003,SVC3,DNUB,L-239,L-238,2025-09-27 09:32,2025-09-29 09:04,633.3,LB,25,149.41,GBP,DELIVERED
SH104142,2025-09-26,P-1066,SVC3,ARRW,L-226,L-201,2025-09-28 11:57,2025-09-29 08:19,853.5,KG,17,378.65,GBP,DELIVERED
SH104143,2025-09-19,P-1143,SVC2,EGRT,L-248,L-239,2025-09-22 08:22,2025-09-23 20:03,399.0,KG,20,283.56,GBP,DELIVERED
SH104144,2025-07-24,P-1153,SVC3,EGRT,L-235,L-244,2025-07-27 13:53,2025-07-31 06:03,470.5,KG,11,232.52,GBP,DELIVERED
SH104145,2026-05-04,P-1102,SVC2,FNCH,L-211,L-216,2026-05-07 13:12,,320.5,KG,17,249.32,GBP,IN_TRANSIT
SH104146,2025-07-28,P-1171,SVC3,DNUB,L-211,L-239,2025-07-28 19:44,2025-08-05 17:07,19.1,KG,10,45.33,GBP,DELIVERED
SH104147,2025-08-01,P-1013,SVC4,CDRX,L-257,L-202,2025-08-03 14:15,2025-08-07 11:02,170.7,KG,20,94.21,GBP,DELIVERED
SH104148,2025-02-04,P-1005,SVC3,CDRX,L-230,L-221,2025-02-06 11:43,2025-02-09 08:54,980.7,KG,26,436.59,GBP,DELIVERED
SH104149,2025-09-28,P-1178,SVC4,CDRX,L-215,L-238,2025-09-28 17:26,2025-10-03 10:10,952.9,KG,11,423.18,GBP,DELIVERED
SH104150,2025-09-29,P-1207,SVC1,CDRX,L-252,L-211,2025-09-29 15:56,2025-09-30 13:08,157.4,KG,5,138.86,GBP,DELIVERED
SH104151,2026-03-19,P-1051,SVC2,EGRT,L-230,L-239,,,698.2,KG,25,485.49,GBP,BOOKED
SH104152,2026-04-16,P-1062,SVC5,EGRT,L-218,L-243,2026-04-16 19:44,2026-04-20 14:40,627.4,KG,20,286.01,GBP,DELIVERED
SH104153,2026-05-13,P-1075,SVC3,GRYP,L-249,L-215,2026-05-15 09:35,,426.8,LB,3,114.00,GBP,IN_TRANSIT
SH104154,2025-09-08,P-1059,SVC5,CDRX,L-227,L-212,2025-09-09 10:56,2025-09-12 15:40,960.8,LB,6,223.48,GBP,DELIVERED
SH104155,2025-10-19,P-1121,SVC6,BLTC,L-210,L-212,2025-10-22 07:10,2025-10-24 11:56,420.5,LB,8,106.28,EUR,DELIVERED
SH104156,2025-07-23,P-1127,SVC3,BLTC,L-232,L-252,2025-07-23 12:02,2025-07-27 06:41,495.6,KG,18,223.81,GBP,DELIVERED
SH104157,2025-06-26,P-1096,SVC2,CDRX,L-201,L-233,2025-06-28 15:09,2025-06-29 13:35,122.8,KG,16,100.23,GBP,DELIVERED
SH104158,2025-12-05,P-1203,SVC1,BLTC,L-249,L-229,2025-12-07 14:07,2025-12-08 06:40,627.7,KG,17,458.12,GBP,DELIVERED
SH104159,2025-12-08,P-1060,SVC3,FNCH,L-240,L-208,2025-12-10 13:25,2025-12-11 21:16,1300.9,KG,3,564.81,GBP,DELIVERED
SH104160,2025-05-21,P-1087,SVC1,EGRT,L-248,L-227,2025-05-22 11:23,2025-05-23 07:54,1276.7,KG,17,883.64,GBP,DELIVERED
SH104161,2026-02-28,P-1193,SVC2,DNUB,L-244,L-256,2026-02-28 13:45,2026-03-07 07:41,324.8,KG,7,249.55,GBP,DELIVERED
SH104162,2025-02-04,P-1230,SVC3,ARRW,L-254,L-221,2025-02-06 07:08,2025-02-09 16:49,1393.1,KG,24,615.21,GBP,DELIVERED
SH104163,2026-04-22,P-1001,SVC3,GRYP,L-236,L-205,2026-04-24 08:09,2026-04-27 16:07,920.7,KG,9,418.17,GBP,DELIVERED
SH104164,2026-01-02,P-1066,SVC1,BLTC,L-202,L-208,2026-01-04 18:04,2026-01-05 21:46,414.2,LB,9,151.56,GBP,DELIVERED
SH104165,2026-02-11,P-1055,SVC1,DNUB,L-216,L-257,2026-02-13 06:01,2026-02-14 13:09,216.4,KG,2,185.94,GBP,DELIVERED
SH104166,2025-09-09,P-1155,SVC4,DNUB,L-244,L-231,2025-09-12 19:40,2025-09-15 17:58,972.3,KG,16,449.43,GBP,DELIVERED
SH104167,2025-06-12,P-1140,SVC2,ARRW,L-235,L-201,2025-06-14 12:28,,1244.0,KG,21,850.59,GBP,IN_TRANSIT
SH104168,2026-03-21,P-1194,SVC3,FNCH,L-206,L-243,2026-03-23 13:01,2026-03-30 07:45,769.2,KG,6,364.47,GBP,DELIVERED
SH104169,2026-01-11,P-1047,SVC1,BLTC,L-221,L-213,2026-01-14 17:36,2026-01-15 18:08,1030.6,LB,19,328.85,GBP,DELIVERED
SH104170,2025-11-27,P-1181,SVC3,EGRT,L-227,L-253,2025-11-27 18:58,2025-11-29 07:09,808.8,LB,15,167.13,EUR,DELIVERED
SH104171,2025-12-07,P-1038,SVC6,FNCH,L-241,L-224,2025-12-09 09:11,2025-12-11 19:40,497.4,KG,11,221.94,GBP,DELIVERED
SH104172,2025-03-15,P-1128,SVC4,GRYP,L-220,L-215,2025-03-18 10:05,2025-03-23 19:18,1185.1,KG,26,528.55,GBP,DELIVERED
SH104173,2026-04-20,P-1019,SVC1,FNCH,L-209,L-246,2026-04-21 10:13,2026-04-24 10:24,935.8,LB,11,315.61,GBP,DELIVERED
SH104174,2025-06-02,P-1239,SVC1,EGRT,L-250,L-219,2025-06-02 17:23,2025-06-03 07:23,608.9,LB,13,228.06,GBP,DELIVERED
SH104175,2025-11-16,P-1015,SVC4,DNUB,L-202,L-224,2025-11-18 12:45,2025-11-21 09:12,875.5,KG,9,402.70,GBP,DELIVERED
SH104176,2025-03-16,P-1161,SVC2,EGRT,L-212,L-243,2025-03-17 13:49,2025-03-19 15:05,851.5,LB,6,294.59,GBP,DELIVERED
SH104177,2025-02-08,P-1210,SVC2,FNCH,L-225,L-204,2025-02-10 10:02,2025-02-12 11:31,976.5,LB,6,320.02,GBP,DELIVERED
SH104178,2025-06-03,P-1206,SVC4,GRYP,L-254,L-238,2025-06-03 09:40,2025-06-09 19:22,835.3,KG,4,391.96,GBP,DELIVERED
SH104179,2025-11-10,P-1122,SVC5,ARRW,L-227,L-235,2025-11-13 10:24,2025-11-15 08:35,418.3,LB,24,98.44,GBP,DELIVERED
SH104180,2025-05-01,P-1154,SVC2,BLTC,L-244,L-256,2025-05-02 16:23,2025-05-03 12:09,49.2,LB,16,49.15,GBP,DELIVERED
SH104181,2025-07-03,P-1094,SVC2,BLTC,L-224,L-217,2025-07-05 10:02,2025-07-11 18:31,748.1,LB,8,254.96,GBP,DELIVERED
SH104182,2025-04-08,P-1107,SVC1,DNUB,L-257,L-226,2025-04-11 21:54,,92.0,KG,5,101.75,EUR,IN_TRANSIT
SH104183,2026-02-07,P-1105,SVC5,FNCH,L-256,L-260,,,427.5,LB,1,112.77,GBP,CANCELLED
SH104184,2025-09-28,P-1197,SVC1,DNUB,L-240,L-238,2025-09-30 14:07,2025-10-01 16:35,162.9,KG,15,137.20,GBP,DELIVERED
SH104185,2025-11-30,P-1092,SVC4,GRYP,L-232,L-240,2025-11-30 14:24,2025-12-01 14:54,1128.1,LB,12,250.57,GBP,DELIVERED
SH104186,2025-05-07,P-1201,SVC3,GRYP,L-252,L-236,2025-05-10 17:35,2025-05-13 13:30,1204.8,KG,12,533.72,GBP,DELIVERED
SH104187,2025-02-14,P-1017,SVC5,BLTC,L-201,L-220,2025-02-15 12:44,2025-02-18 15:02,318.5,KG,2,149.25,GBP,DELIVERED
SH104188,2025-03-19,P-1050,SVC2,FNCH,L-235,L-218,,,506.9,KG,13,363.20,GBP,CANCELLED
SH104189,2025-08-25,P-1033,SVC3,ARRW,L-248,L-231,2025-08-27 12:00,2025-08-29 14:28,1145.4,LB,19,236.69,GBP,DELIVERED
SH104190,2026-02-25,P-1036,SVC3,CDRX,L-242,L-240,2026-02-27 06:53,2026-03-03 12:45,784.7,KG,14,361.02,GBP,DELIVERED
SH104191,2025-12-31,P-1059,SVC5,GRYP,L-229,L-201,,,362.2,KG,16,170.73,GBP,BOOKED
SH104192,2026-03-04,P-1035,SVC1,DNUB,L-209,L-259,2026-03-07 15:17,2026-03-08 20:13,371.7,KG,21,263.37,GBP,DELIVERED
SH104193,2026-05-07,P-1178,SVC3,DNUB,L-233,L-257,2026-05-09 11:01,2026-05-10 19:58,1236.3,KG,11,542.05,GBP,DELIVERED
SH104194,2025-04-07,P-1047,SVC5,FNCH,L-209,L-212,2025-04-10 21:46,2025-04-13 06:49,190.9,KG,1,93.43,GBP,DELIVERED
SH104195,2026-04-08,P-1083,SVC2,EGRT,L-255,L-245,,,1225.0,KG,8,856.35,GBP,BOOKED
SH104196,2025-10-04,P-1122,SVC1,DNUB,L-236,L-213,2025-10-07 09:15,2025-10-08 19:14,337.4,LB,14,142.47,GBP,DELIVERED
SH104197,2025-11-22,P-1136,SVC5,DNUB,L-238,L-248,2025-11-23 08:29,2025-11-28 19:58,259.1,KG,14,132.05,GBP,DELIVERED
SH104198,2025-07-09,P-1215,SVC4,GRYP,L-249,L-221,2025-07-12 14:54,2025-07-13 20:39,104.4,KG,19,83.48,GBP,DELIVERED
SH104199,2026-05-15,P-1173,SVC3,DNUB,L-221,L-219,2026-05-16 06:15,2026-05-22 11:00,697.5,KG,2,332.15,GBP,DELIVERED
SH104200,2026-04-23,P-1044,SVC1,CDRX,L-258,L-206,2026-04-25 18:46,2026-04-26 06:56,295.5,KG,5,237.12,GBP,DELIVERED
