Id,inv_no,Date,acct,ship_no,charge_type,Amount,ccy,tax,Status
IL900001,INV-50001,2025-01-21,P-1036,SH100001,BASE,188.39,GBP,37.68,CREDITED
IL900002,INV-50002,2025-06-10,P-1063,SH100002,BASE,359.12,GBP,71.82,PAID
IL900003,INV-50003,2026-03-18,P-1015,SH100006,BASE,97.02,GBP,19.40,PAID
IL900004,INV-50004,2025-03-21,P-1188,SH100007,BASE,217.41,GBP,43.48,PAID
IL900005,INV-50004,2025-03-21,P-1188,SH100007,FUEL,21.01,GBP,4.20,PAID
IL900006,INV-50005,2025-08-08,P-1185,SH100008,BASE,410.44,GBP,82.09,OPEN
IL900007,INV-50006,2025-09-14,P-1052,SH100009,BASE,807.04,GBP,161.41,PAID
IL900008,INV-50007,2025-01-21,P-1155,SH100010,BASE,89.15,GBP,17.83,PAID
IL900009,INV-50007,2025-01-21,P-1155,SH100010,ACCESSORIAL,28.36,GBP,5.67,PAID
IL900010,INV-50008,2025-09-04,P-1186,SH100011,BASE,331.90,GBP,66.38,OPEN
IL900011,INV-50009,2025-06-01,P-1146,SH100012,BASE,86.28,GBP,17.26,PAID
IL900012,INV-50010,2025-07-01,P-1132,SH100013,BASE,216.17,GBP,43.23,PAID
IL900013,INV-50011,2026-02-17,P-1134,SH100017,BASE,75.02,GBP,15.00,PAID
IL900014,INV-50011,2026-02-17,P-1134,SH100017,FUEL,8.29,GBP,1.66,PAID
IL900015,INV-50012,2025-09-26,P-1082,SH100018,BASE,51.56,EUR,10.31,OPEN
IL900016,INV-50013,2025-03-14,P-1002,SH100020,BASE,215.42,EUR,43.08,CREDITED
IL900017,INV-50014,2025-02-13,P-1023,SH100022,BASE,503.03,EUR,100.61,OPEN
IL900018,INV-50015,2025-01-26,P-1178,SH100023,BASE,114.29,EUR,22.86,PAID
IL900019,INV-50016,2025-07-30,P-1066,SH100024,BASE,460.97,EUR,92.19,VOID
IL900020,INV-50017,2025-03-03,P-1017,SH100025,BASE,77.86,GBP,15.57,OPEN
IL900021,INV-50017,2025-03-03,P-1017,SH100025,FUEL,9.66,GBP,1.93,OPEN
IL900022,INV-50018,2025-04-15,P-1032,SH100027,BASE,544.29,GBP,108.86,PAID
IL900023,INV-50019,2025-01-20,P-1138,SH100029,BASE,571.05,GBP,114.21,OPEN
IL900024,INV-50019,2025-01-20,P-1138,SH100029,FUEL,57.29,GBP,11.46,OPEN
IL900025,INV-50020,2025-05-08,P-1068,SH100031,BASE,60.19,GBP,12.04,OPEN
IL900026,INV-50021,2025-01-23,P-1096,SH100032,BASE,93.82,EUR,18.76,PAID
IL900027,INV-50022,2026-01-05,P-1160,SH100033,BASE,716.44,GBP,143.29,OPEN
IL900028,INV-50023,2025-10-17,P-1120,SH100035,BASE,729.15,GBP,145.83,PAID
IL900029,INV-50023,2025-10-17,P-1120,SH100035,FUEL,87.94,GBP,17.59,PAID
IL900030,INV-50024,2025-12-19,P-1015,SH100036,BASE,190.01,GBP,38.00,PAID
IL900031,INV-50024,2025-12-19,P-1015,SH100036,FUEL,14.30,GBP,2.86,PAID
IL900032,INV-50025,2025-01-26,P-1186,SH100037,BASE,561.53,GBP,112.31,OPEN
IL900033,INV-50026,2025-05-11,P-1033,SH100038,BASE,61.37,GBP,12.27,VOID
IL900034,INV-50027,2025-04-29,P-1234,SH100040,BASE,382.19,GBP,76.44,PAID
IL900035,INV-50028,2025-04-14,P-1003,SH100042,BASE,238.28,GBP,47.66,OPEN
IL900036,INV-50029,2025-03-21,P-1183,SH100043,BASE,700.67,EUR,140.13,PAID
IL900037,INV-50030,2025-01-06,P-1035,SH100044,BASE,547.91,GBP,109.58,OPEN
IL900038,INV-50030,2025-01-06,P-1035,SH100044,FUEL,45.22,GBP,9.04,OPEN
IL900039,INV-50030,2025-01-06,P-1035,SH100044,ACCESSORIAL,48.56,GBP,9.71,OPEN
IL900040,INV-50031,2026-02-21,P-1022,SH100045,BASE,136.38,EUR,27.28,OPEN
IL900041,INV-50032,2025-11-09,P-1129,SH100046,BASE,226.24,GBP,45.25,CREDITED
IL900042,INV-50032,2025-11-09,P-1129,SH100046,FUEL,21.04,GBP,4.21,CREDITED
IL900043,INV-50033,2026-02-10,P-1174,SH100047,BASE,551.76,GBP,110.35,PAID
IL900044,INV-50034,2025-09-20,P-1216,SH100048,BASE,200.45,GBP,40.09,PAID
IL900045,INV-50035,2025-10-25,P-1233,SH100049,BASE,82.09,EUR,16.42,PAID
IL900046,INV-50035,2025-10-25,P-1233,SH100049,FUEL,9.22,EUR,1.84,PAID
IL900047,INV-50036,2025-12-18,P-1121,SH100050,BASE,54.01,EUR,10.80,PAID
IL900048,INV-50037,2026-03-07,P-1020,SH100051,BASE,636.45,GBP,127.29,PAID
IL900049,INV-50038,2025-09-21,P-1144,SH100054,BASE,308.23,GBP,61.65,CREDITED
IL900050,INV-50039,2025-03-05,P-1215,SH100055,BASE,52.97,GBP,10.59,PAID
IL900051,INV-50040,2025-03-31,P-1059,SH100056,BASE,201.77,GBP,40.35,PAID
IL900052,INV-50041,2025-11-01,P-1161,SH100057,BASE,601.09,GBP,120.22,PAID
IL900053,INV-50042,2025-12-08,P-1213,SH100058,BASE,413.19,GBP,82.64,PAID
IL900054,INV-50043,2025-01-22,P-1148,SH100060,BASE,583.28,GBP,116.66,PAID
IL900055,INV-50043,2025-01-22,P-1148,SH100060,FUEL,53.31,GBP,10.66,PAID
IL900056,INV-50044,2025-06-25,P-1188,SH100061,BASE,353.96,GBP,70.79,PAID
IL900057,INV-50045,2026-04-11,P-1056,SH100062,BASE,951.59,GBP,190.32,VOID
IL900058,INV-50046,2025-12-23,P-1081,SH100063,BASE,567.30,GBP,113.46,PAID
IL900059,INV-50047,2025-12-23,P-1089,SH100065,BASE,256.42,GBP,51.28,PAID
IL900060,INV-50048,2026-01-23,P-1125,SH100066,BASE,484.80,EUR,96.96,PAID
IL900061,INV-50049,2026-04-30,P-1216,SH100067,BASE,336.19,GBP,67.24,OPEN
IL900062,INV-50050,2025-09-29,P-1127,SH100068,BASE,96.80,EUR,19.36,PAID
IL900063,INV-50051,2025-11-29,P-1225,SH100069,BASE,793.04,GBP,158.61,CREDITED
IL900064,INV-50051,2025-11-29,P-1225,SH100069,FUEL,102.22,GBP,20.44,CREDITED
IL900065,INV-50052,2025-07-30,P-1044,SH100071,BASE,206.04,GBP,41.21,PAID
IL900066,INV-50053,2025-08-11,P-1176,SH100074,BASE,353.83,GBP,70.77,PAID
IL900067,INV-50053,2025-08-11,P-1176,SH100074,FUEL,30.98,GBP,6.20,PAID
IL900068,INV-50054,2025-04-29,P-1186,SH100076,BASE,150.00,EUR,30.00,OPEN
IL900069,INV-50054,2025-04-29,P-1186,SH100076,FUEL,9.94,EUR,1.99,OPEN
IL900070,INV-50055,2025-04-24,P-1208,SH100077,BASE,207.86,GBP,41.57,OPEN
IL900071,INV-50056,2025-03-12,P-1191,SH100078,BASE,397.59,GBP,79.52,PAID
IL900072,INV-50057,2025-04-04,P-1117,SH100079,BASE,510.50,GBP,102.10,OPEN
IL900073,INV-50058,2026-05-03,P-1170,SH100081,BASE,81.53,GBP,16.31,CREDITED
IL900074,INV-50058,2026-05-03,P-1170,SH100081,ACCESSORIAL,12.88,GBP,2.58,CREDITED
IL900075,INV-50059,2025-05-04,P-1219,SH100082,BASE,714.12,GBP,142.82,PAID
IL900076,INV-50059,2025-05-04,P-1219,SH100082,FUEL,87.45,GBP,17.49,PAID
IL900077,INV-50060,2025-07-06,P-1189,SH100083,BASE,237.27,GBP,47.45,PAID
IL900078,INV-50061,2025-02-06,P-1222,SH100084,BASE,182.06,GBP,36.41,OPEN
IL900079,INV-50062,2025-07-30,P-1219,SH100085,BASE,64.02,GBP,12.80,PAID
IL900080,INV-50063,2025-03-07,P-1234,SH100086,BASE,198.63,GBP,39.73,PAID
IL900081,INV-50063,2025-03-07,P-1234,SH100086,FUEL,18.80,GBP,3.76,PAID
IL900082,INV-50064,2025-02-15,P-1133,SH100087,BASE,243.81,GBP,48.76,PAID
IL900083,INV-50065,2025-10-25,P-1105,SH100088,BASE,535.76,GBP,107.15,OPEN
IL900084,INV-50066,2025-09-13,P-1191,SH100089,BASE,283.36,GBP,56.67,PAID
IL900085,INV-50066,2025-09-13,P-1191,SH100089,FUEL,19.37,GBP,3.87,PAID
IL900086,INV-50067,2025-11-01,P-1161,SH100090,BASE,520.31,GBP,104.06,OPEN
IL900087,INV-50067,2025-11-01,P-1161,SH100090,FUEL,51.52,GBP,10.30,OPEN
IL900088,INV-50068,2025-01-19,P-1080,SH100091,BASE,754.53,GBP,150.91,PAID
IL900089,INV-50068,2025-01-19,P-1080,SH100091,FUEL,75.33,GBP,15.07,PAID
IL900090,INV-50069,2025-05-28,P-1017,SH100092,BASE,25.31,GBP,5.06,PAID
IL900091,INV-50070,2026-04-03,P-1230,SH100093,BASE,175.26,GBP,35.05,PAID
IL900092,INV-50070,2026-04-03,P-1230,SH100093,ACCESSORIAL,59.26,GBP,11.85,PAID
IL900093,INV-50071,2025-05-10,P-1109,SH100094,BASE,297.89,GBP,59.58,OPEN
IL900094,INV-50071,2025-05-10,P-1109,SH100094,FUEL,35.92,GBP,7.18,OPEN
IL900095,INV-50071,2025-05-10,P-1109,SH100094,ACCESSORIAL,57.03,GBP,11.41,OPEN
IL900096,INV-50072,2025-12-24,P-1181,SH100095,BASE,98.93,GBP,19.79,PAID
IL900097,INV-50073,2025-03-01,P-1056,SH100098,BASE,476.21,GBP,95.24,PAID
IL900098,INV-50074,2026-01-31,P-1174,SH100100,BASE,235.84,EUR,47.17,PAID
IL900099,INV-50075,2025-03-22,P-1164,SH100101,BASE,958.28,EUR,191.66,OPEN
IL900100,INV-50076,2025-07-19,P-1068,SH100104,BASE,281.04,GBP,56.21,PAID
IL900101,INV-50076,2025-07-19,P-1068,SH100104,FUEL,28.33,GBP,5.67,PAID
IL900102,INV-50077,2026-03-10,P-1004,SH100105,BASE,378.39,GBP,75.68,OPEN
IL900103,INV-50077,2026-03-10,P-1004,SH100105,FUEL,24.09,GBP,4.82,OPEN
IL900104,INV-50078,2025-02-03,P-1032,SH100107,BASE,610.61,GBP,122.12,PAID
IL900105,INV-50078,2025-02-03,P-1032,SH100107,FUEL,74.24,GBP,14.85,PAID
IL900106,INV-50079,2025-02-14,P-1208,SH100108,BASE,599.60,GBP,119.92,PAID
IL900107,INV-50080,2025-12-03,P-1141,SH100111,BASE,451.69,GBP,90.34,PAID
IL900108,INV-50081,2025-07-23,P-1210,SH100112,BASE,275.59,GBP,55.12,OPEN
IL900109,INV-50082,2026-02-09,P-1002,SH100113,BASE,379.69,GBP,75.94,PAID
IL900110,INV-50082,2026-02-09,P-1002,SH100113,FUEL,45.61,GBP,9.12,PAID
IL900111,INV-50083,2025-05-04,P-1013,SH100115,BASE,380.22,GBP,76.04,CREDITED
IL900112,INV-50084,2026-05-13,P-1213,SH100116,BASE,268.37,GBP,53.67,PAID
IL900113,INV-50085,2025-07-10,P-1083,SH100118,BASE,321.83,EUR,64.37,PAID
IL900114,INV-50085,2025-07-10,P-1083,SH100118,FUEL,39.70,EUR,7.94,PAID
IL900115,INV-50086,2025-12-26,P-1055,SH100120,BASE,589.08,EUR,117.82,PAID
IL900116,INV-50086,2025-12-26,P-1055,SH100120,FUEL,60.49,EUR,12.10,PAID
IL900117,INV-50086,2025-12-26,P-1055,SH100120,ACCESSORIAL,44.51,EUR,8.90,PAID
IL900118,INV-50087,2025-12-27,P-1006,SH100122,BASE,267.95,GBP,53.59,PAID
IL900119,INV-50087,2025-12-27,P-1006,SH100122,FUEL,35.63,GBP,7.13,PAID
IL900120,INV-50088,2025-01-25,P-1216,SH100124,BASE,222.84,GBP,44.57,OPEN
IL900121,INV-50089,2025-09-01,P-1086,SH100125,BASE,296.35,GBP,59.27,PAID
IL900122,INV-50090,2025-10-26,P-1095,SH100128,BASE,50.59,GBP,10.12,PAID
IL900123,INV-50090,2025-10-26,P-1095,SH100128,FUEL,4.23,GBP,0.85,PAID
IL900124,INV-50091,2025-08-06,P-1023,SH100129,BASE,181.93,EUR,36.39,PAID
IL900125,INV-50092,2026-02-01,P-1085,SH100130,BASE,72.16,GBP,14.43,PAID
IL900126,INV-50093,2025-05-20,P-1147,SH100131,BASE,127.12,GBP,25.42,PAID
IL900127,INV-50093,2025-05-20,P-1147,SH100131,FUEL,11.61,GBP,2.32,PAID
IL900128,INV-50094,2025-05-31,P-1231,SH100132,BASE,468.21,GBP,93.64,OPEN
IL900129,INV-50095,2026-05-20,P-1051,SH100133,BASE,260.86,GBP,52.17,PAID
IL900130,INV-50096,2025-10-11,P-1175,SH100135,BASE,71.31,EUR,14.26,PAID
IL900131,INV-50097,2025-05-18,P-1166,SH100136,BASE,621.86,GBP,124.37,OPEN
IL900132,INV-50098,2025-08-06,P-1162,SH100137,BASE,177.76,GBP,35.55,PAID
IL900133,INV-50099,2026-03-07,P-1179,SH100138,BASE,610.91,GBP,122.18,PAID
IL900134,INV-50099,2026-03-07,P-1179,SH100138,FUEL,67.43,GBP,13.49,PAID
IL900135,INV-50100,2025-10-16,P-1130,SH100141,BASE,242.08,GBP,48.42,OPEN
IL900136,INV-50101,2025-02-14,P-1105,SH100142,BASE,567.14,GBP,113.43,CREDITED
IL900137,INV-50102,2025-07-29,P-1157,SH100143,BASE,1037.98,GBP,207.60,PAID
IL900138,INV-50102,2025-07-29,P-1157,SH100143,FUEL,141.89,GBP,28.38,PAID
IL900139,INV-50103,2025-12-22,P-1229,SH100144,BASE,192.29,GBP,38.46,PAID
IL900140,INV-50104,2025-04-20,P-1147,SH100145,BASE,667.00,GBP,133.40,PAID
IL900141,INV-50105,2025-05-15,P-1091,SH100146,BASE,185.82,GBP,37.16,PAID
IL900142,INV-50105,2025-05-15,P-1091,SH100146,FUEL,19.60,GBP,3.92,PAID
IL900143,INV-50106,2026-05-24,P-1008,SH100147,BASE,224.11,GBP,44.82,PAID
IL900144,INV-50107,2025-08-25,P-1160,SH100148,BASE,714.60,GBP,142.92,CREDITED
IL900145,INV-50108,2025-03-10,P-1166,SH100149,BASE,336.95,GBP,67.39,PAID
IL900146,INV-50109,2025-12-31,P-1071,SH100150,BASE,280.25,GBP,56.05,PAID
IL900147,INV-50110,2025-06-11,P-1041,SH100151,BASE,548.11,GBP,109.62,PAID
IL900148,INV-50110,2025-06-11,P-1041,SH100151,FUEL,39.77,GBP,7.95,PAID
IL900149,INV-50111,2025-09-14,P-1178,SH100152,BASE,193.21,GBP,38.64,PAID
IL900150,INV-50112,2026-02-06,P-1167,SH100153,BASE,1139.90,GBP,227.98,OPEN
IL900151,INV-50113,2025-09-15,P-1113,SH100154,BASE,149.30,GBP,29.86,PAID
IL900152,INV-50114,2025-10-28,P-1122,SH100155,BASE,569.73,GBP,113.95,CREDITED
IL900153,INV-50115,2025-02-24,P-1180,SH100156,BASE,16.07,GBP,3.21,PAID
IL900154,INV-50115,2025-02-24,P-1180,SH100156,FUEL,1.27,GBP,0.25,PAID
IL900155,INV-50116,2025-05-24,P-1154,SH100157,BASE,130.69,GBP,26.14,PAID
IL900156,INV-50117,2025-06-30,P-1131,SH100158,BASE,328.18,GBP,65.64,PAID
IL900157,INV-50117,2025-06-30,P-1131,SH100158,ACCESSORIAL,31.82,GBP,6.36,PAID
IL900158,INV-50118,2025-11-01,P-1207,SH100159,BASE,518.93,GBP,103.79,PAID
IL900159,INV-50119,2025-07-06,P-1178,SH100160,BASE,287.30,EUR,57.46,PAID
IL900160,INV-50119,2025-07-06,P-1178,SH100160,FUEL,34.56,EUR,6.91,PAID
IL900161,INV-50120,2025-10-01,P-1093,SH100161,BASE,555.69,GBP,111.14,PAID
IL900162,INV-50121,2025-08-30,P-1047,SH100162,BASE,716.55,GBP,143.31,PAID
IL900163,INV-50122,2025-12-22,P-1101,SH100163,BASE,396.01,GBP,79.20,PAID
IL900164,INV-50122,2025-12-22,P-1101,SH100163,FUEL,43.43,GBP,8.69,PAID
IL900165,INV-50123,2025-04-05,P-1080,SH100164,BASE,951.67,GBP,190.33,OPEN
IL900166,INV-50123,2025-04-05,P-1080,SH100164,FUEL,123.23,GBP,24.65,OPEN
IL900167,INV-50124,2025-03-29,P-1050,SH100165,BASE,20.19,GBP,4.04,PAID
IL900168,INV-50125,2026-01-25,P-1048,SH100166,BASE,1159.46,GBP,231.89,PAID
IL900169,INV-50126,2025-09-30,P-1069,SH100167,BASE,433.06,EUR,86.61,PAID
IL900170,INV-50126,2025-09-30,P-1069,SH100167,FUEL,54.11,EUR,10.82,PAID
IL900171,INV-50127,2026-04-18,P-1049,SH100169,BASE,683.60,GBP,136.72,PAID
IL900172,INV-50127,2026-04-18,P-1049,SH100169,FUEL,67.60,GBP,13.52,PAID
IL900173,INV-50128,2026-05-20,P-1195,SH100170,BASE,469.44,GBP,93.89,CREDITED
IL900174,INV-50128,2026-05-20,P-1195,SH100170,FUEL,53.30,GBP,10.66,CREDITED
IL900175,INV-50129,2025-07-07,P-1216,SH100172,BASE,1173.60,EUR,234.72,PAID
IL900176,INV-50129,2025-07-07,P-1216,SH100172,FUEL,116.74,EUR,23.35,PAID
IL900177,INV-50130,2025-12-26,P-1233,SH100173,BASE,471.12,GBP,94.22,OPEN
IL900178,INV-50131,2025-09-06,P-1011,SH100174,BASE,498.28,GBP,99.66,PAID
IL900179,INV-50131,2025-09-06,P-1011,SH100174,FUEL,63.82,GBP,12.76,PAID
IL900180,INV-50132,2026-03-04,P-1100,SH100175,BASE,65.79,GBP,13.16,OPEN
IL900181,INV-50133,2026-05-20,P-1025,SH100176,BASE,97.47,GBP,19.49,CREDITED
IL900182,INV-50134,2025-09-26,P-1023,SH100177,BASE,258.91,GBP,51.78,CREDITED
IL900183,INV-50135,2025-05-09,P-1181,SH100178,BASE,751.45,GBP,150.29,PAID
IL900184,INV-50135,2025-05-09,P-1181,SH100178,FUEL,88.54,GBP,17.71,PAID
IL900185,INV-50136,2025-10-19,P-1009,SH100179,BASE,440.96,GBP,88.19,PAID
IL900186,INV-50136,2025-10-19,P-1009,SH100179,FUEL,41.06,GBP,8.21,PAID
IL900187,INV-50137,2025-11-09,P-1131,SH100180,BASE,215.15,GBP,43.03,OPEN
IL900188,INV-50138,2025-04-09,P-1009,SH100181,BASE,67.38,EUR,13.48,PAID
IL900189,INV-50139,2025-01-28,P-1027,SH100182,BASE,399.52,GBP,79.90,OPEN
IL900190,INV-50139,2025-01-28,P-1027,SH100182,FUEL,37.59,GBP,7.52,OPEN
IL900191,INV-50140,2025-02-25,P-1105,SH100183,BASE,115.89,GBP,23.18,PAID
IL900192,INV-50140,2025-02-25,P-1105,SH100183,FUEL,15.84,GBP,3.17,PAID
IL900193,INV-50141,2025-06-05,P-1137,SH100184,BASE,147.16,GBP,29.43,PAID
IL900194,INV-50142,2026-01-12,P-1158,SH100185,BASE,264.42,GBP,52.88,OPEN
IL900195,INV-50142,2026-01-12,P-1158,SH100185,FUEL,18.49,GBP,3.70,OPEN
IL900196,INV-50143,2026-04-13,P-1101,SH100186,BASE,438.86,EUR,87.77,PAID
IL900197,INV-50143,2026-04-13,P-1101,SH100186,FUEL,33.88,EUR,6.78,PAID
IL900198,INV-50144,2025-10-18,P-1002,SH100187,BASE,210.41,GBP,42.08,PAID
IL900199,INV-50144,2025-10-18,P-1002,SH100187,FUEL,23.38,GBP,4.68,PAID
IL900200,INV-50145,2025-02-28,P-1112,SH100188,BASE,150.04,GBP,30.01,PAID
IL900201,INV-50145,2025-02-28,P-1112,SH100188,ACCESSORIAL,17.68,GBP,3.54,PAID
IL900202,INV-50146,2026-04-15,P-1066,SH100190,BASE,214.64,GBP,42.93,PAID
IL900203,INV-50147,2025-09-26,P-1122,SH100192,BASE,156.62,GBP,31.32,PAID
IL900204,INV-50147,2025-09-26,P-1122,SH100192,FUEL,14.20,GBP,2.84,PAID
IL900205,INV-50148,2025-09-15,P-1091,SH100196,BASE,318.41,EUR,63.68,PAID
IL900206,INV-50149,2025-08-13,P-1139,SH100197,BASE,273.59,EUR,54.72,PAID
IL900207,INV-50150,2025-05-18,P-1231,SH100199,BASE,224.23,GBP,44.85,PAID
IL900208,INV-50151,2026-04-16,P-1020,SH100200,BASE,151.92,EUR,30.38,PAID
IL900209,INV-50152,2025-07-30,P-1063,SH100201,BASE,229.90,GBP,45.98,PAID
IL900210,INV-50153,2025-05-25,P-1165,SH100202,BASE,380.45,GBP,76.09,PAID
IL900211,INV-50154,2026-02-17,P-1226,SH100203,BASE,665.03,GBP,133.01,PAID
IL900212,INV-50155,2025-09-06,P-1174,SH100204,BASE,230.53,GBP,46.11,PAID
IL900213,INV-50155,2025-09-06,P-1174,SH100204,FUEL,30.15,GBP,6.03,PAID
IL900214,INV-50156,2025-06-13,P-1191,SH100205,BASE,853.61,GBP,170.72,PAID
IL900215,INV-50156,2025-06-13,P-1191,SH100205,ACCESSORIAL,48.76,GBP,9.75,PAID
IL900216,INV-50157,2025-07-15,P-1237,SH100207,BASE,379.09,GBP,75.82,OPEN
IL900217,INV-50157,2025-07-15,P-1237,SH100207,FUEL,42.32,GBP,8.46,OPEN
IL900218,INV-50158,2025-11-06,P-1047,SH100208,BASE,274.20,GBP,54.84,OPEN
IL900219,INV-50159,2025-10-24,P-1009,SH100209,BASE,462.85,GBP,92.57,PAID
IL900220,INV-50159,2025-10-24,P-1009,SH100209,FUEL,50.57,GBP,10.11,PAID
IL900221,INV-50160,2025-09-12,P-1048,SH100211,BASE,662.66,GBP,132.53,PAID
IL900222,INV-50161,2025-10-01,P-1056,SH100212,BASE,19.62,GBP,3.92,OPEN
IL900223,INV-50162,2026-04-05,P-1135,SH100213,BASE,133.03,GBP,26.61,CREDITED
IL900224,INV-50162,2026-04-05,P-1135,SH100213,ACCESSORIAL,40.49,GBP,8.10,CREDITED
IL900225,INV-50163,2025-06-16,P-1198,SH100214,BASE,235.05,GBP,47.01,PAID
IL900226,INV-50163,2025-06-16,P-1198,SH100214,FUEL,24.31,GBP,4.86,PAID
IL900227,INV-50164,2025-01-25,P-1213,SH100215,BASE,457.73,GBP,91.55,PAID
IL900228,INV-50164,2025-01-25,P-1213,SH100215,FUEL,29.91,GBP,5.98,PAID
IL900229,INV-50165,2025-06-15,P-1235,SH100216,BASE,488.61,GBP,97.72,OPEN
IL900230,INV-50166,2025-02-08,P-1164,SH100217,BASE,726.48,GBP,145.30,OPEN
IL900231,INV-50167,2025-02-05,P-1215,SH100219,BASE,53.63,GBP,10.73,PAID
IL900232,INV-50168,2025-04-01,P-1225,SH100220,BASE,260.29,GBP,52.06,PAID
IL900233,INV-50169,2025-08-31,P-1095,SH100222,BASE,139.00,GBP,27.80,OPEN
IL900234,INV-50170,2025-11-08,P-1198,SH100223,BASE,358.79,GBP,71.76,PAID
IL900235,INV-50170,2025-11-08,P-1198,SH100223,FUEL,37.71,GBP,7.54,PAID
IL900236,INV-50171,2025-12-22,P-1173,SH100225,BASE,559.12,GBP,111.82,PAID
IL900237,INV-50171,2025-12-22,P-1173,SH100225,FUEL,58.61,GBP,11.72,PAID
IL900238,INV-50172,2025-06-09,P-1002,SH100226,BASE,937.33,GBP,187.47,PAID
IL900239,INV-50173,2025-05-18,P-1129,SH100227,BASE,198.45,GBP,39.69,OPEN
IL900240,INV-50173,2025-05-18,P-1129,SH100227,FUEL,23.94,GBP,4.79,OPEN
IL900241,INV-50174,2025-12-10,P-1024,SH100228,BASE,272.85,GBP,54.57,PAID
IL900242,INV-50175,2025-02-27,P-1084,SH100229,BASE,198.21,GBP,39.64,OPEN
IL900243,INV-50176,2025-11-17,P-1068,SH100230,BASE,530.25,EUR,106.05,PAID
IL900244,INV-50177,2025-07-30,P-1155,SH100231,BASE,105.92,GBP,21.18,PAID
IL900245,INV-50178,2025-09-10,P-1233,SH100232,BASE,873.03,GBP,174.61,PAID
IL900246,INV-50179,2025-05-08,P-1021,SH100233,BASE,224.75,GBP,44.95,PAID
IL900247,INV-50180,2025-08-03,P-1210,SH100234,BASE,289.34,GBP,57.87,PAID
IL900248,INV-50181,2026-05-23,P-1156,SH100235,BASE,1052.64,GBP,210.53,OPEN
IL900249,INV-50182,2025-06-17,P-1045,SH100236,BASE,226.42,GBP,45.28,PAID
IL900250,INV-50182,2025-06-17,P-1045,SH100236,FUEL,22.45,GBP,4.49,PAID
IL900251,INV-50183,2025-11-09,P-1016,SH100237,BASE,571.24,GBP,114.25,OPEN
IL900252,INV-50184,2025-06-02,P-1169,SH100238,BASE,166.79,GBP,33.36,PAID
IL900253,INV-50184,2025-06-02,P-1169,SH100238,FUEL,18.52,GBP,3.70,PAID
IL900254,INV-50185,2026-01-29,P-1169,SH100239,BASE,423.71,GBP,84.74,PAID
IL900255,INV-50185,2026-01-29,P-1169,SH100239,FUEL,26.85,GBP,5.37,PAID
IL900256,INV-50186,2025-08-10,P-1224,SH100240,BASE,545.11,EUR,109.02,OPEN
IL900257,INV-50187,2026-01-16,P-1198,SH100241,BASE,585.44,GBP,117.09,PAID
IL900258,INV-50188,2026-03-02,P-1122,SH100242,BASE,226.66,GBP,45.33,PAID
IL900259,INV-50189,2026-05-01,P-1066,SH100244,BASE,753.22,GBP,150.64,PAID
IL900260,INV-50189,2026-05-01,P-1066,SH100244,FUEL,61.57,GBP,12.31,PAID
IL900261,INV-50190,2025-11-26,P-1013,SH100245,BASE,356.08,GBP,71.22,PAID
IL900262,INV-50190,2025-11-26,P-1013,SH100245,FUEL,43.01,GBP,8.60,PAID
IL900263,INV-50191,2026-04-13,P-1154,SH100246,BASE,117.50,GBP,23.50,PAID
IL900264,INV-50192,2026-02-09,P-1018,SH100248,BASE,62.78,GBP,12.56,PAID
IL900265,INV-50192,2026-02-09,P-1018,SH100248,ACCESSORIAL,46.63,GBP,9.33,PAID
IL900266,INV-50193,2025-03-31,P-1149,SH100250,BASE,557.18,GBP,111.44,OPEN
IL900267,INV-50194,2026-04-28,P-1104,SH100253,BASE,131.01,EUR,26.20,PAID
IL900268,INV-50194,2026-04-28,P-1104,SH100253,FUEL,9.80,EUR,1.96,PAID
IL900269,INV-50195,2025-06-10,P-1184,SH100254,BASE,605.68,GBP,121.14,PAID
IL900270,INV-50195,2025-06-10,P-1184,SH100254,FUEL,38.55,GBP,7.71,PAID
IL900271,INV-50196,2025-09-02,P-1086,SH100255,BASE,526.00,GBP,105.20,CREDITED
IL900272,INV-50196,2025-09-02,P-1086,SH100255,FUEL,44.94,GBP,8.99,CREDITED
IL900273,INV-50197,2025-11-16,P-1200,SH100257,BASE,844.50,GBP,168.90,PAID
IL900274,INV-50197,2025-11-16,P-1200,SH100257,FUEL,102.20,GBP,20.44,PAID
IL900275,INV-50198,2026-05-05,P-1042,SH100258,BASE,305.83,GBP,61.17,PAID
IL900276,INV-50198,2026-05-05,P-1042,SH100258,FUEL,36.43,GBP,7.29,PAID
IL900277,INV-50199,2026-01-05,P-1100,SH100259,BASE,208.14,EUR,41.63,PAID
IL900278,INV-50199,2026-01-05,P-1100,SH100259,ACCESSORIAL,34.99,EUR,7.00,PAID
IL900279,INV-50200,2026-01-28,P-1206,SH100260,BASE,130.45,GBP,26.09,PAID
IL900280,INV-50201,2025-11-12,P-1151,SH100261,BASE,263.64,GBP,52.73,PAID
IL900281,INV-50202,2026-04-07,P-1040,SH100262,BASE,115.76,EUR,23.15,CREDITED
IL900282,INV-50202,2026-04-07,P-1040,SH100262,FUEL,13.13,EUR,2.63,CREDITED
IL900283,INV-50203,2026-02-24,P-1202,SH100263,BASE,232.74,GBP,46.55,OPEN
IL900284,INV-50204,2025-12-11,P-1147,SH100264,BASE,288.51,GBP,57.70,PAID
IL900285,INV-50204,2025-12-11,P-1147,SH100264,FUEL,18.04,GBP,3.61,PAID
IL900286,INV-50204,2025-12-11,P-1147,SH100264,ACCESSORIAL,12.03,GBP,2.41,PAID
IL900287,INV-50205,2026-04-25,P-1070,SH100265,BASE,278.34,EUR,55.67,CREDITED
IL900288,INV-50205,2026-04-25,P-1070,SH100265,FUEL,28.05,EUR,5.61,CREDITED
IL900289,INV-50206,2025-08-07,P-1121,SH100266,BASE,463.78,GBP,92.76,OPEN
IL900290,INV-50206,2025-08-07,P-1121,SH100266,ACCESSORIAL,14.88,GBP,2.98,OPEN
IL900291,INV-50207,2025-04-27,P-1198,SH100267,BASE,251.69,EUR,50.34,PAID
IL900292,INV-50207,2025-04-27,P-1198,SH100267,FUEL,17.32,EUR,3.46,PAID
IL900293,INV-50208,2025-01-18,P-1215,SH100268,BASE,291.09,GBP,58.22,PAID
IL900294,INV-50209,2025-05-05,P-1096,SH100269,BASE,266.58,GBP,53.32,CREDITED
IL900295,INV-50210,2025-02-25,P-1146,SH100270,BASE,538.11,GBP,107.62,PAID
IL900296,INV-50210,2025-02-25,P-1146,SH100270,FUEL,34.61,GBP,6.92,PAID
IL900297,INV-50210,2025-02-25,P-1146,SH100270,ACCESSORIAL,25.42,GBP,5.08,PAID
IL900298,INV-50211,2025-12-16,P-1170,SH100271,BASE,289.10,GBP,57.82,PAID
IL900299,INV-50211,2025-12-16,P-1170,SH100271,ACCESSORIAL,19.65,GBP,3.93,PAID
IL900300,INV-50212,2026-04-19,P-1210,SH100272,BASE,38.03,GBP,7.61,OPEN
IL900301,INV-50213,2026-03-12,P-1146,SH100273,BASE,136.47,GBP,27.29,PAID
IL900302,INV-50214,2025-12-24,P-1225,SH100274,BASE,283.70,GBP,56.74,PAID
IL900303,INV-50214,2025-12-24,P-1225,SH100274,FUEL,23.26,GBP,4.65,PAID
IL900304,INV-50215,2025-02-26,P-1186,SH100275,BASE,441.31,GBP,88.26,OPEN
IL900305,INV-50216,2025-10-04,P-1213,SH100276,BASE,300.69,GBP,60.14,CREDITED
IL900306,INV-50217,2025-03-22,P-1090,SH100277,BASE,441.28,EUR,88.26,OPEN
IL900307,INV-50217,2025-03-22,P-1090,SH100277,FUEL,42.20,EUR,8.44,OPEN
IL900308,INV-50218,2025-08-23,P-1204,SH100279,BASE,502.81,EUR,100.56,PAID
IL900309,INV-50219,2025-02-21,P-1058,SH100280,BASE,317.39,EUR,63.48,PAID
IL900310,INV-50220,2025-06-11,P-1187,SH100281,BASE,547.11,GBP,109.42,CREDITED
IL900311,INV-50220,2025-06-11,P-1187,SH100281,FUEL,36.75,GBP,7.35,CREDITED
IL900312,INV-50221,2025-12-21,P-1035,SH100282,BASE,126.55,EUR,25.31,OPEN
IL900313,INV-50222,2025-08-03,P-1203,SH100283,BASE,493.74,GBP,98.75,PAID
IL900314,INV-50223,2025-03-31,P-1234,SH100285,BASE,312.87,EUR,62.57,PAID
IL900315,INV-50223,2025-03-31,P-1234,SH100285,FUEL,40.62,EUR,8.12,PAID
IL900316,INV-50224,2025-01-25,P-1009,SH100286,BASE,51.94,GBP,10.39,OPEN
IL900317,INV-50225,2026-01-11,P-1184,SH100287,BASE,943.25,GBP,188.65,PAID
IL900318,INV-50225,2026-01-11,P-1184,SH100287,FUEL,99.48,GBP,19.90,PAID
IL900319,INV-50226,2026-01-18,P-1139,SH100288,BASE,569.54,GBP,113.91,PAID
IL900320,INV-50226,2026-01-18,P-1139,SH100288,FUEL,46.21,GBP,9.24,PAID
IL900321,INV-50227,2025-07-07,P-1181,SH100290,BASE,562.35,GBP,112.47,PAID
IL900322,INV-50228,2026-04-14,P-1168,SH100291,BASE,625.88,GBP,125.18,PAID
IL900323,INV-50229,2025-07-10,P-1161,SH100292,BASE,46.03,GBP,9.21,CREDITED
IL900324,INV-50229,2025-07-10,P-1161,SH100292,FUEL,5.52,GBP,1.10,CREDITED
IL900325,INV-50230,2025-11-27,P-1027,SH100293,BASE,580.66,GBP,116.13,PAID
IL900326,INV-50230,2025-11-27,P-1027,SH100293,FUEL,41.20,GBP,8.24,PAID
IL900327,INV-50231,2026-01-25,P-1099,SH100294,BASE,1066.99,GBP,213.40,PAID
IL900328,INV-50232,2025-01-26,P-1086,SH100295,BASE,904.72,GBP,180.94,CREDITED
IL900329,INV-50233,2025-04-09,P-1140,SH100296,BASE,53.84,GBP,10.77,VOID
IL900330,INV-50233,2025-04-09,P-1140,SH100296,FUEL,3.32,GBP,0.66,VOID
IL900331,INV-50234,2025-09-01,P-1158,SH100297,BASE,193.50,GBP,38.70,PAID
IL900332,INV-50234,2025-09-01,P-1158,SH100297,FUEL,15.79,GBP,3.16,PAID
IL900333,INV-50235,2025-05-29,P-1146,SH100298,BASE,314.14,GBP,62.83,OPEN
IL900334,INV-50235,2025-05-29,P-1146,SH100298,FUEL,30.95,GBP,6.19,OPEN
IL900335,INV-50236,2025-05-23,P-1080,SH100299,BASE,403.05,GBP,80.61,PAID
IL900336,INV-50237,2025-07-27,P-1006,SH100300,BASE,685.79,GBP,137.16,PAID
IL900337,INV-50238,2025-06-28,P-1143,SH100301,BASE,453.27,GBP,90.65,VOID
IL900338,INV-50238,2025-06-28,P-1143,SH100301,FUEL,45.01,GBP,9.00,VOID
IL900339,INV-50239,2025-09-18,P-1233,SH100302,BASE,408.82,GBP,81.76,PAID
IL900340,INV-50240,2026-01-24,P-1225,SH100303,BASE,340.34,EUR,68.07,PAID
IL900341,INV-50241,2025-02-22,P-1164,SH100305,BASE,150.05,GBP,30.01,PAID
IL900342,INV-50241,2025-02-22,P-1164,SH100305,FUEL,19.00,GBP,3.80,PAID
IL900343,INV-50242,2026-02-28,P-1113,SH100306,BASE,136.93,GBP,27.39,PAID
IL900344,INV-50243,2025-09-13,P-1121,SH100307,BASE,214.18,GBP,42.84,OPEN
IL900345,INV-50244,2025-12-04,P-1059,SH100308,BASE,725.89,GBP,145.18,CREDITED
IL900346,INV-50245,2025-12-15,P-1111,SH100309,BASE,82.59,GBP,16.52,PAID
IL900347,INV-50246,2026-05-04,P-1183,SH100310,BASE,740.97,GBP,148.19,PAID
IL900348,INV-50246,2026-05-04,P-1183,SH100310,FUEL,76.02,GBP,15.20,PAID
IL900349,INV-50247,2025-01-29,P-1213,SH100311,BASE,245.96,GBP,49.19,PAID
IL900350,INV-50248,2025-04-18,P-1200,SH100312,BASE,429.83,GBP,85.97,OPEN
IL900351,INV-50248,2025-04-18,P-1200,SH100312,FUEL,56.81,GBP,11.36,OPEN
IL900352,INV-50249,2025-02-12,P-1175,SH100314,BASE,776.94,GBP,155.39,PAID
IL900353,INV-50250,2025-09-10,P-1196,SH100315,BASE,770.18,GBP,154.04,PAID
IL900354,INV-50250,2025-09-10,P-1196,SH100315,FUEL,103.92,GBP,20.78,PAID
IL900355,INV-50251,2026-04-06,P-1172,SH100316,BASE,424.40,GBP,84.88,OPEN
IL900356,INV-50251,2026-04-06,P-1172,SH100316,FUEL,35.89,GBP,7.18,OPEN
IL900357,INV-50252,2026-05-09,P-1187,SH100317,BASE,516.69,GBP,103.34,VOID
IL900358,INV-50253,2025-05-07,P-1170,SH100318,BASE,229.61,GBP,45.92,OPEN
IL900359,INV-50253,2025-05-07,P-1170,SH100318,FUEL,27.95,GBP,5.59,OPEN
IL900360,INV-50254,2025-11-22,P-1001,SH100319,BASE,335.11,EUR,67.02,OPEN
IL900361,INV-50255,2025-04-12,P-1166,SH100320,BASE,412.20,GBP,82.44,PAID
IL900362,INV-50256,2025-12-03,P-1190,SH100321,BASE,474.47,EUR,94.89,PAID
IL900363,INV-50257,2026-04-22,P-1151,SH100322,BASE,55.04,GBP,11.01,PAID
IL900364,INV-50257,2026-04-22,P-1151,SH100322,FUEL,3.78,GBP,0.76,PAID
IL900365,INV-50257,2026-04-22,P-1151,SH100322,ACCESSORIAL,24.36,GBP,4.87,PAID
IL900366,INV-50258,2026-03-09,P-1141,SH100324,BASE,799.21,EUR,159.84,CREDITED
IL900367,INV-50259,2025-09-03,P-1130,SH100325,BASE,131.50,GBP,26.30,PAID
IL900368,INV-50260,2026-03-30,P-1025,SH100327,BASE,316.02,GBP,63.20,PAID
IL900369,INV-50261,2025-06-11,P-1068,SH100328,BASE,206.28,GBP,41.26,OPEN
IL900370,INV-50261,2025-06-11,P-1068,SH100328,FUEL,12.49,GBP,2.50,OPEN
IL900371,INV-50262,2025-05-01,P-1052,SH100329,BASE,278.63,EUR,55.73,PAID
IL900372,INV-50263,2025-01-16,P-1204,SH100330,BASE,402.01,GBP,80.40,PAID
IL900373,INV-50264,2025-11-27,P-1188,SH100331,BASE,184.81,GBP,36.96,OPEN
IL900374,INV-50264,2025-11-27,P-1188,SH100331,FUEL,19.63,GBP,3.93,OPEN
IL900375,INV-50265,2026-01-21,P-1121,SH100332,BASE,98.84,GBP,19.77,OPEN
IL900376,INV-50265,2026-01-21,P-1121,SH100332,FUEL,8.23,GBP,1.65,OPEN
IL900377,INV-50266,2026-03-30,P-1177,SH100334,BASE,34.84,EUR,6.97,PAID
IL900378,INV-50266,2026-03-30,P-1177,SH100334,FUEL,3.33,EUR,0.67,PAID
IL900379,INV-50267,2025-10-15,P-1013,SH100335,BASE,368.00,GBP,73.60,PAID
IL900380,INV-50268,2025-01-08,P-1148,SH100336,BASE,75.27,EUR,15.05,PAID
IL900381,INV-50269,2026-03-03,P-1186,SH100338,BASE,109.28,EUR,21.86,PAID
IL900382,INV-50270,2025-03-28,P-1211,SH100339,BASE,539.62,GBP,107.92,PAID
IL900383,INV-50271,2025-11-03,P-1129,SH100340,BASE,485.98,GBP,97.20,PAID
IL900384,INV-50272,2025-09-27,P-1025,SH100342,BASE,399.05,GBP,79.81,OPEN
IL900385,INV-50273,2025-10-05,P-1138,SH100343,BASE,221.95,GBP,44.39,PAID
IL900386,INV-50274,2025-12-13,P-1179,SH100344,BASE,33.63,GBP,6.73,PAID
IL900387,INV-50275,2026-05-14,P-1182,SH100345,BASE,67.48,GBP,13.50,PAID
IL900388,INV-50276,2025-06-21,P-1147,SH100346,BASE,422.57,EUR,84.51,OPEN
IL900389,INV-50276,2025-06-21,P-1147,SH100346,FUEL,54.29,EUR,10.86,OPEN
IL900390,INV-50277,2025-05-12,P-1111,SH100347,BASE,1050.06,GBP,210.01,PAID
IL900391,INV-50277,2025-05-12,P-1111,SH100347,FUEL,82.44,GBP,16.49,PAID
IL900392,INV-50277,2025-05-12,P-1111,SH100347,ACCESSORIAL,14.66,GBP,2.93,PAID
IL900393,INV-50278,2026-03-11,P-1031,SH100348,BASE,528.61,GBP,105.72,PAID
IL900394,INV-50278,2026-03-11,P-1031,SH100348,FUEL,69.24,GBP,13.85,PAID
IL900395,INV-50279,2025-12-28,P-1202,SH100349,BASE,277.69,EUR,55.54,PAID
IL900396,INV-50279,2025-12-28,P-1202,SH100349,FUEL,36.78,EUR,7.36,PAID
IL900397,INV-50280,2026-03-14,P-1173,SH100350,BASE,353.96,GBP,70.79,PAID
IL900398,INV-50281,2025-08-02,P-1177,SH100351,BASE,110.57,GBP,22.11,PAID
IL900399,INV-50282,2025-08-26,P-1022,SH100353,BASE,35.35,GBP,7.07,PAID
IL900400,INV-50283,2025-01-22,P-1128,SH100354,BASE,152.61,GBP,30.52,PAID
IL900401,INV-50284,2025-07-24,P-1145,SH100355,BASE,549.27,GBP,109.85,PAID
IL900402,INV-50285,2025-02-11,P-1072,SH100356,BASE,558.60,EUR,111.72,PAID
IL900403,INV-50285,2025-02-11,P-1072,SH100356,FUEL,72.69,EUR,14.54,PAID
IL900404,INV-50286,2025-11-29,P-1160,SH100357,BASE,519.29,GBP,103.86,PAID
IL900405,INV-50286,2025-11-29,P-1160,SH100357,FUEL,66.70,GBP,13.34,PAID
IL900406,INV-50287,2026-05-02,P-1076,SH100358,BASE,298.66,EUR,59.73,PAID
IL900407,INV-50288,2026-01-17,P-1235,SH100359,BASE,275.66,GBP,55.13,PAID
IL900408,INV-50288,2026-01-17,P-1235,SH100359,FUEL,33.27,GBP,6.65,PAID
IL900409,INV-50289,2025-08-07,P-1212,SH100360,BASE,618.56,GBP,123.71,PAID
IL900410,INV-50289,2025-08-07,P-1212,SH100360,FUEL,38.10,GBP,7.62,PAID
IL900411,INV-50290,2025-09-14,P-1194,SH100362,BASE,338.18,GBP,67.64,PAID
IL900412,INV-50291,2026-01-28,P-1063,SH100364,BASE,118.27,GBP,23.65,CREDITED
IL900413,INV-50291,2026-01-28,P-1063,SH100364,FUEL,11.05,GBP,2.21,CREDITED
IL900414,INV-50292,2025-12-06,P-1150,SH100365,BASE,303.56,GBP,60.71,PAID
IL900415,INV-50293,2025-09-02,P-1091,SH100366,BASE,369.46,GBP,73.89,PAID
IL900416,INV-50294,2026-04-25,P-1023,SH100368,BASE,312.22,GBP,62.44,OPEN
IL900417,INV-50295,2026-05-26,P-1220,SH100369,BASE,320.56,GBP,64.11,PAID
IL900418,INV-50296,2026-03-19,P-1036,SH100370,BASE,110.29,GBP,22.06,OPEN
IL900419,INV-50296,2026-03-19,P-1036,SH100370,FUEL,13.35,GBP,2.67,OPEN
IL900420,INV-50296,2026-03-19,P-1036,SH100370,ACCESSORIAL,39.31,GBP,7.86,OPEN
IL900421,INV-50297,2025-04-25,P-1013,SH100371,BASE,87.20,GBP,17.44,PAID
IL900422,INV-50297,2025-04-25,P-1013,SH100371,FUEL,10.26,GBP,2.05,PAID
IL900423,INV-50298,2025-12-09,P-1103,SH100372,BASE,269.88,GBP,53.98,OPEN
IL900424,INV-50299,2025-11-24,P-1085,SH100374,BASE,219.43,GBP,43.89,PAID
IL900425,INV-50299,2025-11-24,P-1085,SH100374,FUEL,27.00,GBP,5.40,PAID
IL900426,INV-50300,2025-08-01,P-1013,SH100375,BASE,169.31,GBP,33.86,CREDITED
IL900427,INV-50300,2025-08-01,P-1013,SH100375,FUEL,18.63,GBP,3.73,CREDITED
IL900428,INV-50301,2025-07-09,P-1189,SH100376,BASE,188.05,GBP,37.61,PAID
IL900429,INV-50302,2025-04-24,P-1185,SH100377,BASE,69.78,GBP,13.96,PAID
IL900430,INV-50303,2025-02-12,P-1089,SH100378,BASE,117.87,GBP,23.57,PAID
IL900431,INV-50304,2026-01-11,P-1177,SH100380,BASE,130.07,GBP,26.01,PAID
IL900432,INV-50305,2025-08-08,P-1149,SH100382,BASE,260.33,GBP,52.07,OPEN
IL900433,INV-50305,2025-08-08,P-1149,SH100382,FUEL,30.55,GBP,6.11,OPEN
IL900434,INV-50306,2025-08-04,P-1197,SH100383,BASE,45.65,EUR,9.13,OPEN
IL900435,INV-50307,2025-07-19,P-1130,SH100384,BASE,171.37,EUR,34.27,OPEN
IL900436,INV-50308,2025-08-29,P-1030,SH100385,BASE,107.48,GBP,21.50,PAID
IL900437,INV-50308,2025-08-29,P-1030,SH100385,FUEL,7.05,GBP,1.41,PAID
IL900438,INV-50309,2026-05-14,P-1079,SH100387,BASE,209.16,GBP,41.83,PAID
IL900439,INV-50310,2025-10-27,P-1031,SH100388,BASE,271.73,GBP,54.35,OPEN
IL900440,INV-50311,2025-10-14,P-1069,SH100389,BASE,182.72,GBP,36.54,OPEN
IL900441,INV-50312,2025-05-06,P-1159,SH100390,BASE,314.14,GBP,62.83,VOID
IL900442,INV-50312,2025-05-06,P-1159,SH100390,FUEL,24.46,GBP,4.89,VOID
IL900443,INV-50313,2025-10-14,P-1153,SH100391,BASE,326.69,GBP,65.34,PAID
IL900444,INV-50314,2025-08-30,P-1085,SH100392,BASE,571.75,GBP,114.35,PAID
IL900445,INV-50314,2025-08-30,P-1085,SH100392,FUEL,62.72,GBP,12.54,PAID
IL900446,INV-50315,2025-04-05,P-1105,SH100393,BASE,401.75,GBP,80.35,PAID
IL900447,INV-50316,2026-03-07,P-1119,SH100395,BASE,32.50,GBP,6.50,PAID
IL900448,INV-50316,2026-03-07,P-1119,SH100395,FUEL,3.08,GBP,0.62,PAID
IL900449,INV-50317,2025-12-01,P-1070,SH100396,BASE,416.64,GBP,83.33,PAID
IL900450,INV-50318,2026-02-28,P-1079,SH100397,BASE,338.64,GBP,67.73,PAID
IL900451,INV-50319,2025-06-26,P-1097,SH100399,BASE,420.46,GBP,84.09,PAID
IL900452,INV-50319,2025-06-26,P-1097,SH100399,FUEL,45.52,GBP,9.10,PAID
IL900453,INV-50320,2025-11-02,P-1144,SH100400,BASE,299.87,GBP,59.97,PAID
IL900454,INV-50321,2025-12-14,P-1053,SH100401,BASE,279.92,GBP,55.98,PAID
IL900455,INV-50321,2025-12-14,P-1053,SH100401,FUEL,25.56,GBP,5.11,PAID
IL900456,INV-50322,2026-01-18,P-1176,SH100403,BASE,260.99,EUR,52.20,PAID
IL900457,INV-50323,2026-01-23,P-1113,SH100404,BASE,491.52,GBP,98.30,PAID
IL900458,INV-50323,2026-01-23,P-1113,SH100404,FUEL,60.61,GBP,12.12,PAID
IL900459,INV-50323,2026-01-23,P-1113,SH100404,ACCESSORIAL,33.74,GBP,6.75,PAID
IL900460,INV-50324,2025-04-24,P-1035,SH100405,BASE,518.89,GBP,103.78,PAID
IL900461,INV-50324,2025-04-24,P-1035,SH100405,FUEL,55.38,GBP,11.08,PAID
IL900462,INV-50325,2025-12-21,P-1046,SH100406,BASE,191.52,GBP,38.30,PAID
IL900463,INV-50326,2025-02-05,P-1110,SH100407,BASE,255.08,GBP,51.02,PAID
IL900464,INV-50327,2025-05-10,P-1207,SH100409,BASE,35.52,GBP,7.10,PAID
IL900465,INV-50327,2025-05-10,P-1207,SH100409,FUEL,4.60,GBP,0.92,PAID
IL900466,INV-50327,2025-05-10,P-1207,SH100409,ACCESSORIAL,30.60,GBP,6.12,PAID
IL900467,INV-50328,2025-02-10,P-1206,SH100410,BASE,739.70,GBP,147.94,PAID
IL900468,INV-50329,2025-06-16,P-1151,SH100411,BASE,467.21,GBP,93.44,PAID
IL900469,INV-50330,2025-06-13,P-1211,SH100412,BASE,135.63,GBP,27.13,OPEN
IL900470,INV-50331,2025-03-15,P-1069,SH100413,BASE,964.38,GBP,192.88,OPEN
IL900471,INV-50332,2025-09-06,P-1004,SH100416,BASE,394.34,GBP,78.87,PAID
IL900472,INV-50333,2025-02-03,P-1148,SH100417,BASE,362.90,GBP,72.58,PAID
IL900473,INV-50334,2025-04-10,P-1069,SH100418,BASE,1110.79,GBP,222.16,VOID
IL900474,INV-50335,2025-11-05,P-1102,SH100419,BASE,423.67,GBP,84.73,PAID
IL900475,INV-50336,2025-11-05,P-1226,SH100420,BASE,412.74,GBP,82.55,OPEN
IL900476,INV-50337,2025-11-10,P-1182,SH100421,BASE,992.74,GBP,198.55,VOID
IL900477,INV-50338,2025-02-01,P-1063,SH100422,BASE,55.47,GBP,11.09,PAID
IL900478,INV-50339,2025-03-08,P-1019,SH100423,BASE,325.13,GBP,65.03,PAID
IL900479,INV-50340,2025-08-26,P-1060,SH100424,BASE,667.74,EUR,133.55,OPEN
IL900480,INV-50341,2025-12-23,P-1166,SH100425,BASE,458.33,GBP,91.67,OPEN
IL900481,INV-50341,2025-12-23,P-1166,SH100425,FUEL,31.21,GBP,6.24,OPEN
IL900482,INV-50342,2025-03-27,P-1103,SH100427,BASE,483.20,GBP,96.64,PAID
IL900483,INV-50343,2025-08-22,P-1103,SH100428,BASE,313.27,EUR,62.65,PAID
IL900484,INV-50343,2025-08-22,P-1103,SH100428,FUEL,33.11,EUR,6.62,PAID
IL900485,INV-50344,2025-01-21,P-1145,SH100431,BASE,97.27,GBP,19.45,CREDITED
IL900486,INV-50344,2025-01-21,P-1145,SH100431,FUEL,9.01,GBP,1.80,CREDITED
IL900487,INV-50345,2025-11-09,P-1131,SH100432,BASE,38.54,GBP,7.71,PAID
IL900488,INV-50346,2026-03-26,P-1140,SH100433,BASE,34.66,GBP,6.93,OPEN
IL900489,INV-50347,2025-02-17,P-1144,SH100435,BASE,372.33,EUR,74.47,PAID
IL900490,INV-50348,2025-09-06,P-1133,SH100436,BASE,43.14,GBP,8.63,PAID
IL900491,INV-50349,2025-06-18,P-1078,SH100437,BASE,826.70,GBP,165.34,PAID
IL900492,INV-50350,2025-10-16,P-1083,SH100438,BASE,514.13,GBP,102.83,PAID
IL900493,INV-50351,2026-03-15,P-1096,SH100439,BASE,250.07,GBP,50.01,PAID
IL900494,INV-50351,2026-03-15,P-1096,SH100439,FUEL,29.78,GBP,5.96,PAID
IL900495,INV-50351,2026-03-15,P-1096,SH100439,ACCESSORIAL,23.58,GBP,4.72,PAID
IL900496,INV-50352,2026-04-10,P-1079,SH100440,BASE,952.90,GBP,190.58,VOID
IL900497,INV-50353,2025-01-29,P-1100,SH100441,BASE,158.55,GBP,31.71,PAID
IL900498,INV-50353,2025-01-29,P-1100,SH100441,FUEL,12.62,GBP,2.52,PAID
IL900499,INV-50354,2025-12-01,P-1170,SH100442,BASE,143.34,GBP,28.67,PAID
IL900500,INV-50355,2026-02-26,P-1222,SH100443,BASE,626.44,GBP,125.29,PAID
IL900501,INV-50356,2026-01-02,P-1020,SH100444,BASE,222.60,GBP,44.52,PAID
IL900502,INV-50357,2025-02-08,P-1233,SH100446,BASE,452.29,GBP,90.46,PAID
IL900503,INV-50358,2026-04-07,P-1029,SH100447,BASE,24.55,GBP,4.91,CREDITED
IL900504,INV-50358,2026-04-07,P-1029,SH100447,FUEL,2.42,GBP,0.48,CREDITED
IL900505,INV-50359,2025-09-08,P-1131,SH100448,BASE,137.19,GBP,27.44,PAID
IL900506,INV-50359,2025-09-08,P-1131,SH100448,FUEL,19.04,GBP,3.81,PAID
IL900507,INV-50360,2025-08-01,P-1040,SH100449,BASE,233.85,GBP,46.77,PAID
IL900508,INV-50360,2025-08-01,P-1040,SH100449,FUEL,20.56,GBP,4.11,PAID
IL900509,INV-50361,2025-10-25,P-1207,SH100450,BASE,141.49,GBP,28.30,PAID
IL900510,INV-50361,2025-10-25,P-1207,SH100450,FUEL,18.71,GBP,3.74,PAID
IL900511,INV-50362,2025-10-18,P-1152,SH100451,BASE,416.62,GBP,83.32,PAID
IL900512,INV-50363,2026-03-18,P-1235,SH100452,BASE,414.16,GBP,82.83,PAID
IL900513,INV-50364,2025-04-03,P-1083,SH100454,BASE,420.19,GBP,84.04,PAID
IL900514,INV-50365,2025-12-30,P-1209,SH100455,BASE,205.56,EUR,41.11,OPEN
IL900515,INV-50366,2026-03-02,P-1123,SH100456,BASE,529.61,GBP,105.92,PAID
IL900516,INV-50367,2026-01-10,P-1106,SH100457,BASE,326.87,GBP,65.37,PAID
IL900517,INV-50368,2026-03-08,P-1094,SH100458,BASE,20.39,GBP,4.08,PAID
IL900518,INV-50369,2026-02-11,P-1027,SH100459,BASE,140.96,GBP,28.19,PAID
IL900519,INV-50369,2026-02-11,P-1027,SH100459,FUEL,19.21,GBP,3.84,PAID
IL900520,INV-50370,2025-09-13,P-1027,SH100460,BASE,238.04,GBP,47.61,VOID
IL900521,INV-50371,2026-05-14,P-1114,SH100461,BASE,37.20,EUR,7.44,OPEN
IL900522,INV-50372,2026-03-21,P-1183,SH100462,BASE,158.42,GBP,31.68,PAID
IL900523,INV-50372,2026-03-21,P-1183,SH100462,FUEL,15.87,GBP,3.17,PAID
IL900524,INV-50373,2025-10-28,P-1235,SH100463,BASE,239.69,GBP,47.94,PAID
IL900525,INV-50374,2025-01-07,P-1109,SH100465,BASE,293.99,GBP,58.80,PAID
IL900526,INV-50375,2025-12-27,P-1209,SH100466,BASE,341.88,GBP,68.38,PAID
IL900527,INV-50376,2025-06-27,P-1045,SH100467,BASE,314.24,GBP,62.85,PAID
IL900528,INV-50377,2026-01-08,P-1073,SH100469,BASE,191.44,GBP,38.29,PAID
IL900529,INV-50377,2026-01-08,P-1073,SH100469,FUEL,15.99,GBP,3.20,PAID
IL900530,INV-50378,2025-07-11,P-1138,SH100470,BASE,783.10,GBP,156.62,PAID
IL900531,INV-50379,2025-01-20,P-1071,SH100471,BASE,176.16,GBP,35.23,PAID
IL900532,INV-50380,2025-06-24,P-1117,SH100472,BASE,402.18,EUR,80.44,PAID
IL900533,INV-50380,2025-06-24,P-1117,SH100472,ACCESSORIAL,8.67,EUR,1.73,PAID
IL900534,INV-50381,2025-09-24,P-1221,SH100473,BASE,249.42,GBP,49.88,PAID
IL900535,INV-50382,2026-01-28,P-1019,SH100474,BASE,78.60,GBP,15.72,PAID
IL900536,INV-50383,2025-06-07,P-1126,SH100475,BASE,546.71,EUR,109.34,PAID
IL900537,INV-50384,2025-01-14,P-1168,SH100476,BASE,119.00,GBP,23.80,OPEN
IL900538,INV-50385,2026-02-07,P-1124,SH100477,BASE,704.70,GBP,140.94,CREDITED
IL900539,INV-50386,2025-09-02,P-1025,SH100478,BASE,377.47,GBP,75.49,PAID
IL900540,INV-50387,2025-11-16,P-1017,SH100479,BASE,215.95,GBP,43.19,PAID
IL900541,INV-50387,2025-11-16,P-1017,SH100479,FUEL,15.74,GBP,3.15,PAID
IL900542,INV-50388,2025-12-05,P-1107,SH100480,BASE,528.31,GBP,105.66,PAID
IL900543,INV-50389,2025-04-19,P-1208,SH100482,BASE,757.65,EUR,151.53,PAID
IL900544,INV-50390,2025-08-03,P-1202,SH100484,BASE,81.37,GBP,16.27,OPEN
IL900545,INV-50391,2026-02-14,P-1209,SH100485,BASE,373.00,GBP,74.60,OPEN
IL900546,INV-50391,2026-02-14,P-1209,SH100485,FUEL,38.31,GBP,7.66,OPEN
IL900547,INV-50392,2025-01-17,P-1191,SH100486,BASE,531.50,GBP,106.30,PAID
IL900548,INV-50392,2025-01-17,P-1191,SH100486,FUEL,33.28,GBP,6.66,PAID
IL900549,INV-50393,2025-09-09,P-1169,SH100490,BASE,89.23,GBP,17.85,PAID
IL900550,INV-50394,2026-01-29,P-1188,SH100491,BASE,366.47,EUR,73.29,PAID
IL900551,INV-50395,2025-06-03,P-1169,SH100492,BASE,172.75,GBP,34.55,OPEN
IL900552,INV-50396,2025-05-01,P-1023,SH100493,BASE,429.12,GBP,85.82,PAID
IL900553,INV-50396,2025-05-01,P-1023,SH100493,FUEL,41.79,GBP,8.36,PAID
IL900554,INV-50397,2025-03-05,P-1203,SH100494,BASE,220.53,GBP,44.11,OPEN
IL900555,INV-50397,2025-03-05,P-1203,SH100494,FUEL,18.59,GBP,3.72,OPEN
IL900556,INV-50398,2025-09-04,P-1104,SH100495,BASE,113.22,GBP,22.64,PAID
IL900557,INV-50398,2025-09-04,P-1104,SH100495,FUEL,13.31,GBP,2.66,PAID
IL900558,INV-50399,2026-02-09,P-1113,SH100497,BASE,561.67,GBP,112.33,PAID
IL900559,INV-50400,2025-10-03,P-1199,SH100498,BASE,162.08,GBP,32.42,OPEN
IL900560,INV-50401,2025-05-12,P-1037,SH100499,BASE,184.30,EUR,36.86,OPEN
IL900561,INV-50402,2025-09-01,P-1127,SH100500,BASE,512.98,EUR,102.60,PAID
IL900562,INV-50402,2025-09-01,P-1127,SH100500,FUEL,59.26,EUR,11.85,PAID
IL900563,INV-50403,2025-03-26,P-1077,SH100501,BASE,435.52,GBP,87.10,CREDITED
IL900564,INV-50404,2025-01-25,P-1066,SH100502,BASE,109.63,GBP,21.93,OPEN
IL900565,INV-50404,2025-01-25,P-1066,SH100502,FUEL,10.34,GBP,2.07,OPEN
IL900566,INV-50405,2025-07-21,P-1031,SH100504,BASE,165.22,GBP,33.04,PAID
IL900567,INV-50406,2025-02-21,P-1097,SH100505,BASE,319.19,GBP,63.84,PAID
IL900568,INV-50406,2025-02-21,P-1097,SH100505,ACCESSORIAL,36.37,GBP,7.27,PAID
IL900569,INV-50407,2026-01-10,P-1225,SH100506,BASE,167.97,GBP,33.59,PAID
IL900570,INV-50407,2026-01-10,P-1225,SH100506,FUEL,14.86,GBP,2.97,PAID
IL900571,INV-50408,2025-08-25,P-1121,SH100507,BASE,141.66,GBP,28.33,OPEN
IL900572,INV-50409,2025-08-08,P-1001,SH100508,BASE,82.62,GBP,16.52,VOID
IL900573,INV-50409,2025-08-08,P-1001,SH100508,FUEL,7.36,GBP,1.47,VOID
IL900574,INV-50410,2025-08-18,P-1237,SH100509,BASE,842.81,GBP,168.56,OPEN
IL900575,INV-50411,2025-10-29,P-1106,SH100510,BASE,507.04,GBP,101.41,PAID
IL900576,INV-50411,2025-10-29,P-1106,SH100510,FUEL,66.99,GBP,13.40,PAID
IL900577,INV-50412,2025-12-17,P-1161,SH100511,BASE,188.02,GBP,37.60,PAID
IL900578,INV-50413,2026-02-14,P-1045,SH100512,BASE,802.09,GBP,160.42,PAID
IL900579,INV-50414,2026-01-30,P-1153,SH100513,BASE,438.44,GBP,87.69,PAID
IL900580,INV-50415,2026-05-17,P-1222,SH100514,BASE,570.19,EUR,114.04,PAID
IL900581,INV-50415,2026-05-17,P-1222,SH100514,FUEL,71.90,EUR,14.38,PAID
IL900582,INV-50416,2025-03-13,P-1061,SH100515,BASE,326.90,GBP,65.38,OPEN
IL900583,INV-50416,2025-03-13,P-1061,SH100515,FUEL,42.42,GBP,8.48,OPEN
IL900584,INV-50417,2025-06-22,P-1167,SH100516,BASE,454.89,GBP,90.98,OPEN
IL900585,INV-50417,2025-06-22,P-1167,SH100516,FUEL,35.95,GBP,7.19,OPEN
IL900586,INV-50418,2025-10-09,P-1096,SH100517,BASE,255.47,GBP,51.09,PAID
IL900587,INV-50418,2025-10-09,P-1096,SH100517,FUEL,27.09,GBP,5.42,PAID
IL900588,INV-50419,2025-07-09,P-1087,SH100518,BASE,115.86,GBP,23.17,CREDITED
IL900589,INV-50420,2025-11-10,P-1168,SH100519,BASE,129.06,GBP,25.81,OPEN
IL900590,INV-50420,2025-11-10,P-1168,SH100519,FUEL,8.66,GBP,1.73,OPEN
IL900591,INV-50421,2025-12-20,P-1086,SH100520,BASE,215.61,EUR,43.12,OPEN
IL900592,INV-50421,2025-12-20,P-1086,SH100520,FUEL,22.29,EUR,4.46,OPEN
IL900593,INV-50422,2025-08-25,P-1093,SH100522,BASE,488.56,GBP,97.71,PAID
IL900594,INV-50422,2025-08-25,P-1093,SH100522,FUEL,36.39,GBP,7.28,PAID
IL900595,INV-50423,2025-05-08,P-1221,SH100523,BASE,143.55,EUR,28.71,VOID
IL900596,INV-50424,2025-09-06,P-1043,SH100524,BASE,224.29,GBP,44.86,CREDITED
IL900597,INV-50424,2025-09-06,P-1043,SH100524,FUEL,19.59,GBP,3.92,CREDITED
IL900598,INV-50425,2025-05-12,P-1176,SH100525,BASE,418.63,GBP,83.73,PAID
IL900599,INV-50426,2026-02-04,P-1202,SH100527,BASE,369.61,GBP,73.92,PAID
IL900600,INV-50427,2025-06-10,P-1096,SH100528,BASE,870.44,EUR,174.09,OPEN
IL900601,INV-50428,2026-02-04,P-1051,SH100529,BASE,235.13,GBP,47.03,PAID
IL900602,INV-50428,2026-02-04,P-1051,SH100529,FUEL,31.29,GBP,6.26,PAID
IL900603,INV-50429,2025-07-13,P-1010,SH100530,BASE,360.16,GBP,72.03,PAID
IL900604,INV-50429,2025-07-13,P-1010,SH100530,FUEL,22.28,GBP,4.46,PAID
IL900605,INV-50430,2025-02-17,P-1103,SH100531,BASE,203.78,GBP,40.76,PAID
IL900606,INV-50431,2025-12-05,P-1187,SH100532,BASE,729.30,EUR,145.86,PAID
IL900607,INV-50431,2025-12-05,P-1187,SH100532,FUEL,49.01,EUR,9.80,PAID
IL900608,INV-50431,2025-12-05,P-1187,SH100532,ACCESSORIAL,41.59,EUR,8.32,PAID
IL900609,INV-50432,2025-03-01,P-1088,SH100533,BASE,380.47,EUR,76.09,VOID
IL900610,INV-50433,2026-02-19,P-1209,SH100535,BASE,253.14,GBP,50.63,PAID
IL900611,INV-50434,2025-12-17,P-1203,SH100536,BASE,195.84,GBP,39.17,VOID
IL900612,INV-50435,2025-11-05,P-1015,SH100538,BASE,459.13,EUR,91.83,OPEN
IL900613,INV-50435,2025-11-05,P-1015,SH100538,FUEL,54.84,EUR,10.97,OPEN
IL900614,INV-50436,2025-01-23,P-1061,SH100539,BASE,533.00,GBP,106.60,PAID
IL900615,INV-50436,2025-01-23,P-1061,SH100539,FUEL,51.21,GBP,10.24,PAID
IL900616,INV-50437,2025-09-10,P-1084,SH100540,BASE,135.52,GBP,27.10,PAID
IL900617,INV-50437,2025-09-10,P-1084,SH100540,ACCESSORIAL,13.33,GBP,2.67,PAID
IL900618,INV-50438,2025-08-11,P-1132,SH100541,BASE,305.21,GBP,61.04,PAID
IL900619,INV-50439,2025-09-13,P-1110,SH100542,BASE,251.84,GBP,50.37,PAID
IL900620,INV-50439,2025-09-13,P-1110,SH100542,FUEL,27.34,GBP,5.47,PAID
IL900621,INV-50439,2025-09-13,P-1110,SH100542,ACCESSORIAL,23.99,GBP,4.80,PAID
IL900622,INV-50440,2025-10-30,P-1079,SH100543,BASE,271.33,GBP,54.27,PAID
IL900623,INV-50441,2025-06-11,P-1229,SH100544,BASE,44.86,GBP,8.97,OPEN
IL900624,INV-50441,2025-06-11,P-1229,SH100544,FUEL,4.65,GBP,0.93,OPEN
IL900625,INV-50442,2025-01-26,P-1226,SH100545,BASE,31.08,GBP,6.22,OPEN
IL900626,INV-50443,2025-02-11,P-1030,SH100546,BASE,616.07,GBP,123.21,OPEN
IL900627,INV-50443,2025-02-11,P-1030,SH100546,FUEL,53.38,GBP,10.68,OPEN
IL900628,INV-50444,2025-05-16,P-1203,SH100547,BASE,381.73,GBP,76.35,PAID
IL900629,INV-50445,2025-12-05,P-1238,SH100549,BASE,571.26,GBP,114.25,PAID
IL900630,INV-50446,2025-10-04,P-1022,SH100550,BASE,247.65,GBP,49.53,PAID
IL900631,INV-50446,2025-10-04,P-1022,SH100550,FUEL,24.39,GBP,4.88,PAID
IL900632,INV-50447,2026-05-19,P-1237,SH100551,BASE,104.95,GBP,20.99,PAID
IL900633,INV-50448,2025-04-30,P-1055,SH100552,BASE,295.95,GBP,59.19,PAID
IL900634,INV-50448,2025-04-30,P-1055,SH100552,FUEL,38.78,GBP,7.76,PAID
IL900635,INV-50449,2025-07-08,P-1172,SH100553,BASE,550.36,GBP,110.07,PAID
IL900636,INV-50450,2026-04-06,P-1225,SH100554,BASE,476.52,GBP,95.30,PAID
IL900637,INV-50451,2025-08-17,P-1073,SH100555,BASE,406.42,GBP,81.28,OPEN
IL900638,INV-50452,2026-03-24,P-1216,SH100556,BASE,281.51,GBP,56.30,PAID
IL900639,INV-50452,2026-03-24,P-1216,SH100556,FUEL,22.77,GBP,4.55,PAID
IL900640,INV-50453,2025-11-16,P-1206,SH100558,BASE,334.70,GBP,66.94,PAID
IL900641,INV-50454,2025-05-16,P-1187,SH100559,BASE,208.86,GBP,41.77,CREDITED
IL900642,INV-50454,2025-05-16,P-1187,SH100559,FUEL,24.98,GBP,5.00,CREDITED
IL900643,INV-50455,2026-02-07,P-1114,SH100560,BASE,60.93,GBP,12.19,PAID
IL900644,INV-50456,2025-06-22,P-1131,SH100561,BASE,483.28,EUR,96.66,PAID
IL900645,INV-50457,2025-05-11,P-1073,SH100562,BASE,395.75,GBP,79.15,PAID
IL900646,INV-50457,2025-05-11,P-1073,SH100562,FUEL,45.44,GBP,9.09,PAID
IL900647,INV-50458,2025-07-23,P-1073,SH100563,BASE,387.45,GBP,77.49,PAID
IL900648,INV-50459,2026-05-09,P-1101,SH100564,BASE,424.37,GBP,84.87,PAID
IL900649,INV-50460,2025-10-20,P-1029,SH100565,BASE,718.69,GBP,143.74,OPEN
IL900650,INV-50461,2025-04-29,P-1062,SH100566,BASE,514.07,GBP,102.81,PAID
IL900651,INV-50461,2025-04-29,P-1062,SH100566,FUEL,36.06,GBP,7.21,PAID
IL900652,INV-50462,2025-11-25,P-1064,SH100567,BASE,452.69,GBP,90.54,OPEN
IL900653,INV-50463,2025-03-19,P-1119,SH100568,BASE,159.55,GBP,31.91,PAID
IL900654,INV-50464,2025-10-17,P-1025,SH100569,BASE,539.55,GBP,107.91,PAID
IL900655,INV-50464,2025-10-17,P-1025,SH100569,FUEL,69.85,GBP,13.97,PAID
IL900656,INV-50465,2025-05-01,P-1032,SH100570,BASE,116.11,GBP,23.22,VOID
IL900657,INV-50466,2025-12-02,P-1215,SH100571,BASE,58.00,GBP,11.60,OPEN
IL900658,INV-50466,2025-12-02,P-1215,SH100571,FUEL,4.50,GBP,0.90,OPEN
IL900659,INV-50467,2025-03-02,P-1226,SH100572,BASE,264.76,GBP,52.95,PAID
IL900660,INV-50468,2025-09-18,P-1145,SH100573,BASE,439.33,EUR,87.87,PAID
IL900661,INV-50468,2025-09-18,P-1145,SH100573,FUEL,52.05,EUR,10.41,PAID
IL900662,INV-50468,2025-09-18,P-1145,SH100573,ACCESSORIAL,48.94,EUR,9.79,PAID
IL900663,INV-50469,2026-04-22,P-1179,SH100574,BASE,25.18,GBP,5.04,PAID
IL900664,INV-50469,2026-04-22,P-1179,SH100574,FUEL,2.35,GBP,0.47,PAID
IL900665,INV-50470,2025-08-05,P-1044,SH100575,BASE,341.46,GBP,68.29,PAID
IL900666,INV-50471,2025-04-03,P-1178,SH100577,BASE,255.63,GBP,51.13,OPEN
IL900667,INV-50472,2025-04-17,P-1222,SH100579,BASE,92.83,GBP,18.57,VOID
IL900668,INV-50473,2025-03-08,P-1191,SH100580,BASE,569.11,GBP,113.82,PAID
IL900669,INV-50474,2025-05-15,P-1212,SH100581,BASE,448.46,GBP,89.69,PAID
IL900670,INV-50474,2025-05-15,P-1212,SH100581,FUEL,35.91,GBP,7.18,PAID
IL900671,INV-50475,2025-04-09,P-1186,SH100582,BASE,339.13,GBP,67.83,OPEN
IL900672,INV-50476,2025-12-30,P-1179,SH100583,BASE,211.55,GBP,42.31,PAID
IL900673,INV-50477,2025-11-08,P-1138,SH100584,BASE,527.74,GBP,105.55,CREDITED
IL900674,INV-50478,2026-03-23,P-1020,SH100585,BASE,195.41,EUR,39.08,CREDITED
IL900675,INV-50478,2026-03-23,P-1020,SH100585,FUEL,15.64,EUR,3.13,CREDITED
IL900676,INV-50479,2026-03-24,P-1059,SH100586,BASE,508.19,EUR,101.64,PAID
IL900677,INV-50480,2025-06-15,P-1006,SH100587,BASE,246.00,GBP,49.20,PAID
IL900678,INV-50480,2025-06-15,P-1006,SH100587,FUEL,25.62,GBP,5.12,PAID
IL900679,INV-50481,2025-03-21,P-1219,SH100588,BASE,140.00,GBP,28.00,PAID
IL900680,INV-50482,2026-01-02,P-1187,SH100589,BASE,636.41,GBP,127.28,PAID
IL900681,INV-50482,2026-01-02,P-1187,SH100589,FUEL,45.50,GBP,9.10,PAID
IL900682,INV-50483,2025-09-26,P-1081,SH100591,BASE,613.13,GBP,122.63,OPEN
IL900683,INV-50484,2025-09-28,P-1240,SH100593,BASE,538.63,GBP,107.73,PAID
IL900684,INV-50484,2025-09-28,P-1240,SH100593,FUEL,45.08,GBP,9.02,PAID
IL900685,INV-50485,2025-12-22,P-1181,SH100594,BASE,144.23,GBP,28.85,PAID
IL900686,INV-50486,2025-09-04,P-1062,SH100595,BASE,396.61,GBP,79.32,PAID
IL900687,INV-50487,2025-10-09,P-1100,SH100596,BASE,604.82,GBP,120.96,OPEN
IL900688,INV-50487,2025-10-09,P-1100,SH100596,FUEL,79.19,GBP,15.84,OPEN
IL900689,INV-50488,2025-06-09,P-1032,SH100597,BASE,208.87,GBP,41.77,PAID
IL900690,INV-50489,2025-07-12,P-1184,SH100598,BASE,52.33,GBP,10.47,PAID
IL900691,INV-50489,2025-07-12,P-1184,SH100598,FUEL,4.68,GBP,0.94,PAID
IL900692,INV-50490,2026-03-17,P-1209,SH100599,BASE,140.41,GBP,28.08,VOID
IL900693,INV-50491,2026-01-02,P-1139,SH100600,BASE,199.28,GBP,39.86,PAID
IL900694,INV-50492,2025-10-20,P-1070,SH100601,BASE,462.58,GBP,92.52,PAID
IL900695,INV-50493,2025-08-26,P-1111,SH100602,BASE,100.83,EUR,20.17,PAID
IL900696,INV-50493,2025-08-26,P-1111,SH100602,FUEL,13.52,EUR,2.70,PAID
IL900697,INV-50494,2026-01-11,P-1131,SH100603,BASE,165.28,EUR,33.06,OPEN
IL900698,INV-50495,2025-08-25,P-1135,SH100604,BASE,707.54,GBP,141.51,PAID
IL900699,INV-50496,2026-05-17,P-1151,SH100606,BASE,652.10,GBP,130.42,CREDITED
IL900700,INV-50496,2026-05-17,P-1151,SH100606,FUEL,85.69,GBP,17.14,CREDITED
IL900701,INV-50497,2026-02-08,P-1083,SH100609,BASE,465.27,GBP,93.05,VOID
IL900702,INV-50497,2026-02-08,P-1083,SH100609,FUEL,41.97,GBP,8.39,VOID
IL900703,INV-50498,2025-03-23,P-1171,SH100610,BASE,181.76,GBP,36.35,OPEN
IL900704,INV-50499,2025-12-27,P-1079,SH100611,BASE,259.34,GBP,51.87,PAID
IL900705,INV-50500,2025-02-15,P-1196,SH100612,BASE,226.20,GBP,45.24,OPEN
IL900706,INV-50501,2026-04-22,P-1094,SH100613,BASE,926.08,GBP,185.22,PAID
IL900707,INV-50501,2026-04-22,P-1094,SH100613,FUEL,60.26,GBP,12.05,PAID
IL900708,INV-50501,2026-04-22,P-1094,SH100613,ACCESSORIAL,51.37,GBP,10.27,PAID
IL900709,INV-50502,2025-02-01,P-1101,SH100614,BASE,185.69,GBP,37.14,PAID
IL900710,INV-50502,2025-02-01,P-1101,SH100614,FUEL,19.61,GBP,3.92,PAID
IL900711,INV-50503,2025-08-23,P-1168,SH100615,BASE,26.71,GBP,5.34,PAID
IL900712,INV-50504,2025-10-12,P-1056,SH100616,BASE,306.04,GBP,61.21,CREDITED
IL900713,INV-50504,2025-10-12,P-1056,SH100616,FUEL,22.46,GBP,4.49,CREDITED
IL900714,INV-50505,2025-08-04,P-1153,SH100617,BASE,614.71,GBP,122.94,PAID
IL900715,INV-50506,2025-09-10,P-1209,SH100618,BASE,489.35,GBP,97.87,PAID
IL900716,INV-50506,2025-09-10,P-1209,SH100618,FUEL,49.20,GBP,9.84,PAID
IL900717,INV-50507,2025-03-26,P-1066,SH100619,BASE,211.08,EUR,42.22,PAID
IL900718,INV-50508,2025-01-23,P-1151,SH100620,BASE,643.93,GBP,128.79,PAID
IL900719,INV-50508,2025-01-23,P-1151,SH100620,FUEL,62.07,GBP,12.41,PAID
IL900720,INV-50509,2025-06-15,P-1079,SH100621,BASE,639.53,GBP,127.91,PAID
IL900721,INV-50509,2025-06-15,P-1079,SH100621,FUEL,77.10,GBP,15.42,PAID
IL900722,INV-50510,2026-04-10,P-1172,SH100622,BASE,621.27,GBP,124.25,PAID
IL900723,INV-50510,2026-04-10,P-1172,SH100622,FUEL,74.89,GBP,14.98,PAID
IL900724,INV-50511,2025-10-28,P-1058,SH100623,BASE,360.01,GBP,72.00,PAID
IL900725,INV-50511,2025-10-28,P-1058,SH100623,FUEL,28.80,GBP,5.76,PAID
IL900726,INV-50512,2026-02-22,P-1144,SH100626,BASE,213.83,EUR,42.77,PAID
IL900727,INV-50513,2026-02-25,P-1125,SH100627,BASE,454.03,EUR,90.81,PAID
IL900728,INV-50513,2026-02-25,P-1125,SH100627,FUEL,51.57,EUR,10.31,PAID
IL900729,INV-50514,2025-06-30,P-1140,SH100628,BASE,32.97,EUR,6.59,OPEN
IL900730,INV-50515,2025-04-08,P-1003,SH100629,BASE,116.38,GBP,23.28,PAID
IL900731,INV-50516,2026-03-06,P-1141,SH100630,BASE,26.72,EUR,5.34,PAID
IL900732,INV-50517,2025-09-01,P-1220,SH100631,BASE,170.15,GBP,34.03,PAID
IL900733,INV-50517,2025-09-01,P-1220,SH100631,FUEL,10.73,GBP,2.15,PAID
IL900734,INV-50518,2025-02-14,P-1110,SH100633,BASE,100.99,GBP,20.20,PAID
IL900735,INV-50519,2025-05-19,P-1191,SH100634,BASE,220.55,GBP,44.11,OPEN
IL900736,INV-50520,2026-02-18,P-1164,SH100635,BASE,508.14,EUR,101.63,PAID
IL900737,INV-50521,2026-05-06,P-1026,SH100637,BASE,126.05,GBP,25.21,OPEN
IL900738,INV-50521,2026-05-06,P-1026,SH100637,ACCESSORIAL,20.10,GBP,4.02,OPEN
IL900739,INV-50522,2025-04-28,P-1018,SH100638,BASE,63.12,GBP,12.62,PAID
IL900740,INV-50522,2025-04-28,P-1018,SH100638,FUEL,5.90,GBP,1.18,PAID
IL900741,INV-50523,2025-04-09,P-1211,SH100640,BASE,413.38,GBP,82.68,OPEN
IL900742,INV-50524,2026-05-13,P-1211,SH100641,BASE,504.33,GBP,100.87,OPEN
IL900743,INV-50525,2025-01-13,P-1189,SH100642,BASE,161.06,GBP,32.21,OPEN
IL900744,INV-50526,2025-10-06,P-1018,SH100643,BASE,185.09,GBP,37.02,OPEN
IL900745,INV-50527,2026-03-25,P-1042,SH100644,BASE,135.62,GBP,27.12,OPEN
IL900746,INV-50527,2026-03-25,P-1042,SH100644,FUEL,12.39,GBP,2.48,OPEN
IL900747,INV-50528,2025-07-14,P-1179,SH100645,BASE,415.86,GBP,83.17,PAID
IL900748,INV-50529,2026-01-25,P-1033,SH100646,BASE,354.50,GBP,70.90,PAID
IL900749,INV-50529,2026-01-25,P-1033,SH100646,FUEL,36.69,GBP,7.34,PAID
IL900750,INV-50530,2025-08-13,P-1047,SH100647,BASE,234.58,GBP,46.92,OPEN
IL900751,INV-50531,2025-09-12,P-1212,SH100648,BASE,445.25,GBP,89.05,OPEN
IL900752,INV-50532,2026-04-23,P-1018,SH100649,BASE,515.35,GBP,103.07,OPEN
IL900753,INV-50532,2026-04-23,P-1018,SH100649,FUEL,51.46,GBP,10.29,OPEN
IL900754,INV-50533,2025-11-04,P-1027,SH100650,BASE,131.04,GBP,26.21,PAID
IL900755,INV-50534,2026-04-25,P-1065,SH100651,BASE,364.43,GBP,72.89,PAID
IL900756,INV-50535,2025-12-12,P-1065,SH100652,BASE,695.97,GBP,139.19,PAID
IL900757,INV-50535,2025-12-12,P-1065,SH100652,ACCESSORIAL,50.02,GBP,10.00,PAID
IL900758,INV-50536,2025-10-11,P-1098,SH100653,BASE,700.65,GBP,140.13,PAID
IL900759,INV-50536,2025-10-11,P-1098,SH100653,FUEL,70.52,GBP,14.10,PAID
IL900760,INV-50537,2025-05-17,P-1183,SH100655,BASE,364.61,GBP,72.92,PAID
IL900761,INV-50537,2025-05-17,P-1183,SH100655,FUEL,22.44,GBP,4.49,PAID
IL900762,INV-50538,2025-10-18,P-1236,SH100656,BASE,796.04,GBP,159.21,PAID
IL900763,INV-50538,2025-10-18,P-1236,SH100656,FUEL,50.15,GBP,10.03,PAID
IL900764,INV-50539,2025-02-16,P-1116,SH100657,BASE,182.67,GBP,36.53,PAID
IL900765,INV-50540,2026-05-14,P-1226,SH100658,BASE,208.02,GBP,41.60,CREDITED
IL900766,INV-50541,2025-02-20,P-1038,SH100659,BASE,477.02,GBP,95.40,OPEN
IL900767,INV-50541,2025-02-20,P-1038,SH100659,FUEL,34.86,GBP,6.97,OPEN
IL900768,INV-50542,2026-02-19,P-1146,SH100660,BASE,48.45,EUR,9.69,CREDITED
IL900769,INV-50543,2025-05-29,P-1139,SH100662,BASE,529.19,GBP,105.84,PAID
IL900770,INV-50544,2026-03-26,P-1201,SH100663,BASE,141.01,EUR,28.20,OPEN
IL900771,INV-50545,2025-03-15,P-1226,SH100664,BASE,250.24,GBP,50.05,PAID
IL900772,INV-50546,2025-08-26,P-1197,SH100665,BASE,977.54,GBP,195.51,PAID
IL900773,INV-50547,2025-09-04,P-1156,SH100669,BASE,29.31,EUR,5.86,PAID
IL900774,INV-50548,2025-04-26,P-1127,SH100670,BASE,109.70,GBP,21.94,OPEN
IL900775,INV-50549,2025-12-02,P-1152,SH100671,BASE,288.81,GBP,57.76,PAID
IL900776,INV-50549,2025-12-02,P-1152,SH100671,FUEL,21.40,GBP,4.28,PAID
IL900777,INV-50550,2026-01-08,P-1092,SH100673,BASE,405.84,GBP,81.17,PAID
IL900778,INV-50551,2025-09-16,P-1147,SH100674,BASE,693.13,GBP,138.63,OPEN
IL900779,INV-50551,2025-09-16,P-1147,SH100674,FUEL,78.50,GBP,15.70,OPEN
IL900780,INV-50552,2025-05-09,P-1156,SH100675,BASE,442.14,EUR,88.43,PAID
IL900781,INV-50553,2025-10-06,P-1156,SH100676,BASE,631.71,GBP,126.34,OPEN
IL900782,INV-50554,2025-08-24,P-1012,SH100677,BASE,98.05,GBP,19.61,PAID
IL900783,INV-50555,2025-02-19,P-1018,SH100679,BASE,117.35,GBP,23.47,PAID
IL900784,INV-50556,2026-03-10,P-1221,SH100680,BASE,393.80,GBP,78.76,PAID
IL900785,INV-50557,2025-07-27,P-1053,SH100682,BASE,77.68,GBP,15.54,PAID
IL900786,INV-50558,2025-07-26,P-1014,SH100683,BASE,328.82,GBP,65.76,PAID
IL900787,INV-50559,2026-04-29,P-1231,SH100684,BASE,518.67,GBP,103.73,OPEN
IL900788,INV-50560,2025-10-11,P-1221,SH100685,BASE,328.22,GBP,65.64,CREDITED
IL900789,INV-50561,2025-04-18,P-1025,SH100686,BASE,291.26,EUR,58.25,PAID
IL900790,INV-50562,2025-01-19,P-1115,SH100688,BASE,96.17,GBP,19.23,VOID
IL900791,INV-50563,2025-09-25,P-1207,SH100689,BASE,72.53,GBP,14.51,PAID
IL900792,INV-50564,2026-01-21,P-1231,SH100690,BASE,581.27,GBP,116.25,CREDITED
IL900793,INV-50565,2025-06-08,P-1030,SH100691,BASE,111.86,GBP,22.37,PAID
IL900794,INV-50566,2026-03-31,P-1125,SH100694,BASE,384.34,GBP,76.87,PAID
IL900795,INV-50566,2026-03-31,P-1125,SH100694,FUEL,32.13,GBP,6.43,PAID
IL900796,INV-50567,2025-04-16,P-1044,SH100695,BASE,602.25,EUR,120.45,CREDITED
IL900797,INV-50568,2025-12-27,P-1123,SH100696,BASE,1017.64,GBP,203.53,PAID
IL900798,INV-50569,2025-01-27,P-1058,SH100697,BASE,522.62,GBP,104.52,OPEN
IL900799,INV-50569,2025-01-27,P-1058,SH100697,FUEL,32.11,GBP,6.42,OPEN
IL900800,INV-50570,2026-01-14,P-1140,SH100698,BASE,61.27,GBP,12.25,PAID
IL900801,INV-50570,2026-01-14,P-1140,SH100698,ACCESSORIAL,32.94,GBP,6.59,PAID
IL900802,INV-50571,2026-03-20,P-1166,SH100700,BASE,362.72,GBP,72.54,PAID
IL900803,INV-50572,2025-08-24,P-1192,SH100701,BASE,105.70,GBP,21.14,PAID
IL900804,INV-50573,2025-10-08,P-1100,SH100702,BASE,653.92,GBP,130.78,OPEN
IL900805,INV-50573,2025-10-08,P-1100,SH100702,FUEL,74.40,GBP,14.88,OPEN
IL900806,INV-50574,2025-07-02,P-1106,SH100703,BASE,524.37,GBP,104.87,PAID
IL900807,INV-50575,2025-05-03,P-1211,SH100704,BASE,1203.75,EUR,240.75,PAID
IL900808,INV-50575,2025-05-03,P-1211,SH100704,ACCESSORIAL,10.16,EUR,2.03,PAID
IL900809,INV-50576,2025-12-11,P-1032,SH100705,BASE,568.37,GBP,113.67,PAID
IL900810,INV-50577,2025-06-14,P-1164,SH100706,BASE,119.81,GBP,23.96,VOID
IL900811,INV-50577,2025-06-14,P-1164,SH100706,FUEL,9.93,GBP,1.99,VOID
IL900812,INV-50578,2025-06-11,P-1156,SH100707,BASE,244.95,GBP,48.99,PAID
IL900813,INV-50579,2026-02-26,P-1095,SH100708,BASE,570.32,GBP,114.06,VOID
IL900814,INV-50579,2026-02-26,P-1095,SH100708,FUEL,68.86,GBP,13.77,VOID
IL900815,INV-50580,2025-06-22,P-1097,SH100709,BASE,545.30,GBP,109.06,PAID
IL900816,INV-50581,2026-01-25,P-1099,SH100710,BASE,67.35,GBP,13.47,PAID
IL900817,INV-50582,2025-10-22,P-1214,SH100711,BASE,484.24,GBP,96.85,VOID
IL900818,INV-50582,2025-10-22,P-1214,SH100711,FUEL,61.27,GBP,12.25,VOID
IL900819,INV-50583,2025-10-31,P-1210,SH100712,BASE,399.08,EUR,79.82,PAID
IL900820,INV-50583,2025-10-31,P-1210,SH100712,FUEL,55.78,EUR,11.16,PAID
IL900821,INV-50584,2025-06-08,P-1220,SH100713,BASE,693.69,GBP,138.74,PAID
IL900822,INV-50584,2025-06-08,P-1220,SH100713,FUEL,86.05,GBP,17.21,PAID
IL900823,INV-50585,2025-10-12,P-1038,SH100714,BASE,535.50,EUR,107.10,OPEN
IL900824,INV-50586,2025-08-28,P-1176,SH100715,BASE,269.54,GBP,53.91,CREDITED
IL900825,INV-50586,2025-08-28,P-1176,SH100715,FUEL,27.94,GBP,5.59,CREDITED
IL900826,INV-50587,2026-01-29,P-1216,SH100718,BASE,276.21,GBP,55.24,PAID
IL900827,INV-50588,2026-01-27,P-1033,SH100719,BASE,794.93,GBP,158.99,OPEN
IL900828,INV-50589,2025-10-28,P-1086,SH100720,BASE,617.97,GBP,123.59,PAID
IL900829,INV-50590,2026-01-07,P-1089,SH100721,BASE,251.47,GBP,50.29,PAID
IL900830,INV-50590,2026-01-07,P-1089,SH100721,FUEL,22.03,GBP,4.41,PAID
IL900831,INV-50591,2025-09-10,P-1116,SH100725,BASE,318.51,GBP,63.70,OPEN
IL900832,INV-50592,2025-02-03,P-1048,SH100726,BASE,142.18,GBP,28.44,PAID
IL900833,INV-50592,2025-02-03,P-1048,SH100726,FUEL,13.65,GBP,2.73,PAID
IL900834,INV-50593,2025-08-20,P-1138,SH100727,BASE,443.04,GBP,88.61,OPEN
IL900835,INV-50593,2025-08-20,P-1138,SH100727,FUEL,41.30,GBP,8.26,OPEN
IL900836,INV-50594,2026-03-12,P-1052,SH100728,BASE,507.93,GBP,101.59,PAID
IL900837,INV-50595,2026-05-02,P-1094,SH100729,BASE,788.79,EUR,157.76,PAID
IL900838,INV-50596,2025-04-23,P-1148,SH100730,BASE,279.64,GBP,55.93,PAID
IL900839,INV-50596,2025-04-23,P-1148,SH100730,FUEL,30.01,GBP,6.00,PAID
IL900840,INV-50597,2025-07-08,P-1227,SH100732,BASE,46.57,GBP,9.31,OPEN
IL900841,INV-50598,2025-06-18,P-1096,SH100733,BASE,109.64,GBP,21.93,OPEN
IL900842,INV-50599,2026-02-09,P-1225,SH100734,BASE,259.95,GBP,51.99,PAID
IL900843,INV-50599,2026-02-09,P-1225,SH100734,FUEL,27.67,GBP,5.53,PAID
IL900844,INV-50600,2025-07-09,P-1091,SH100735,BASE,550.42,GBP,110.08,PAID
IL900845,INV-50601,2025-10-12,P-1197,SH100736,BASE,369.10,GBP,73.82,PAID
IL900846,INV-50602,2025-05-21,P-1189,SH100737,BASE,347.75,GBP,69.55,VOID
IL900847,INV-50603,2025-02-03,P-1190,SH100738,BASE,267.93,GBP,53.59,CREDITED
IL900848,INV-50603,2025-02-03,P-1190,SH100738,FUEL,18.14,GBP,3.63,CREDITED
IL900849,INV-50604,2025-08-30,P-1116,SH100739,BASE,135.63,GBP,27.13,PAID
IL900850,INV-50604,2025-08-30,P-1116,SH100739,FUEL,8.90,GBP,1.78,PAID
IL900851,INV-50605,2026-05-17,P-1144,SH100741,BASE,298.52,GBP,59.70,PAID
IL900852,INV-50605,2026-05-17,P-1144,SH100741,FUEL,30.28,GBP,6.06,PAID
IL900853,INV-50606,2025-09-23,P-1081,SH100742,BASE,347.85,GBP,69.57,OPEN
IL900854,INV-50607,2025-07-03,P-1128,SH100745,BASE,518.21,GBP,103.64,PAID
IL900855,INV-50607,2025-07-03,P-1128,SH100745,FUEL,66.22,GBP,13.24,PAID
IL900856,INV-50608,2025-11-09,P-1066,SH100746,BASE,561.80,GBP,112.36,PAID
IL900857,INV-50608,2025-11-09,P-1066,SH100746,FUEL,77.52,GBP,15.50,PAID
IL900858,INV-50609,2026-01-24,P-1085,SH100747,BASE,208.69,GBP,41.74,OPEN
IL900859,INV-50610,2026-03-22,P-1217,SH100748,BASE,253.35,GBP,50.67,PAID
IL900860,INV-50610,2026-03-22,P-1217,SH100748,FUEL,18.47,GBP,3.69,PAID
IL900861,INV-50611,2025-10-13,P-1030,SH100750,BASE,514.14,GBP,102.83,OPEN
IL900862,INV-50611,2025-10-13,P-1030,SH100750,FUEL,65.41,GBP,13.08,OPEN
IL900863,INV-50612,2025-01-17,P-1005,SH100751,BASE,82.77,GBP,16.55,PAID
IL900864,INV-50613,2025-09-02,P-1122,SH100752,BASE,107.02,GBP,21.40,CREDITED
IL900865,INV-50614,2026-04-28,P-1033,SH100753,BASE,271.03,GBP,54.21,PAID
IL900866,INV-50615,2026-03-21,P-1203,SH100755,BASE,410.28,GBP,82.06,PAID
IL900867,INV-50615,2026-03-21,P-1203,SH100755,FUEL,46.71,GBP,9.34,PAID
IL900868,INV-50616,2026-04-17,P-1022,SH100756,BASE,299.30,GBP,59.86,PAID
IL900869,INV-50617,2025-01-22,P-1106,SH100758,BASE,242.35,EUR,48.47,PAID
IL900870,INV-50617,2025-01-22,P-1106,SH100758,FUEL,23.97,EUR,4.79,PAID
IL900871,INV-50618,2026-02-04,P-1028,SH100760,BASE,127.63,GBP,25.53,PAID
IL900872,INV-50619,2025-11-08,P-1204,SH100761,BASE,46.07,GBP,9.21,PAID
IL900873,INV-50620,2026-02-10,P-1096,SH100763,BASE,168.07,GBP,33.61,CREDITED
IL900874,INV-50621,2025-12-29,P-1210,SH100764,BASE,84.23,GBP,16.85,PAID
IL900875,INV-50622,2025-03-04,P-1115,SH100765,BASE,68.74,GBP,13.75,PAID
IL900876,INV-50623,2025-05-21,P-1104,SH100766,BASE,191.50,GBP,38.30,VOID
IL900877,INV-50623,2025-05-21,P-1104,SH100766,FUEL,26.22,GBP,5.24,VOID
IL900878,INV-50624,2025-04-18,P-1026,SH100767,BASE,53.49,GBP,10.70,OPEN
IL900879,INV-50625,2025-11-23,P-1042,SH100768,BASE,112.88,GBP,22.58,OPEN
IL900880,INV-50625,2025-11-23,P-1042,SH100768,FUEL,7.99,GBP,1.60,OPEN
IL900881,INV-50626,2025-11-21,P-1153,SH100769,BASE,513.96,GBP,102.79,OPEN
IL900882,INV-50627,2025-03-21,P-1155,SH100771,BASE,1115.59,GBP,223.12,PAID
IL900883,INV-50627,2025-03-21,P-1155,SH100771,FUEL,97.39,GBP,19.48,PAID
IL900884,INV-50627,2025-03-21,P-1155,SH100771,ACCESSORIAL,42.72,GBP,8.54,PAID
IL900885,INV-50628,2025-06-24,P-1191,SH100772,BASE,262.28,EUR,52.46,OPEN
IL900886,INV-50628,2025-06-24,P-1191,SH100772,FUEL,33.51,EUR,6.70,OPEN
IL900887,INV-50629,2025-01-10,P-1034,SH100773,BASE,150.86,GBP,30.17,PAID
IL900888,INV-50630,2025-04-27,P-1117,SH100774,BASE,79.90,EUR,15.98,OPEN
IL900889,INV-50631,2026-01-24,P-1239,SH100775,BASE,497.58,EUR,99.52,VOID
IL900890,INV-50631,2026-01-24,P-1239,SH100775,FUEL,40.81,EUR,8.16,VOID
IL900891,INV-50632,2025-03-26,P-1033,SH100776,BASE,450.93,EUR,90.19,PAID
IL900892,INV-50633,2026-05-17,P-1136,SH100777,BASE,40.29,GBP,8.06,PAID
IL900893,INV-50633,2026-05-17,P-1136,SH100777,FUEL,4.88,GBP,0.98,PAID
IL900894,INV-50634,2026-04-11,P-1200,SH100778,BASE,45.06,GBP,9.01,PAID
IL900895,INV-50635,2025-12-14,P-1106,SH100779,BASE,168.38,EUR,33.68,PAID
IL900896,INV-50636,2025-06-07,P-1093,SH100780,BASE,194.24,EUR,38.85,PAID
IL900897,INV-50636,2025-06-07,P-1093,SH100780,ACCESSORIAL,59.17,EUR,11.83,PAID
IL900898,INV-50637,2025-03-11,P-1097,SH100781,BASE,162.98,EUR,32.60,OPEN
IL900899,INV-50637,2025-03-11,P-1097,SH100781,FUEL,15.77,EUR,3.15,OPEN
IL900900,INV-50638,2026-01-21,P-1165,SH100782,BASE,278.44,GBP,55.69,PAID
IL900901,INV-50639,2025-03-20,P-1170,SH100783,BASE,452.97,EUR,90.59,PAID
IL900902,INV-50640,2026-04-25,P-1185,SH100784,BASE,396.91,GBP,79.38,PAID
IL900903,INV-50641,2026-03-21,P-1158,SH100785,BASE,282.53,GBP,56.51,OPEN
IL900904,INV-50642,2026-01-09,P-1100,SH100786,BASE,42.49,GBP,8.50,PAID
IL900905,INV-50643,2025-01-22,P-1175,SH100788,BASE,567.39,GBP,113.48,VOID
IL900906,INV-50643,2025-01-22,P-1175,SH100788,FUEL,73.41,GBP,14.68,VOID
IL900907,INV-50644,2025-05-21,P-1067,SH100789,BASE,248.04,GBP,49.61,PAID
IL900908,INV-50644,2025-05-21,P-1067,SH100789,FUEL,20.94,GBP,4.19,PAID
IL900909,INV-50645,2026-04-16,P-1049,SH100790,BASE,434.16,GBP,86.83,PAID
IL900910,INV-50645,2026-04-16,P-1049,SH100790,FUEL,55.33,GBP,11.07,PAID
IL900911,INV-50645,2026-04-16,P-1049,SH100790,ACCESSORIAL,51.69,GBP,10.34,PAID
IL900912,INV-50646,2025-09-20,P-1115,SH100792,BASE,254.56,GBP,50.91,PAID
IL900913,INV-50646,2025-09-20,P-1115,SH100792,FUEL,35.62,GBP,7.12,PAID
IL900914,INV-50647,2026-03-28,P-1130,SH100793,BASE,645.12,EUR,129.02,OPEN
IL900915,INV-50647,2026-03-28,P-1130,SH100793,FUEL,86.27,EUR,17.25,OPEN
IL900916,INV-50648,2025-10-19,P-1143,SH100794,BASE,21.20,GBP,4.24,PAID
IL900917,INV-50649,2026-01-19,P-1079,SH100795,BASE,1093.83,GBP,218.77,CREDITED
IL900918,INV-50649,2026-01-19,P-1079,SH100795,ACCESSORIAL,29.21,GBP,5.84,CREDITED
IL900919,INV-50650,2025-06-19,P-1102,SH100797,BASE,549.49,GBP,109.90,OPEN
IL900920,INV-50651,2025-07-28,P-1025,SH100798,BASE,346.09,EUR,69.22,PAID
IL900921,INV-50652,2025-05-01,P-1195,SH100799,BASE,634.01,GBP,126.80,CREDITED
IL900922,INV-50653,2025-06-18,P-1065,SH100800,BASE,466.33,GBP,93.27,PAID
IL900923,INV-50654,2025-10-03,P-1119,SH100801,BASE,585.69,GBP,117.14,OPEN
IL900924,INV-50655,2025-07-06,P-1174,SH100802,BASE,233.27,GBP,46.65,PAID
IL900925,INV-50655,2025-07-06,P-1174,SH100802,FUEL,25.80,GBP,5.16,PAID
IL900926,INV-50656,2026-01-05,P-1158,SH100803,BASE,133.20,EUR,26.64,PAID
IL900927,INV-50657,2025-01-11,P-1006,SH100804,BASE,196.11,GBP,39.22,PAID
IL900928,INV-50658,2026-05-30,P-1103,SH100805,BASE,866.02,GBP,173.20,PAID
IL900929,INV-50659,2025-05-24,P-1144,SH100806,BASE,376.98,GBP,75.40,PAID
IL900930,INV-50660,2026-01-30,P-1225,SH100808,BASE,156.36,GBP,31.27,PAID
IL900931,INV-50661,2025-08-03,P-1236,SH100810,BASE,585.63,GBP,117.13,PAID
IL900932,INV-50662,2025-10-18,P-1058,SH100811,BASE,766.69,GBP,153.34,OPEN
IL900933,INV-50663,2026-01-23,P-1062,SH100813,BASE,280.77,GBP,56.15,PAID
IL900934,INV-50664,2026-02-08,P-1132,SH100814,BASE,170.96,GBP,34.19,PAID
IL900935,INV-50665,2025-02-08,P-1205,SH100815,BASE,592.06,GBP,118.41,PAID
IL900936,INV-50666,2025-04-21,P-1082,SH100816,BASE,390.27,GBP,78.05,OPEN
IL900937,INV-50667,2025-04-25,P-1215,SH100818,BASE,217.99,GBP,43.60,PAID
IL900938,INV-50668,2025-06-11,P-1233,SH100820,BASE,495.63,GBP,99.13,PAID
IL900939,INV-50668,2025-06-11,P-1233,SH100820,FUEL,51.11,GBP,10.22,PAID
IL900940,INV-50669,2025-11-10,P-1219,SH100822,BASE,112.16,GBP,22.43,PAID
IL900941,INV-50669,2025-11-10,P-1219,SH100822,FUEL,9.69,GBP,1.94,PAID
IL900942,INV-50670,2026-05-10,P-1077,SH100823,BASE,454.75,GBP,90.95,PAID
IL900943,INV-50671,2025-11-06,P-1107,SH100824,BASE,643.88,GBP,128.78,PAID
IL900944,INV-50672,2025-03-12,P-1170,SH100825,BASE,89.95,EUR,17.99,PAID
IL900945,INV-50673,2025-03-10,P-1099,SH100826,BASE,152.22,GBP,30.44,PAID
IL900946,INV-50674,2025-05-26,P-1018,SH100827,BASE,299.69,GBP,59.94,OPEN
IL900947,INV-50675,2025-08-28,P-1178,SH100828,BASE,163.85,GBP,32.77,OPEN
IL900948,INV-50675,2025-08-28,P-1178,SH100828,FUEL,17.68,GBP,3.54,OPEN
IL900949,INV-50676,2026-05-17,P-1122,SH100829,BASE,763.59,GBP,152.72,PAID
IL900950,INV-50676,2026-05-17,P-1122,SH100829,FUEL,63.63,GBP,12.73,PAID
IL900951,INV-50677,2025-07-18,P-1069,SH100830,BASE,395.82,GBP,79.16,PAID
IL900952,INV-50678,2026-05-05,P-1197,SH100831,BASE,843.15,GBP,168.63,OPEN
IL900953,INV-50678,2026-05-05,P-1197,SH100831,FUEL,51.25,GBP,10.25,OPEN
IL900954,INV-50679,2025-12-18,P-1119,SH100832,BASE,113.75,GBP,22.75,PAID
IL900955,INV-50679,2025-12-18,P-1119,SH100832,FUEL,15.80,GBP,3.16,PAID
IL900956,INV-50680,2025-02-15,P-1227,SH100833,BASE,233.88,GBP,46.78,PAID
IL900957,INV-50680,2025-02-15,P-1227,SH100833,FUEL,16.99,GBP,3.40,PAID
IL900958,INV-50680,2025-02-15,P-1227,SH100833,ACCESSORIAL,28.15,GBP,5.63,PAID
IL900959,INV-50681,2025-08-18,P-1093,SH100834,BASE,120.85,GBP,24.17,PAID
IL900960,INV-50682,2026-04-06,P-1139,SH100835,BASE,401.52,GBP,80.30,OPEN
IL900961,INV-50682,2026-04-06,P-1139,SH100835,FUEL,52.64,GBP,10.53,OPEN
IL900962,INV-50683,2025-05-03,P-1175,SH100836,BASE,75.81,EUR,15.16,PAID
IL900963,INV-50683,2025-05-03,P-1175,SH100836,ACCESSORIAL,38.30,EUR,7.66,PAID
IL900964,INV-50684,2025-12-13,P-1127,SH100837,BASE,369.84,GBP,73.97,PAID
IL900965,INV-50685,2025-07-16,P-1199,SH100838,BASE,221.42,GBP,44.28,PAID
IL900966,INV-50686,2026-03-23,P-1024,SH100839,BASE,131.14,GBP,26.23,OPEN
IL900967,INV-50687,2026-03-18,P-1187,SH100840,BASE,612.74,GBP,122.55,PAID
IL900968,INV-50688,2026-01-16,P-1024,SH100841,BASE,83.08,GBP,16.62,CREDITED
IL900969,INV-50689,2025-09-22,P-1186,SH100842,BASE,479.11,GBP,95.82,VOID
IL900970,INV-50689,2025-09-22,P-1186,SH100842,FUEL,45.98,GBP,9.20,VOID
IL900971,INV-50690,2026-05-18,P-1042,SH100844,BASE,536.42,GBP,107.28,OPEN
IL900972,INV-50690,2026-05-18,P-1042,SH100844,FUEL,63.01,GBP,12.60,OPEN
IL900973,INV-50691,2025-06-27,P-1047,SH100846,BASE,520.37,GBP,104.07,PAID
IL900974,INV-50691,2025-06-27,P-1047,SH100846,FUEL,42.82,GBP,8.56,PAID
IL900975,INV-50691,2025-06-27,P-1047,SH100846,ACCESSORIAL,45.92,GBP,9.18,PAID
IL900976,INV-50692,2026-04-10,P-1130,SH100847,BASE,403.16,GBP,80.63,PAID
IL900977,INV-50693,2025-07-30,P-1115,SH100848,BASE,62.52,GBP,12.50,CREDITED
IL900978,INV-50694,2025-03-31,P-1018,SH100851,BASE,116.59,GBP,23.32,PAID
IL900979,INV-50694,2025-03-31,P-1018,SH100851,FUEL,8.03,GBP,1.61,PAID
IL900980,INV-50695,2025-07-24,P-1094,SH100852,BASE,334.34,EUR,66.87,PAID
IL900981,INV-50695,2025-07-24,P-1094,SH100852,FUEL,44.50,EUR,8.90,PAID
IL900982,INV-50696,2025-09-01,P-1062,SH100853,BASE,812.66,GBP,162.53,PAID
IL900983,INV-50697,2026-05-09,P-1188,SH100854,BASE,902.23,GBP,180.45,OPEN
IL900984,INV-50698,2026-04-26,P-1168,SH100856,BASE,706.97,GBP,141.39,PAID
IL900985,INV-50699,2026-03-06,P-1108,SH100857,BASE,91.91,GBP,18.38,PAID
IL900986,INV-50699,2026-03-06,P-1108,SH100857,ACCESSORIAL,51.50,GBP,10.30,PAID
IL900987,INV-50700,2025-04-12,P-1070,SH100859,BASE,109.24,GBP,21.85,PAID
IL900988,INV-50700,2025-04-12,P-1070,SH100859,ACCESSORIAL,23.83,GBP,4.77,PAID
IL900989,INV-50701,2026-05-28,P-1220,SH100860,BASE,90.51,GBP,18.10,PAID
IL900990,INV-50702,2025-01-24,P-1232,SH100861,BASE,479.05,GBP,95.81,PAID
IL900991,INV-50702,2025-01-24,P-1232,SH100861,FUEL,32.54,GBP,6.51,PAID
IL900992,INV-50703,2026-05-24,P-1198,SH100862,BASE,239.11,GBP,47.82,PAID
IL900993,INV-50704,2025-09-26,P-1149,SH100863,BASE,110.47,EUR,22.09,PAID
IL900994,INV-50705,2025-02-09,P-1038,SH100864,BASE,658.17,GBP,131.63,VOID
IL900995,INV-50706,2025-12-29,P-1071,SH100865,BASE,70.17,GBP,14.03,PAID
IL900996,INV-50706,2025-12-29,P-1071,SH100865,ACCESSORIAL,14.73,GBP,2.95,PAID
IL900997,INV-50707,2025-05-31,P-1046,SH100867,BASE,300.29,GBP,60.06,PAID
IL900998,INV-50707,2025-05-31,P-1046,SH100867,FUEL,26.35,GBP,5.27,PAID
IL900999,INV-50708,2025-05-06,P-1064,SH100868,BASE,593.92,GBP,118.78,OPEN
IL901000,INV-50709,2025-04-06,P-1189,SH100869,BASE,493.73,EUR,98.75,PAID
IL901001,INV-50710,2026-01-11,P-1148,SH100870,BASE,177.98,GBP,35.60,PAID
IL901002,INV-50711,2025-04-22,P-1160,SH100871,BASE,177.15,EUR,35.43,PAID
IL901003,INV-50711,2025-04-22,P-1160,SH100871,FUEL,22.69,EUR,4.54,PAID
IL901004,INV-50712,2025-03-06,P-1224,SH100872,BASE,287.02,GBP,57.40,PAID
IL901005,INV-50713,2026-05-02,P-1068,SH100874,BASE,357.24,GBP,71.45,PAID
IL901006,INV-50713,2026-05-02,P-1068,SH100874,FUEL,40.61,GBP,8.12,PAID
IL901007,INV-50714,2026-05-24,P-1144,SH100876,BASE,54.90,GBP,10.98,PAID
IL901008,INV-50715,2026-05-02,P-1169,SH100877,BASE,239.47,GBP,47.89,PAID
IL901009,INV-50716,2025-09-14,P-1118,SH100878,BASE,575.94,EUR,115.19,PAID
IL901010,INV-50717,2026-05-15,P-1164,SH100880,BASE,310.60,GBP,62.12,PAID
IL901011,INV-50717,2026-05-15,P-1164,SH100880,FUEL,23.61,GBP,4.72,PAID
IL901012,INV-50718,2026-05-26,P-1061,SH100881,BASE,244.92,GBP,48.98,PAID
IL901013,INV-50719,2025-03-18,P-1230,SH100883,BASE,331.09,GBP,66.22,OPEN
IL901014,INV-50720,2026-02-13,P-1098,SH100884,BASE,696.04,EUR,139.21,PAID
IL901015,INV-50720,2026-02-13,P-1098,SH100884,FUEL,69.19,EUR,13.84,PAID
IL901016,INV-50721,2025-04-13,P-1237,SH100886,BASE,533.73,GBP,106.75,PAID
IL901017,INV-50721,2025-04-13,P-1237,SH100886,ACCESSORIAL,47.45,GBP,9.49,PAID
IL901018,INV-50722,2025-02-08,P-1052,SH100887,BASE,33.88,EUR,6.78,PAID
IL901019,INV-50723,2025-03-21,P-1163,SH100888,BASE,194.80,GBP,38.96,PAID
IL901020,INV-50724,2026-05-17,P-1101,SH100889,BASE,852.98,GBP,170.60,PAID
IL901021,INV-50725,2025-11-16,P-1158,SH100890,BASE,235.21,EUR,47.04,PAID
IL901022,INV-50726,2025-12-07,P-1069,SH100891,BASE,749.21,EUR,149.84,CREDITED
IL901023,INV-50727,2025-09-20,P-1140,SH100892,BASE,310.74,GBP,62.15,PAID
IL901024,INV-50727,2025-09-20,P-1140,SH100892,FUEL,21.34,GBP,4.27,PAID
IL901025,INV-50728,2025-11-04,P-1213,SH100893,BASE,176.78,GBP,35.36,PAID
IL901026,INV-50728,2025-11-04,P-1213,SH100893,FUEL,14.85,GBP,2.97,PAID
IL901027,INV-50729,2025-09-06,P-1067,SH100894,BASE,658.82,GBP,131.76,PAID
IL901028,INV-50729,2025-09-06,P-1067,SH100894,FUEL,91.31,GBP,18.26,PAID
IL901029,INV-50730,2025-05-04,P-1151,SH100895,BASE,172.76,GBP,34.55,OPEN
IL901030,INV-50731,2025-03-08,P-1090,SH100896,BASE,267.93,GBP,53.59,PAID
IL901031,INV-50732,2025-02-04,P-1200,SH100897,BASE,145.93,GBP,29.19,PAID
IL901032,INV-50732,2025-02-04,P-1200,SH100897,FUEL,10.41,GBP,2.08,PAID
IL901033,INV-50733,2025-04-12,P-1145,SH100898,BASE,82.37,GBP,16.47,OPEN
IL901034,INV-50733,2025-04-12,P-1145,SH100898,FUEL,10.33,GBP,2.07,OPEN
IL901035,INV-50734,2025-02-04,P-1118,SH100899,BASE,338.87,GBP,67.77,PAID
IL901036,INV-50735,2025-05-16,P-1008,SH100900,BASE,408.76,GBP,81.75,PAID
IL901037,INV-50735,2025-05-16,P-1008,SH100900,FUEL,27.13,GBP,5.43,PAID
IL901038,INV-50736,2025-08-27,P-1063,SH100901,BASE,190.81,GBP,38.16,OPEN
IL901039,INV-50737,2025-09-29,P-1199,SH100902,BASE,135.18,GBP,27.04,VOID
IL901040,INV-50737,2025-09-29,P-1199,SH100902,FUEL,10.85,GBP,2.17,VOID
IL901041,INV-50738,2025-08-05,P-1031,SH100903,BASE,107.78,GBP,21.56,PAID
IL901042,INV-50739,2025-10-20,P-1167,SH100904,BASE,823.29,GBP,164.66,PAID
IL901043,INV-50739,2025-10-20,P-1167,SH100904,FUEL,92.63,GBP,18.53,PAID
IL901044,INV-50740,2026-04-05,P-1033,SH100905,BASE,678.71,GBP,135.74,PAID
IL901045,INV-50741,2025-07-14,P-1021,SH100906,BASE,559.98,GBP,112.00,OPEN
IL901046,INV-50742,2025-05-23,P-1236,SH100908,BASE,680.47,GBP,136.09,OPEN
IL901047,INV-50743,2025-03-14,P-1102,SH100909,BASE,68.68,GBP,13.74,PAID
IL901048,INV-50744,2026-05-02,P-1061,SH100910,BASE,339.27,GBP,67.85,PAID
IL901049,INV-50745,2025-01-28,P-1149,SH100911,BASE,79.71,GBP,15.94,PAID
IL901050,INV-50746,2026-03-21,P-1235,SH100912,BASE,87.45,EUR,17.49,PAID
IL901051,INV-50747,2025-02-12,P-1042,SH100913,BASE,336.15,GBP,67.23,PAID
IL901052,INV-50747,2025-02-12,P-1042,SH100913,FUEL,31.91,GBP,6.38,PAID
IL901053,INV-50748,2025-05-26,P-1070,SH100914,BASE,147.80,GBP,29.56,PAID
IL901054,INV-50749,2025-12-06,P-1082,SH100916,BASE,244.99,GBP,49.00,PAID
IL901055,INV-50750,2025-01-15,P-1134,SH100917,BASE,618.12,GBP,123.62,OPEN
IL901056,INV-50751,2025-07-11,P-1148,SH100918,BASE,499.94,GBP,99.99,PAID
IL901057,INV-50752,2026-05-15,P-1240,SH100920,BASE,458.59,GBP,91.72,PAID
IL901058,INV-50753,2025-05-17,P-1096,SH100921,BASE,282.96,GBP,56.59,PAID
IL901059,INV-50754,2025-02-06,P-1095,SH100923,BASE,218.90,GBP,43.78,PAID
IL901060,INV-50755,2025-11-05,P-1229,SH100925,BASE,216.31,GBP,43.26,PAID
IL901061,INV-50756,2025-04-20,P-1151,SH100926,BASE,129.45,GBP,25.89,PAID
IL901062,INV-50757,2025-06-23,P-1090,SH100927,BASE,374.65,EUR,74.93,PAID
IL901063,INV-50758,2025-08-07,P-1082,SH100928,BASE,208.35,GBP,41.67,PAID
IL901064,INV-50759,2026-01-02,P-1228,SH100929,BASE,299.99,GBP,60.00,PAID
IL901065,INV-50760,2026-01-17,P-1117,SH100930,BASE,192.32,EUR,38.46,PAID
IL901066,INV-50760,2026-01-17,P-1117,SH100930,FUEL,18.13,EUR,3.63,PAID
IL901067,INV-50761,2025-06-08,P-1057,SH100931,BASE,475.91,GBP,95.18,OPEN
IL901068,INV-50762,2025-07-22,P-1026,SH100933,BASE,647.48,GBP,129.50,PAID
IL901069,INV-50763,2025-05-12,P-1023,SH100934,BASE,1111.39,GBP,222.28,PAID
IL901070,INV-50763,2025-05-12,P-1023,SH100934,FUEL,106.90,GBP,21.38,PAID
IL901071,INV-50764,2025-07-08,P-1237,SH100935,BASE,521.40,GBP,104.28,PAID
IL901072,INV-50764,2025-07-08,P-1237,SH100935,FUEL,41.08,GBP,8.22,PAID
IL901073,INV-50765,2025-11-04,P-1113,SH100936,BASE,306.83,EUR,61.37,PAID
IL901074,INV-50766,2025-05-14,P-1187,SH100939,BASE,124.61,EUR,24.92,VOID
IL901075,INV-50766,2025-05-14,P-1187,SH100939,ACCESSORIAL,10.66,EUR,2.13,VOID
IL901076,INV-50767,2025-12-31,P-1022,SH100941,BASE,414.65,EUR,82.93,OPEN
IL901077,INV-50767,2025-12-31,P-1022,SH100941,FUEL,31.49,EUR,6.30,OPEN
IL901078,INV-50768,2025-05-19,P-1193,SH100942,BASE,451.69,GBP,90.34,PAID
IL901079,INV-50769,2026-04-01,P-1101,SH100943,BASE,544.05,EUR,108.81,PAID
IL901080,INV-50770,2025-12-18,P-1130,SH100944,BASE,379.45,GBP,75.89,PAID
IL901081,INV-50771,2026-05-23,P-1165,SH100945,BASE,310.75,GBP,62.15,PAID
IL901082,INV-50771,2026-05-23,P-1165,SH100945,FUEL,35.65,GBP,7.13,PAID
IL901083,INV-50771,2026-05-23,P-1165,SH100945,ACCESSORIAL,38.91,GBP,7.78,PAID
IL901084,INV-50772,2026-01-20,P-1236,SH100947,BASE,573.72,GBP,114.74,PAID
IL901085,INV-50773,2025-06-29,P-1133,SH100948,BASE,479.44,EUR,95.89,PAID
IL901086,INV-50773,2025-06-29,P-1133,SH100948,FUEL,57.12,EUR,11.42,PAID
IL901087,INV-50773,2025-06-29,P-1133,SH100948,ACCESSORIAL,27.67,EUR,5.53,PAID
IL901088,INV-50774,2026-01-03,P-1112,SH100949,BASE,814.14,GBP,162.83,OPEN
IL901089,INV-50774,2026-01-03,P-1112,SH100949,FUEL,94.69,GBP,18.94,OPEN
IL901090,INV-50775,2026-03-22,P-1235,SH100950,BASE,352.87,GBP,70.57,PAID
IL901091,INV-50776,2025-03-11,P-1019,SH100952,BASE,16.52,GBP,3.30,VOID
IL901092,INV-50776,2025-03-11,P-1019,SH100952,ACCESSORIAL,36.78,GBP,7.36,VOID
IL901093,INV-50777,2026-04-24,P-1086,SH100953,BASE,99.02,GBP,19.80,PAID
IL901094,INV-50777,2026-04-24,P-1086,SH100953,FUEL,13.47,GBP,2.69,PAID
IL901095,INV-50778,2025-06-03,P-1014,SH100954,BASE,40.32,GBP,8.06,PAID
IL901096,INV-50778,2025-06-03,P-1014,SH100954,FUEL,3.92,GBP,0.78,PAID
IL901097,INV-50779,2025-06-17,P-1130,SH100955,BASE,93.40,GBP,18.68,VOID
IL901098,INV-50779,2025-06-17,P-1130,SH100955,FUEL,11.61,GBP,2.32,VOID
IL901099,INV-50780,2026-02-09,P-1092,SH100956,BASE,116.52,GBP,23.30,PAID
IL901100,INV-50780,2026-02-09,P-1092,SH100956,FUEL,15.18,GBP,3.04,PAID
IL901101,INV-50781,2025-04-04,P-1186,SH100957,BASE,112.84,GBP,22.57,PAID
IL901102,INV-50782,2025-07-24,P-1220,SH100959,BASE,877.52,EUR,175.50,PAID
IL901103,INV-50782,2025-07-24,P-1220,SH100959,FUEL,119.34,EUR,23.87,PAID
IL901104,INV-50783,2025-09-27,P-1086,SH100960,BASE,97.30,GBP,19.46,PAID
IL901105,INV-50783,2025-09-27,P-1086,SH100960,FUEL,9.53,GBP,1.91,PAID
IL901106,INV-50784,2026-02-13,P-1210,SH100963,BASE,66.03,EUR,13.21,CREDITED
IL901107,INV-50785,2025-07-04,P-1104,SH100964,BASE,510.81,EUR,102.16,PAID
IL901108,INV-50786,2025-08-31,P-1076,SH100965,BASE,1107.15,GBP,221.43,PAID
IL901109,INV-50786,2025-08-31,P-1076,SH100965,FUEL,68.35,GBP,13.67,PAID
IL901110,INV-50787,2026-02-06,P-1229,SH100967,BASE,264.68,GBP,52.94,VOID
IL901111,INV-50787,2026-02-06,P-1229,SH100967,FUEL,23.11,GBP,4.62,VOID
IL901112,INV-50788,2025-11-21,P-1056,SH100969,BASE,1033.70,GBP,206.74,OPEN
IL901113,INV-50789,2025-03-11,P-1037,SH100970,BASE,95.81,GBP,19.16,OPEN
IL901114,INV-50790,2026-01-13,P-1131,SH100971,BASE,222.78,GBP,44.56,PAID
IL901115,INV-50791,2025-02-08,P-1058,SH100972,BASE,133.04,GBP,26.61,PAID
IL901116,INV-50792,2025-08-02,P-1161,SH100973,BASE,296.52,GBP,59.30,CREDITED
IL901117,INV-50792,2025-08-02,P-1161,SH100973,FUEL,36.29,GBP,7.26,CREDITED
IL901118,INV-50793,2025-10-21,P-1129,SH100974,BASE,651.57,GBP,130.31,OPEN
IL901119,INV-50793,2025-10-21,P-1129,SH100974,ACCESSORIAL,31.57,GBP,6.31,OPEN
IL901120,INV-50794,2025-09-01,P-1041,SH100975,BASE,248.09,GBP,49.62,PAID
IL901121,INV-50794,2025-09-01,P-1041,SH100975,FUEL,15.08,GBP,3.02,PAID
IL901122,INV-50795,2026-04-14,P-1201,SH100976,BASE,190.86,GBP,38.17,PAID
IL901123,INV-50796,2025-09-03,P-1152,SH100977,BASE,240.32,GBP,48.06,PAID
IL901124,INV-50797,2026-03-03,P-1154,SH100978,BASE,237.21,GBP,47.44,PAID
IL901125,INV-50798,2025-04-09,P-1192,SH100979,BASE,636.20,GBP,127.24,OPEN
IL901126,INV-50799,2025-12-23,P-1193,SH100980,BASE,774.57,GBP,154.91,VOID
IL901127,INV-50800,2025-05-25,P-1103,SH100981,BASE,162.61,GBP,32.52,OPEN
IL901128,INV-50801,2025-04-13,P-1188,SH100983,BASE,171.36,GBP,34.27,PAID
IL901129,INV-50801,2025-04-13,P-1188,SH100983,FUEL,19.83,GBP,3.97,PAID
IL901130,INV-50802,2025-04-08,P-1161,SH100984,BASE,159.13,GBP,31.83,PAID
IL901131,INV-50802,2025-04-08,P-1161,SH100984,FUEL,21.81,GBP,4.36,PAID
IL901132,INV-50803,2025-01-29,P-1074,SH100985,BASE,367.21,GBP,73.44,PAID
IL901133,INV-50804,2025-02-02,P-1062,SH100986,BASE,62.94,GBP,12.59,PAID
IL901134,INV-50805,2026-06-01,P-1071,SH100988,BASE,522.43,GBP,104.49,PAID
IL901135,INV-50806,2025-08-25,P-1143,SH100989,BASE,381.15,GBP,76.23,PAID
IL901136,INV-50806,2025-08-25,P-1143,SH100989,FUEL,42.27,GBP,8.45,PAID
IL901137,INV-50807,2026-01-03,P-1098,SH100990,BASE,103.74,GBP,20.75,PAID
IL901138,INV-50807,2026-01-03,P-1098,SH100990,FUEL,10.48,GBP,2.10,PAID
IL901139,INV-50808,2025-12-17,P-1177,SH100992,BASE,347.21,GBP,69.44,PAID
IL901140,INV-50809,2025-06-28,P-1144,SH100993,BASE,171.43,GBP,34.29,CREDITED
IL901141,INV-50809,2025-06-28,P-1144,SH100993,FUEL,17.17,GBP,3.43,CREDITED
IL901142,INV-50810,2025-07-21,P-1078,SH100994,BASE,264.55,GBP,52.91,PAID
IL901143,INV-50810,2025-07-21,P-1078,SH100994,FUEL,30.22,GBP,6.04,PAID
IL901144,INV-50811,2025-11-13,P-1105,SH100995,BASE,210.79,GBP,42.16,PAID
IL901145,INV-50811,2025-11-13,P-1105,SH100995,ACCESSORIAL,41.15,GBP,8.23,PAID
IL901146,INV-50812,2025-08-10,P-1206,SH100996,BASE,401.62,EUR,80.32,OPEN
IL901147,INV-50812,2025-08-10,P-1206,SH100996,FUEL,36.48,EUR,7.30,OPEN
IL901148,INV-50812,2025-08-10,P-1206,SH100996,ACCESSORIAL,32.76,EUR,6.55,OPEN
IL901149,INV-50813,2025-10-08,P-1231,SH100997,BASE,505.97,GBP,101.19,OPEN
IL901150,INV-50813,2025-10-08,P-1231,SH100997,FUEL,40.21,GBP,8.04,OPEN
IL901151,INV-50814,2025-01-16,P-1113,SH101000,BASE,617.61,GBP,123.52,OPEN
IL901152,INV-50815,2025-01-30,P-1087,SH101001,BASE,209.72,GBP,41.94,PAID
IL901153,INV-50815,2025-01-30,P-1087,SH101001,FUEL,27.01,GBP,5.40,PAID
IL901154,INV-50816,2025-12-25,P-1209,SH101003,BASE,55.33,EUR,11.07,OPEN
IL901155,INV-50817,2025-07-06,P-1007,SH101004,BASE,315.86,EUR,63.17,PAID
IL901156,INV-50817,2025-07-06,P-1007,SH101004,ACCESSORIAL,39.02,EUR,7.80,PAID
IL901157,INV-50818,2025-12-08,P-1087,SH101005,BASE,188.95,GBP,37.79,PAID
IL901158,INV-50819,2026-03-26,P-1197,SH101006,BASE,524.48,GBP,104.90,PAID
IL901159,INV-50819,2026-03-26,P-1197,SH101006,FUEL,37.16,GBP,7.43,PAID
IL901160,INV-50820,2025-11-21,P-1178,SH101008,BASE,253.05,GBP,50.61,PAID
IL901161,INV-50820,2025-11-21,P-1178,SH101008,FUEL,21.17,GBP,4.23,PAID
IL901162,INV-50821,2025-03-19,P-1156,SH101009,BASE,115.70,GBP,23.14,PAID
IL901163,INV-50822,2025-11-06,P-1018,SH101010,BASE,438.25,GBP,87.65,PAID
IL901164,INV-50823,2025-12-13,P-1146,SH101011,BASE,566.03,GBP,113.21,PAID
IL901165,INV-50824,2025-07-21,P-1069,SH101014,BASE,1108.06,GBP,221.61,PAID
IL901166,INV-50824,2025-07-21,P-1069,SH101014,FUEL,82.57,GBP,16.51,PAID
IL901167,INV-50825,2025-12-13,P-1021,SH101015,BASE,138.82,GBP,27.76,OPEN
IL901168,INV-50826,2025-02-07,P-1140,SH101018,BASE,151.82,GBP,30.36,PAID
IL901169,INV-50827,2025-04-20,P-1194,SH101019,BASE,487.18,GBP,97.44,PAID
IL901170,INV-50828,2025-07-18,P-1068,SH101020,BASE,420.12,GBP,84.02,PAID
IL901171,INV-50829,2026-01-02,P-1154,SH101021,BASE,223.67,GBP,44.73,VOID
IL901172,INV-50829,2026-01-02,P-1154,SH101021,FUEL,29.24,GBP,5.85,VOID
IL901173,INV-50829,2026-01-02,P-1154,SH101021,ACCESSORIAL,10.72,GBP,2.14,VOID
IL901174,INV-50830,2025-02-27,P-1151,SH101022,BASE,430.64,GBP,86.13,PAID
IL901175,INV-50831,2026-04-01,P-1025,SH101023,BASE,268.54,GBP,53.71,OPEN
IL901176,INV-50831,2026-04-01,P-1025,SH101023,FUEL,23.63,GBP,4.73,OPEN
IL901177,INV-50832,2025-03-28,P-1020,SH101024,BASE,231.23,GBP,46.25,PAID
IL901178,INV-50832,2025-03-28,P-1020,SH101024,FUEL,27.59,GBP,5.52,PAID
IL901179,INV-50833,2025-06-25,P-1029,SH101025,BASE,326.26,GBP,65.25,PAID
IL901180,INV-50834,2026-04-06,P-1026,SH101028,BASE,50.31,GBP,10.06,PAID
IL901181,INV-50835,2025-03-03,P-1192,SH101030,BASE,397.21,EUR,79.44,OPEN
IL901182,INV-50835,2025-03-03,P-1192,SH101030,FUEL,34.05,EUR,6.81,OPEN
IL901183,INV-50836,2025-04-10,P-1238,SH101031,BASE,469.82,GBP,93.96,OPEN
IL901184,INV-50837,2025-09-24,P-1171,SH101032,BASE,107.06,GBP,21.41,OPEN
IL901185,INV-50838,2025-12-31,P-1036,SH101033,BASE,231.84,GBP,46.37,OPEN
IL901186,INV-50838,2025-12-31,P-1036,SH101033,FUEL,15.78,GBP,3.16,OPEN
IL901187,INV-50839,2026-05-03,P-1061,SH101034,BASE,188.83,GBP,37.77,VOID
IL901188,INV-50840,2026-04-23,P-1047,SH101035,BASE,87.41,GBP,17.48,CREDITED
IL901189,INV-50840,2026-04-23,P-1047,SH101035,ACCESSORIAL,51.64,GBP,10.33,CREDITED
IL901190,INV-50841,2025-04-26,P-1072,SH101036,BASE,45.42,EUR,9.08,CREDITED
IL901191,INV-50842,2025-08-12,P-1108,SH101037,BASE,347.12,GBP,69.42,OPEN
IL901192,INV-50843,2025-07-02,P-1089,SH101039,BASE,132.66,GBP,26.53,OPEN
IL901193,INV-50843,2025-07-02,P-1089,SH101039,ACCESSORIAL,17.58,GBP,3.52,OPEN
IL901194,INV-50844,2025-01-29,P-1049,SH101040,BASE,381.31,GBP,76.26,CREDITED
IL901195,INV-50845,2025-04-27,P-1191,SH101042,BASE,24.12,GBP,4.82,OPEN
IL901196,INV-50846,2025-12-05,P-1171,SH101043,BASE,39.75,GBP,7.95,PAID
IL901197,INV-50847,2025-06-14,P-1059,SH101045,BASE,217.46,GBP,43.49,OPEN
IL901198,INV-50847,2025-06-14,P-1059,SH101045,FUEL,18.33,GBP,3.67,OPEN
IL901199,INV-50848,2025-03-16,P-1137,SH101046,BASE,176.53,GBP,35.31,OPEN
IL901200,INV-50849,2025-05-22,P-1136,SH101047,BASE,358.11,GBP,71.62,PAID
IL901201,INV-50850,2025-09-28,P-1005,SH101049,BASE,265.63,EUR,53.13,PAID
IL901202,INV-50850,2025-09-28,P-1005,SH101049,ACCESSORIAL,26.04,EUR,5.21,PAID
IL901203,INV-50851,2025-03-15,P-1117,SH101053,BASE,184.79,GBP,36.96,PAID
IL901204,INV-50851,2025-03-15,P-1117,SH101053,FUEL,14.63,GBP,2.93,PAID
IL901205,INV-50852,2026-04-19,P-1099,SH101054,BASE,605.72,GBP,121.14,PAID
IL901206,INV-50853,2025-07-21,P-1168,SH101055,BASE,846.73,GBP,169.35,PAID
IL901207,INV-50854,2025-11-17,P-1218,SH101057,BASE,513.25,GBP,102.65,PAID
IL901208,INV-50854,2025-11-17,P-1218,SH101057,ACCESSORIAL,10.67,GBP,2.13,PAID
IL901209,INV-50855,2025-08-18,P-1061,SH101058,BASE,489.53,GBP,97.91,PAID
IL901210,INV-50856,2025-08-15,P-1061,SH101059,BASE,81.48,GBP,16.30,PAID
IL901211,INV-50856,2025-08-15,P-1061,SH101059,ACCESSORIAL,20.66,GBP,4.13,PAID
IL901212,INV-50857,2025-02-26,P-1105,SH101061,BASE,307.15,GBP,61.43,PAID
IL901213,INV-50858,2025-04-03,P-1172,SH101062,BASE,210.41,GBP,42.08,VOID
IL901214,INV-50858,2025-04-03,P-1172,SH101062,FUEL,17.98,GBP,3.60,VOID
IL901215,INV-50859,2026-03-14,P-1226,SH101063,BASE,747.96,GBP,149.59,OPEN
IL901216,INV-50860,2025-07-26,P-1174,SH101064,BASE,380.56,GBP,76.11,PAID
IL901217,INV-50860,2025-07-26,P-1174,SH101064,FUEL,50.51,GBP,10.10,PAID
IL901218,INV-50861,2026-01-12,P-1015,SH101065,BASE,321.11,EUR,64.22,PAID
IL901219,INV-50862,2026-06-01,P-1083,SH101067,BASE,498.91,GBP,99.78,PAID
IL901220,INV-50863,2025-11-18,P-1158,SH101068,BASE,407.26,GBP,81.45,OPEN
IL901221,INV-50863,2025-11-18,P-1158,SH101068,FUEL,50.86,GBP,10.17,OPEN
IL901222,INV-50864,2026-03-19,P-1116,SH101069,BASE,164.80,GBP,32.96,VOID
IL901223,INV-50864,2026-03-19,P-1116,SH101069,FUEL,20.77,GBP,4.15,VOID
IL901224,INV-50865,2025-10-24,P-1205,SH101070,BASE,420.56,GBP,84.11,OPEN
IL901225,INV-50866,2025-03-15,P-1160,SH101071,BASE,299.47,GBP,59.89,PAID
IL901226,INV-50867,2026-01-29,P-1209,SH101072,BASE,153.46,GBP,30.69,PAID
IL901227,INV-50868,2025-09-27,P-1085,SH101073,BASE,439.41,GBP,87.88,PAID
IL901228,INV-50868,2025-09-27,P-1085,SH101073,ACCESSORIAL,9.52,GBP,1.90,PAID
IL901229,INV-50869,2025-01-09,P-1224,SH101074,BASE,333.29,GBP,66.66,PAID
IL901230,INV-50869,2025-01-09,P-1224,SH101074,FUEL,20.79,GBP,4.16,PAID
IL901231,INV-50870,2026-02-22,P-1181,SH101075,BASE,32.44,GBP,6.49,PAID
IL901232,INV-50871,2026-03-19,P-1040,SH101076,BASE,621.54,GBP,124.31,CREDITED
IL901233,INV-50872,2025-10-20,P-1152,SH101078,BASE,38.40,GBP,7.68,PAID
IL901234,INV-50873,2025-06-19,P-1006,SH101079,BASE,46.14,GBP,9.23,OPEN
IL901235,INV-50873,2025-06-19,P-1006,SH101079,FUEL,2.79,GBP,0.56,OPEN
IL901236,INV-50874,2025-05-01,P-1175,SH101080,BASE,563.16,GBP,112.63,PAID
IL901237,INV-50875,2026-04-30,P-1192,SH101081,BASE,297.43,GBP,59.49,PAID
IL901238,INV-50876,2025-11-14,P-1128,SH101083,BASE,208.24,GBP,41.65,PAID
IL901239,INV-50877,2026-02-26,P-1105,SH101084,BASE,226.95,GBP,45.39,CREDITED
IL901240,INV-50877,2026-02-26,P-1105,SH101084,FUEL,18.24,GBP,3.65,CREDITED
IL901241,INV-50878,2026-05-12,P-1233,SH101085,BASE,940.78,GBP,188.16,PAID
IL901242,INV-50879,2025-07-03,P-1082,SH101086,BASE,727.35,GBP,145.47,PAID
IL901243,INV-50879,2025-07-03,P-1082,SH101086,ACCESSORIAL,44.89,GBP,8.98,PAID
IL901244,INV-50880,2025-07-01,P-1095,SH101087,BASE,873.20,GBP,174.64,PAID
IL901245,INV-50880,2025-07-01,P-1095,SH101087,FUEL,109.18,GBP,21.84,PAID
IL901246,INV-50881,2026-02-13,P-1227,SH101088,BASE,206.77,GBP,41.35,OPEN
IL901247,INV-50881,2026-02-13,P-1227,SH101088,FUEL,15.38,GBP,3.08,OPEN
IL901248,INV-50882,2026-05-05,P-1036,SH101089,BASE,235.48,GBP,47.10,PAID
IL901249,INV-50883,2025-05-11,P-1100,SH101090,BASE,513.10,EUR,102.62,OPEN
IL901250,INV-50883,2025-05-11,P-1100,SH101090,FUEL,45.81,EUR,9.16,OPEN
IL901251,INV-50884,2025-05-13,P-1091,SH101091,BASE,195.18,GBP,39.04,OPEN
IL901252,INV-50885,2025-03-02,P-1043,SH101092,BASE,188.80,EUR,37.76,PAID
IL901253,INV-50886,2025-05-12,P-1106,SH101093,BASE,196.90,GBP,39.38,PAID
IL901254,INV-50887,2025-06-15,P-1043,SH101094,BASE,181.58,GBP,36.32,PAID
IL901255,INV-50888,2026-04-10,P-1099,SH101095,BASE,505.46,GBP,101.09,CREDITED
IL901256,INV-50889,2026-02-04,P-1096,SH101096,BASE,64.45,GBP,12.89,PAID
IL901257,INV-50889,2026-02-04,P-1096,SH101096,FUEL,6.11,GBP,1.22,PAID
IL901258,INV-50890,2025-07-13,P-1216,SH101098,BASE,255.40,GBP,51.08,OPEN
IL901259,INV-50890,2025-07-13,P-1216,SH101098,FUEL,27.29,GBP,5.46,OPEN
IL901260,INV-50891,2026-04-28,P-1223,SH101099,BASE,182.64,GBP,36.53,PAID
IL901261,INV-50891,2026-04-28,P-1223,SH101099,FUEL,15.02,GBP,3.00,PAID
IL901262,INV-50892,2026-01-08,P-1134,SH101100,BASE,137.06,GBP,27.41,CREDITED
IL901263,INV-50892,2026-01-08,P-1134,SH101100,FUEL,14.98,GBP,3.00,CREDITED
IL901264,INV-50893,2025-04-25,P-1154,SH101101,BASE,321.16,GBP,64.23,PAID
IL901265,INV-50893,2025-04-25,P-1154,SH101101,FUEL,40.06,GBP,8.01,PAID
IL901266,INV-50894,2026-01-02,P-1109,SH101102,BASE,476.39,EUR,95.28,PAID
IL901267,INV-50895,2026-02-04,P-1127,SH101103,BASE,512.95,GBP,102.59,PAID
IL901268,INV-50895,2026-02-04,P-1127,SH101103,ACCESSORIAL,16.38,GBP,3.28,PAID
IL901269,INV-50896,2025-04-16,P-1094,SH101104,BASE,325.83,GBP,65.17,PAID
IL901270,INV-50896,2025-04-16,P-1094,SH101104,FUEL,19.67,GBP,3.93,PAID
IL901271,INV-50897,2025-02-11,P-1070,SH101106,BASE,220.96,GBP,44.19,PAID
IL901272,INV-50897,2025-02-11,P-1070,SH101106,FUEL,13.88,GBP,2.78,PAID
IL901273,INV-50898,2025-01-08,P-1212,SH101107,BASE,182.27,GBP,36.45,PAID
IL901274,INV-50898,2025-01-08,P-1212,SH101107,FUEL,15.98,GBP,3.20,PAID
IL901275,INV-50898,2025-01-08,P-1212,SH101107,ACCESSORIAL,52.30,GBP,10.46,PAID
IL901276,INV-50899,2025-07-27,P-1158,SH101108,BASE,159.38,EUR,31.88,PAID
IL901277,INV-50900,2025-08-23,P-1109,SH101109,BASE,169.57,GBP,33.91,CREDITED
IL901278,INV-50900,2025-08-23,P-1109,SH101109,FUEL,17.25,GBP,3.45,CREDITED
IL901279,INV-50901,2026-04-07,P-1180,SH101110,BASE,760.81,GBP,152.16,OPEN
IL901280,INV-50902,2026-05-08,P-1160,SH101111,BASE,461.35,GBP,92.27,PAID
IL901281,INV-50902,2026-05-08,P-1160,SH101111,FUEL,33.73,GBP,6.75,PAID
IL901282,INV-50903,2025-12-23,P-1198,SH101112,BASE,816.71,GBP,163.34,VOID
IL901283,INV-50904,2026-05-07,P-1037,SH101113,BASE,238.24,GBP,47.65,PAID
IL901284,INV-50904,2026-05-07,P-1037,SH101113,FUEL,18.75,GBP,3.75,PAID
IL901285,INV-50905,2025-10-16,P-1084,SH101114,BASE,177.57,GBP,35.51,PAID
IL901286,INV-50906,2025-11-26,P-1236,SH101115,BASE,86.20,GBP,17.24,PAID
IL901287,INV-50906,2025-11-26,P-1236,SH101115,FUEL,6.99,GBP,1.40,PAID
IL901288,INV-50907,2025-02-03,P-1180,SH101116,BASE,438.26,EUR,87.65,PAID
IL901289,INV-50908,2025-09-07,P-1010,SH101117,BASE,267.49,GBP,53.50,PAID
IL901290,INV-50909,2025-09-03,P-1213,SH101118,BASE,179.56,GBP,35.91,CREDITED
IL901291,INV-50910,2025-03-16,P-1240,SH101120,BASE,72.62,GBP,14.52,OPEN
IL901292,INV-50910,2025-03-16,P-1240,SH101120,FUEL,5.03,GBP,1.01,OPEN
IL901293,INV-50911,2026-01-25,P-1150,SH101122,BASE,126.18,EUR,25.24,PAID
IL901294,INV-50911,2026-01-25,P-1150,SH101122,FUEL,7.93,EUR,1.59,PAID
IL901295,INV-50912,2026-01-27,P-1145,SH101123,BASE,256.41,GBP,51.28,PAID
IL901296,INV-50913,2025-05-04,P-1117,SH101124,BASE,222.53,GBP,44.51,PAID
IL901297,INV-50913,2025-05-04,P-1117,SH101124,FUEL,14.74,GBP,2.95,PAID
IL901298,INV-50914,2025-03-26,P-1060,SH101125,BASE,332.85,GBP,66.57,PAID
IL901299,INV-50914,2025-03-26,P-1060,SH101125,ACCESSORIAL,23.32,GBP,4.66,PAID
IL901300,INV-50915,2026-04-25,P-1183,SH101126,BASE,207.33,GBP,41.47,PAID
IL901301,INV-50916,2025-12-03,P-1025,SH101128,BASE,558.75,GBP,111.75,OPEN
IL901302,INV-50917,2025-07-21,P-1213,SH101129,BASE,415.04,GBP,83.01,PAID
IL901303,INV-50917,2025-07-21,P-1213,SH101129,ACCESSORIAL,41.14,GBP,8.23,PAID
IL901304,INV-50918,2025-07-28,P-1181,SH101130,BASE,120.58,GBP,24.12,OPEN
IL901305,INV-50918,2025-07-28,P-1181,SH101130,ACCESSORIAL,32.74,GBP,6.55,OPEN
IL901306,INV-50919,2025-05-01,P-1180,SH101131,BASE,584.32,GBP,116.86,PAID
IL901307,INV-50920,2025-06-21,P-1236,SH101132,BASE,348.42,GBP,69.68,PAID
IL901308,INV-50921,2026-04-03,P-1128,SH101133,BASE,299.54,GBP,59.91,PAID
IL901309,INV-50922,2025-12-10,P-1071,SH101134,BASE,784.08,GBP,156.82,PAID
IL901310,INV-50923,2025-09-21,P-1235,SH101135,BASE,291.95,GBP,58.39,PAID
IL901311,INV-50923,2025-09-21,P-1235,SH101135,FUEL,37.27,GBP,7.45,PAID
IL901312,INV-50924,2026-01-29,P-1140,SH101136,BASE,381.16,GBP,76.23,PAID
IL901313,INV-50924,2026-01-29,P-1140,SH101136,FUEL,44.01,GBP,8.80,PAID
IL901314,INV-50925,2025-09-10,P-1057,SH101138,BASE,440.34,EUR,88.07,PAID
IL901315,INV-50926,2025-07-02,P-1086,SH101139,BASE,517.00,GBP,103.40,PAID
IL901316,INV-50927,2025-07-13,P-1111,SH101140,BASE,244.57,GBP,48.91,PAID
IL901317,INV-50927,2025-07-13,P-1111,SH101140,FUEL,24.49,GBP,4.90,PAID
IL901318,INV-50927,2025-07-13,P-1111,SH101140,ACCESSORIAL,15.76,GBP,3.15,PAID
IL901319,INV-50928,2025-09-16,P-1001,SH101141,BASE,233.73,GBP,46.75,PAID
IL901320,INV-50928,2025-09-16,P-1001,SH101141,FUEL,25.63,GBP,5.13,PAID
IL901321,INV-50929,2025-09-22,P-1091,SH101142,BASE,324.82,GBP,64.96,PAID
IL901322,INV-50930,2025-09-04,P-1050,SH101143,BASE,324.98,GBP,65.00,PAID
IL901323,INV-50930,2025-09-04,P-1050,SH101143,FUEL,36.27,GBP,7.25,PAID
IL901324,INV-50931,2025-07-28,P-1062,SH101144,BASE,864.18,GBP,172.84,CREDITED
IL901325,INV-50932,2025-07-21,P-1122,SH101145,BASE,298.82,GBP,59.76,PAID
IL901326,INV-50933,2025-07-17,P-1083,SH101146,BASE,40.56,GBP,8.11,VOID
IL901327,INV-50933,2025-07-17,P-1083,SH101146,FUEL,3.58,GBP,0.72,VOID
IL901328,INV-50934,2025-11-07,P-1155,SH101147,BASE,106.28,GBP,21.26,CREDITED
IL901329,INV-50935,2025-05-25,P-1017,SH101148,BASE,275.14,EUR,55.03,PAID
IL901330,INV-50935,2025-05-25,P-1017,SH101148,FUEL,37.51,EUR,7.50,PAID
IL901331,INV-50936,2025-05-18,P-1214,SH101149,BASE,812.32,GBP,162.46,OPEN
IL901332,INV-50937,2025-05-03,P-1044,SH101150,BASE,52.52,GBP,10.50,OPEN
IL901333,INV-50937,2025-05-03,P-1044,SH101150,FUEL,5.06,GBP,1.01,OPEN
IL901334,INV-50938,2025-06-12,P-1174,SH101151,BASE,295.96,GBP,59.19,PAID
IL901335,INV-50938,2025-06-12,P-1174,SH101151,FUEL,18.83,GBP,3.77,PAID
IL901336,INV-50939,2026-01-26,P-1112,SH101152,BASE,626.43,GBP,125.29,PAID
IL901337,INV-50939,2026-01-26,P-1112,SH101152,FUEL,62.08,GBP,12.42,PAID
IL901338,INV-50940,2025-05-20,P-1193,SH101153,BASE,222.72,GBP,44.54,PAID
IL901339,INV-50941,2025-04-10,P-1192,SH101154,BASE,757.02,GBP,151.40,PAID
IL901340,INV-50942,2026-01-26,P-1231,SH101155,BASE,110.19,GBP,22.04,PAID
IL901341,INV-50943,2025-07-22,P-1169,SH101157,BASE,517.81,GBP,103.56,PAID
IL901342,INV-50943,2025-07-22,P-1169,SH101157,FUEL,45.20,GBP,9.04,PAID
IL901343,INV-50944,2025-08-08,P-1202,SH101158,BASE,334.79,GBP,66.96,VOID
IL901344,INV-50944,2025-08-08,P-1202,SH101158,FUEL,26.26,GBP,5.25,VOID
IL901345,INV-50945,2025-12-02,P-1010,SH101160,BASE,672.57,EUR,134.51,PAID
IL901346,INV-50946,2025-09-12,P-1046,SH101161,BASE,228.33,GBP,45.67,PAID
IL901347,INV-50946,2025-09-12,P-1046,SH101161,FUEL,29.14,GBP,5.83,PAID
IL901348,INV-50947,2025-02-05,P-1012,SH101162,BASE,125.90,GBP,25.18,PAID
IL901349,INV-50947,2025-02-05,P-1012,SH101162,FUEL,11.67,GBP,2.33,PAID
IL901350,INV-50948,2026-02-21,P-1021,SH101163,BASE,383.70,GBP,76.74,PAID
IL901351,INV-50949,2025-03-22,P-1093,SH101164,BASE,42.43,GBP,8.49,OPEN
IL901352,INV-50949,2025-03-22,P-1093,SH101164,FUEL,4.10,GBP,0.82,OPEN
IL901353,INV-50950,2025-06-02,P-1199,SH101165,BASE,48.52,GBP,9.70,VOID
IL901354,INV-50951,2026-05-07,P-1202,SH101167,BASE,461.94,GBP,92.39,PAID
IL901355,INV-50951,2026-05-07,P-1202,SH101167,FUEL,38.40,GBP,7.68,PAID
IL901356,INV-50952,2025-08-27,P-1226,SH101168,BASE,288.27,GBP,57.65,PAID
IL901357,INV-50953,2025-09-12,P-1212,SH101169,BASE,205.45,GBP,41.09,PAID
IL901358,INV-50953,2025-09-12,P-1212,SH101169,FUEL,17.02,GBP,3.40,PAID
IL901359,INV-50954,2025-07-12,P-1043,SH101170,BASE,148.22,GBP,29.64,OPEN
IL901360,INV-50954,2025-07-12,P-1043,SH101170,FUEL,10.31,GBP,2.06,OPEN
IL901361,INV-50955,2026-03-20,P-1158,SH101172,BASE,570.80,GBP,114.16,PAID
IL901362,INV-50956,2025-05-14,P-1124,SH101173,BASE,401.03,GBP,80.21,OPEN
IL901363,INV-50957,2025-09-10,P-1099,SH101174,BASE,107.31,GBP,21.46,PAID
IL901364,INV-50958,2026-03-15,P-1067,SH101175,BASE,192.15,GBP,38.43,PAID
IL901365,INV-50959,2025-10-30,P-1220,SH101177,BASE,415.03,GBP,83.01,OPEN
IL901366,INV-50960,2025-06-16,P-1045,SH101178,BASE,487.98,GBP,97.60,OPEN
IL901367,INV-50961,2025-05-05,P-1121,SH101179,BASE,82.42,GBP,16.48,PAID
IL901368,INV-50962,2026-03-02,P-1211,SH101180,BASE,377.27,GBP,75.45,PAID
IL901369,INV-50963,2026-01-14,P-1033,SH101182,BASE,517.02,GBP,103.40,PAID
IL901370,INV-50963,2026-01-14,P-1033,SH101182,FUEL,63.76,GBP,12.75,PAID
IL901371,INV-50964,2025-07-06,P-1190,SH101183,BASE,631.75,GBP,126.35,PAID
IL901372,INV-50964,2025-07-06,P-1190,SH101183,FUEL,45.67,GBP,9.13,PAID
IL901373,INV-50965,2026-05-31,P-1041,SH101184,BASE,69.85,GBP,13.97,PAID
IL901374,INV-50965,2026-05-31,P-1041,SH101184,FUEL,4.80,GBP,0.96,PAID
IL901375,INV-50966,2025-02-17,P-1004,SH101185,BASE,33.73,GBP,6.75,PAID
IL901376,INV-50966,2025-02-17,P-1004,SH101185,FUEL,3.80,GBP,0.76,PAID
IL901377,INV-50967,2025-01-14,P-1166,SH101187,BASE,779.03,GBP,155.81,CREDITED
IL901378,INV-50968,2025-11-19,P-1171,SH101189,BASE,58.82,GBP,11.76,PAID
IL901379,INV-50969,2025-09-03,P-1016,SH101190,BASE,181.81,GBP,36.36,OPEN
IL901380,INV-50970,2025-06-18,P-1142,SH101192,BASE,566.41,EUR,113.28,PAID
IL901381,INV-50971,2026-03-20,P-1177,SH101193,BASE,167.35,GBP,33.47,OPEN
IL901382,INV-50972,2025-05-14,P-1208,SH101195,BASE,316.83,EUR,63.37,PAID
IL901383,INV-50973,2025-03-01,P-1145,SH101196,BASE,536.11,GBP,107.22,PAID
IL901384,INV-50974,2026-03-03,P-1129,SH101197,BASE,842.82,GBP,168.56,CREDITED
IL901385,INV-50974,2026-03-03,P-1129,SH101197,FUEL,64.61,GBP,12.92,CREDITED
IL901386,INV-50974,2026-03-03,P-1129,SH101197,ACCESSORIAL,52.57,GBP,10.51,CREDITED
IL901387,INV-50975,2026-04-28,P-1025,SH101198,BASE,598.23,GBP,119.65,PAID
IL901388,INV-50976,2025-07-17,P-1163,SH101199,BASE,80.11,GBP,16.02,PAID
IL901389,INV-50977,2025-02-13,P-1023,SH101200,BASE,67.65,EUR,13.53,OPEN
IL901390,INV-50978,2026-02-08,P-1038,SH101201,BASE,82.90,GBP,16.58,PAID
IL901391,INV-50979,2025-09-22,P-1208,SH101202,BASE,115.36,EUR,23.07,PAID
IL901392,INV-50979,2025-09-22,P-1208,SH101202,FUEL,8.49,EUR,1.70,PAID
IL901393,INV-50980,2025-11-03,P-1207,SH101204,BASE,23.12,GBP,4.62,PAID
IL901394,INV-50981,2025-06-27,P-1010,SH101205,BASE,38.01,GBP,7.60,PAID
IL901395,INV-50982,2025-12-15,P-1149,SH101206,BASE,279.94,GBP,55.99,PAID
IL901396,INV-50983,2026-04-13,P-1139,SH101207,BASE,191.02,GBP,38.20,PAID
IL901397,INV-50984,2025-05-24,P-1213,SH101208,BASE,56.79,GBP,11.36,OPEN
IL901398,INV-50985,2025-06-06,P-1003,SH101209,BASE,350.23,GBP,70.05,PAID
IL901399,INV-50986,2026-01-01,P-1184,SH101210,BASE,23.82,GBP,4.76,OPEN
IL901400,INV-50987,2025-01-26,P-1156,SH101211,BASE,1006.29,GBP,201.26,PAID
IL901401,INV-50988,2025-08-29,P-1221,SH101212,BASE,32.78,GBP,6.56,OPEN
IL901402,INV-50989,2025-09-22,P-1201,SH101213,BASE,880.59,GBP,176.12,PAID
IL901403,INV-50990,2025-04-25,P-1116,SH101215,BASE,32.55,GBP,6.51,VOID
IL901404,INV-50991,2026-05-05,P-1126,SH101216,BASE,440.49,GBP,88.10,OPEN
IL901405,INV-50991,2026-05-05,P-1126,SH101216,FUEL,27.58,GBP,5.52,OPEN
IL901406,INV-50992,2025-04-17,P-1160,SH101219,BASE,308.14,GBP,61.63,CREDITED
IL901407,INV-50992,2025-04-17,P-1160,SH101219,FUEL,36.98,GBP,7.40,CREDITED
IL901408,INV-50993,2025-08-13,P-1201,SH101220,BASE,704.46,GBP,140.89,PAID
IL901409,INV-50993,2025-08-13,P-1201,SH101220,FUEL,80.91,GBP,16.18,PAID
IL901410,INV-50994,2025-05-18,P-1088,SH101222,BASE,57.29,GBP,11.46,PAID
IL901411,INV-50994,2025-05-18,P-1088,SH101222,FUEL,6.70,GBP,1.34,PAID
IL901412,INV-50995,2025-05-03,P-1167,SH101223,BASE,201.09,GBP,40.22,PAID
IL901413,INV-50995,2025-05-03,P-1167,SH101223,FUEL,22.77,GBP,4.55,PAID
IL901414,INV-50996,2025-09-03,P-1062,SH101224,BASE,371.99,GBP,74.40,PAID
IL901415,INV-50996,2025-09-03,P-1062,SH101224,ACCESSORIAL,17.46,GBP,3.49,PAID
IL901416,INV-50997,2025-03-06,P-1232,SH101225,BASE,229.56,GBP,45.91,PAID
IL901417,INV-50998,2025-02-14,P-1179,SH101226,BASE,89.10,GBP,17.82,PAID
IL901418,INV-50998,2025-02-14,P-1179,SH101226,FUEL,5.99,GBP,1.20,PAID
IL901419,INV-50999,2026-03-14,P-1059,SH101227,BASE,121.54,GBP,24.31,OPEN
IL901420,INV-50999,2026-03-14,P-1059,SH101227,FUEL,13.21,GBP,2.64,OPEN
IL901421,INV-51000,2025-08-03,P-1191,SH101230,BASE,120.49,GBP,24.10,PAID
IL901422,INV-51001,2025-03-03,P-1191,SH101231,BASE,276.81,GBP,55.36,PAID
IL901423,INV-51001,2025-03-03,P-1191,SH101231,FUEL,27.05,GBP,5.41,PAID
IL901424,INV-51002,2025-12-25,P-1203,SH101232,BASE,208.47,GBP,41.69,PAID
IL901425,INV-51003,2026-04-20,P-1122,SH101233,BASE,615.86,GBP,123.17,CREDITED
IL901426,INV-51004,2025-09-05,P-1150,SH101234,BASE,337.56,GBP,67.51,PAID
IL901427,INV-51005,2026-02-02,P-1106,SH101236,BASE,429.60,GBP,85.92,PAID
IL901428,INV-51006,2025-03-15,P-1151,SH101237,BASE,37.90,GBP,7.58,PAID
IL901429,INV-51007,2026-01-22,P-1225,SH101238,BASE,244.05,EUR,48.81,PAID
IL901430,INV-51008,2025-05-04,P-1209,SH101241,BASE,519.41,GBP,103.88,PAID
IL901431,INV-51008,2025-05-04,P-1209,SH101241,FUEL,63.79,GBP,12.76,PAID
IL901432,INV-51009,2025-03-15,P-1169,SH101242,BASE,611.03,GBP,122.21,PAID
IL901433,INV-51009,2025-03-15,P-1169,SH101242,FUEL,65.95,GBP,13.19,PAID
IL901434,INV-51010,2025-01-27,P-1159,SH101245,BASE,87.35,GBP,17.47,PAID
IL901435,INV-51011,2026-04-28,P-1038,SH101246,BASE,455.56,GBP,91.11,PAID
IL901436,INV-51011,2026-04-28,P-1038,SH101246,FUEL,49.13,GBP,9.83,PAID
IL901437,INV-51012,2025-10-05,P-1110,SH101247,BASE,161.44,GBP,32.29,OPEN
IL901438,INV-51013,2025-06-18,P-1213,SH101248,BASE,225.70,GBP,45.14,PAID
IL901439,INV-51013,2025-06-18,P-1213,SH101248,FUEL,18.11,GBP,3.62,PAID
IL901440,INV-51014,2026-02-14,P-1172,SH101249,BASE,339.94,GBP,67.99,PAID
IL901441,INV-51014,2026-02-14,P-1172,SH101249,FUEL,42.83,GBP,8.57,PAID
IL901442,INV-51015,2025-12-24,P-1227,SH101250,BASE,880.60,GBP,176.12,OPEN
IL901443,INV-51016,2025-10-29,P-1136,SH101252,BASE,717.50,EUR,143.50,PAID
IL901444,INV-51016,2025-10-29,P-1136,SH101252,FUEL,71.25,EUR,14.25,PAID
IL901445,INV-51017,2025-09-18,P-1212,SH101253,BASE,27.11,GBP,5.42,PAID
IL901446,INV-51018,2025-11-25,P-1193,SH101254,BASE,365.41,GBP,73.08,PAID
IL901447,INV-51019,2025-01-20,P-1143,SH101255,BASE,142.34,EUR,28.47,PAID
IL901448,INV-51019,2025-01-20,P-1143,SH101255,ACCESSORIAL,34.42,EUR,6.88,PAID
IL901449,INV-51020,2025-09-24,P-1212,SH101256,BASE,730.98,GBP,146.20,OPEN
IL901450,INV-51021,2025-07-22,P-1031,SH101257,BASE,205.17,GBP,41.03,OPEN
IL901451,INV-51022,2025-06-14,P-1028,SH101258,BASE,100.29,GBP,20.06,PAID
IL901452,INV-51022,2025-06-14,P-1028,SH101258,FUEL,10.37,GBP,2.07,PAID
IL901453,INV-51023,2025-09-08,P-1079,SH101260,BASE,394.26,EUR,78.85,PAID
IL901454,INV-51023,2025-09-08,P-1079,SH101260,FUEL,38.37,EUR,7.67,PAID
IL901455,INV-51024,2025-10-08,P-1023,SH101263,BASE,135.69,GBP,27.14,OPEN
IL901456,INV-51025,2025-05-16,P-1225,SH101264,BASE,398.01,EUR,79.60,CREDITED
IL901457,INV-51025,2025-05-16,P-1225,SH101264,FUEL,30.60,EUR,6.12,CREDITED
IL901458,INV-51026,2025-12-06,P-1017,SH101265,BASE,225.80,GBP,45.16,PAID
IL901459,INV-51027,2025-03-09,P-1211,SH101266,BASE,768.76,GBP,153.75,PAID
IL901460,INV-51028,2025-04-04,P-1129,SH101267,BASE,212.34,GBP,42.47,PAID
IL901461,INV-51028,2025-04-04,P-1129,SH101267,FUEL,25.43,GBP,5.09,PAID
IL901462,INV-51029,2025-03-05,P-1170,SH101268,BASE,184.41,GBP,36.88,CREDITED
IL901463,INV-51029,2025-03-05,P-1170,SH101268,FUEL,21.95,GBP,4.39,CREDITED
IL901464,INV-51030,2026-02-16,P-1096,SH101269,BASE,100.76,GBP,20.15,PAID
IL901465,INV-51031,2025-08-29,P-1152,SH101270,BASE,43.05,GBP,8.61,PAID
IL901466,INV-51032,2025-07-26,P-1092,SH101271,BASE,505.58,GBP,101.12,OPEN
IL901467,INV-51033,2026-04-17,P-1063,SH101272,BASE,413.29,GBP,82.66,CREDITED
IL901468,INV-51033,2026-04-17,P-1063,SH101272,FUEL,40.71,GBP,8.14,CREDITED
IL901469,INV-51034,2025-10-27,P-1133,SH101273,BASE,245.47,GBP,49.09,PAID
IL901470,INV-51035,2025-10-07,P-1168,SH101274,BASE,130.00,GBP,26.00,PAID
IL901471,INV-51036,2026-05-27,P-1233,SH101276,BASE,52.03,GBP,10.41,PAID
IL901472,INV-51036,2026-05-27,P-1233,SH101276,FUEL,3.81,GBP,0.76,PAID
IL901473,INV-51037,2025-12-02,P-1162,SH101277,BASE,146.41,GBP,29.28,PAID
IL901474,INV-51038,2025-08-18,P-1095,SH101279,BASE,210.94,GBP,42.19,PAID
IL901475,INV-51039,2025-10-28,P-1029,SH101280,BASE,126.60,EUR,25.32,OPEN
IL901476,INV-51039,2025-10-28,P-1029,SH101280,ACCESSORIAL,51.39,EUR,10.28,OPEN
IL901477,INV-51040,2025-02-24,P-1019,SH101281,BASE,282.55,GBP,56.51,PAID
IL901478,INV-51040,2025-02-24,P-1019,SH101281,FUEL,28.87,GBP,5.77,PAID
IL901479,INV-51041,2025-05-08,P-1097,SH101282,BASE,220.55,GBP,44.11,PAID
IL901480,INV-51041,2025-05-08,P-1097,SH101282,ACCESSORIAL,45.13,GBP,9.03,PAID
IL901481,INV-51042,2025-02-12,P-1102,SH101283,BASE,373.71,EUR,74.74,OPEN
IL901482,INV-51043,2025-08-26,P-1032,SH101284,BASE,173.06,EUR,34.61,PAID
IL901483,INV-51044,2026-01-10,P-1080,SH101285,BASE,1008.83,GBP,201.77,PAID
IL901484,INV-51045,2025-07-06,P-1209,SH101288,BASE,219.79,EUR,43.96,PAID
IL901485,INV-51045,2025-07-06,P-1209,SH101288,FUEL,26.66,EUR,5.33,PAID
IL901486,INV-51046,2026-05-10,P-1137,SH101289,BASE,213.95,GBP,42.79,PAID
IL901487,INV-51047,2025-03-07,P-1054,SH101290,BASE,265.01,GBP,53.00,PAID
IL901488,INV-51048,2026-02-04,P-1160,SH101291,BASE,336.79,GBP,67.36,PAID
IL901489,INV-51049,2026-01-17,P-1238,SH101292,BASE,652.97,GBP,130.59,OPEN
IL901490,INV-51049,2026-01-17,P-1238,SH101292,FUEL,48.03,GBP,9.61,OPEN
IL901491,INV-51050,2026-02-27,P-1224,SH101294,BASE,67.39,GBP,13.48,PAID
IL901492,INV-51051,2025-03-24,P-1167,SH101295,BASE,468.67,GBP,93.73,OPEN
IL901493,INV-51052,2025-07-13,P-1113,SH101296,BASE,144.99,GBP,29.00,OPEN
IL901494,INV-51052,2025-07-13,P-1113,SH101296,FUEL,16.22,GBP,3.24,OPEN
IL901495,INV-51053,2025-12-20,P-1108,SH101297,BASE,573.10,GBP,114.62,OPEN
IL901496,INV-51054,2025-07-24,P-1240,SH101298,BASE,750.12,GBP,150.02,OPEN
IL901497,INV-51054,2025-07-24,P-1240,SH101298,FUEL,55.01,GBP,11.00,OPEN
IL901498,INV-51055,2025-05-03,P-1149,SH101299,BASE,637.10,GBP,127.42,PAID
IL901499,INV-51055,2025-05-03,P-1149,SH101299,FUEL,79.41,GBP,15.88,PAID
IL901500,INV-51056,2025-02-21,P-1113,SH101300,BASE,276.10,GBP,55.22,PAID
IL901501,INV-51056,2025-02-21,P-1113,SH101300,ACCESSORIAL,11.19,GBP,2.24,PAID
IL901502,INV-51057,2025-05-02,P-1131,SH101301,BASE,183.71,GBP,36.74,PAID
IL901503,INV-51058,2026-03-26,P-1050,SH101302,BASE,283.30,GBP,56.66,PAID
IL901504,INV-51059,2025-09-25,P-1058,SH101303,BASE,377.15,EUR,75.43,PAID
IL901505,INV-51059,2025-09-25,P-1058,SH101303,FUEL,40.88,EUR,8.18,PAID
IL901506,INV-51059,2025-09-25,P-1058,SH101303,ACCESSORIAL,29.64,EUR,5.93,PAID
IL901507,INV-51060,2025-09-21,P-1060,SH101304,BASE,216.85,GBP,43.37,OPEN
IL901508,INV-51061,2025-05-13,P-1118,SH101305,BASE,298.75,GBP,59.75,OPEN
IL901509,INV-51062,2025-03-06,P-1159,SH101306,BASE,246.40,GBP,49.28,PAID
IL901510,INV-51063,2025-12-22,P-1206,SH101307,BASE,210.74,GBP,42.15,PAID
IL901511,INV-51064,2025-10-15,P-1149,SH101308,BASE,93.48,GBP,18.70,OPEN
IL901512,INV-51065,2025-12-28,P-1010,SH101309,BASE,425.07,GBP,85.01,PAID
IL901513,INV-51065,2025-12-28,P-1010,SH101309,FUEL,51.75,GBP,10.35,PAID
IL901514,INV-51066,2026-03-05,P-1076,SH101311,BASE,472.51,GBP,94.50,PAID
IL901515,INV-51066,2026-03-05,P-1076,SH101311,FUEL,63.96,GBP,12.79,PAID
IL901516,INV-51066,2026-03-05,P-1076,SH101311,ACCESSORIAL,18.94,GBP,3.79,PAID
IL901517,INV-51067,2025-03-09,P-1219,SH101312,BASE,158.57,GBP,31.71,PAID
IL901518,INV-51067,2025-03-09,P-1219,SH101312,FUEL,16.03,GBP,3.21,PAID
IL901519,INV-51068,2025-05-02,P-1171,SH101314,BASE,220.41,EUR,44.08,PAID
IL901520,INV-51068,2025-05-02,P-1171,SH101314,FUEL,21.51,EUR,4.30,PAID
IL901521,INV-51069,2026-03-31,P-1114,SH101315,BASE,257.16,GBP,51.43,PAID
IL901522,INV-51070,2025-04-26,P-1029,SH101316,BASE,827.69,GBP,165.54,PAID
IL901523,INV-51071,2025-03-06,P-1100,SH101317,BASE,331.04,GBP,66.21,OPEN
IL901524,INV-51072,2026-04-27,P-1185,SH101318,BASE,341.01,GBP,68.20,OPEN
IL901525,INV-51073,2025-06-20,P-1056,SH101320,BASE,572.03,GBP,114.41,PAID
IL901526,INV-51073,2025-06-20,P-1056,SH101320,FUEL,55.99,GBP,11.20,PAID
IL901527,INV-51074,2025-02-02,P-1232,SH101321,BASE,293.46,GBP,58.69,PAID
IL901528,INV-51075,2025-10-14,P-1057,SH101322,BASE,387.18,GBP,77.44,PAID
IL901529,INV-51076,2025-03-09,P-1232,SH101323,BASE,330.29,GBP,66.06,CREDITED
IL901530,INV-51077,2026-03-16,P-1065,SH101324,BASE,207.83,GBP,41.57,PAID
IL901531,INV-51078,2025-07-12,P-1052,SH101325,BASE,692.68,GBP,138.54,PAID
IL901532,INV-51079,2025-01-10,P-1179,SH101326,BASE,140.68,GBP,28.14,PAID
IL901533,INV-51079,2025-01-10,P-1179,SH101326,ACCESSORIAL,10.26,GBP,2.05,PAID
IL901534,INV-51080,2026-01-29,P-1005,SH101327,BASE,941.40,GBP,188.28,PAID
IL901535,INV-51080,2026-01-29,P-1005,SH101327,FUEL,121.80,GBP,24.36,PAID
IL901536,INV-51081,2025-04-15,P-1152,SH101328,BASE,83.57,GBP,16.71,OPEN
IL901537,INV-51081,2025-04-15,P-1152,SH101328,FUEL,9.79,GBP,1.96,OPEN
IL901538,INV-51082,2026-05-17,P-1159,SH101329,BASE,219.38,GBP,43.88,OPEN
IL901539,INV-51082,2026-05-17,P-1159,SH101329,FUEL,17.72,GBP,3.54,OPEN
IL901540,INV-51083,2025-01-22,P-1224,SH101331,BASE,578.61,GBP,115.72,PAID
IL901541,INV-51084,2026-03-26,P-1174,SH101332,BASE,540.69,GBP,108.14,PAID
IL901542,INV-51084,2026-03-26,P-1174,SH101332,ACCESSORIAL,30.38,GBP,6.08,PAID
IL901543,INV-51085,2025-06-29,P-1027,SH101333,BASE,593.14,GBP,118.63,CREDITED
IL901544,INV-51086,2025-11-15,P-1149,SH101334,BASE,476.71,GBP,95.34,OPEN
IL901545,INV-51087,2025-11-24,P-1016,SH101335,BASE,935.68,GBP,187.14,PAID
IL901546,INV-51088,2025-08-29,P-1141,SH101337,BASE,261.15,EUR,52.23,PAID
IL901547,INV-51088,2025-08-29,P-1141,SH101337,FUEL,34.52,EUR,6.90,PAID
IL901548,INV-51089,2025-12-14,P-1082,SH101338,BASE,1100.68,EUR,220.14,PAID
IL901549,INV-51090,2026-03-08,P-1096,SH101339,BASE,343.35,GBP,68.67,CREDITED
IL901550,INV-51090,2026-03-08,P-1096,SH101339,ACCESSORIAL,45.03,GBP,9.01,CREDITED
IL901551,INV-51091,2025-08-28,P-1203,SH101340,BASE,238.46,EUR,47.69,PAID
IL901552,INV-51092,2025-09-02,P-1165,SH101342,BASE,379.08,GBP,75.82,PAID
IL901553,INV-51093,2025-06-24,P-1223,SH101344,BASE,165.90,GBP,33.18,PAID
IL901554,INV-51094,2026-01-09,P-1232,SH101346,BASE,157.07,GBP,31.41,PAID
IL901555,INV-51095,2026-05-04,P-1070,SH101348,BASE,790.59,GBP,158.12,PAID
IL901556,INV-51095,2026-05-04,P-1070,SH101348,FUEL,80.22,GBP,16.04,PAID
IL901557,INV-51096,2026-05-15,P-1182,SH101349,BASE,96.55,GBP,19.31,PAID
IL901558,INV-51096,2026-05-15,P-1182,SH101349,FUEL,9.95,GBP,1.99,PAID
IL901559,INV-51097,2025-01-29,P-1147,SH101350,BASE,120.89,GBP,24.18,CREDITED
IL901560,INV-51098,2025-03-23,P-1020,SH101351,BASE,642.07,GBP,128.41,CREDITED
IL901561,INV-51098,2025-03-23,P-1020,SH101351,FUEL,88.14,GBP,17.63,CREDITED
IL901562,INV-51099,2025-05-28,P-1035,SH101354,BASE,143.84,EUR,28.77,PAID
IL901563,INV-51100,2026-03-20,P-1220,SH101355,BASE,409.82,GBP,81.96,PAID
IL901564,INV-51101,2025-06-10,P-1035,SH101356,BASE,825.68,GBP,165.14,PAID
IL901565,INV-51102,2025-09-18,P-1104,SH101357,BASE,227.41,EUR,45.48,PAID
IL901566,INV-51103,2025-11-13,P-1132,SH101358,BASE,475.93,EUR,95.19,CREDITED
IL901567,INV-51104,2026-05-26,P-1035,SH101359,BASE,362.97,GBP,72.59,OPEN
IL901568,INV-51104,2026-05-26,P-1035,SH101359,FUEL,50.03,GBP,10.01,OPEN
IL901569,INV-51105,2026-04-19,P-1153,SH101362,BASE,408.15,GBP,81.63,OPEN
IL901570,INV-51105,2026-04-19,P-1153,SH101362,FUEL,53.55,GBP,10.71,OPEN
IL901571,INV-51106,2025-11-19,P-1067,SH101363,BASE,165.51,GBP,33.10,PAID
IL901572,INV-51106,2025-11-19,P-1067,SH101363,FUEL,14.34,GBP,2.87,PAID
IL901573,INV-51107,2025-03-30,P-1123,SH101364,BASE,233.32,GBP,46.66,PAID
IL901574,INV-51108,2025-07-31,P-1042,SH101367,BASE,437.92,GBP,87.58,PAID
IL901575,INV-51109,2026-01-21,P-1213,SH101368,BASE,94.01,GBP,18.80,PAID
IL901576,INV-51110,2025-10-23,P-1034,SH101369,BASE,123.71,GBP,24.74,PAID
IL901577,INV-51110,2025-10-23,P-1034,SH101369,FUEL,12.22,GBP,2.44,PAID
IL901578,INV-51111,2025-12-25,P-1163,SH101370,BASE,341.54,GBP,68.31,PAID
IL901579,INV-51111,2025-12-25,P-1163,SH101370,FUEL,38.28,GBP,7.66,PAID
IL901580,INV-51112,2025-02-02,P-1107,SH101371,BASE,497.56,EUR,99.51,CREDITED
IL901581,INV-51112,2025-02-02,P-1107,SH101371,FUEL,47.75,EUR,9.55,CREDITED
IL901582,INV-51113,2026-04-21,P-1021,SH101372,BASE,120.68,GBP,24.14,PAID
IL901583,INV-51114,2025-01-25,P-1059,SH101373,BASE,1088.57,EUR,217.71,PAID
IL901584,INV-51115,2025-12-08,P-1123,SH101374,BASE,357.23,EUR,71.45,PAID
IL901585,INV-51116,2026-05-23,P-1066,SH101375,BASE,324.73,GBP,64.95,PAID
IL901586,INV-51117,2025-05-28,P-1083,SH101376,BASE,173.98,GBP,34.80,CREDITED
IL901587,INV-51117,2025-05-28,P-1083,SH101376,FUEL,14.74,GBP,2.95,CREDITED
IL901588,INV-51118,2026-01-12,P-1201,SH101377,BASE,814.69,GBP,162.94,PAID
IL901589,INV-51119,2026-02-10,P-1137,SH101378,BASE,239.25,GBP,47.85,PAID
IL901590,INV-51120,2026-01-04,P-1230,SH101379,BASE,504.19,GBP,100.84,PAID
IL901591,INV-51121,2026-02-17,P-1023,SH101380,BASE,318.57,GBP,63.71,VOID
IL901592,INV-51122,2025-01-30,P-1032,SH101381,BASE,600.85,EUR,120.17,PAID
IL901593,INV-51122,2025-01-30,P-1032,SH101381,FUEL,39.55,EUR,7.91,PAID
IL901594,INV-51123,2026-03-22,P-1016,SH101383,BASE,482.15,GBP,96.43,PAID
IL901595,INV-51124,2026-05-02,P-1049,SH101384,BASE,32.96,GBP,6.59,PAID
IL901596,INV-51125,2026-04-19,P-1117,SH101387,BASE,322.69,EUR,64.54,PAID
IL901597,INV-51126,2025-09-28,P-1138,SH101388,BASE,658.92,GBP,131.78,OPEN
IL901598,INV-51127,2025-03-26,P-1105,SH101389,BASE,137.83,GBP,27.57,OPEN
IL901599,INV-51128,2025-02-11,P-1087,SH101390,BASE,85.40,GBP,17.08,OPEN
IL901600,INV-51129,2025-12-01,P-1134,SH101391,BASE,493.41,GBP,98.68,PAID
IL901601,INV-51129,2025-12-01,P-1134,SH101391,FUEL,63.08,GBP,12.62,PAID
IL901602,INV-51130,2025-02-05,P-1103,SH101392,BASE,58.45,GBP,11.69,OPEN
IL901603,INV-51130,2025-02-05,P-1103,SH101392,FUEL,6.08,GBP,1.22,OPEN
IL901604,INV-51131,2025-04-25,P-1156,SH101393,BASE,218.23,GBP,43.65,PAID
IL901605,INV-51131,2025-04-25,P-1156,SH101393,ACCESSORIAL,13.96,GBP,2.79,PAID
IL901606,INV-51132,2026-04-10,P-1058,SH101394,BASE,79.05,EUR,15.81,PAID
IL901607,INV-51132,2026-04-10,P-1058,SH101394,FUEL,10.40,EUR,2.08,PAID
IL901608,INV-51133,2025-07-09,P-1125,SH101396,BASE,349.73,GBP,69.95,PAID
IL901609,INV-51134,2026-05-10,P-1190,SH101397,BASE,287.20,GBP,57.44,VOID
IL901610,INV-51135,2025-10-13,P-1234,SH101399,BASE,205.50,GBP,41.10,PAID
IL901611,INV-51136,2026-03-27,P-1079,SH101402,BASE,101.78,GBP,20.36,PAID
IL901612,INV-51137,2026-05-25,P-1020,SH101403,BASE,136.68,GBP,27.34,OPEN
IL901613,INV-51137,2026-05-25,P-1020,SH101403,FUEL,14.01,GBP,2.80,OPEN
IL901614,INV-51138,2025-05-26,P-1186,SH101404,BASE,471.30,GBP,94.26,PAID
IL901615,INV-51138,2025-05-26,P-1186,SH101404,FUEL,44.49,GBP,8.90,PAID
IL901616,INV-51139,2025-08-15,P-1169,SH101405,BASE,157.55,GBP,31.51,PAID
IL901617,INV-51140,2025-04-13,P-1239,SH101407,BASE,593.99,GBP,118.80,PAID
IL901618,INV-51141,2025-08-07,P-1157,SH101408,BASE,305.01,GBP,61.00,PAID
IL901619,INV-51141,2025-08-07,P-1157,SH101408,FUEL,29.84,GBP,5.97,PAID
IL901620,INV-51142,2025-05-07,P-1115,SH101409,BASE,703.20,GBP,140.64,PAID
IL901621,INV-51142,2025-05-07,P-1115,SH101409,FUEL,50.40,GBP,10.08,PAID
IL901622,INV-51143,2025-12-14,P-1090,SH101410,BASE,135.35,GBP,27.07,PAID
IL901623,INV-51143,2025-12-14,P-1090,SH101410,FUEL,17.35,GBP,3.47,PAID
IL901624,INV-51144,2025-03-11,P-1222,SH101411,BASE,514.06,GBP,102.81,CREDITED
IL901625,INV-51144,2025-03-11,P-1222,SH101411,FUEL,36.29,GBP,7.26,CREDITED
IL901626,INV-51145,2025-08-13,P-1156,SH101412,BASE,295.91,GBP,59.18,CREDITED
IL901627,INV-51146,2025-05-03,P-1179,SH101413,BASE,216.69,GBP,43.34,OPEN
IL901628,INV-51147,2026-03-28,P-1106,SH101414,BASE,902.07,GBP,180.41,PAID
IL901629,INV-51148,2025-04-20,P-1224,SH101415,BASE,146.26,GBP,29.25,CREDITED
IL901630,INV-51149,2025-10-11,P-1064,SH101416,BASE,404.43,GBP,80.89,PAID
IL901631,INV-51150,2025-07-17,P-1001,SH101417,BASE,119.81,GBP,23.96,VOID
IL901632,INV-51150,2025-07-17,P-1001,SH101417,FUEL,12.14,GBP,2.43,VOID
IL901633,INV-51151,2026-02-18,P-1041,SH101418,BASE,79.09,GBP,15.82,PAID
IL901634,INV-51151,2026-02-18,P-1041,SH101418,FUEL,6.67,GBP,1.33,PAID
IL901635,INV-51152,2025-08-25,P-1074,SH101420,BASE,222.79,GBP,44.56,PAID
IL901636,INV-51153,2025-10-04,P-1130,SH101421,BASE,164.53,GBP,32.91,PAID
IL901637,INV-51154,2025-06-30,P-1044,SH101422,BASE,575.28,EUR,115.06,OPEN
IL901638,INV-51154,2025-06-30,P-1044,SH101422,FUEL,38.57,EUR,7.71,OPEN
IL901639,INV-51155,2025-10-27,P-1070,SH101423,BASE,515.00,EUR,103.00,PAID
IL901640,INV-51156,2026-05-08,P-1104,SH101424,BASE,261.13,GBP,52.23,PAID
IL901641,INV-51156,2026-05-08,P-1104,SH101424,ACCESSORIAL,21.94,GBP,4.39,PAID
IL901642,INV-51157,2026-04-14,P-1030,SH101425,BASE,75.23,EUR,15.05,PAID
IL901643,INV-51158,2025-10-17,P-1176,SH101426,BASE,442.60,GBP,88.52,OPEN
IL901644,INV-51158,2025-10-17,P-1176,SH101426,ACCESSORIAL,57.45,GBP,11.49,OPEN
IL901645,INV-51159,2025-10-22,P-1225,SH101427,BASE,185.77,GBP,37.15,OPEN
IL901646,INV-51159,2025-10-22,P-1225,SH101427,ACCESSORIAL,16.68,GBP,3.34,OPEN
IL901647,INV-51160,2025-08-06,P-1081,SH101428,BASE,434.90,GBP,86.98,PAID
IL901648,INV-51161,2026-03-24,P-1074,SH101430,BASE,526.31,GBP,105.26,PAID
IL901649,INV-51162,2026-01-27,P-1153,SH101431,BASE,187.81,GBP,37.56,PAID
IL901650,INV-51162,2026-01-27,P-1153,SH101431,FUEL,22.24,GBP,4.45,PAID
IL901651,INV-51163,2025-06-02,P-1186,SH101432,BASE,145.76,GBP,29.15,PAID
IL901652,INV-51163,2025-06-02,P-1186,SH101432,ACCESSORIAL,44.67,GBP,8.93,PAID
IL901653,INV-51164,2025-07-12,P-1209,SH101433,BASE,66.18,GBP,13.24,OPEN
IL901654,INV-51165,2026-05-21,P-1186,SH101434,BASE,682.47,GBP,136.49,PAID
IL901655,INV-51166,2026-05-09,P-1043,SH101435,BASE,571.19,GBP,114.24,CREDITED
IL901656,INV-51167,2025-05-20,P-1018,SH101436,BASE,631.12,EUR,126.22,PAID
IL901657,INV-51168,2025-07-04,P-1149,SH101437,BASE,358.05,GBP,71.61,OPEN
IL901658,INV-51169,2025-05-31,P-1150,SH101438,BASE,208.44,GBP,41.69,PAID
IL901659,INV-51169,2025-05-31,P-1150,SH101438,FUEL,17.21,GBP,3.44,PAID
IL901660,INV-51170,2025-12-08,P-1186,SH101439,BASE,269.87,GBP,53.97,OPEN
IL901661,INV-51171,2026-01-05,P-1226,SH101440,BASE,69.85,GBP,13.97,OPEN
IL901662,INV-51172,2026-01-23,P-1082,SH101441,BASE,339.95,GBP,67.99,PAID
IL901663,INV-51172,2026-01-23,P-1082,SH101441,FUEL,33.88,GBP,6.78,PAID
IL901664,INV-51173,2025-08-29,P-1142,SH101443,BASE,362.98,GBP,72.60,PAID
IL901665,INV-51174,2025-12-16,P-1228,SH101444,BASE,398.51,GBP,79.70,OPEN
IL901666,INV-51175,2025-07-20,P-1179,SH101445,BASE,194.50,EUR,38.90,PAID
IL901667,INV-51175,2025-07-20,P-1179,SH101445,FUEL,14.61,EUR,2.92,PAID
IL901668,INV-51176,2026-01-10,P-1119,SH101446,BASE,351.20,EUR,70.24,PAID
IL901669,INV-51177,2025-05-11,P-1134,SH101447,BASE,186.98,GBP,37.40,OPEN
IL901670,INV-51178,2025-03-26,P-1198,SH101448,BASE,169.02,GBP,33.80,PAID
IL901671,INV-51178,2025-03-26,P-1198,SH101448,FUEL,12.65,GBP,2.53,PAID
IL901672,INV-51179,2025-11-23,P-1216,SH101449,BASE,124.95,GBP,24.99,OPEN
IL901673,INV-51179,2025-11-23,P-1216,SH101449,FUEL,12.70,GBP,2.54,OPEN
IL901674,INV-51180,2026-02-04,P-1166,SH101450,BASE,163.52,GBP,32.70,PAID
IL901675,INV-51180,2026-02-04,P-1166,SH101450,FUEL,10.48,GBP,2.10,PAID
IL901676,INV-51181,2025-09-21,P-1197,SH101451,BASE,139.30,EUR,27.86,PAID
IL901677,INV-51181,2025-09-21,P-1197,SH101451,FUEL,11.36,EUR,2.27,PAID
IL901678,INV-51182,2025-07-21,P-1151,SH101452,BASE,645.95,GBP,129.19,PAID
IL901679,INV-51183,2026-02-14,P-1011,SH101453,BASE,59.82,GBP,11.96,OPEN
IL901680,INV-51184,2025-01-29,P-1088,SH101454,BASE,418.25,EUR,83.65,CREDITED
IL901681,INV-51185,2026-01-20,P-1097,SH101455,BASE,285.12,GBP,57.02,PAID
IL901682,INV-51186,2025-08-19,P-1133,SH101457,BASE,245.52,GBP,49.10,PAID
IL901683,INV-51187,2026-02-21,P-1016,SH101459,BASE,264.56,EUR,52.91,PAID
IL901684,INV-51188,2025-04-23,P-1185,SH101460,BASE,958.65,EUR,191.73,OPEN
IL901685,INV-51189,2025-05-06,P-1238,SH101461,BASE,862.82,GBP,172.56,OPEN
IL901686,INV-51190,2026-01-15,P-1011,SH101462,BASE,150.24,GBP,30.05,PAID
IL901687,INV-51191,2026-03-25,P-1225,SH101463,BASE,59.21,GBP,11.84,OPEN
IL901688,INV-51191,2026-03-25,P-1225,SH101463,FUEL,7.35,GBP,1.47,OPEN
IL901689,INV-51192,2025-07-16,P-1038,SH101465,BASE,373.90,EUR,74.78,OPEN
IL901690,INV-51193,2025-11-19,P-1010,SH101466,BASE,42.04,GBP,8.41,OPEN
IL901691,INV-51193,2025-11-19,P-1010,SH101466,FUEL,4.52,GBP,0.90,OPEN
IL901692,INV-51194,2025-11-16,P-1007,SH101468,BASE,175.63,GBP,35.13,PAID
IL901693,INV-51195,2025-02-15,P-1168,SH101469,BASE,239.75,GBP,47.95,PAID
IL901694,INV-51195,2025-02-15,P-1168,SH101469,FUEL,30.18,GBP,6.04,PAID
IL901695,INV-51196,2025-05-11,P-1174,SH101470,BASE,252.71,GBP,50.54,PAID
IL901696,INV-51197,2025-01-23,P-1070,SH101471,BASE,210.72,GBP,42.14,PAID
IL901697,INV-51198,2026-01-14,P-1043,SH101472,BASE,1156.75,EUR,231.35,OPEN
IL901698,INV-51199,2025-07-11,P-1240,SH101473,BASE,126.41,GBP,25.28,PAID
IL901699,INV-51199,2025-07-11,P-1240,SH101473,FUEL,16.87,GBP,3.37,PAID
IL901700,INV-51200,2026-05-02,P-1202,SH101474,BASE,598.72,GBP,119.74,OPEN
IL901701,INV-51201,2025-05-22,P-1029,SH101475,BASE,368.49,GBP,73.70,PAID
IL901702,INV-51201,2025-05-22,P-1029,SH101475,FUEL,38.38,GBP,7.68,PAID
IL901703,INV-51202,2025-01-31,P-1197,SH101476,BASE,613.69,GBP,122.74,PAID
IL901704,INV-51203,2026-02-20,P-1105,SH101479,BASE,247.31,GBP,49.46,PAID
IL901705,INV-51204,2026-03-09,P-1028,SH101480,BASE,392.45,GBP,78.49,OPEN
IL901706,INV-51204,2026-03-09,P-1028,SH101480,FUEL,33.46,GBP,6.69,OPEN
IL901707,INV-51205,2025-02-23,P-1152,SH101481,BASE,124.39,GBP,24.88,PAID
IL901708,INV-51205,2025-02-23,P-1152,SH101481,FUEL,11.70,GBP,2.34,PAID
IL901709,INV-51206,2025-11-06,P-1234,SH101483,BASE,409.16,GBP,81.83,PAID
IL901710,INV-51206,2025-11-06,P-1234,SH101483,FUEL,45.01,GBP,9.00,PAID
IL901711,INV-51207,2025-01-17,P-1054,SH101484,BASE,518.24,GBP,103.65,PAID
IL901712,INV-51207,2025-01-17,P-1054,SH101484,FUEL,51.57,GBP,10.31,PAID
IL901713,INV-51208,2025-02-21,P-1070,SH101485,BASE,355.18,GBP,71.04,PAID
IL901714,INV-51209,2026-04-12,P-1034,SH101486,BASE,344.54,GBP,68.91,PAID
IL901715,INV-51210,2025-07-16,P-1033,SH101487,BASE,509.13,GBP,101.83,OPEN
IL901716,INV-51211,2025-07-04,P-1174,SH101488,BASE,207.19,GBP,41.44,PAID
IL901717,INV-51211,2025-07-04,P-1174,SH101488,ACCESSORIAL,29.99,GBP,6.00,PAID
IL901718,INV-51212,2026-04-30,P-1159,SH101489,BASE,463.74,GBP,92.75,OPEN
IL901719,INV-51213,2026-03-18,P-1133,SH101490,BASE,247.36,GBP,49.47,PAID
IL901720,INV-51214,2025-10-13,P-1098,SH101491,BASE,48.60,GBP,9.72,PAID
IL901721,INV-51215,2025-02-10,P-1012,SH101492,BASE,222.70,GBP,44.54,PAID
IL901722,INV-51215,2025-02-10,P-1012,SH101492,FUEL,28.05,GBP,5.61,PAID
IL901723,INV-51216,2025-04-18,P-1212,SH101493,BASE,706.06,EUR,141.21,PAID
IL901724,INV-51217,2025-01-15,P-1068,SH101494,BASE,596.65,GBP,119.33,PAID
IL901725,INV-51217,2025-01-15,P-1068,SH101494,FUEL,60.19,GBP,12.04,PAID
IL901726,INV-51218,2026-03-02,P-1022,SH101495,BASE,228.19,GBP,45.64,PAID
IL901727,INV-51219,2025-06-20,P-1180,SH101496,BASE,71.49,GBP,14.30,PAID
IL901728,INV-51219,2025-06-20,P-1180,SH101496,FUEL,5.93,GBP,1.19,PAID
IL901729,INV-51220,2025-12-19,P-1106,SH101497,BASE,35.40,GBP,7.08,PAID
IL901730,INV-51221,2025-08-20,P-1179,SH101498,BASE,710.28,GBP,142.06,OPEN
IL901731,INV-51221,2025-08-20,P-1179,SH101498,FUEL,59.58,GBP,11.92,OPEN
IL901732,INV-51222,2025-02-08,P-1174,SH101500,BASE,235.69,GBP,47.14,PAID
IL901733,INV-51223,2025-07-24,P-1003,SH101502,BASE,608.13,GBP,121.63,OPEN
IL901734,INV-51223,2025-07-24,P-1003,SH101502,FUEL,47.80,GBP,9.56,OPEN
IL901735,INV-51224,2025-06-08,P-1187,SH101503,BASE,225.28,GBP,45.06,PAID
IL901736,INV-51225,2026-04-01,P-1101,SH101504,BASE,837.51,GBP,167.50,PAID
IL901737,INV-51226,2025-01-30,P-1002,SH101505,BASE,715.12,GBP,143.02,PAID
IL901738,INV-51227,2025-10-29,P-1070,SH101506,BASE,108.11,GBP,21.62,PAID
IL901739,INV-51228,2025-04-16,P-1209,SH101507,BASE,405.89,GBP,81.18,PAID
IL901740,INV-51229,2025-11-07,P-1208,SH101508,BASE,65.38,GBP,13.08,PAID
IL901741,INV-51229,2025-11-07,P-1208,SH101508,FUEL,6.78,GBP,1.36,PAID
IL901742,INV-51230,2025-05-24,P-1222,SH101509,BASE,43.16,GBP,8.63,OPEN
IL901743,INV-51231,2025-01-15,P-1056,SH101510,BASE,40.38,GBP,8.08,PAID
IL901744,INV-51231,2025-01-15,P-1056,SH101510,FUEL,4.72,GBP,0.94,PAID
IL901745,INV-51232,2025-07-14,P-1115,SH101511,BASE,451.86,GBP,90.37,PAID
IL901746,INV-51232,2025-07-14,P-1115,SH101511,FUEL,28.93,GBP,5.79,PAID
IL901747,INV-51233,2026-04-26,P-1142,SH101512,BASE,293.01,GBP,58.60,PAID
IL901748,INV-51234,2025-06-30,P-1194,SH101513,BASE,99.93,GBP,19.99,OPEN
IL901749,INV-51235,2025-08-17,P-1024,SH101514,BASE,477.93,GBP,95.59,PAID
IL901750,INV-51236,2025-05-02,P-1158,SH101515,BASE,65.89,EUR,13.18,PAID
IL901751,INV-51237,2025-06-19,P-1097,SH101516,BASE,762.93,GBP,152.59,CREDITED
IL901752,INV-51238,2026-04-07,P-1107,SH101518,BASE,37.59,EUR,7.52,OPEN
IL901753,INV-51238,2026-04-07,P-1107,SH101518,FUEL,3.40,EUR,0.68,OPEN
IL901754,INV-51239,2025-08-15,P-1100,SH101519,BASE,439.48,GBP,87.90,PAID
IL901755,INV-51240,2025-06-30,P-1067,SH101520,BASE,77.43,GBP,15.49,OPEN
IL901756,INV-51240,2025-06-30,P-1067,SH101520,FUEL,7.09,GBP,1.42,OPEN
IL901757,INV-51241,2025-11-25,P-1222,SH101521,BASE,176.38,GBP,35.28,PAID
IL901758,INV-51241,2025-11-25,P-1222,SH101521,FUEL,22.52,GBP,4.50,PAID
IL901759,INV-51242,2025-06-01,P-1234,SH101522,BASE,242.24,GBP,48.45,OPEN
IL901760,INV-51243,2025-09-11,P-1095,SH101525,BASE,332.11,GBP,66.42,PAID
IL901761,INV-51244,2026-03-07,P-1021,SH101527,BASE,250.99,GBP,50.20,CREDITED
IL901762,INV-51245,2025-01-19,P-1062,SH101528,BASE,456.01,GBP,91.20,CREDITED
IL901763,INV-51246,2025-08-13,P-1230,SH101530,BASE,350.49,GBP,70.10,OPEN
IL901764,INV-51247,2025-07-29,P-1209,SH101531,BASE,181.15,GBP,36.23,PAID
IL901765,INV-51248,2025-03-23,P-1096,SH101532,BASE,427.97,GBP,85.59,PAID
IL901766,INV-51249,2025-11-09,P-1197,SH101533,BASE,320.09,GBP,64.02,PAID
IL901767,INV-51250,2026-02-19,P-1173,SH101534,BASE,778.86,GBP,155.77,PAID
IL901768,INV-51251,2025-06-01,P-1151,SH101535,BASE,259.30,GBP,51.86,PAID
IL901769,INV-51252,2026-02-03,P-1046,SH101537,BASE,80.51,GBP,16.10,PAID
IL901770,INV-51253,2025-06-25,P-1009,SH101538,BASE,146.32,GBP,29.26,PAID
IL901771,INV-51253,2025-06-25,P-1009,SH101538,FUEL,18.69,GBP,3.74,PAID
IL901772,INV-51254,2026-02-26,P-1006,SH101540,BASE,993.42,GBP,198.68,PAID
IL901773,INV-51255,2025-01-15,P-1125,SH101541,BASE,368.18,EUR,73.64,PAID
IL901774,INV-51256,2025-02-01,P-1041,SH101542,BASE,757.43,EUR,151.49,PAID
IL901775,INV-51256,2025-02-01,P-1041,SH101542,FUEL,51.65,EUR,10.33,PAID
IL901776,INV-51257,2025-05-11,P-1221,SH101543,BASE,79.89,GBP,15.98,PAID
IL901777,INV-51257,2025-05-11,P-1221,SH101543,FUEL,8.98,GBP,1.80,PAID
IL901778,INV-51258,2026-05-09,P-1094,SH101544,BASE,469.51,EUR,93.90,PAID
IL901779,INV-51259,2025-07-26,P-1082,SH101545,BASE,154.86,GBP,30.97,OPEN
IL901780,INV-51260,2025-04-06,P-1030,SH101546,BASE,434.53,EUR,86.91,VOID
IL901781,INV-51261,2026-05-14,P-1079,SH101547,BASE,475.48,GBP,95.10,OPEN
IL901782,INV-51262,2026-05-11,P-1019,SH101548,BASE,677.68,GBP,135.54,PAID
IL901783,INV-51263,2025-08-22,P-1098,SH101550,BASE,302.23,GBP,60.45,PAID
IL901784,INV-51264,2025-05-10,P-1119,SH101552,BASE,275.81,GBP,55.16,PAID
IL901785,INV-51265,2026-01-23,P-1106,SH101553,BASE,642.58,GBP,128.52,PAID
IL901786,INV-51266,2025-02-24,P-1235,SH101554,BASE,69.55,EUR,13.91,PAID
IL901787,INV-51267,2025-05-10,P-1034,SH101555,BASE,282.79,GBP,56.56,OPEN
IL901788,INV-51268,2026-05-24,P-1229,SH101556,BASE,200.28,GBP,40.06,PAID
IL901789,INV-51269,2026-05-20,P-1116,SH101557,BASE,407.70,GBP,81.54,PAID
IL901790,INV-51269,2026-05-20,P-1116,SH101557,FUEL,37.73,GBP,7.55,PAID
IL901791,INV-51269,2026-05-20,P-1116,SH101557,ACCESSORIAL,8.85,GBP,1.77,PAID
IL901792,INV-51270,2025-04-11,P-1166,SH101559,BASE,68.39,GBP,13.68,OPEN
IL901793,INV-51271,2026-02-07,P-1212,SH101560,BASE,670.14,EUR,134.03,PAID
IL901794,INV-51272,2025-09-22,P-1171,SH101561,BASE,189.48,GBP,37.90,PAID
IL901795,INV-51273,2026-04-21,P-1223,SH101562,BASE,124.66,GBP,24.93,OPEN
IL901796,INV-51274,2025-02-01,P-1176,SH101563,BASE,198.85,GBP,39.77,PAID
IL901797,INV-51275,2025-03-12,P-1155,SH101564,BASE,444.99,GBP,89.00,VOID
IL901798,INV-51276,2025-05-21,P-1223,SH101565,BASE,161.12,GBP,32.22,OPEN
IL901799,INV-51276,2025-05-21,P-1223,SH101565,FUEL,20.24,GBP,4.05,OPEN
IL901800,INV-51277,2025-10-05,P-1147,SH101566,BASE,237.11,EUR,47.42,PAID
IL901801,INV-51278,2026-03-15,P-1178,SH101567,BASE,308.01,GBP,61.60,PAID
IL901802,INV-51278,2026-03-15,P-1178,SH101567,FUEL,37.36,GBP,7.47,PAID
IL901803,INV-51279,2025-07-01,P-1091,SH101569,BASE,439.35,GBP,87.87,PAID
IL901804,INV-51279,2025-07-01,P-1091,SH101569,ACCESSORIAL,20.42,GBP,4.08,PAID
IL901805,INV-51280,2026-05-04,P-1120,SH101570,BASE,311.92,GBP,62.38,PAID
IL901806,INV-51280,2026-05-04,P-1120,SH101570,ACCESSORIAL,40.36,GBP,8.07,PAID
IL901807,INV-51281,2025-02-11,P-1100,SH101571,BASE,195.85,GBP,39.17,OPEN
IL901808,INV-51281,2025-02-11,P-1100,SH101571,FUEL,12.10,GBP,2.42,OPEN
IL901809,INV-51282,2025-04-04,P-1140,SH101572,BASE,231.67,GBP,46.33,PAID
IL901810,INV-51283,2025-02-13,P-1112,SH101573,BASE,403.96,GBP,80.79,PAID
IL901811,INV-51283,2025-02-13,P-1112,SH101573,FUEL,37.54,GBP,7.51,PAID
IL901812,INV-51284,2025-01-29,P-1194,SH101574,BASE,242.78,GBP,48.56,PAID
IL901813,INV-51284,2025-01-29,P-1194,SH101574,ACCESSORIAL,52.38,GBP,10.48,PAID
IL901814,INV-51285,2025-06-27,P-1159,SH101575,BASE,234.89,GBP,46.98,PAID
IL901815,INV-51285,2025-06-27,P-1159,SH101575,FUEL,31.75,GBP,6.35,PAID
IL901816,INV-51286,2025-11-25,P-1019,SH101576,BASE,221.71,GBP,44.34,PAID
IL901817,INV-51287,2026-04-15,P-1051,SH101577,BASE,321.10,GBP,64.22,PAID
IL901818,INV-51287,2026-04-15,P-1051,SH101577,FUEL,41.55,GBP,8.31,PAID
IL901819,INV-51288,2026-02-18,P-1194,SH101578,BASE,472.75,GBP,94.55,PAID
IL901820,INV-51289,2025-11-21,P-1238,SH101579,BASE,100.86,GBP,20.17,PAID
IL901821,INV-51289,2025-11-21,P-1238,SH101579,FUEL,10.22,GBP,2.04,PAID
IL901822,INV-51290,2025-09-13,P-1023,SH101580,BASE,311.90,GBP,62.38,PAID
IL901823,INV-51291,2025-03-22,P-1159,SH101581,BASE,551.90,GBP,110.38,OPEN
IL901824,INV-51291,2025-03-22,P-1159,SH101581,FUEL,65.17,GBP,13.03,OPEN
IL901825,INV-51292,2025-01-24,P-1132,SH101582,BASE,337.14,EUR,67.43,PAID
IL901826,INV-51293,2025-03-09,P-1143,SH101583,BASE,531.06,EUR,106.21,OPEN
IL901827,INV-51293,2025-03-09,P-1143,SH101583,ACCESSORIAL,26.91,EUR,5.38,OPEN
IL901828,INV-51294,2025-06-15,P-1167,SH101584,BASE,589.52,GBP,117.90,PAID
IL901829,INV-51295,2025-02-03,P-1154,SH101585,BASE,172.39,GBP,34.48,PAID
IL901830,INV-51296,2025-02-13,P-1044,SH101586,BASE,491.52,EUR,98.30,PAID
IL901831,INV-51297,2026-03-21,P-1137,SH101587,BASE,758.15,GBP,151.63,OPEN
IL901832,INV-51298,2026-01-08,P-1156,SH101588,BASE,249.29,GBP,49.86,PAID
IL901833,INV-51298,2026-01-08,P-1156,SH101588,FUEL,27.85,GBP,5.57,PAID
IL901834,INV-51299,2026-04-24,P-1216,SH101589,BASE,509.59,GBP,101.92,PAID
IL901835,INV-51299,2026-04-24,P-1216,SH101589,FUEL,67.20,GBP,13.44,PAID
IL901836,INV-51300,2025-10-20,P-1013,SH101590,BASE,328.70,EUR,65.74,PAID
IL901837,INV-51301,2025-03-13,P-1134,SH101591,BASE,60.47,GBP,12.09,PAID
IL901838,INV-51302,2025-03-20,P-1169,SH101592,BASE,146.50,EUR,29.30,PAID
IL901839,INV-51303,2025-04-23,P-1088,SH101594,BASE,409.21,GBP,81.84,OPEN
IL901840,INV-51303,2025-04-23,P-1088,SH101594,FUEL,54.31,GBP,10.86,OPEN
IL901841,INV-51304,2025-10-07,P-1080,SH101597,BASE,81.53,GBP,16.31,PAID
IL901842,INV-51305,2025-07-01,P-1147,SH101599,BASE,853.44,GBP,170.69,PAID
IL901843,INV-51306,2025-01-21,P-1150,SH101600,BASE,502.95,EUR,100.59,PAID
IL901844,INV-51306,2025-01-21,P-1150,SH101600,FUEL,54.19,EUR,10.84,PAID
IL901845,INV-51307,2026-01-22,P-1167,SH101601,BASE,401.51,GBP,80.30,OPEN
IL901846,INV-51308,2025-03-31,P-1002,SH101602,BASE,550.21,GBP,110.04,PAID
IL901847,INV-51309,2025-10-28,P-1098,SH101603,BASE,288.64,GBP,57.73,PAID
IL901848,INV-51310,2025-11-27,P-1002,SH101605,BASE,138.73,GBP,27.75,OPEN
IL901849,INV-51310,2025-11-27,P-1002,SH101605,FUEL,16.23,GBP,3.25,OPEN
IL901850,INV-51311,2025-10-12,P-1147,SH101606,BASE,1138.60,GBP,227.72,PAID
IL901851,INV-51312,2025-11-22,P-1184,SH101607,BASE,418.24,GBP,83.65,PAID
IL901852,INV-51312,2025-11-22,P-1184,SH101607,FUEL,41.92,GBP,8.38,PAID
IL901853,INV-51313,2025-05-09,P-1067,SH101608,BASE,805.27,GBP,161.05,OPEN
IL901854,INV-51314,2025-10-13,P-1144,SH101609,BASE,333.86,GBP,66.77,PAID
IL901855,INV-51314,2025-10-13,P-1144,SH101609,FUEL,38.98,GBP,7.80,PAID
IL901856,INV-51315,2025-04-24,P-1052,SH101610,BASE,189.30,GBP,37.86,PAID
IL901857,INV-51315,2025-04-24,P-1052,SH101610,FUEL,22.56,GBP,4.51,PAID
IL901858,INV-51316,2026-02-20,P-1195,SH101612,BASE,68.00,GBP,13.60,PAID
IL901859,INV-51316,2026-02-20,P-1195,SH101612,ACCESSORIAL,46.95,GBP,9.39,PAID
IL901860,INV-51317,2025-10-11,P-1023,SH101614,BASE,261.29,EUR,52.26,PAID
IL901861,INV-51318,2026-01-31,P-1119,SH101615,BASE,697.43,GBP,139.49,PAID
IL901862,INV-51319,2025-04-09,P-1204,SH101616,BASE,70.41,GBP,14.08,PAID
IL901863,INV-51319,2025-04-09,P-1204,SH101616,FUEL,8.93,GBP,1.79,PAID
IL901864,INV-51320,2025-09-30,P-1061,SH101617,BASE,551.77,GBP,110.35,PAID
IL901865,INV-51320,2025-09-30,P-1061,SH101617,FUEL,40.21,GBP,8.04,PAID
IL901866,INV-51321,2026-02-10,P-1099,SH101618,BASE,932.03,EUR,186.41,PAID
IL901867,INV-51322,2025-06-21,P-1079,SH101619,BASE,582.45,GBP,116.49,OPEN
IL901868,INV-51323,2025-05-24,P-1149,SH101620,BASE,438.87,GBP,87.77,PAID
IL901869,INV-51323,2025-05-24,P-1149,SH101620,FUEL,48.75,GBP,9.75,PAID
IL901870,INV-51324,2026-02-06,P-1114,SH101621,BASE,79.93,GBP,15.99,PAID
IL901871,INV-51325,2025-01-23,P-1046,SH101622,BASE,576.79,GBP,115.36,PAID
IL901872,INV-51325,2025-01-23,P-1046,SH101622,FUEL,43.42,GBP,8.68,PAID
IL901873,INV-51326,2026-05-10,P-1207,SH101623,BASE,273.82,GBP,54.76,PAID
IL901874,INV-51327,2025-08-26,P-1189,SH101624,BASE,66.75,EUR,13.35,PAID
IL901875,INV-51327,2025-08-26,P-1189,SH101624,FUEL,7.39,EUR,1.48,PAID
IL901876,INV-51328,2025-05-10,P-1054,SH101626,BASE,634.33,GBP,126.87,PAID
IL901877,INV-51329,2025-04-25,P-1198,SH101627,BASE,218.25,EUR,43.65,PAID
IL901878,INV-51329,2025-04-25,P-1198,SH101627,ACCESSORIAL,20.53,EUR,4.11,PAID
IL901879,INV-51330,2026-02-14,P-1184,SH101628,BASE,238.61,EUR,47.72,PAID
IL901880,INV-51331,2025-11-09,P-1046,SH101629,BASE,208.28,GBP,41.66,OPEN
IL901881,INV-51332,2025-06-12,P-1051,SH101630,BASE,44.33,EUR,8.87,PAID
IL901882,INV-51332,2025-06-12,P-1051,SH101630,ACCESSORIAL,40.72,EUR,8.14,PAID
IL901883,INV-51333,2025-09-22,P-1214,SH101631,BASE,212.88,GBP,42.58,OPEN
IL901884,INV-51333,2025-09-22,P-1214,SH101631,FUEL,13.86,GBP,2.77,OPEN
IL901885,INV-51334,2025-03-13,P-1214,SH101634,BASE,159.86,GBP,31.97,PAID
IL901886,INV-51335,2025-07-15,P-1121,SH101636,BASE,150.89,EUR,30.18,PAID
IL901887,INV-51336,2025-08-12,P-1107,SH101637,BASE,318.45,GBP,63.69,PAID
IL901888,INV-51337,2025-12-30,P-1070,SH101638,BASE,116.31,GBP,23.26,PAID
IL901889,INV-51338,2025-05-27,P-1043,SH101639,BASE,119.47,GBP,23.89,PAID
IL901890,INV-51339,2025-03-16,P-1153,SH101640,BASE,514.59,GBP,102.92,PAID
IL901891,INV-51339,2025-03-16,P-1153,SH101640,ACCESSORIAL,14.64,GBP,2.93,PAID
IL901892,INV-51340,2025-04-07,P-1216,SH101641,BASE,726.41,GBP,145.28,VOID
IL901893,INV-51341,2025-11-03,P-1218,SH101643,BASE,554.77,GBP,110.95,PAID
IL901894,INV-51341,2025-11-03,P-1218,SH101643,ACCESSORIAL,27.15,GBP,5.43,PAID
IL901895,INV-51342,2025-12-07,P-1065,SH101644,BASE,361.79,GBP,72.36,PAID
IL901896,INV-51343,2026-04-01,P-1209,SH101645,BASE,163.35,EUR,32.67,OPEN
IL901897,INV-51343,2026-04-01,P-1209,SH101645,FUEL,10.69,EUR,2.14,OPEN
IL901898,INV-51344,2026-02-25,P-1081,SH101646,BASE,270.38,GBP,54.08,PAID
IL901899,INV-51345,2026-02-21,P-1070,SH101647,BASE,190.11,GBP,38.02,PAID
IL901900,INV-51345,2026-02-21,P-1070,SH101647,FUEL,15.19,GBP,3.04,PAID
IL901901,INV-51346,2025-04-24,P-1002,SH101649,BASE,419.99,EUR,84.00,PAID
IL901902,INV-51346,2025-04-24,P-1002,SH101649,FUEL,56.44,EUR,11.29,PAID
IL901903,INV-51347,2025-08-24,P-1186,SH101650,BASE,488.21,GBP,97.64,PAID
IL901904,INV-51347,2025-08-24,P-1186,SH101650,FUEL,62.27,GBP,12.45,PAID
IL901905,INV-51348,2025-05-16,P-1236,SH101651,BASE,458.57,GBP,91.71,PAID
IL901906,INV-51349,2025-10-23,P-1033,SH101652,BASE,511.68,EUR,102.34,PAID
IL901907,INV-51350,2025-08-17,P-1060,SH101653,BASE,486.53,GBP,97.31,OPEN
IL901908,INV-51351,2025-05-09,P-1174,SH101654,BASE,660.96,GBP,132.19,OPEN
IL901909,INV-51352,2026-05-02,P-1208,SH101655,BASE,367.09,EUR,73.42,PAID
IL901910,INV-51353,2026-02-18,P-1188,SH101656,BASE,226.27,GBP,45.25,PAID
IL901911,INV-51353,2026-02-18,P-1188,SH101656,FUEL,27.56,GBP,5.51,PAID
IL901912,INV-51354,2026-04-17,P-1069,SH101657,BASE,246.12,GBP,49.22,PAID
IL901913,INV-51355,2026-03-10,P-1006,SH101659,BASE,453.25,GBP,90.65,PAID
IL901914,INV-51356,2025-04-10,P-1098,SH101660,BASE,137.79,GBP,27.56,OPEN
IL901915,INV-51357,2025-07-02,P-1097,SH101661,BASE,219.35,GBP,43.87,PAID
IL901916,INV-51357,2025-07-02,P-1097,SH101661,FUEL,19.59,GBP,3.92,PAID
IL901917,INV-51358,2025-10-01,P-1129,SH101662,BASE,641.25,GBP,128.25,PAID
IL901918,INV-51358,2025-10-01,P-1129,SH101662,FUEL,73.42,GBP,14.68,PAID
IL901919,INV-51359,2026-02-28,P-1189,SH101663,BASE,117.65,GBP,23.53,OPEN
IL901920,INV-51360,2025-01-14,P-1005,SH101664,BASE,523.96,GBP,104.79,OPEN
IL901921,INV-51360,2025-01-14,P-1005,SH101664,FUEL,68.29,GBP,13.66,OPEN
IL901922,INV-51361,2025-05-20,P-1010,SH101666,BASE,410.89,GBP,82.18,PAID
IL901923,INV-51361,2025-05-20,P-1010,SH101666,FUEL,54.36,GBP,10.87,PAID
IL901924,INV-51362,2025-02-20,P-1224,SH101668,BASE,155.06,GBP,31.01,CREDITED
IL901925,INV-51363,2025-04-25,P-1058,SH101669,BASE,42.33,GBP,8.47,PAID
IL901926,INV-51363,2025-04-25,P-1058,SH101669,ACCESSORIAL,48.13,GBP,9.63,PAID
IL901927,INV-51364,2025-11-11,P-1120,SH101670,BASE,223.79,EUR,44.76,PAID
IL901928,INV-51364,2025-11-11,P-1120,SH101670,FUEL,13.92,EUR,2.78,PAID
IL901929,INV-51365,2025-03-27,P-1139,SH101671,BASE,119.94,GBP,23.99,PAID
IL901930,INV-51366,2026-01-10,P-1131,SH101672,BASE,242.30,GBP,48.46,CREDITED
IL901931,INV-51367,2025-08-15,P-1005,SH101673,BASE,105.89,GBP,21.18,VOID
IL901932,INV-51367,2025-08-15,P-1005,SH101673,FUEL,13.21,GBP,2.64,VOID
IL901933,INV-51368,2026-03-13,P-1062,SH101675,BASE,302.04,GBP,60.41,PAID
IL901934,INV-51368,2026-03-13,P-1062,SH101675,FUEL,28.71,GBP,5.74,PAID
IL901935,INV-51368,2026-03-13,P-1062,SH101675,ACCESSORIAL,15.36,GBP,3.07,PAID
IL901936,INV-51369,2025-10-10,P-1033,SH101677,BASE,364.35,GBP,72.87,PAID
IL901937,INV-51369,2025-10-10,P-1033,SH101677,FUEL,42.64,GBP,8.53,PAID
IL901938,INV-51370,2025-07-26,P-1150,SH101678,BASE,137.13,GBP,27.43,PAID
IL901939,INV-51371,2025-04-05,P-1232,SH101679,BASE,726.39,GBP,145.28,PAID
IL901940,INV-51371,2025-04-05,P-1232,SH101679,FUEL,73.92,GBP,14.78,PAID
IL901941,INV-51372,2025-06-29,P-1132,SH101680,BASE,417.26,EUR,83.45,PAID
IL901942,INV-51372,2025-06-29,P-1132,SH101680,FUEL,41.11,EUR,8.22,PAID
IL901943,INV-51373,2025-04-09,P-1187,SH101681,BASE,76.32,EUR,15.26,PAID
IL901944,INV-51374,2025-01-16,P-1211,SH101683,BASE,573.01,EUR,114.60,PAID
IL901945,INV-51375,2025-11-23,P-1218,SH101684,BASE,304.01,GBP,60.80,PAID
IL901946,INV-51376,2025-05-18,P-1147,SH101685,BASE,243.90,GBP,48.78,PAID
IL901947,INV-51377,2025-10-02,P-1224,SH101686,BASE,475.99,EUR,95.20,PAID
IL901948,INV-51378,2025-02-07,P-1179,SH101687,BASE,900.31,GBP,180.06,PAID
IL901949,INV-51379,2025-06-03,P-1217,SH101688,BASE,66.62,GBP,13.32,PAID
IL901950,INV-51379,2025-06-03,P-1217,SH101688,FUEL,7.12,GBP,1.42,PAID
IL901951,INV-51380,2025-12-06,P-1042,SH101689,BASE,532.29,GBP,106.46,CREDITED
IL901952,INV-51380,2025-12-06,P-1042,SH101689,FUEL,37.15,GBP,7.43,CREDITED
IL901953,INV-51381,2025-06-08,P-1032,SH101690,BASE,241.26,GBP,48.25,CREDITED
IL901954,INV-51381,2025-06-08,P-1032,SH101690,FUEL,19.78,GBP,3.96,CREDITED
IL901955,INV-51382,2026-04-18,P-1067,SH101691,BASE,448.43,GBP,89.69,PAID
IL901956,INV-51382,2026-04-18,P-1067,SH101691,FUEL,34.13,GBP,6.83,PAID
IL901957,INV-51383,2025-10-07,P-1219,SH101692,BASE,372.74,GBP,74.55,OPEN
IL901958,INV-51383,2025-10-07,P-1219,SH101692,FUEL,35.70,GBP,7.14,OPEN
IL901959,INV-51384,2026-03-15,P-1019,SH101693,BASE,69.85,GBP,13.97,OPEN
IL901960,INV-51385,2026-01-21,P-1084,SH101695,BASE,53.64,GBP,10.73,PAID
IL901961,INV-51386,2026-03-04,P-1002,SH101697,BASE,585.04,GBP,117.01,PAID
IL901962,INV-51387,2025-07-19,P-1001,SH101698,BASE,507.78,GBP,101.56,VOID
IL901963,INV-51388,2025-12-12,P-1031,SH101699,BASE,429.99,GBP,86.00,VOID
IL901964,INV-51389,2025-03-26,P-1162,SH101700,BASE,305.39,GBP,61.08,PAID
IL901965,INV-51390,2025-09-04,P-1018,SH101701,BASE,671.46,GBP,134.29,PAID
IL901966,INV-51391,2026-03-08,P-1219,SH101702,BASE,579.19,GBP,115.84,PAID
IL901967,INV-51392,2025-01-26,P-1048,SH101703,BASE,448.00,GBP,89.60,PAID
IL901968,INV-51393,2026-02-26,P-1172,SH101704,BASE,92.45,GBP,18.49,PAID
IL901969,INV-51394,2026-05-01,P-1022,SH101705,BASE,180.38,GBP,36.08,PAID
IL901970,INV-51394,2026-05-01,P-1022,SH101705,FUEL,17.15,GBP,3.43,PAID
IL901971,INV-51395,2026-02-21,P-1117,SH101706,BASE,72.86,GBP,14.57,OPEN
IL901972,INV-51396,2026-01-25,P-1026,SH101708,BASE,373.70,GBP,74.74,PAID
IL901973,INV-51396,2026-01-25,P-1026,SH101708,FUEL,23.02,GBP,4.60,PAID
IL901974,INV-51397,2026-05-10,P-1035,SH101710,BASE,420.90,GBP,84.18,OPEN
IL901975,INV-51398,2026-02-04,P-1153,SH101712,BASE,332.64,GBP,66.53,PAID
IL901976,INV-51399,2025-01-17,P-1172,SH101713,BASE,50.57,GBP,10.11,PAID
IL901977,INV-51400,2025-11-14,P-1096,SH101714,BASE,1070.92,GBP,214.18,OPEN
IL901978,INV-51400,2025-11-14,P-1096,SH101714,FUEL,66.88,GBP,13.38,OPEN
IL901979,INV-51401,2026-05-17,P-1126,SH101715,BASE,580.38,GBP,116.08,OPEN
IL901980,INV-51402,2025-02-22,P-1101,SH101716,BASE,237.21,GBP,47.44,OPEN
IL901981,INV-51402,2025-02-22,P-1101,SH101716,FUEL,22.15,GBP,4.43,OPEN
IL901982,INV-51403,2026-02-18,P-1231,SH101718,BASE,744.04,EUR,148.81,PAID
IL901983,INV-51404,2025-10-08,P-1005,SH101720,BASE,945.10,GBP,189.02,OPEN
IL901984,INV-51405,2025-04-16,P-1029,SH101721,BASE,236.18,GBP,47.24,PAID
IL901985,INV-51406,2025-09-30,P-1145,SH101722,BASE,221.54,EUR,44.31,PAID
IL901986,INV-51406,2025-09-30,P-1145,SH101722,FUEL,15.75,EUR,3.15,PAID
IL901987,INV-51407,2025-04-05,P-1018,SH101724,BASE,254.03,GBP,50.81,PAID
IL901988,INV-51408,2026-03-14,P-1121,SH101725,BASE,409.06,EUR,81.81,PAID
IL901989,INV-51408,2026-03-14,P-1121,SH101725,FUEL,38.44,EUR,7.69,PAID
IL901990,INV-51409,2026-03-04,P-1187,SH101727,BASE,231.17,GBP,46.23,OPEN
IL901991,INV-51410,2026-03-27,P-1093,SH101728,BASE,498.05,GBP,99.61,PAID
IL901992,INV-51411,2025-01-10,P-1058,SH101729,BASE,309.74,GBP,61.95,PAID
IL901993,INV-51412,2025-03-05,P-1102,SH101730,BASE,357.11,GBP,71.42,PAID
IL901994,INV-51413,2025-02-02,P-1049,SH101731,BASE,181.63,GBP,36.33,PAID
IL901995,INV-51414,2026-03-27,P-1152,SH101732,BASE,482.05,EUR,96.41,PAID
IL901996,INV-51415,2025-03-17,P-1077,SH101733,BASE,1030.58,GBP,206.12,PAID
IL901997,INV-51416,2026-03-21,P-1201,SH101734,BASE,226.05,GBP,45.21,PAID
IL901998,INV-51416,2026-03-21,P-1201,SH101734,FUEL,15.15,GBP,3.03,PAID
IL901999,INV-51417,2025-08-10,P-1045,SH101735,BASE,104.81,GBP,20.96,PAID
IL902000,INV-51417,2025-08-10,P-1045,SH101735,FUEL,12.97,GBP,2.59,PAID
IL902001,INV-51417,2025-08-10,P-1045,SH101735,ACCESSORIAL,45.75,GBP,9.15,PAID
IL902002,INV-51418,2025-08-16,P-1231,SH101736,BASE,641.91,GBP,128.38,PAID
IL902003,INV-51418,2025-08-16,P-1231,SH101736,FUEL,83.74,GBP,16.75,PAID
IL902004,INV-51419,2025-07-31,P-1115,SH101737,BASE,105.82,GBP,21.16,PAID
IL902005,INV-51420,2025-01-08,P-1227,SH101738,BASE,47.95,GBP,9.59,PAID
IL902006,INV-51420,2025-01-08,P-1227,SH101738,FUEL,6.05,GBP,1.21,PAID
IL902007,INV-51421,2026-01-23,P-1162,SH101739,BASE,53.59,GBP,10.72,PAID
IL902008,INV-51421,2026-01-23,P-1162,SH101739,FUEL,7.34,GBP,1.47,PAID
IL902009,INV-51422,2025-12-14,P-1223,SH101740,BASE,358.24,EUR,71.65,PAID
IL902010,INV-51423,2025-07-20,P-1194,SH101742,BASE,576.47,EUR,115.29,PAID
IL902011,INV-51424,2025-06-19,P-1160,SH101743,BASE,398.19,GBP,79.64,OPEN
IL902012,INV-51424,2025-06-19,P-1160,SH101743,FUEL,39.03,GBP,7.81,OPEN
IL902013,INV-51425,2026-02-09,P-1053,SH101745,BASE,1014.28,GBP,202.86,PAID
IL902014,INV-51426,2025-06-17,P-1198,SH101746,BASE,51.48,GBP,10.30,PAID
IL902015,INV-51427,2025-09-13,P-1088,SH101747,BASE,572.33,EUR,114.47,OPEN
IL902016,INV-51428,2026-03-12,P-1082,SH101748,BASE,784.14,GBP,156.83,PAID
IL902017,INV-51429,2025-06-15,P-1192,SH101749,BASE,49.12,GBP,9.82,PAID
IL902018,INV-51429,2025-06-15,P-1192,SH101749,FUEL,6.03,GBP,1.21,PAID
IL902019,INV-51430,2025-07-30,P-1035,SH101750,BASE,594.81,GBP,118.96,PAID
IL902020,INV-51430,2025-07-30,P-1035,SH101750,FUEL,61.76,GBP,12.35,PAID
IL902021,INV-51431,2025-10-28,P-1019,SH101751,BASE,134.74,GBP,26.95,PAID
IL902022,INV-51431,2025-10-28,P-1019,SH101751,FUEL,17.53,GBP,3.51,PAID
IL902023,INV-51432,2025-09-15,P-1207,SH101752,BASE,368.26,GBP,73.65,PAID
IL902024,INV-51433,2025-03-14,P-1170,SH101753,BASE,126.39,GBP,25.28,PAID
IL902025,INV-51433,2025-03-14,P-1170,SH101753,FUEL,12.77,GBP,2.55,PAID
IL902026,INV-51434,2025-06-19,P-1048,SH101754,BASE,131.77,GBP,26.35,OPEN
IL902027,INV-51435,2026-01-14,P-1074,SH101755,BASE,219.37,EUR,43.87,OPEN
IL902028,INV-51436,2026-05-15,P-1134,SH101756,BASE,152.49,GBP,30.50,OPEN
IL902029,INV-51437,2025-12-02,P-1106,SH101757,BASE,105.82,GBP,21.16,PAID
IL902030,INV-51438,2025-04-19,P-1037,SH101758,BASE,397.26,GBP,79.45,PAID
IL902031,INV-51438,2025-04-19,P-1037,SH101758,FUEL,49.34,GBP,9.87,PAID
IL902032,INV-51439,2025-09-18,P-1017,SH101760,BASE,621.33,GBP,124.27,PAID
IL902033,INV-51440,2025-09-27,P-1156,SH101762,BASE,360.60,GBP,72.12,VOID
IL902034,INV-51440,2025-09-27,P-1156,SH101762,FUEL,26.30,GBP,5.26,VOID
IL902035,INV-51441,2026-03-09,P-1226,SH101763,BASE,418.13,GBP,83.63,PAID
IL902036,INV-51442,2025-08-23,P-1123,SH101764,BASE,563.73,GBP,112.75,PAID
IL902037,INV-51442,2025-08-23,P-1123,SH101764,FUEL,51.04,GBP,10.21,PAID
IL902038,INV-51443,2025-09-23,P-1239,SH101765,BASE,322.10,GBP,64.42,OPEN
IL902039,INV-51444,2026-02-03,P-1023,SH101766,BASE,181.26,GBP,36.25,OPEN
IL902040,INV-51445,2026-03-01,P-1221,SH101767,BASE,590.20,GBP,118.04,PAID
IL902041,INV-51445,2026-03-01,P-1221,SH101767,FUEL,37.64,GBP,7.53,PAID
IL902042,INV-51446,2025-12-25,P-1078,SH101768,BASE,974.01,GBP,194.80,PAID
IL902043,INV-51446,2025-12-25,P-1078,SH101768,FUEL,84.23,GBP,16.85,PAID
IL902044,INV-51447,2026-01-25,P-1013,SH101769,BASE,75.48,GBP,15.10,CREDITED
IL902045,INV-51448,2025-01-25,P-1194,SH101770,BASE,387.90,GBP,77.58,PAID
IL902046,INV-51448,2025-01-25,P-1194,SH101770,FUEL,26.56,GBP,5.31,PAID
IL902047,INV-51448,2025-01-25,P-1194,SH101770,ACCESSORIAL,45.96,GBP,9.19,PAID
IL902048,INV-51449,2025-08-28,P-1077,SH101771,BASE,78.50,GBP,15.70,CREDITED
IL902049,INV-51450,2025-12-14,P-1125,SH101772,BASE,121.66,GBP,24.33,PAID
IL902050,INV-51450,2025-12-14,P-1125,SH101772,FUEL,7.76,GBP,1.55,PAID
IL902051,INV-51451,2025-01-09,P-1018,SH101773,BASE,93.14,EUR,18.63,OPEN
IL902052,INV-51452,2025-10-05,P-1084,SH101774,BASE,659.08,GBP,131.82,OPEN
IL902053,INV-51452,2025-10-05,P-1084,SH101774,FUEL,61.80,GBP,12.36,OPEN
IL902054,INV-51453,2026-02-14,P-1128,SH101777,BASE,903.80,GBP,180.76,PAID
IL902055,INV-51454,2026-02-02,P-1122,SH101778,BASE,665.62,EUR,133.12,PAID
IL902056,INV-51455,2026-01-24,P-1065,SH101779,BASE,86.58,GBP,17.32,CREDITED
IL902057,INV-51456,2026-04-03,P-1146,SH101780,BASE,27.32,GBP,5.46,PAID
IL902058,INV-51456,2026-04-03,P-1146,SH101780,FUEL,3.35,GBP,0.67,PAID
IL902059,INV-51457,2025-12-17,P-1240,SH101781,BASE,686.45,GBP,137.29,PAID
IL902060,INV-51458,2025-02-19,P-1004,SH101782,BASE,355.41,GBP,71.08,PAID
IL902061,INV-51459,2025-03-29,P-1136,SH101783,BASE,105.65,GBP,21.13,PAID
IL902062,INV-51460,2025-12-17,P-1141,SH101784,BASE,378.30,GBP,75.66,PAID
IL902063,INV-51460,2025-12-17,P-1141,SH101784,FUEL,37.90,GBP,7.58,PAID
IL902064,INV-51461,2025-05-09,P-1221,SH101787,BASE,475.37,GBP,95.07,PAID
IL902065,INV-51461,2025-05-09,P-1221,SH101787,FUEL,29.38,GBP,5.88,PAID
IL902066,INV-51462,2026-05-18,P-1204,SH101788,BASE,411.52,GBP,82.30,PAID
IL902067,INV-51463,2026-05-10,P-1025,SH101789,BASE,31.21,GBP,6.24,PAID
IL902068,INV-51464,2025-10-31,P-1027,SH101790,BASE,441.65,EUR,88.33,PAID
IL902069,INV-51465,2026-01-22,P-1167,SH101792,BASE,42.81,GBP,8.56,PAID
IL902070,INV-51465,2026-01-22,P-1167,SH101792,ACCESSORIAL,34.38,GBP,6.88,PAID
IL902071,INV-51466,2025-08-02,P-1149,SH101793,BASE,598.46,GBP,119.69,VOID
IL902072,INV-51466,2025-08-02,P-1149,SH101793,ACCESSORIAL,30.33,GBP,6.07,VOID
IL902073,INV-51467,2025-10-10,P-1080,SH101795,BASE,687.00,GBP,137.40,PAID
IL902074,INV-51468,2025-05-25,P-1178,SH101796,BASE,610.90,GBP,122.18,PAID
IL902075,INV-51469,2026-02-02,P-1135,SH101797,BASE,71.65,GBP,14.33,VOID
IL902076,INV-51469,2026-02-02,P-1135,SH101797,FUEL,5.04,GBP,1.01,VOID
IL902077,INV-51470,2025-07-10,P-1160,SH101798,BASE,140.58,EUR,28.12,PAID
IL902078,INV-51470,2025-07-10,P-1160,SH101798,FUEL,17.68,EUR,3.54,PAID
IL902079,INV-51471,2025-02-24,P-1183,SH101799,BASE,534.84,GBP,106.97,CREDITED
IL902080,INV-51471,2025-02-24,P-1183,SH101799,FUEL,39.68,GBP,7.94,CREDITED
IL902081,INV-51472,2026-04-07,P-1099,SH101800,BASE,302.43,GBP,60.49,PAID
IL902082,INV-51472,2026-04-07,P-1099,SH101800,ACCESSORIAL,42.22,GBP,8.44,PAID
IL902083,INV-51473,2025-10-23,P-1004,SH101801,BASE,343.28,GBP,68.66,PAID
IL902084,INV-51473,2025-10-23,P-1004,SH101801,FUEL,35.80,GBP,7.16,PAID
IL902085,INV-51474,2026-02-23,P-1142,SH101802,BASE,233.09,GBP,46.62,PAID
IL902086,INV-51475,2026-02-14,P-1101,SH101804,BASE,124.14,GBP,24.83,PAID
IL902087,INV-51476,2026-02-17,P-1083,SH101805,BASE,1009.69,GBP,201.94,PAID
IL902088,INV-51476,2026-02-17,P-1083,SH101805,FUEL,80.24,GBP,16.05,PAID
IL902089,INV-51477,2025-04-10,P-1067,SH101806,BASE,551.79,GBP,110.36,VOID
IL902090,INV-51478,2026-01-02,P-1197,SH101807,BASE,152.64,GBP,30.53,PAID
IL902091,INV-51479,2026-04-24,P-1179,SH101808,BASE,382.18,GBP,76.44,PAID
IL902092,INV-51479,2026-04-24,P-1179,SH101808,ACCESSORIAL,42.03,GBP,8.41,PAID
IL902093,INV-51480,2025-07-03,P-1128,SH101809,BASE,129.08,EUR,25.82,PAID
IL902094,INV-51480,2025-07-03,P-1128,SH101809,FUEL,15.02,EUR,3.00,PAID
IL902095,INV-51480,2025-07-03,P-1128,SH101809,ACCESSORIAL,18.16,EUR,3.63,PAID
IL902096,INV-51481,2025-02-23,P-1186,SH101810,BASE,240.93,EUR,48.19,CREDITED
IL902097,INV-51481,2025-02-23,P-1186,SH101810,FUEL,21.42,EUR,4.28,CREDITED
IL902098,INV-51482,2026-01-22,P-1239,SH101811,BASE,418.19,GBP,83.64,CREDITED
IL902099,INV-51483,2025-06-03,P-1217,SH101812,BASE,359.70,GBP,71.94,PAID
IL902100,INV-51484,2025-01-14,P-1143,SH101813,BASE,518.83,EUR,103.77,OPEN
IL902101,INV-51485,2025-02-21,P-1055,SH101814,BASE,123.62,GBP,24.72,PAID
IL902102,INV-51486,2025-02-07,P-1172,SH101816,BASE,197.54,GBP,39.51,PAID
IL902103,INV-51487,2025-04-25,P-1193,SH101817,BASE,195.20,GBP,39.04,PAID
IL902104,INV-51488,2025-10-22,P-1016,SH101818,BASE,514.38,GBP,102.88,PAID
IL902105,INV-51489,2025-02-27,P-1097,SH101819,BASE,387.82,GBP,77.56,OPEN
IL902106,INV-51489,2025-02-27,P-1097,SH101819,ACCESSORIAL,51.12,GBP,10.22,OPEN
IL902107,INV-51490,2025-12-27,P-1006,SH101821,BASE,196.72,GBP,39.34,PAID
IL902108,INV-51491,2025-05-29,P-1007,SH101822,BASE,687.22,GBP,137.44,PAID
IL902109,INV-51491,2025-05-29,P-1007,SH101822,FUEL,86.40,GBP,17.28,PAID
IL902110,INV-51492,2026-01-19,P-1238,SH101823,BASE,899.54,GBP,179.91,PAID
IL902111,INV-51493,2026-02-17,P-1194,SH101825,BASE,679.06,GBP,135.81,CREDITED
IL902112,INV-51494,2026-03-07,P-1148,SH101827,BASE,785.38,GBP,157.08,PAID
IL902113,INV-51495,2025-08-06,P-1108,SH101828,BASE,203.54,GBP,40.71,CREDITED
IL902114,INV-51496,2026-03-30,P-1079,SH101830,BASE,442.23,GBP,88.45,PAID
IL902115,INV-51496,2026-03-30,P-1079,SH101830,FUEL,54.52,GBP,10.90,PAID
IL902116,INV-51497,2025-02-23,P-1196,SH101831,BASE,535.66,GBP,107.13,PAID
IL902117,INV-51498,2025-01-22,P-1153,SH101832,BASE,176.09,GBP,35.22,PAID
IL902118,INV-51499,2025-11-11,P-1227,SH101833,BASE,551.14,GBP,110.23,PAID
IL902119,INV-51499,2025-11-11,P-1227,SH101833,FUEL,59.05,GBP,11.81,PAID
IL902120,INV-51500,2025-12-20,P-1074,SH101834,BASE,333.43,EUR,66.69,PAID
IL902121,INV-51501,2025-04-13,P-1012,SH101835,BASE,82.44,GBP,16.49,PAID
IL902122,INV-51502,2026-02-08,P-1058,SH101836,BASE,244.36,EUR,48.87,PAID
IL902123,INV-51503,2025-06-30,P-1231,SH101837,BASE,104.24,GBP,20.85,PAID
IL902124,INV-51503,2025-06-30,P-1231,SH101837,ACCESSORIAL,44.67,GBP,8.93,PAID
IL902125,INV-51504,2025-11-16,P-1027,SH101838,BASE,246.34,GBP,49.27,CREDITED
IL902126,INV-51505,2025-12-25,P-1240,SH101840,BASE,268.92,GBP,53.78,PAID
IL902127,INV-51505,2025-12-25,P-1240,SH101840,FUEL,19.64,GBP,3.93,PAID
IL902128,INV-51506,2026-04-08,P-1168,SH101841,BASE,339.01,GBP,67.80,PAID
IL902129,INV-51507,2026-01-30,P-1207,SH101843,BASE,174.66,GBP,34.93,PAID
IL902130,INV-51508,2025-09-25,P-1105,SH101844,BASE,625.84,GBP,125.17,PAID
IL902131,INV-51509,2026-05-02,P-1025,SH101847,BASE,220.86,GBP,44.17,PAID
IL902132,INV-51510,2025-12-11,P-1040,SH101848,BASE,771.22,GBP,154.24,PAID
IL902133,INV-51511,2025-11-05,P-1081,SH101849,BASE,557.34,GBP,111.47,OPEN
IL902134,INV-51512,2025-02-06,P-1170,SH101850,BASE,532.12,GBP,106.42,PAID
IL902135,INV-51513,2025-06-08,P-1115,SH101851,BASE,328.68,GBP,65.74,PAID
IL902136,INV-51514,2026-04-18,P-1147,SH101852,BASE,136.71,GBP,27.34,OPEN
IL902137,INV-51515,2026-05-02,P-1188,SH101853,BASE,565.16,GBP,113.03,PAID
IL902138,INV-51515,2026-05-02,P-1188,SH101853,FUEL,45.37,GBP,9.07,PAID
IL902139,INV-51516,2025-07-08,P-1192,SH101854,BASE,57.31,GBP,11.46,CREDITED
IL902140,INV-51516,2025-07-08,P-1192,SH101854,FUEL,7.33,GBP,1.47,CREDITED
IL902141,INV-51517,2025-07-20,P-1181,SH101855,BASE,237.43,EUR,47.49,OPEN
IL902142,INV-51518,2025-09-30,P-1202,SH101856,BASE,460.76,GBP,92.15,PAID
IL902143,INV-51518,2025-09-30,P-1202,SH101856,FUEL,44.58,GBP,8.92,PAID
IL902144,INV-51519,2025-06-15,P-1157,SH101857,BASE,33.32,GBP,6.66,CREDITED
IL902145,INV-51520,2025-04-25,P-1171,SH101858,BASE,624.55,GBP,124.91,PAID
IL902146,INV-51520,2025-04-25,P-1171,SH101858,FUEL,79.92,GBP,15.98,PAID
IL902147,INV-51521,2025-01-20,P-1164,SH101859,BASE,97.86,GBP,19.57,VOID
IL902148,INV-51522,2026-01-07,P-1180,SH101861,BASE,34.91,GBP,6.98,VOID
IL902149,INV-51523,2026-01-21,P-1067,SH101862,BASE,444.16,GBP,88.83,PAID
IL902150,INV-51524,2025-12-08,P-1137,SH101863,BASE,154.11,GBP,30.82,PAID
IL902151,INV-51525,2026-04-13,P-1129,SH101864,BASE,718.98,GBP,143.80,PAID
IL902152,INV-51526,2025-05-18,P-1131,SH101865,BASE,115.49,GBP,23.10,OPEN
IL902153,INV-51527,2025-08-13,P-1179,SH101867,BASE,94.90,EUR,18.98,PAID
IL902154,INV-51528,2025-02-04,P-1059,SH101868,BASE,365.18,GBP,73.04,PAID
IL902155,INV-51529,2025-05-10,P-1229,SH101869,BASE,113.95,GBP,22.79,OPEN
IL902156,INV-51530,2025-03-22,P-1098,SH101870,BASE,194.95,GBP,38.99,OPEN
IL902157,INV-51531,2025-01-06,P-1055,SH101871,BASE,247.08,GBP,49.42,CREDITED
IL902158,INV-51532,2026-03-01,P-1236,SH101873,BASE,167.61,GBP,33.52,PAID
IL902159,INV-51532,2026-03-01,P-1236,SH101873,FUEL,21.09,GBP,4.22,PAID
IL902160,INV-51533,2025-07-15,P-1095,SH101874,BASE,432.12,GBP,86.42,PAID
IL902161,INV-51533,2025-07-15,P-1095,SH101874,FUEL,26.30,GBP,5.26,PAID
IL902162,INV-51534,2026-05-05,P-1113,SH101875,BASE,488.38,GBP,97.68,PAID
IL902163,INV-51534,2026-05-05,P-1113,SH101875,FUEL,40.30,GBP,8.06,PAID
IL902164,INV-51535,2026-03-13,P-1145,SH101876,BASE,213.96,GBP,42.79,PAID
IL902165,INV-51535,2026-03-13,P-1145,SH101876,FUEL,27.48,GBP,5.50,PAID
IL902166,INV-51536,2025-02-05,P-1220,SH101877,BASE,99.35,GBP,19.87,OPEN
IL902167,INV-51537,2026-02-17,P-1074,SH101880,BASE,166.13,GBP,33.23,PAID
IL902168,INV-51538,2025-10-05,P-1094,SH101881,BASE,194.50,GBP,38.90,OPEN
IL902169,INV-51539,2025-04-01,P-1001,SH101882,BASE,200.11,GBP,40.02,PAID
IL902170,INV-51540,2025-03-13,P-1179,SH101884,BASE,356.60,GBP,71.32,CREDITED
IL902171,INV-51541,2026-02-22,P-1140,SH101887,BASE,373.04,GBP,74.61,PAID
IL902172,INV-51542,2026-01-21,P-1099,SH101888,BASE,373.24,GBP,74.65,PAID
IL902173,INV-51543,2025-12-07,P-1039,SH101889,BASE,545.89,GBP,109.18,VOID
IL902174,INV-51543,2025-12-07,P-1039,SH101889,ACCESSORIAL,26.98,GBP,5.40,VOID
IL902175,INV-51544,2026-03-02,P-1003,SH101890,BASE,47.03,EUR,9.41,PAID
IL902176,INV-51545,2026-05-25,P-1093,SH101891,BASE,589.99,GBP,118.00,OPEN
IL902177,INV-51545,2026-05-25,P-1093,SH101891,FUEL,41.74,GBP,8.35,OPEN
IL902178,INV-51546,2026-02-08,P-1078,SH101892,BASE,101.36,GBP,20.27,OPEN
IL902179,INV-51546,2026-02-08,P-1078,SH101892,FUEL,6.70,GBP,1.34,OPEN
IL902180,INV-51547,2025-08-14,P-1092,SH101894,BASE,856.69,EUR,171.34,PAID
IL902181,INV-51547,2025-08-14,P-1092,SH101894,ACCESSORIAL,32.10,EUR,6.42,PAID
IL902182,INV-51548,2026-03-22,P-1063,SH101895,BASE,210.00,EUR,42.00,PAID
IL902183,INV-51548,2026-03-22,P-1063,SH101895,FUEL,15.34,EUR,3.07,PAID
IL902184,INV-51549,2025-06-14,P-1192,SH101899,BASE,451.64,GBP,90.33,CREDITED
IL902185,INV-51550,2025-11-04,P-1186,SH101900,BASE,94.62,GBP,18.92,PAID
IL902186,INV-51551,2026-04-18,P-1026,SH101901,BASE,233.08,GBP,46.62,OPEN
IL902187,INV-51552,2026-03-31,P-1154,SH101902,BASE,141.93,GBP,28.39,PAID
IL902188,INV-51553,2026-01-30,P-1214,SH101903,BASE,213.38,GBP,42.68,PAID
IL902189,INV-51554,2026-01-23,P-1176,SH101904,BASE,900.92,GBP,180.18,CREDITED
IL902190,INV-51555,2025-07-09,P-1058,SH101905,BASE,83.55,GBP,16.71,PAID
IL902191,INV-51555,2025-07-09,P-1058,SH101905,FUEL,8.59,GBP,1.72,PAID
IL902192,INV-51556,2025-03-23,P-1088,SH101906,BASE,138.67,GBP,27.73,OPEN
IL902193,INV-51556,2025-03-23,P-1088,SH101906,FUEL,17.72,GBP,3.54,OPEN
IL902194,INV-51557,2026-05-07,P-1082,SH101907,BASE,985.79,GBP,197.16,PAID
IL902195,INV-51557,2026-05-07,P-1082,SH101907,FUEL,70.15,GBP,14.03,PAID
IL902196,INV-51558,2025-07-05,P-1061,SH101908,BASE,241.77,GBP,48.35,OPEN
IL902197,INV-51559,2025-04-14,P-1044,SH101909,BASE,257.75,GBP,51.55,PAID
IL902198,INV-51559,2025-04-14,P-1044,SH101909,FUEL,32.28,GBP,6.46,PAID
IL902199,INV-51560,2025-08-04,P-1168,SH101910,BASE,550.17,GBP,110.03,PAID
IL902200,INV-51561,2025-11-23,P-1124,SH101911,BASE,143.47,GBP,28.69,CREDITED
IL902201,INV-51561,2025-11-23,P-1124,SH101911,FUEL,20.00,GBP,4.00,CREDITED
IL902202,INV-51562,2026-04-26,P-1077,SH101912,BASE,181.20,GBP,36.24,OPEN
IL902203,INV-51563,2025-08-10,P-1118,SH101913,BASE,526.39,GBP,105.28,OPEN
IL902204,INV-51563,2025-08-10,P-1118,SH101913,FUEL,41.93,GBP,8.39,OPEN
IL902205,INV-51564,2025-10-02,P-1141,SH101914,BASE,224.81,GBP,44.96,OPEN
IL902206,INV-51564,2025-10-02,P-1141,SH101914,FUEL,28.07,GBP,5.61,OPEN
IL902207,INV-51565,2025-02-05,P-1142,SH101916,BASE,143.31,EUR,28.66,PAID
IL902208,INV-51565,2025-02-05,P-1142,SH101916,FUEL,12.29,EUR,2.46,PAID
IL902209,INV-51565,2025-02-05,P-1142,SH101916,ACCESSORIAL,26.84,EUR,5.37,PAID
IL902210,INV-51566,2026-01-04,P-1029,SH101917,BASE,88.81,GBP,17.76,PAID
IL902211,INV-51567,2025-12-10,P-1189,SH101918,BASE,773.47,EUR,154.69,PAID
IL902212,INV-51567,2025-12-10,P-1189,SH101918,FUEL,80.70,EUR,16.14,PAID
IL902213,INV-51567,2025-12-10,P-1189,SH101918,ACCESSORIAL,30.46,EUR,6.09,PAID
IL902214,INV-51568,2026-03-25,P-1101,SH101919,BASE,77.83,EUR,15.57,OPEN
IL902215,INV-51569,2025-05-25,P-1143,SH101920,BASE,77.73,GBP,15.55,OPEN
IL902216,INV-51570,2025-06-28,P-1221,SH101921,BASE,486.36,EUR,97.27,PAID
IL902217,INV-51571,2025-10-31,P-1137,SH101923,BASE,156.17,GBP,31.23,PAID
IL902218,INV-51572,2025-01-22,P-1117,SH101925,BASE,335.68,GBP,67.14,PAID
IL902219,INV-51572,2025-01-22,P-1117,SH101925,ACCESSORIAL,58.78,GBP,11.76,PAID
IL902220,INV-51573,2026-01-04,P-1211,SH101926,BASE,234.29,GBP,46.86,OPEN
IL902221,INV-51574,2025-11-23,P-1020,SH101927,BASE,249.40,GBP,49.88,PAID
IL902222,INV-51575,2025-12-26,P-1038,SH101928,BASE,552.02,GBP,110.40,PAID
IL902223,INV-51576,2025-08-05,P-1114,SH101930,BASE,464.40,GBP,92.88,OPEN
IL902224,INV-51576,2025-08-05,P-1114,SH101930,FUEL,51.78,GBP,10.36,OPEN
IL902225,INV-51577,2025-01-29,P-1229,SH101931,BASE,581.17,GBP,116.23,CREDITED
IL902226,INV-51577,2025-01-29,P-1229,SH101931,ACCESSORIAL,8.58,GBP,1.72,CREDITED
IL902227,INV-51578,2026-02-07,P-1061,SH101932,BASE,111.09,GBP,22.22,OPEN
IL902228,INV-51579,2025-07-22,P-1138,SH101933,BASE,231.36,GBP,46.27,OPEN
IL902229,INV-51580,2025-01-18,P-1037,SH101935,BASE,522.15,GBP,104.43,PAID
IL902230,INV-51580,2025-01-18,P-1037,SH101935,FUEL,67.32,GBP,13.46,PAID
IL902231,INV-51581,2025-12-24,P-1060,SH101936,BASE,44.39,GBP,8.88,PAID
IL902232,INV-51582,2025-10-14,P-1060,SH101938,BASE,44.24,GBP,8.85,PAID
IL902233,INV-51583,2026-03-29,P-1109,SH101939,BASE,302.41,EUR,60.48,PAID
IL902234,INV-51583,2026-03-29,P-1109,SH101939,FUEL,32.44,EUR,6.49,PAID
IL902235,INV-51584,2026-01-07,P-1185,SH101940,BASE,320.84,GBP,64.17,PAID
IL902236,INV-51585,2026-05-18,P-1237,SH101941,BASE,683.46,GBP,136.69,PAID
IL902237,INV-51585,2026-05-18,P-1237,SH101941,FUEL,63.29,GBP,12.66,PAID
IL902238,INV-51586,2026-01-12,P-1206,SH101942,BASE,150.79,GBP,30.16,PAID
IL902239,INV-51587,2025-04-02,P-1029,SH101943,BASE,178.27,GBP,35.65,PAID
IL902240,INV-51588,2025-10-02,P-1213,SH101944,BASE,553.01,GBP,110.60,PAID
IL902241,INV-51589,2025-04-23,P-1189,SH101945,BASE,747.12,GBP,149.42,PAID
IL902242,INV-51590,2025-12-14,P-1223,SH101946,BASE,409.84,GBP,81.97,PAID
IL902243,INV-51591,2025-04-20,P-1179,SH101947,BASE,95.71,GBP,19.14,OPEN
IL902244,INV-51592,2025-07-08,P-1209,SH101948,BASE,131.85,GBP,26.37,PAID
IL902245,INV-51593,2025-04-06,P-1061,SH101949,BASE,556.25,GBP,111.25,OPEN
IL902246,INV-51594,2025-02-07,P-1141,SH101950,BASE,867.02,GBP,173.40,PAID
IL902247,INV-51595,2025-10-30,P-1177,SH101951,BASE,479.27,EUR,95.85,PAID
IL902248,INV-51595,2025-10-30,P-1177,SH101951,FUEL,60.28,EUR,12.06,PAID
IL902249,INV-51596,2026-02-23,P-1157,SH101952,BASE,630.29,EUR,126.06,PAID
IL902250,INV-51597,2025-06-11,P-1131,SH101953,BASE,545.13,GBP,109.03,PAID
IL902251,INV-51598,2025-03-29,P-1054,SH101954,BASE,157.79,GBP,31.56,PAID
IL902252,INV-51599,2025-08-07,P-1165,SH101955,BASE,565.85,GBP,113.17,PAID
IL902253,INV-51599,2025-08-07,P-1165,SH101955,FUEL,52.00,GBP,10.40,PAID
IL902254,INV-51600,2025-08-29,P-1087,SH101956,BASE,624.87,GBP,124.97,CREDITED
IL902255,INV-51601,2025-03-17,P-1072,SH101958,BASE,811.01,GBP,162.20,VOID
IL902256,INV-51602,2025-11-16,P-1192,SH101959,BASE,142.40,EUR,28.48,OPEN
IL902257,INV-51602,2025-11-16,P-1192,SH101959,ACCESSORIAL,46.66,EUR,9.33,OPEN
IL902258,INV-51603,2026-05-15,P-1027,SH101960,BASE,355.90,GBP,71.18,OPEN
IL902259,INV-51603,2026-05-15,P-1027,SH101960,FUEL,45.88,GBP,9.18,OPEN
IL902260,INV-51603,2026-05-15,P-1027,SH101960,ACCESSORIAL,21.77,GBP,4.35,OPEN
IL902261,INV-51604,2025-04-24,P-1145,SH101961,BASE,329.37,GBP,65.87,OPEN
IL902262,INV-51605,2025-07-15,P-1188,SH101962,BASE,273.79,GBP,54.76,PAID
IL902263,INV-51606,2026-01-16,P-1184,SH101963,BASE,175.84,GBP,35.17,OPEN
IL902264,INV-51606,2026-01-16,P-1184,SH101963,FUEL,20.95,GBP,4.19,OPEN
IL902265,INV-51607,2026-04-17,P-1135,SH101964,BASE,579.17,GBP,115.83,PAID
IL902266,INV-51608,2025-01-24,P-1139,SH101965,BASE,525.18,EUR,105.04,CREDITED
IL902267,INV-51608,2025-01-24,P-1139,SH101965,FUEL,39.58,EUR,7.92,CREDITED
IL902268,INV-51609,2025-09-27,P-1232,SH101966,BASE,163.14,GBP,32.63,PAID
IL902269,INV-51610,2026-02-09,P-1116,SH101967,BASE,286.43,GBP,57.29,PAID
IL902270,INV-51611,2025-11-09,P-1017,SH101968,BASE,195.89,GBP,39.18,PAID
IL902271,INV-51612,2026-03-27,P-1018,SH101969,BASE,129.71,GBP,25.94,PAID
IL902272,INV-51612,2026-03-27,P-1018,SH101969,ACCESSORIAL,39.58,GBP,7.92,PAID
IL902273,INV-51613,2026-04-09,P-1062,SH101970,BASE,871.08,GBP,174.22,CREDITED
IL902274,INV-51613,2026-04-09,P-1062,SH101970,FUEL,97.11,GBP,19.42,CREDITED
IL902275,INV-51614,2025-11-07,P-1192,SH101972,BASE,216.75,GBP,43.35,PAID
IL902276,INV-51614,2025-11-07,P-1192,SH101972,FUEL,18.16,GBP,3.63,PAID
IL902277,INV-51615,2025-02-11,P-1026,SH101973,BASE,460.12,GBP,92.02,PAID
IL902278,INV-51615,2025-02-11,P-1026,SH101973,FUEL,61.01,GBP,12.20,PAID
IL902279,INV-51616,2026-03-12,P-1021,SH101975,BASE,201.05,EUR,40.21,PAID
IL902280,INV-51616,2026-03-12,P-1021,SH101975,FUEL,22.45,EUR,4.49,PAID
IL902281,INV-51616,2026-03-12,P-1021,SH101975,ACCESSORIAL,10.51,EUR,2.10,PAID
IL902282,INV-51617,2025-06-16,P-1053,SH101976,BASE,460.32,GBP,92.06,PAID
IL902283,INV-51617,2025-06-16,P-1053,SH101976,FUEL,58.13,GBP,11.63,PAID
IL902284,INV-51618,2026-02-08,P-1138,SH101977,BASE,344.44,EUR,68.89,OPEN
IL902285,INV-51618,2026-02-08,P-1138,SH101977,FUEL,46.80,EUR,9.36,OPEN
IL902286,INV-51619,2025-01-11,P-1028,SH101978,BASE,348.39,GBP,69.68,OPEN
IL902287,INV-51620,2025-07-26,P-1087,SH101979,BASE,189.57,EUR,37.91,VOID
IL902288,INV-51620,2025-07-26,P-1087,SH101979,FUEL,23.90,EUR,4.78,VOID
IL902289,INV-51621,2026-02-19,P-1022,SH101980,BASE,52.88,GBP,10.58,PAID
IL902290,INV-51622,2025-01-14,P-1037,SH101983,BASE,391.83,GBP,78.37,PAID
IL902291,INV-51623,2025-01-16,P-1032,SH101984,BASE,410.17,GBP,82.03,PAID
IL902292,INV-51624,2026-02-02,P-1065,SH101985,BASE,135.06,EUR,27.01,PAID
IL902293,INV-51624,2026-02-02,P-1065,SH101985,FUEL,12.61,EUR,2.52,PAID
IL902294,INV-51625,2025-06-22,P-1041,SH101986,BASE,227.40,GBP,45.48,PAID
IL902295,INV-51625,2025-06-22,P-1041,SH101986,ACCESSORIAL,45.39,GBP,9.08,PAID
IL902296,INV-51626,2025-06-07,P-1135,SH101988,BASE,516.70,GBP,103.34,PAID
IL902297,INV-51627,2025-06-25,P-1097,SH101989,BASE,550.74,GBP,110.15,PAID
IL902298,INV-51628,2025-01-26,P-1011,SH101990,BASE,309.49,GBP,61.90,PAID
IL902299,INV-51629,2025-08-15,P-1031,SH101991,BASE,200.94,EUR,40.19,PAID
IL902300,INV-51630,2025-04-05,P-1047,SH101992,BASE,200.47,GBP,40.09,PAID
IL902301,INV-51631,2026-01-22,P-1150,SH101993,BASE,402.72,GBP,80.54,PAID
IL902302,INV-51632,2025-04-28,P-1146,SH101994,BASE,429.48,GBP,85.90,VOID
IL902303,INV-51632,2025-04-28,P-1146,SH101994,FUEL,40.42,GBP,8.08,VOID
IL902304,INV-51633,2025-02-12,P-1050,SH101995,BASE,80.24,GBP,16.05,OPEN
IL902305,INV-51633,2025-02-12,P-1050,SH101995,FUEL,5.36,GBP,1.07,OPEN
IL902306,INV-51634,2025-11-26,P-1136,SH101996,BASE,53.02,GBP,10.60,OPEN
IL902307,INV-51634,2025-11-26,P-1136,SH101996,FUEL,5.56,GBP,1.11,OPEN
IL902308,INV-51635,2025-05-29,P-1047,SH101997,BASE,113.35,GBP,22.67,OPEN
IL902309,INV-51636,2025-06-14,P-1076,SH101998,BASE,471.40,GBP,94.28,PAID
IL902310,INV-51636,2025-06-14,P-1076,SH101998,FUEL,31.94,GBP,6.39,PAID
IL902311,INV-51637,2026-04-05,P-1091,SH101999,BASE,564.15,GBP,112.83,PAID
IL902312,INV-51638,2025-07-07,P-1142,SH102000,BASE,104.11,GBP,20.82,CREDITED
IL902313,INV-51638,2025-07-07,P-1142,SH102000,ACCESSORIAL,52.95,GBP,10.59,CREDITED
IL902314,INV-51639,2026-05-04,P-1016,SH102001,BASE,955.25,GBP,191.05,PAID
IL902315,INV-51639,2026-05-04,P-1016,SH102001,FUEL,108.41,GBP,21.68,PAID
IL902316,INV-51640,2026-02-27,P-1168,SH102002,BASE,931.85,GBP,186.37,PAID
IL902317,INV-51641,2025-07-10,P-1091,SH102003,BASE,870.94,EUR,174.19,PAID
IL902318,INV-51642,2025-09-04,P-1044,SH102004,BASE,640.17,GBP,128.03,PAID
IL902319,INV-51642,2025-09-04,P-1044,SH102004,FUEL,71.39,GBP,14.28,PAID
IL902320,INV-51643,2025-05-30,P-1223,SH102005,BASE,128.17,GBP,25.63,PAID
IL902321,INV-51643,2025-05-30,P-1223,SH102005,FUEL,10.42,GBP,2.08,PAID
IL902322,INV-51644,2026-05-07,P-1119,SH102007,BASE,273.92,GBP,54.78,PAID
IL902323,INV-51644,2026-05-07,P-1119,SH102007,FUEL,35.11,GBP,7.02,PAID
IL902324,INV-51645,2026-04-12,P-1160,SH102009,BASE,80.68,GBP,16.14,OPEN
IL902325,INV-51646,2025-12-10,P-1093,SH102010,BASE,329.69,GBP,65.94,PAID
IL902326,INV-51647,2026-03-31,P-1117,SH102011,BASE,339.66,GBP,67.93,PAID
IL902327,INV-51648,2025-11-17,P-1071,SH102014,BASE,171.09,EUR,34.22,OPEN
IL902328,INV-51648,2025-11-17,P-1071,SH102014,FUEL,13.09,EUR,2.62,OPEN
IL902329,INV-51649,2025-10-20,P-1013,SH102015,BASE,629.83,GBP,125.97,OPEN
IL902330,INV-51650,2025-10-05,P-1056,SH102017,BASE,91.60,GBP,18.32,OPEN
IL902331,INV-51650,2025-10-05,P-1056,SH102017,ACCESSORIAL,32.13,GBP,6.43,OPEN
IL902332,INV-51651,2026-04-24,P-1100,SH102018,BASE,100.37,GBP,20.07,OPEN
IL902333,INV-51652,2025-09-01,P-1024,SH102019,BASE,436.65,GBP,87.33,OPEN
IL902334,INV-51652,2025-09-01,P-1024,SH102019,FUEL,43.67,GBP,8.73,OPEN
IL902335,INV-51653,2025-03-20,P-1159,SH102020,BASE,429.62,GBP,85.92,OPEN
IL902336,INV-51653,2025-03-20,P-1159,SH102020,FUEL,48.50,GBP,9.70,OPEN
IL902337,INV-51654,2025-09-27,P-1199,SH102021,BASE,356.39,GBP,71.28,PAID
IL902338,INV-51655,2025-01-20,P-1211,SH102022,BASE,42.69,GBP,8.54,PAID
IL902339,INV-51655,2025-01-20,P-1211,SH102022,FUEL,3.26,GBP,0.65,PAID
IL902340,INV-51656,2025-08-12,P-1103,SH102023,BASE,465.97,GBP,93.19,PAID
IL902341,INV-51656,2025-08-12,P-1103,SH102023,FUEL,49.70,GBP,9.94,PAID
IL902342,INV-51657,2025-06-14,P-1050,SH102024,BASE,164.75,GBP,32.95,PAID
IL902343,INV-51657,2025-06-14,P-1050,SH102024,FUEL,14.16,GBP,2.83,PAID
IL902344,INV-51658,2025-01-30,P-1099,SH102026,BASE,512.58,GBP,102.52,CREDITED
IL902345,INV-51659,2025-07-14,P-1173,SH102027,BASE,293.60,GBP,58.72,PAID
IL902346,INV-51660,2026-02-23,P-1111,SH102028,BASE,602.79,GBP,120.56,PAID
IL902347,INV-51661,2025-12-02,P-1073,SH102029,BASE,170.41,EUR,34.08,PAID
IL902348,INV-51662,2025-05-25,P-1183,SH102030,BASE,252.56,GBP,50.51,PAID
IL902349,INV-51663,2025-09-11,P-1179,SH102031,BASE,236.25,GBP,47.25,PAID
IL902350,INV-51663,2025-09-11,P-1179,SH102031,FUEL,16.28,GBP,3.26,PAID
IL902351,INV-51664,2025-08-11,P-1068,SH102033,BASE,818.69,GBP,163.74,OPEN
IL902352,INV-51665,2025-08-22,P-1119,SH102034,BASE,323.09,GBP,64.62,OPEN
IL902353,INV-51666,2025-01-20,P-1110,SH102036,BASE,273.29,GBP,54.66,CREDITED
IL902354,INV-51667,2025-07-16,P-1211,SH102037,BASE,96.27,GBP,19.25,PAID
IL902355,INV-51668,2025-11-26,P-1033,SH102038,BASE,529.66,GBP,105.93,PAID
IL902356,INV-51669,2026-04-02,P-1212,SH102039,BASE,161.65,GBP,32.33,PAID
IL902357,INV-51669,2026-04-02,P-1212,SH102039,FUEL,21.48,GBP,4.30,PAID
IL902358,INV-51670,2025-10-25,P-1118,SH102040,BASE,38.67,GBP,7.73,PAID
IL902359,INV-51671,2026-03-07,P-1205,SH102042,BASE,100.20,GBP,20.04,CREDITED
IL902360,INV-51672,2026-05-13,P-1039,SH102043,BASE,292.21,EUR,58.44,OPEN
IL902361,INV-51672,2026-05-13,P-1039,SH102043,FUEL,29.56,EUR,5.91,OPEN
IL902362,INV-51673,2025-09-02,P-1074,SH102044,BASE,126.20,GBP,25.24,PAID
IL902363,INV-51673,2025-09-02,P-1074,SH102044,FUEL,12.25,GBP,2.45,PAID
IL902364,INV-51674,2025-09-27,P-1202,SH102045,BASE,601.67,GBP,120.33,OPEN
IL902365,INV-51675,2025-02-13,P-1113,SH102046,BASE,813.28,EUR,162.66,OPEN
IL902366,INV-51676,2025-05-04,P-1121,SH102047,BASE,216.84,GBP,43.37,OPEN
IL902367,INV-51677,2025-05-15,P-1137,SH102048,BASE,321.65,GBP,64.33,PAID
IL902368,INV-51678,2025-10-22,P-1066,SH102051,BASE,89.49,GBP,17.90,PAID
IL902369,INV-51678,2025-10-22,P-1066,SH102051,FUEL,8.51,GBP,1.70,PAID
IL902370,INV-51679,2025-07-17,P-1157,SH102052,BASE,304.70,GBP,60.94,PAID
IL902371,INV-51680,2025-01-23,P-1196,SH102054,BASE,647.97,GBP,129.59,OPEN
IL902372,INV-51680,2025-01-23,P-1196,SH102054,FUEL,73.55,GBP,14.71,OPEN
IL902373,INV-51681,2025-11-03,P-1013,SH102055,BASE,641.88,EUR,128.38,PAID
IL902374,INV-51681,2025-11-03,P-1013,SH102055,FUEL,47.65,EUR,9.53,PAID
IL902375,INV-51682,2025-12-22,P-1047,SH102056,BASE,200.24,EUR,40.05,PAID
IL902376,INV-51683,2025-07-21,P-1017,SH102057,BASE,543.77,GBP,108.75,OPEN
IL902377,INV-51684,2026-03-11,P-1138,SH102058,BASE,223.92,EUR,44.78,PAID
IL902378,INV-51684,2026-03-11,P-1138,SH102058,FUEL,25.12,EUR,5.02,PAID
IL902379,INV-51685,2026-01-14,P-1152,SH102059,BASE,1042.61,GBP,208.52,PAID
IL902380,INV-51685,2026-01-14,P-1152,SH102059,FUEL,100.10,GBP,20.02,PAID
IL902381,INV-51686,2025-09-26,P-1206,SH102061,BASE,168.35,GBP,33.67,CREDITED
IL902382,INV-51687,2025-10-04,P-1123,SH102062,BASE,484.37,GBP,96.87,PAID
IL902383,INV-51688,2025-02-15,P-1037,SH102063,BASE,808.21,GBP,161.64,OPEN
IL902384,INV-51689,2025-09-30,P-1059,SH102064,BASE,139.49,EUR,27.90,PAID
IL902385,INV-51690,2025-07-19,P-1195,SH102065,BASE,104.40,EUR,20.88,PAID
IL902386,INV-51690,2025-07-19,P-1195,SH102065,FUEL,7.58,EUR,1.52,PAID
IL902387,INV-51690,2025-07-19,P-1195,SH102065,ACCESSORIAL,59.57,EUR,11.91,PAID
IL902388,INV-51691,2025-12-08,P-1156,SH102066,BASE,149.01,GBP,29.80,PAID
IL902389,INV-51692,2025-09-21,P-1194,SH102067,BASE,137.54,GBP,27.51,OPEN
IL902390,INV-51692,2025-09-21,P-1194,SH102067,FUEL,12.49,GBP,2.50,OPEN
IL902391,INV-51693,2026-02-14,P-1006,SH102068,BASE,823.20,EUR,164.64,PAID
IL902392,INV-51694,2025-09-25,P-1031,SH102069,BASE,181.19,GBP,36.24,PAID
IL902393,INV-51694,2025-09-25,P-1031,SH102069,FUEL,12.01,GBP,2.40,PAID
IL902394,INV-51695,2026-01-13,P-1002,SH102071,BASE,945.61,EUR,189.12,PAID
IL902395,INV-51696,2025-03-02,P-1181,SH102072,BASE,36.04,GBP,7.21,CREDITED
IL902396,INV-51697,2026-01-01,P-1013,SH102074,BASE,68.25,GBP,13.65,OPEN
IL902397,INV-51698,2025-06-18,P-1084,SH102075,BASE,175.43,EUR,35.09,OPEN
IL902398,INV-51698,2025-06-18,P-1084,SH102075,FUEL,23.65,EUR,4.73,OPEN
IL902399,INV-51699,2025-11-05,P-1019,SH102076,BASE,653.73,GBP,130.75,PAID
IL902400,INV-51699,2025-11-05,P-1019,SH102076,FUEL,88.10,GBP,17.62,PAID
IL902401,INV-51700,2025-05-02,P-1199,SH102077,BASE,76.76,GBP,15.35,PAID
IL902402,INV-51701,2025-04-23,P-1018,SH102078,BASE,651.53,GBP,130.31,OPEN
IL902403,INV-51701,2025-04-23,P-1018,SH102078,FUEL,50.39,GBP,10.08,OPEN
IL902404,INV-51702,2025-01-16,P-1181,SH102080,BASE,432.19,GBP,86.44,OPEN
IL902405,INV-51703,2025-02-25,P-1146,SH102081,BASE,601.27,GBP,120.25,PAID
IL902406,INV-51703,2025-02-25,P-1146,SH102081,FUEL,71.93,GBP,14.39,PAID
IL902407,INV-51704,2026-03-23,P-1043,SH102082,BASE,352.95,GBP,70.59,PAID
IL902408,INV-51704,2026-03-23,P-1043,SH102082,FUEL,33.13,GBP,6.63,PAID
IL902409,INV-51705,2026-05-03,P-1149,SH102084,BASE,59.32,GBP,11.86,PAID
IL902410,INV-51705,2026-05-03,P-1149,SH102084,FUEL,7.46,GBP,1.49,PAID
IL902411,INV-51706,2025-06-19,P-1006,SH102085,BASE,279.80,GBP,55.96,PAID
IL902412,INV-51707,2025-04-24,P-1163,SH102086,BASE,374.73,GBP,74.95,PAID
IL902413,INV-51708,2025-05-13,P-1151,SH102088,BASE,585.89,GBP,117.18,PAID
IL902414,INV-51709,2025-05-08,P-1007,SH102089,BASE,295.00,GBP,59.00,PAID
IL902415,INV-51710,2026-01-21,P-1033,SH102091,BASE,547.16,GBP,109.43,PAID
IL902416,INV-51710,2026-01-21,P-1033,SH102091,ACCESSORIAL,41.74,GBP,8.35,PAID
IL902417,INV-51711,2025-12-28,P-1114,SH102093,BASE,261.29,GBP,52.26,PAID
IL902418,INV-51711,2025-12-28,P-1114,SH102093,FUEL,19.95,GBP,3.99,PAID
IL902419,INV-51712,2025-04-17,P-1132,SH102094,BASE,743.29,GBP,148.66,PAID
IL902420,INV-51713,2025-09-01,P-1091,SH102095,BASE,303.33,GBP,60.67,PAID
IL902421,INV-51713,2025-09-01,P-1091,SH102095,FUEL,37.78,GBP,7.56,PAID
IL902422,INV-51714,2026-05-13,P-1069,SH102096,BASE,106.28,GBP,21.26,PAID
IL902423,INV-51714,2026-05-13,P-1069,SH102096,FUEL,12.42,GBP,2.48,PAID
IL902424,INV-51715,2025-04-13,P-1221,SH102097,BASE,218.85,GBP,43.77,PAID
IL902425,INV-51716,2025-06-18,P-1067,SH102098,BASE,979.30,GBP,195.86,PAID
IL902426,INV-51717,2025-01-16,P-1169,SH102099,BASE,121.02,EUR,24.20,VOID
IL902427,INV-51718,2025-06-24,P-1179,SH102100,BASE,518.63,GBP,103.73,OPEN
IL902428,INV-51719,2025-06-06,P-1238,SH102101,BASE,245.51,GBP,49.10,OPEN
IL902429,INV-51720,2025-08-18,P-1081,SH102102,BASE,184.24,GBP,36.85,OPEN
IL902430,INV-51720,2025-08-18,P-1081,SH102102,FUEL,16.43,GBP,3.29,OPEN
IL902431,INV-51721,2025-10-17,P-1202,SH102103,BASE,649.65,GBP,129.93,PAID
IL902432,INV-51722,2025-06-24,P-1189,SH102104,BASE,186.80,GBP,37.36,PAID
IL902433,INV-51722,2025-06-24,P-1189,SH102104,FUEL,24.11,GBP,4.82,PAID
IL902434,INV-51723,2025-10-31,P-1125,SH102105,BASE,121.79,GBP,24.36,OPEN
IL902435,INV-51724,2025-08-17,P-1010,SH102106,BASE,424.62,GBP,84.92,VOID
IL902436,INV-51724,2025-08-17,P-1010,SH102106,FUEL,34.74,GBP,6.95,VOID
IL902437,INV-51725,2025-06-08,P-1135,SH102107,BASE,129.54,GBP,25.91,PAID
IL902438,INV-51726,2025-11-30,P-1103,SH102108,BASE,178.31,GBP,35.66,PAID
IL902439,INV-51726,2025-11-30,P-1103,SH102108,FUEL,12.42,GBP,2.48,PAID
IL902440,INV-51727,2025-12-01,P-1089,SH102109,BASE,731.26,GBP,146.25,OPEN
IL902441,INV-51728,2025-11-28,P-1101,SH102111,BASE,124.91,GBP,24.98,PAID
IL902442,INV-51729,2025-07-02,P-1146,SH102112,BASE,327.43,GBP,65.49,PAID
IL902443,INV-51730,2025-05-07,P-1132,SH102114,BASE,75.46,GBP,15.09,PAID
IL902444,INV-51731,2025-11-20,P-1014,SH102115,BASE,469.84,GBP,93.97,PAID
IL902445,INV-51732,2026-03-20,P-1032,SH102117,BASE,718.73,GBP,143.75,PAID
IL902446,INV-51733,2026-01-13,P-1032,SH102118,BASE,139.92,GBP,27.98,PAID
IL902447,INV-51733,2026-01-13,P-1032,SH102118,FUEL,9.88,GBP,1.98,PAID
IL902448,INV-51734,2025-06-17,P-1150,SH102119,BASE,132.64,GBP,26.53,OPEN
IL902449,INV-51735,2025-08-17,P-1018,SH102121,BASE,273.24,GBP,54.65,PAID
IL902450,INV-51736,2025-09-07,P-1171,SH102123,BASE,470.62,EUR,94.12,PAID
IL902451,INV-51736,2025-09-07,P-1171,SH102123,FUEL,45.08,EUR,9.02,PAID
IL902452,INV-51737,2026-02-11,P-1023,SH102125,BASE,632.09,EUR,126.42,PAID
IL902453,INV-51738,2026-03-14,P-1106,SH102126,BASE,508.94,GBP,101.79,PAID
IL902454,INV-51739,2025-07-06,P-1182,SH102128,BASE,108.89,GBP,21.78,PAID
IL902455,INV-51740,2026-04-16,P-1051,SH102130,BASE,144.01,GBP,28.80,PAID
IL902456,INV-51740,2026-04-16,P-1051,SH102130,FUEL,18.95,GBP,3.79,PAID
IL902457,INV-51741,2025-01-24,P-1217,SH102131,BASE,214.43,GBP,42.89,OPEN
IL902458,INV-51741,2025-01-24,P-1217,SH102131,FUEL,29.00,GBP,5.80,OPEN
IL902459,INV-51742,2026-01-14,P-1141,SH102133,BASE,170.17,EUR,34.03,CREDITED
IL902460,INV-51742,2026-01-14,P-1141,SH102133,FUEL,11.97,EUR,2.39,CREDITED
IL902461,INV-51743,2025-07-01,P-1239,SH102134,BASE,321.88,GBP,64.38,PAID
IL902462,INV-51744,2026-02-07,P-1219,SH102135,BASE,872.12,GBP,174.42,VOID
IL902463,INV-51744,2026-02-07,P-1219,SH102135,FUEL,77.14,GBP,15.43,VOID
IL902464,INV-51745,2025-01-29,P-1025,SH102136,BASE,354.80,GBP,70.96,PAID
IL902465,INV-51746,2026-02-06,P-1123,SH102140,BASE,106.43,EUR,21.29,PAID
IL902466,INV-51746,2026-02-06,P-1123,SH102140,FUEL,9.50,EUR,1.90,PAID
IL902467,INV-51747,2025-05-05,P-1129,SH102142,BASE,270.96,GBP,54.19,PAID
IL902468,INV-51747,2025-05-05,P-1129,SH102142,FUEL,22.64,GBP,4.53,PAID
IL902469,INV-51747,2025-05-05,P-1129,SH102142,ACCESSORIAL,20.65,GBP,4.13,PAID
IL902470,INV-51748,2026-02-18,P-1077,SH102143,BASE,564.56,GBP,112.91,PAID
IL902471,INV-51749,2026-02-20,P-1081,SH102144,BASE,224.24,GBP,44.85,OPEN
IL902472,INV-51750,2025-06-03,P-1031,SH102145,BASE,91.04,GBP,18.21,PAID
IL902473,INV-51751,2025-09-05,P-1213,SH102146,BASE,95.55,GBP,19.11,PAID
IL902474,INV-51752,2025-10-06,P-1178,SH102147,BASE,747.50,EUR,149.50,PAID
IL902475,INV-51753,2025-12-11,P-1152,SH102148,BASE,396.78,EUR,79.36,OPEN
IL902476,INV-51753,2025-12-11,P-1152,SH102148,FUEL,25.65,EUR,5.13,OPEN
IL902477,INV-51754,2025-12-06,P-1139,SH102149,BASE,41.94,EUR,8.39,PAID
IL902478,INV-51754,2025-12-06,P-1139,SH102149,FUEL,5.22,EUR,1.04,PAID
IL902479,INV-51755,2026-02-08,P-1066,SH102151,BASE,222.75,GBP,44.55,PAID
IL902480,INV-51756,2025-06-18,P-1122,SH102152,BASE,37.14,GBP,7.43,OPEN
IL902481,INV-51757,2026-03-16,P-1169,SH102153,BASE,718.80,GBP,143.76,PAID
IL902482,INV-51757,2026-03-16,P-1169,SH102153,FUEL,65.64,GBP,13.13,PAID
IL902483,INV-51758,2026-02-19,P-1210,SH102154,BASE,56.45,GBP,11.29,PAID
IL902484,INV-51759,2026-05-13,P-1225,SH102155,BASE,190.82,GBP,38.16,PAID
IL902485,INV-51759,2026-05-13,P-1225,SH102155,ACCESSORIAL,57.58,GBP,11.52,PAID
IL902486,INV-51760,2025-12-14,P-1140,SH102156,BASE,660.07,EUR,132.01,PAID
IL902487,INV-51761,2025-06-07,P-1227,SH102157,BASE,456.18,GBP,91.24,OPEN
IL902488,INV-51762,2026-04-23,P-1007,SH102159,BASE,256.46,GBP,51.29,PAID
IL902489,INV-51762,2026-04-23,P-1007,SH102159,FUEL,22.06,GBP,4.41,PAID
IL902490,INV-51763,2026-04-15,P-1224,SH102160,BASE,562.88,GBP,112.58,PAID
IL902491,INV-51764,2026-02-01,P-1062,SH102161,BASE,77.27,GBP,15.45,OPEN
IL902492,INV-51765,2025-12-12,P-1114,SH102162,BASE,318.12,GBP,63.62,PAID
IL902493,INV-51765,2025-12-12,P-1114,SH102162,FUEL,19.87,GBP,3.97,PAID
IL902494,INV-51766,2025-12-21,P-1218,SH102163,BASE,165.07,GBP,33.01,OPEN
IL902495,INV-51767,2025-01-15,P-1075,SH102164,BASE,143.03,GBP,28.61,OPEN
IL902496,INV-51768,2025-04-16,P-1187,SH102165,BASE,53.64,GBP,10.73,PAID
IL902497,INV-51769,2025-04-23,P-1002,SH102166,BASE,52.10,GBP,10.42,PAID
IL902498,INV-51770,2025-09-29,P-1063,SH102167,BASE,552.40,GBP,110.48,PAID
IL902499,INV-51771,2025-11-23,P-1204,SH102169,BASE,117.82,GBP,23.56,CREDITED
IL902500,INV-51772,2025-04-22,P-1031,SH102170,BASE,179.96,EUR,35.99,VOID
IL902501,INV-51772,2025-04-22,P-1031,SH102170,FUEL,15.58,EUR,3.12,VOID
IL902502,INV-51773,2025-02-24,P-1029,SH102172,BASE,169.53,GBP,33.91,PAID
IL902503,INV-51774,2025-03-14,P-1136,SH102173,BASE,417.28,EUR,83.46,PAID
IL902504,INV-51774,2025-03-14,P-1136,SH102173,FUEL,29.66,EUR,5.93,PAID
IL902505,INV-51775,2025-09-24,P-1009,SH102174,BASE,503.23,GBP,100.65,PAID
IL902506,INV-51775,2025-09-24,P-1009,SH102174,ACCESSORIAL,59.84,GBP,11.97,PAID
IL902507,INV-51776,2025-09-03,P-1064,SH102175,BASE,76.46,EUR,15.29,PAID
IL902508,INV-51776,2025-09-03,P-1064,SH102175,FUEL,8.53,EUR,1.71,PAID
IL902509,INV-51777,2025-05-12,P-1042,SH102176,BASE,128.95,GBP,25.79,PAID
IL902510,INV-51777,2025-05-12,P-1042,SH102176,FUEL,9.44,GBP,1.89,PAID
IL902511,INV-51778,2026-02-25,P-1158,SH102177,BASE,299.10,GBP,59.82,OPEN
IL902512,INV-51778,2026-02-25,P-1158,SH102177,FUEL,36.66,GBP,7.33,OPEN
IL902513,INV-51779,2025-03-03,P-1181,SH102178,BASE,356.54,GBP,71.31,PAID
IL902514,INV-51779,2025-03-03,P-1181,SH102178,FUEL,49.40,GBP,9.88,PAID
IL902515,INV-51780,2025-06-30,P-1171,SH102179,BASE,398.68,GBP,79.74,PAID
IL902516,INV-51780,2025-06-30,P-1171,SH102179,FUEL,34.07,GBP,6.81,PAID
IL902517,INV-51781,2026-01-04,P-1215,SH102180,BASE,273.23,GBP,54.65,PAID
IL902518,INV-51782,2026-04-16,P-1133,SH102181,BASE,421.09,GBP,84.22,VOID
IL902519,INV-51782,2026-04-16,P-1133,SH102181,FUEL,45.45,GBP,9.09,VOID
IL902520,INV-51783,2025-06-10,P-1235,SH102182,BASE,153.76,GBP,30.75,PAID
IL902521,INV-51784,2025-07-27,P-1179,SH102183,BASE,661.92,GBP,132.38,PAID
IL902522,INV-51784,2025-07-27,P-1179,SH102183,FUEL,79.08,GBP,15.82,PAID
IL902523,INV-51785,2025-09-07,P-1219,SH102184,BASE,511.13,GBP,102.23,PAID
IL902524,INV-51785,2025-09-07,P-1219,SH102184,FUEL,59.82,GBP,11.96,PAID
IL902525,INV-51786,2025-02-02,P-1122,SH102185,BASE,921.30,GBP,184.26,PAID
IL902526,INV-51787,2025-01-30,P-1096,SH102186,BASE,264.90,GBP,52.98,PAID
IL902527,INV-51788,2025-02-22,P-1114,SH102187,BASE,154.17,GBP,30.83,PAID
IL902528,INV-51789,2026-01-18,P-1083,SH102188,BASE,262.74,GBP,52.55,OPEN
IL902529,INV-51790,2025-10-09,P-1104,SH102189,BASE,489.97,GBP,97.99,PAID
IL902530,INV-51791,2025-12-02,P-1115,SH102191,BASE,66.86,GBP,13.37,CREDITED
IL902531,INV-51792,2025-11-06,P-1196,SH102192,BASE,293.91,GBP,58.78,PAID
IL902532,INV-51792,2025-11-06,P-1196,SH102192,FUEL,30.27,GBP,6.05,PAID
IL902533,INV-51793,2026-04-16,P-1086,SH102193,BASE,479.57,GBP,95.91,PAID
IL902534,INV-51794,2025-07-01,P-1026,SH102194,BASE,777.73,GBP,155.55,VOID
IL902535,INV-51795,2025-02-09,P-1155,SH102195,BASE,385.26,GBP,77.05,PAID
IL902536,INV-51795,2025-02-09,P-1155,SH102195,FUEL,50.34,GBP,10.07,PAID
IL902537,INV-51796,2025-09-04,P-1208,SH102196,BASE,39.32,GBP,7.86,PAID
IL902538,INV-51797,2025-02-15,P-1171,SH102197,BASE,191.04,GBP,38.21,PAID
IL902539,INV-51798,2025-09-08,P-1239,SH102198,BASE,164.47,GBP,32.89,OPEN
IL902540,INV-51799,2025-12-23,P-1071,SH102200,BASE,682.88,GBP,136.58,CREDITED
IL902541,INV-51800,2025-04-05,P-1053,SH102202,BASE,176.82,GBP,35.36,PAID
IL902542,INV-51800,2025-04-05,P-1053,SH102202,FUEL,15.92,GBP,3.18,PAID
IL902543,INV-51801,2025-06-11,P-1212,SH102204,BASE,36.79,GBP,7.36,PAID
IL902544,INV-51802,2026-03-17,P-1171,SH102205,BASE,594.42,GBP,118.88,PAID
IL902545,INV-51803,2025-05-21,P-1001,SH102206,BASE,639.79,GBP,127.96,PAID
IL902546,INV-51804,2025-04-29,P-1111,SH102208,BASE,307.84,GBP,61.57,PAID
IL902547,INV-51805,2026-03-19,P-1105,SH102209,BASE,140.06,GBP,28.01,OPEN
IL902548,INV-51805,2026-03-19,P-1105,SH102209,FUEL,13.63,GBP,2.73,OPEN
IL902549,INV-51806,2026-03-27,P-1227,SH102210,BASE,164.22,EUR,32.84,PAID
IL902550,INV-51807,2025-12-28,P-1176,SH102212,BASE,300.28,GBP,60.06,PAID
IL902551,INV-51807,2025-12-28,P-1176,SH102212,FUEL,31.46,GBP,6.29,PAID
IL902552,INV-51808,2025-03-27,P-1104,SH102213,BASE,937.32,GBP,187.46,CREDITED
IL902553,INV-51808,2025-03-27,P-1104,SH102213,FUEL,78.74,GBP,15.75,CREDITED
IL902554,INV-51809,2025-01-06,P-1098,SH102214,BASE,381.60,GBP,76.32,PAID
IL902555,INV-51809,2025-01-06,P-1098,SH102214,FUEL,48.04,GBP,9.61,PAID
IL902556,INV-51810,2025-03-19,P-1003,SH102215,BASE,200.36,GBP,40.07,PAID
IL902557,INV-51810,2025-03-19,P-1003,SH102215,FUEL,27.36,GBP,5.47,PAID
IL902558,INV-51811,2025-10-01,P-1066,SH102216,BASE,310.84,GBP,62.17,PAID
IL902559,INV-51812,2025-07-13,P-1037,SH102217,BASE,554.36,GBP,110.87,PAID
IL902560,INV-51813,2025-12-21,P-1064,SH102219,BASE,634.75,EUR,126.95,PAID
IL902561,INV-51813,2025-12-21,P-1064,SH102219,FUEL,68.83,EUR,13.77,PAID
IL902562,INV-51814,2025-03-30,P-1105,SH102221,BASE,365.90,GBP,73.18,PAID
IL902563,INV-51815,2025-10-15,P-1128,SH102222,BASE,118.25,GBP,23.65,PAID
IL902564,INV-51815,2025-10-15,P-1128,SH102222,ACCESSORIAL,28.83,GBP,5.77,PAID
IL902565,INV-51816,2026-01-21,P-1011,SH102223,BASE,239.82,GBP,47.96,PAID
IL902566,INV-51817,2026-04-09,P-1081,SH102224,BASE,530.95,GBP,106.19,PAID
IL902567,INV-51818,2026-02-11,P-1227,SH102225,BASE,181.74,GBP,36.35,PAID
IL902568,INV-51818,2026-02-11,P-1227,SH102225,FUEL,19.77,GBP,3.95,PAID
IL902569,INV-51819,2026-01-02,P-1127,SH102226,BASE,89.06,GBP,17.81,PAID
IL902570,INV-51819,2026-01-02,P-1127,SH102226,FUEL,11.61,GBP,2.32,PAID
IL902571,INV-51820,2026-03-22,P-1163,SH102229,BASE,734.41,GBP,146.88,OPEN
IL902572,INV-51820,2026-03-22,P-1163,SH102229,FUEL,50.48,GBP,10.10,OPEN
IL902573,INV-51821,2026-01-06,P-1103,SH102230,BASE,160.74,GBP,32.15,PAID
IL902574,INV-51822,2025-08-06,P-1188,SH102231,BASE,205.18,GBP,41.04,OPEN
IL902575,INV-51822,2025-08-06,P-1188,SH102231,ACCESSORIAL,18.42,GBP,3.68,OPEN
IL902576,INV-51823,2025-12-18,P-1099,SH102232,BASE,556.13,EUR,111.23,PAID
IL902577,INV-51824,2026-03-29,P-1077,SH102233,BASE,149.56,GBP,29.91,OPEN
IL902578,INV-51824,2026-03-29,P-1077,SH102233,FUEL,16.27,GBP,3.25,OPEN
IL902579,INV-51825,2025-01-22,P-1044,SH102234,BASE,319.46,GBP,63.89,OPEN
IL902580,INV-51825,2025-01-22,P-1044,SH102234,FUEL,41.43,GBP,8.29,OPEN
IL902581,INV-51826,2026-02-22,P-1190,SH102235,BASE,532.63,GBP,106.53,PAID
IL902582,INV-51826,2026-02-22,P-1190,SH102235,FUEL,55.61,GBP,11.12,PAID
IL902583,INV-51827,2025-11-29,P-1201,SH102236,BASE,274.73,GBP,54.95,PAID
IL902584,INV-51827,2025-11-29,P-1201,SH102236,FUEL,21.33,GBP,4.27,PAID
IL902585,INV-51828,2026-05-08,P-1172,SH102237,BASE,356.00,GBP,71.20,PAID
IL902586,INV-51828,2026-05-08,P-1172,SH102237,FUEL,41.67,GBP,8.33,PAID
IL902587,INV-51829,2025-10-11,P-1082,SH102238,BASE,344.56,GBP,68.91,PAID
IL902588,INV-51829,2025-10-11,P-1082,SH102238,FUEL,21.66,GBP,4.33,PAID
IL902589,INV-51830,2025-09-01,P-1191,SH102239,BASE,292.50,GBP,58.50,VOID
IL902590,INV-51831,2025-03-15,P-1076,SH102241,BASE,144.25,GBP,28.85,PAID
IL902591,INV-51832,2025-04-15,P-1182,SH102242,BASE,438.58,GBP,87.72,OPEN
IL902592,INV-51833,2025-09-24,P-1072,SH102244,BASE,176.08,GBP,35.22,OPEN
IL902593,INV-51833,2025-09-24,P-1072,SH102244,FUEL,10.81,GBP,2.16,OPEN
IL902594,INV-51834,2025-08-26,P-1188,SH102245,BASE,531.04,EUR,106.21,PAID
IL902595,INV-51835,2025-05-23,P-1063,SH102246,BASE,191.33,GBP,38.27,PAID
IL902596,INV-51836,2026-05-13,P-1234,SH102247,BASE,111.98,GBP,22.40,PAID
IL902597,INV-51837,2025-03-14,P-1200,SH102248,BASE,194.21,GBP,38.84,PAID
IL902598,INV-51838,2025-08-23,P-1126,SH102250,BASE,154.52,GBP,30.90,PAID
IL902599,INV-51838,2025-08-23,P-1126,SH102250,FUEL,11.58,GBP,2.32,PAID
IL902600,INV-51839,2025-04-25,P-1235,SH102251,BASE,224.30,GBP,44.86,OPEN
IL902601,INV-51839,2025-04-25,P-1235,SH102251,FUEL,24.56,GBP,4.91,OPEN
IL902602,INV-51840,2025-10-17,P-1200,SH102252,BASE,306.34,EUR,61.27,OPEN
IL902603,INV-51841,2025-02-28,P-1165,SH102254,BASE,124.76,GBP,24.95,PAID
IL902604,INV-51842,2026-03-29,P-1111,SH102255,BASE,251.16,GBP,50.23,OPEN
IL902605,INV-51843,2026-04-19,P-1202,SH102256,BASE,378.73,GBP,75.75,PAID
IL902606,INV-51843,2026-04-19,P-1202,SH102256,FUEL,44.51,GBP,8.90,PAID
IL902607,INV-51843,2026-04-19,P-1202,SH102256,ACCESSORIAL,45.45,GBP,9.09,PAID
IL902608,INV-51844,2025-09-11,P-1222,SH102257,BASE,487.10,GBP,97.42,PAID
IL902609,INV-51845,2025-05-13,P-1102,SH102258,BASE,147.57,GBP,29.51,PAID
IL902610,INV-51845,2025-05-13,P-1102,SH102258,FUEL,20.29,GBP,4.06,PAID
IL902611,INV-51846,2026-02-26,P-1009,SH102259,BASE,533.49,GBP,106.70,PAID
IL902612,INV-51847,2025-03-01,P-1038,SH102260,BASE,366.96,GBP,73.39,PAID
IL902613,INV-51847,2025-03-01,P-1038,SH102260,ACCESSORIAL,42.63,GBP,8.53,PAID
IL902614,INV-51848,2025-07-12,P-1115,SH102261,BASE,420.33,GBP,84.07,PAID
IL902615,INV-51849,2026-02-20,P-1031,SH102262,BASE,385.80,GBP,77.16,VOID
IL902616,INV-51850,2025-02-17,P-1219,SH102263,BASE,355.42,GBP,71.08,OPEN
IL902617,INV-51851,2026-06-04,P-1166,SH102264,BASE,166.73,GBP,33.35,OPEN
IL902618,INV-51852,2026-01-12,P-1174,SH102265,BASE,675.41,GBP,135.08,PAID
IL902619,INV-51853,2026-04-17,P-1144,SH102266,BASE,194.76,GBP,38.95,PAID
IL902620,INV-51854,2025-08-12,P-1051,SH102268,BASE,613.87,GBP,122.77,OPEN
IL902621,INV-51854,2025-08-12,P-1051,SH102268,FUEL,74.07,GBP,14.81,OPEN
IL902622,INV-51855,2026-01-09,P-1043,SH102270,BASE,64.84,EUR,12.97,PAID
IL902623,INV-51856,2025-01-12,P-1083,SH102271,BASE,147.74,GBP,29.55,PAID
IL902624,INV-51857,2026-04-21,P-1005,SH102272,BASE,646.73,EUR,129.35,OPEN
IL902625,INV-51858,2025-11-14,P-1208,SH102274,BASE,579.30,GBP,115.86,PAID
IL902626,INV-51859,2025-01-27,P-1159,SH102275,BASE,178.98,GBP,35.80,PAID
IL902627,INV-51859,2025-01-27,P-1159,SH102275,FUEL,11.58,GBP,2.32,PAID
IL902628,INV-51860,2025-07-29,P-1121,SH102276,BASE,939.91,GBP,187.98,PAID
IL902629,INV-51861,2025-12-02,P-1209,SH102277,BASE,501.95,GBP,100.39,PAID
IL902630,INV-51862,2025-01-31,P-1098,SH102278,BASE,177.77,GBP,35.55,PAID
IL902631,INV-51863,2025-06-22,P-1149,SH102280,BASE,26.59,GBP,5.32,PAID
IL902632,INV-51864,2026-01-22,P-1078,SH102282,BASE,160.79,GBP,32.16,PAID
IL902633,INV-51864,2026-01-22,P-1078,SH102282,FUEL,21.28,GBP,4.26,PAID
IL902634,INV-51865,2025-11-24,P-1060,SH102283,BASE,790.78,GBP,158.16,CREDITED
IL902635,INV-51866,2025-12-24,P-1209,SH102284,BASE,239.07,GBP,47.81,OPEN
IL902636,INV-51867,2026-05-19,P-1156,SH102285,BASE,49.27,GBP,9.85,PAID
IL902637,INV-51867,2026-05-19,P-1156,SH102285,FUEL,5.44,GBP,1.09,PAID
IL902638,INV-51868,2025-11-05,P-1215,SH102286,BASE,315.61,GBP,63.12,PAID
IL902639,INV-51868,2025-11-05,P-1215,SH102286,FUEL,23.67,GBP,4.73,PAID
IL902640,INV-51869,2026-05-10,P-1187,SH102287,BASE,490.75,GBP,98.15,PAID
IL902641,INV-51869,2026-05-10,P-1187,SH102287,FUEL,42.04,GBP,8.41,PAID
IL902642,INV-51870,2025-09-14,P-1156,SH102288,BASE,354.93,GBP,70.99,PAID
IL902643,INV-51871,2026-03-29,P-1151,SH102289,BASE,42.69,GBP,8.54,PAID
IL902644,INV-51871,2026-03-29,P-1151,SH102289,FUEL,3.96,GBP,0.79,PAID
IL902645,INV-51872,2026-05-23,P-1195,SH102291,BASE,96.88,GBP,19.38,CREDITED
IL902646,INV-51873,2025-05-20,P-1124,SH102292,BASE,466.56,GBP,93.31,PAID
IL902647,INV-51874,2025-07-12,P-1147,SH102293,BASE,390.10,GBP,78.02,PAID
IL902648,INV-51875,2026-04-09,P-1074,SH102296,BASE,349.40,GBP,69.88,PAID
IL902649,INV-51876,2026-02-05,P-1148,SH102297,BASE,205.44,EUR,41.09,VOID
IL902650,INV-51876,2026-02-05,P-1148,SH102297,FUEL,20.21,EUR,4.04,VOID
IL902651,INV-51877,2025-09-03,P-1137,SH102298,BASE,481.91,GBP,96.38,PAID
IL902652,INV-51878,2025-11-21,P-1207,SH102299,BASE,96.17,GBP,19.23,PAID
IL902653,INV-51878,2025-11-21,P-1207,SH102299,FUEL,8.05,GBP,1.61,PAID
IL902654,INV-51879,2025-09-07,P-1187,SH102301,BASE,184.70,GBP,36.94,OPEN
IL902655,INV-51880,2026-02-27,P-1021,SH102302,BASE,242.96,EUR,48.59,VOID
IL902656,INV-51881,2025-03-18,P-1050,SH102303,BASE,71.43,GBP,14.29,PAID
IL902657,INV-51882,2026-04-15,P-1213,SH102305,BASE,294.56,GBP,58.91,PAID
IL902658,INV-51882,2026-04-15,P-1213,SH102305,FUEL,27.66,GBP,5.53,PAID
IL902659,INV-51883,2026-02-17,P-1100,SH102306,BASE,965.54,GBP,193.11,OPEN
IL902660,INV-51883,2026-02-17,P-1100,SH102306,FUEL,133.07,GBP,26.61,OPEN
IL902661,INV-51884,2025-08-30,P-1192,SH102308,BASE,316.75,EUR,63.35,OPEN
IL902662,INV-51885,2025-12-05,P-1116,SH102310,BASE,105.00,GBP,21.00,OPEN
IL902663,INV-51886,2025-03-08,P-1187,SH102311,BASE,224.27,EUR,44.85,PAID
IL902664,INV-51887,2025-11-22,P-1209,SH102313,BASE,88.26,GBP,17.65,PAID
IL902665,INV-51887,2025-11-22,P-1209,SH102313,FUEL,11.92,GBP,2.38,PAID
IL902666,INV-51888,2025-04-05,P-1121,SH102314,BASE,261.67,GBP,52.33,PAID
IL902667,INV-51889,2026-04-25,P-1085,SH102315,BASE,45.74,EUR,9.15,PAID
IL902668,INV-51890,2025-10-28,P-1081,SH102316,BASE,221.80,GBP,44.36,OPEN
IL902669,INV-51891,2025-07-16,P-1031,SH102317,BASE,143.05,GBP,28.61,OPEN
IL902670,INV-51892,2026-02-26,P-1031,SH102318,BASE,246.31,EUR,49.26,PAID
IL902671,INV-51893,2026-01-14,P-1187,SH102319,BASE,371.57,GBP,74.31,PAID
IL902672,INV-51894,2025-07-01,P-1072,SH102320,BASE,548.26,EUR,109.65,PAID
IL902673,INV-51895,2025-04-13,P-1156,SH102321,BASE,716.07,GBP,143.21,PAID
IL902674,INV-51896,2025-05-10,P-1103,SH102323,BASE,50.30,GBP,10.06,PAID
IL902675,INV-51896,2025-05-10,P-1103,SH102323,FUEL,4.76,GBP,0.95,PAID
IL902676,INV-51897,2025-04-25,P-1198,SH102324,BASE,165.89,GBP,33.18,VOID
IL902677,INV-51898,2026-04-28,P-1222,SH102326,BASE,266.80,GBP,53.36,PAID
IL902678,INV-51899,2025-10-20,P-1096,SH102327,BASE,439.59,GBP,87.92,PAID
IL902679,INV-51899,2025-10-20,P-1096,SH102327,ACCESSORIAL,11.68,GBP,2.34,PAID
IL902680,INV-51900,2025-10-24,P-1168,SH102329,BASE,820.77,GBP,164.15,PAID
IL902681,INV-51901,2026-03-14,P-1049,SH102330,BASE,248.93,GBP,49.79,PAID
IL902682,INV-51902,2025-08-29,P-1106,SH102331,BASE,351.32,GBP,70.26,PAID
IL902683,INV-51903,2026-03-16,P-1232,SH102332,BASE,185.77,GBP,37.15,OPEN
IL902684,INV-51904,2026-02-01,P-1205,SH102333,BASE,355.42,GBP,71.08,PAID
IL902685,INV-51904,2026-02-01,P-1205,SH102333,FUEL,36.27,GBP,7.25,PAID
IL902686,INV-51905,2025-09-05,P-1165,SH102334,BASE,939.90,GBP,187.98,PAID
IL902687,INV-51906,2025-10-01,P-1108,SH102335,BASE,409.62,GBP,81.92,PAID
IL902688,INV-51907,2025-10-25,P-1164,SH102336,BASE,204.59,GBP,40.92,OPEN
IL902689,INV-51908,2026-01-30,P-1003,SH102337,BASE,62.33,GBP,12.47,PAID
IL902690,INV-51908,2026-01-30,P-1003,SH102337,FUEL,3.93,GBP,0.79,PAID
IL902691,INV-51909,2026-03-29,P-1107,SH102338,BASE,707.02,GBP,141.40,CREDITED
IL902692,INV-51910,2026-03-23,P-1196,SH102339,BASE,203.09,GBP,40.62,OPEN
IL902693,INV-51911,2025-10-06,P-1220,SH102341,BASE,290.32,GBP,58.06,PAID
IL902694,INV-51911,2025-10-06,P-1220,SH102341,FUEL,23.01,GBP,4.60,PAID
IL902695,INV-51911,2025-10-06,P-1220,SH102341,ACCESSORIAL,29.57,GBP,5.91,PAID
IL902696,INV-51912,2025-02-06,P-1213,SH102342,BASE,136.98,EUR,27.40,PAID
IL902697,INV-51913,2025-09-18,P-1150,SH102343,BASE,162.81,GBP,32.56,PAID
IL902698,INV-51914,2025-12-18,P-1055,SH102344,BASE,518.51,GBP,103.70,PAID
IL902699,INV-51915,2025-11-15,P-1123,SH102345,BASE,444.79,GBP,88.96,PAID
IL902700,INV-51915,2025-11-15,P-1123,SH102345,ACCESSORIAL,44.38,GBP,8.88,PAID
IL902701,INV-51916,2026-02-07,P-1206,SH102347,BASE,1006.13,GBP,201.23,PAID
IL902702,INV-51917,2026-01-24,P-1219,SH102348,BASE,1052.23,GBP,210.45,PAID
IL902703,INV-51918,2026-03-10,P-1015,SH102349,BASE,95.47,GBP,19.09,CREDITED
IL902704,INV-51919,2025-12-20,P-1146,SH102350,BASE,396.68,GBP,79.34,PAID
IL902705,INV-51920,2026-05-24,P-1161,SH102351,BASE,534.11,GBP,106.82,PAID
IL902706,INV-51921,2025-04-30,P-1133,SH102353,BASE,74.46,EUR,14.89,PAID
IL902707,INV-51922,2025-12-03,P-1002,SH102356,BASE,392.69,GBP,78.54,PAID
IL902708,INV-51923,2025-11-29,P-1023,SH102358,BASE,685.62,GBP,137.12,PAID
IL902709,INV-51924,2026-01-10,P-1237,SH102361,BASE,262.55,GBP,52.51,OPEN
IL902710,INV-51925,2026-03-28,P-1146,SH102362,BASE,263.24,GBP,52.65,OPEN
IL902711,INV-51926,2025-04-04,P-1008,SH102363,BASE,340.91,GBP,68.18,PAID
IL902712,INV-51927,2026-02-20,P-1145,SH102364,BASE,336.18,GBP,67.24,PAID
IL902713,INV-51928,2025-05-23,P-1119,SH102365,BASE,267.92,GBP,53.58,PAID
IL902714,INV-51929,2025-10-01,P-1191,SH102366,BASE,604.69,GBP,120.94,PAID
IL902715,INV-51929,2025-10-01,P-1191,SH102366,FUEL,73.01,GBP,14.60,PAID
IL902716,INV-51930,2026-05-24,P-1115,SH102367,BASE,76.95,GBP,15.39,PAID
IL902717,INV-51931,2025-11-19,P-1105,SH102368,BASE,51.45,GBP,10.29,OPEN
IL902718,INV-51931,2025-11-19,P-1105,SH102368,FUEL,3.53,GBP,0.71,OPEN
IL902719,INV-51932,2025-01-23,P-1218,SH102370,BASE,564.22,GBP,112.84,PAID
IL902720,INV-51933,2025-04-16,P-1239,SH102371,BASE,420.96,GBP,84.19,PAID
IL902721,INV-51934,2025-06-18,P-1090,SH102372,BASE,184.17,GBP,36.83,CREDITED
IL902722,INV-51935,2026-03-20,P-1060,SH102374,BASE,822.12,EUR,164.42,PAID
IL902723,INV-51936,2025-08-19,P-1120,SH102375,BASE,601.80,EUR,120.36,PAID
IL902724,INV-51937,2026-01-11,P-1055,SH102376,BASE,65.09,GBP,13.02,OPEN
IL902725,INV-51937,2026-01-11,P-1055,SH102376,FUEL,8.14,GBP,1.63,OPEN
IL902726,INV-51938,2025-07-31,P-1214,SH102377,BASE,174.85,GBP,34.97,PAID
IL902727,INV-51938,2025-07-31,P-1214,SH102377,FUEL,20.38,GBP,4.08,PAID
IL902728,INV-51939,2025-04-05,P-1150,SH102378,BASE,345.74,GBP,69.15,VOID
IL902729,INV-51939,2025-04-05,P-1150,SH102378,FUEL,37.30,GBP,7.46,VOID
IL902730,INV-51940,2025-05-11,P-1026,SH102379,BASE,137.39,EUR,27.48,PAID
IL902731,INV-51941,2025-03-19,P-1054,SH102380,BASE,334.65,GBP,66.93,CREDITED
IL902732,INV-51941,2025-03-19,P-1054,SH102380,FUEL,31.57,GBP,6.31,CREDITED
IL902733,INV-51942,2025-07-07,P-1012,SH102381,BASE,780.17,GBP,156.03,PAID
IL902734,INV-51943,2026-01-30,P-1067,SH102382,BASE,262.54,GBP,52.51,OPEN
IL902735,INV-51944,2025-09-01,P-1063,SH102384,BASE,231.68,GBP,46.34,OPEN
IL902736,INV-51945,2025-04-27,P-1067,SH102385,BASE,506.76,GBP,101.35,CREDITED
IL902737,INV-51946,2026-03-13,P-1082,SH102386,BASE,924.42,GBP,184.88,VOID
IL902738,INV-51947,2025-02-09,P-1046,SH102390,BASE,37.12,GBP,7.42,PAID
IL902739,INV-51947,2025-02-09,P-1046,SH102390,ACCESSORIAL,23.00,GBP,4.60,PAID
IL902740,INV-51948,2026-01-08,P-1212,SH102392,BASE,191.84,EUR,38.37,PAID
IL902741,INV-51949,2026-01-19,P-1198,SH102394,BASE,844.97,EUR,168.99,PAID
IL902742,INV-51949,2026-01-19,P-1198,SH102394,FUEL,87.03,EUR,17.41,PAID
IL902743,INV-51950,2025-10-31,P-1073,SH102395,BASE,181.66,EUR,36.33,PAID
IL902744,INV-51951,2026-05-04,P-1238,SH102396,BASE,163.08,GBP,32.62,CREDITED
IL902745,INV-51952,2025-03-13,P-1236,SH102397,BASE,653.35,GBP,130.67,PAID
IL902746,INV-51952,2025-03-13,P-1236,SH102397,FUEL,50.92,GBP,10.18,PAID
IL902747,INV-51953,2026-04-29,P-1084,SH102398,BASE,300.68,GBP,60.14,CREDITED
IL902748,INV-51954,2026-03-17,P-1060,SH102399,BASE,563.29,GBP,112.66,OPEN
IL902749,INV-51955,2025-12-21,P-1152,SH102400,BASE,326.31,GBP,65.26,PAID
IL902750,INV-51955,2025-12-21,P-1152,SH102400,FUEL,21.01,GBP,4.20,PAID
IL902751,INV-51956,2025-09-11,P-1129,SH102401,BASE,490.38,EUR,98.08,PAID
IL902752,INV-51957,2026-03-06,P-1063,SH102402,BASE,180.90,GBP,36.18,PAID
IL902753,INV-51958,2025-01-15,P-1096,SH102403,BASE,485.73,EUR,97.15,PAID
IL902754,INV-51958,2025-01-15,P-1096,SH102403,FUEL,30.99,EUR,6.20,PAID
IL902755,INV-51959,2026-05-06,P-1118,SH102404,BASE,554.93,EUR,110.99,PAID
IL902756,INV-51959,2026-05-06,P-1118,SH102404,FUEL,50.35,EUR,10.07,PAID
IL902757,INV-51960,2026-05-21,P-1183,SH102405,BASE,271.84,GBP,54.37,PAID
IL902758,INV-51961,2025-07-24,P-1083,SH102406,BASE,268.43,GBP,53.69,PAID
IL902759,INV-51962,2026-03-24,P-1228,SH102407,BASE,757.86,EUR,151.57,OPEN
IL902760,INV-51962,2026-03-24,P-1228,SH102407,FUEL,76.54,EUR,15.31,OPEN
IL902761,INV-51963,2025-11-05,P-1197,SH102408,BASE,118.17,GBP,23.63,OPEN
IL902762,INV-51964,2025-10-14,P-1232,SH102409,BASE,460.44,GBP,92.09,PAID
IL902763,INV-51965,2026-05-26,P-1215,SH102410,BASE,117.59,GBP,23.52,PAID
IL902764,INV-51966,2025-03-22,P-1189,SH102411,BASE,563.40,GBP,112.68,OPEN
IL902765,INV-51967,2025-09-17,P-1107,SH102412,BASE,954.18,EUR,190.84,PAID
IL902766,INV-51968,2025-06-05,P-1197,SH102413,BASE,498.71,GBP,99.74,PAID
IL902767,INV-51969,2025-03-26,P-1001,SH102414,BASE,374.82,EUR,74.96,PAID
IL902768,INV-51969,2025-03-26,P-1001,SH102414,FUEL,35.32,EUR,7.06,PAID
IL902769,INV-51970,2026-02-09,P-1221,SH102415,BASE,196.36,GBP,39.27,OPEN
IL902770,INV-51970,2026-02-09,P-1221,SH102415,FUEL,15.88,GBP,3.18,OPEN
IL902771,INV-51971,2025-07-26,P-1118,SH102416,BASE,341.49,GBP,68.30,OPEN
IL902772,INV-51972,2025-07-08,P-1003,SH102417,BASE,200.01,GBP,40.00,PAID
IL902773,INV-51972,2025-07-08,P-1003,SH102417,FUEL,25.08,GBP,5.02,PAID
IL902774,INV-51973,2025-01-22,P-1165,SH102418,BASE,190.12,GBP,38.02,PAID
IL902775,INV-51973,2025-01-22,P-1165,SH102418,FUEL,11.66,GBP,2.33,PAID
IL902776,INV-51974,2026-01-01,P-1084,SH102419,BASE,203.11,GBP,40.62,CREDITED
IL902777,INV-51974,2026-01-01,P-1084,SH102419,FUEL,25.84,GBP,5.17,CREDITED
IL902778,INV-51975,2025-02-14,P-1193,SH102420,BASE,33.17,GBP,6.63,VOID
IL902779,INV-51975,2025-02-14,P-1193,SH102420,FUEL,3.32,GBP,0.66,VOID
IL902780,INV-51976,2026-01-19,P-1178,SH102421,BASE,431.57,GBP,86.31,PAID
IL902781,INV-51977,2025-01-20,P-1184,SH102422,BASE,404.53,GBP,80.91,PAID
IL902782,INV-51978,2025-10-27,P-1230,SH102423,BASE,414.40,EUR,82.88,PAID
IL902783,INV-51979,2025-10-07,P-1076,SH102424,BASE,521.24,GBP,104.25,CREDITED
IL902784,INV-51979,2025-10-07,P-1076,SH102424,FUEL,44.32,GBP,8.86,CREDITED
IL902785,INV-51980,2025-10-27,P-1111,SH102425,BASE,588.83,GBP,117.77,OPEN
IL902786,INV-51980,2025-10-27,P-1111,SH102425,FUEL,76.59,GBP,15.32,OPEN
IL902787,INV-51981,2025-12-03,P-1215,SH102426,BASE,171.54,EUR,34.31,OPEN
IL902788,INV-51982,2025-07-23,P-1070,SH102427,BASE,201.79,GBP,40.36,PAID
IL902789,INV-51983,2025-09-22,P-1232,SH102428,BASE,596.85,GBP,119.37,PAID
IL902790,INV-51983,2025-09-22,P-1232,SH102428,FUEL,60.00,GBP,12.00,PAID
IL902791,INV-51984,2025-06-18,P-1024,SH102429,BASE,444.98,EUR,89.00,OPEN
IL902792,INV-51985,2025-06-18,P-1039,SH102431,BASE,497.07,GBP,99.41,PAID
IL902793,INV-51985,2025-06-18,P-1039,SH102431,FUEL,47.97,GBP,9.59,PAID
IL902794,INV-51986,2025-10-14,P-1028,SH102432,BASE,408.10,GBP,81.62,PAID
IL902795,INV-51987,2025-10-23,P-1057,SH102433,BASE,297.20,EUR,59.44,PAID
IL902796,INV-51988,2026-02-09,P-1152,SH102435,BASE,239.85,GBP,47.97,OPEN
IL902797,INV-51988,2026-02-09,P-1152,SH102435,FUEL,31.55,GBP,6.31,OPEN
IL902798,INV-51989,2025-04-10,P-1231,SH102436,BASE,380.22,GBP,76.04,PAID
IL902799,INV-51990,2025-05-02,P-1119,SH102438,BASE,565.74,GBP,113.15,PAID
IL902800,INV-51991,2026-05-14,P-1157,SH102439,BASE,37.99,GBP,7.60,PAID
IL902801,INV-51991,2026-05-14,P-1157,SH102439,ACCESSORIAL,9.87,GBP,1.97,PAID
IL902802,INV-51992,2025-12-15,P-1132,SH102440,BASE,36.19,GBP,7.24,PAID
IL902803,INV-51992,2025-12-15,P-1132,SH102440,FUEL,4.87,GBP,0.97,PAID
IL902804,INV-51993,2026-02-08,P-1183,SH102441,BASE,351.04,GBP,70.21,OPEN
IL902805,INV-51994,2026-01-17,P-1186,SH102443,BASE,130.75,GBP,26.15,PAID
IL902806,INV-51995,2025-09-29,P-1207,SH102444,BASE,522.78,GBP,104.56,PAID
IL902807,INV-51995,2025-09-29,P-1207,SH102444,ACCESSORIAL,40.63,GBP,8.13,PAID
IL902808,INV-51996,2026-02-10,P-1081,SH102445,BASE,500.52,GBP,100.10,PAID
IL902809,INV-51997,2025-09-02,P-1186,SH102446,BASE,583.11,GBP,116.62,PAID
IL902810,INV-51998,2025-12-14,P-1054,SH102447,BASE,404.63,GBP,80.93,PAID
IL902811,INV-51999,2025-11-23,P-1130,SH102448,BASE,605.82,GBP,121.16,PAID
IL902812,INV-52000,2026-05-05,P-1067,SH102449,BASE,612.36,GBP,122.47,PAID
IL902813,INV-52001,2026-02-12,P-1044,SH102450,BASE,435.21,GBP,87.04,PAID
IL902814,INV-52001,2026-02-12,P-1044,SH102450,FUEL,58.90,GBP,11.78,PAID
IL902815,INV-52002,2026-01-09,P-1179,SH102451,BASE,444.22,GBP,88.84,PAID
IL902816,INV-52003,2026-04-15,P-1071,SH102452,BASE,49.94,GBP,9.99,PAID
IL902817,INV-52004,2026-01-12,P-1216,SH102453,BASE,210.46,GBP,42.09,PAID
IL902818,INV-52005,2025-07-28,P-1220,SH102454,BASE,867.96,GBP,173.59,PAID
IL902819,INV-52005,2025-07-28,P-1220,SH102454,FUEL,59.36,GBP,11.87,PAID
IL902820,INV-52006,2025-05-12,P-1082,SH102455,BASE,251.45,GBP,50.29,PAID
IL902821,INV-52007,2025-12-06,P-1104,SH102456,BASE,32.44,GBP,6.49,OPEN
IL902822,INV-52008,2025-03-29,P-1105,SH102457,BASE,133.35,GBP,26.67,OPEN
IL902823,INV-52009,2025-07-26,P-1042,SH102458,BASE,274.04,EUR,54.81,PAID
IL902824,INV-52010,2025-04-24,P-1007,SH102459,BASE,61.58,GBP,12.32,CREDITED
IL902825,INV-52011,2025-12-08,P-1232,SH102461,BASE,701.30,EUR,140.26,PAID
IL902826,INV-52011,2025-12-08,P-1232,SH102461,FUEL,49.67,EUR,9.93,PAID
IL902827,INV-52012,2026-05-16,P-1158,SH102462,BASE,162.26,EUR,32.45,PAID
IL902828,INV-52012,2026-05-16,P-1158,SH102462,FUEL,14.94,EUR,2.99,PAID
IL902829,INV-52013,2025-08-05,P-1103,SH102463,BASE,484.07,GBP,96.81,PAID
IL902830,INV-52014,2025-12-03,P-1029,SH102465,BASE,569.14,GBP,113.83,PAID
IL902831,INV-52014,2025-12-03,P-1029,SH102465,FUEL,73.76,GBP,14.75,PAID
IL902832,INV-52015,2025-10-16,P-1147,SH102466,BASE,113.41,GBP,22.68,PAID
IL902833,INV-52016,2025-09-29,P-1150,SH102467,BASE,71.88,GBP,14.38,PAID
IL902834,INV-52016,2025-09-29,P-1150,SH102467,FUEL,5.27,GBP,1.05,PAID
IL902835,INV-52017,2025-03-14,P-1228,SH102468,BASE,507.66,GBP,101.53,PAID
IL902836,INV-52018,2025-06-22,P-1018,SH102469,BASE,296.98,GBP,59.40,PAID
IL902837,INV-52019,2026-05-17,P-1223,SH102470,BASE,60.42,GBP,12.08,PAID
IL902838,INV-52020,2025-11-10,P-1204,SH102471,BASE,475.11,GBP,95.02,PAID
IL902839,INV-52020,2025-11-10,P-1204,SH102471,FUEL,29.27,GBP,5.85,PAID
IL902840,INV-52021,2025-04-21,P-1199,SH102472,BASE,884.22,GBP,176.84,PAID
IL902841,INV-52022,2026-03-24,P-1171,SH102473,BASE,108.34,GBP,21.67,PAID
IL902842,INV-52023,2025-10-02,P-1102,SH102476,BASE,38.98,GBP,7.80,PAID
IL902843,INV-52024,2025-06-07,P-1118,SH102479,BASE,290.32,GBP,58.06,OPEN
IL902844,INV-52025,2025-11-04,P-1094,SH102480,BASE,375.16,GBP,75.03,OPEN
IL902845,INV-52025,2025-11-04,P-1094,SH102480,FUEL,37.22,GBP,7.44,OPEN
IL902846,INV-52026,2025-02-17,P-1030,SH102482,BASE,155.50,GBP,31.10,PAID
IL902847,INV-52027,2025-01-26,P-1217,SH102483,BASE,388.67,EUR,77.73,CREDITED
IL902848,INV-52028,2026-04-07,P-1027,SH102485,BASE,572.39,GBP,114.48,CREDITED
IL902849,INV-52029,2026-04-27,P-1100,SH102486,BASE,201.83,EUR,40.37,VOID
IL902850,INV-52030,2026-02-06,P-1094,SH102487,BASE,488.85,EUR,97.77,PAID
IL902851,INV-52030,2026-02-06,P-1094,SH102487,FUEL,60.52,EUR,12.10,PAID
IL902852,INV-52031,2025-10-24,P-1054,SH102488,BASE,29.18,GBP,5.84,PAID
IL902853,INV-52032,2025-01-12,P-1093,SH102489,BASE,239.53,GBP,47.91,OPEN
IL902854,INV-52033,2026-04-10,P-1079,SH102490,BASE,474.31,GBP,94.86,VOID
IL902855,INV-52034,2025-05-02,P-1219,SH102492,BASE,338.38,GBP,67.68,PAID
IL902856,INV-52035,2025-06-08,P-1188,SH102493,BASE,157.51,GBP,31.50,PAID
IL902857,INV-52035,2025-06-08,P-1188,SH102493,FUEL,13.47,GBP,2.69,PAID
IL902858,INV-52036,2025-02-06,P-1136,SH102494,BASE,848.68,EUR,169.74,PAID
IL902859,INV-52037,2025-09-09,P-1005,SH102495,BASE,164.05,GBP,32.81,PAID
IL902860,INV-52037,2025-09-09,P-1005,SH102495,FUEL,22.88,GBP,4.58,PAID
IL902861,INV-52038,2025-04-14,P-1199,SH102496,BASE,785.99,GBP,157.20,OPEN
IL902862,INV-52039,2026-02-06,P-1198,SH102497,BASE,496.85,EUR,99.37,PAID
IL902863,INV-52039,2026-02-06,P-1198,SH102497,FUEL,33.41,EUR,6.68,PAID
IL902864,INV-52040,2025-11-02,P-1114,SH102498,BASE,838.09,GBP,167.62,PAID
IL902865,INV-52040,2025-11-02,P-1114,SH102498,FUEL,96.52,GBP,19.30,PAID
IL902866,INV-52041,2025-08-01,P-1026,SH102501,BASE,838.74,GBP,167.75,OPEN
IL902867,INV-52041,2025-08-01,P-1026,SH102501,ACCESSORIAL,37.60,GBP,7.52,OPEN
IL902868,INV-52042,2025-02-13,P-1099,SH102503,BASE,219.18,GBP,43.84,OPEN
IL902869,INV-52043,2025-06-13,P-1134,SH102504,BASE,212.68,GBP,42.54,PAID
IL902870,INV-52043,2025-06-13,P-1134,SH102504,FUEL,14.22,GBP,2.84,PAID
IL902871,INV-52044,2025-02-22,P-1163,SH102505,BASE,167.65,GBP,33.53,PAID
IL902872,INV-52045,2025-06-24,P-1146,SH102506,BASE,128.61,GBP,25.72,PAID
IL902873,INV-52046,2026-03-10,P-1175,SH102507,BASE,134.90,GBP,26.98,OPEN
IL902874,INV-52047,2026-05-11,P-1195,SH102508,BASE,53.48,GBP,10.70,CREDITED
IL902875,INV-52048,2025-07-06,P-1081,SH102509,BASE,117.08,GBP,23.42,PAID
IL902876,INV-52049,2025-09-24,P-1031,SH102511,BASE,521.32,EUR,104.26,CREDITED
IL902877,INV-52050,2025-02-05,P-1122,SH102512,BASE,170.49,GBP,34.10,OPEN
IL902878,INV-52051,2025-10-22,P-1069,SH102513,BASE,445.41,EUR,89.08,PAID
IL902879,INV-52051,2025-10-22,P-1069,SH102513,FUEL,59.81,EUR,11.96,PAID
IL902880,INV-52052,2025-04-19,P-1134,SH102514,BASE,43.92,GBP,8.78,PAID
IL902881,INV-52052,2025-04-19,P-1134,SH102514,FUEL,4.21,GBP,0.84,PAID
IL902882,INV-52053,2026-01-29,P-1018,SH102516,BASE,313.24,GBP,62.65,OPEN
IL902883,INV-52053,2026-01-29,P-1018,SH102516,FUEL,35.27,GBP,7.05,OPEN
IL902884,INV-52053,2026-01-29,P-1018,SH102516,ACCESSORIAL,31.83,GBP,6.37,OPEN
IL902885,INV-52054,2026-01-12,P-1063,SH102517,BASE,780.78,EUR,156.16,PAID
IL902886,INV-52054,2026-01-12,P-1063,SH102517,FUEL,84.91,EUR,16.98,PAID
IL902887,INV-52055,2025-01-26,P-1007,SH102520,BASE,138.51,GBP,27.70,PAID
IL902888,INV-52056,2025-10-04,P-1027,SH102521,BASE,355.35,GBP,71.07,PAID
IL902889,INV-52056,2025-10-04,P-1027,SH102521,FUEL,23.38,GBP,4.68,PAID
IL902890,INV-52057,2025-03-28,P-1063,SH102522,BASE,178.83,GBP,35.77,PAID
IL902891,INV-52057,2025-03-28,P-1063,SH102522,FUEL,20.05,GBP,4.01,PAID
IL902892,INV-52058,2026-05-03,P-1013,SH102523,BASE,882.00,GBP,176.40,OPEN
IL902893,INV-52059,2026-02-23,P-1005,SH102524,BASE,519.10,EUR,103.82,PAID
IL902894,INV-52059,2026-02-23,P-1005,SH102524,FUEL,55.43,EUR,11.09,PAID
IL902895,INV-52060,2025-12-03,P-1034,SH102525,BASE,59.05,GBP,11.81,PAID
IL902896,INV-52060,2025-12-03,P-1034,SH102525,FUEL,7.61,GBP,1.52,PAID
IL902897,INV-52060,2025-12-03,P-1034,SH102525,ACCESSORIAL,33.58,GBP,6.72,PAID
IL902898,INV-52061,2025-08-13,P-1129,SH102526,BASE,201.78,GBP,40.36,PAID
IL902899,INV-52062,2026-03-11,P-1163,SH102527,BASE,83.28,GBP,16.66,OPEN
IL902900,INV-52062,2026-03-11,P-1163,SH102527,FUEL,5.78,GBP,1.16,OPEN
IL902901,INV-52063,2025-08-25,P-1165,SH102529,BASE,395.52,GBP,79.10,PAID
IL902902,INV-52064,2025-07-18,P-1082,SH102530,BASE,81.60,GBP,16.32,CREDITED
IL902903,INV-52064,2025-07-18,P-1082,SH102530,FUEL,7.01,GBP,1.40,CREDITED
IL902904,INV-52065,2026-01-05,P-1051,SH102531,BASE,147.62,GBP,29.52,OPEN
IL902905,INV-52066,2025-09-27,P-1229,SH102532,BASE,501.93,GBP,100.39,OPEN
IL902906,INV-52067,2025-03-08,P-1181,SH102533,BASE,651.75,GBP,130.35,PAID
IL902907,INV-52067,2025-03-08,P-1181,SH102533,ACCESSORIAL,58.02,GBP,11.60,PAID
IL902908,INV-52068,2025-06-29,P-1138,SH102534,BASE,479.11,EUR,95.82,PAID
IL902909,INV-52069,2025-03-08,P-1052,SH102535,BASE,208.75,GBP,41.75,OPEN
IL902910,INV-52070,2026-05-15,P-1172,SH102536,BASE,282.19,GBP,56.44,PAID
IL902911,INV-52070,2026-05-15,P-1172,SH102536,FUEL,21.13,GBP,4.23,PAID
IL902912,INV-52070,2026-05-15,P-1172,SH102536,ACCESSORIAL,59.42,GBP,11.88,PAID
IL902913,INV-52071,2025-10-22,P-1228,SH102537,BASE,431.30,EUR,86.26,PAID
IL902914,INV-52072,2025-05-03,P-1237,SH102538,BASE,125.61,GBP,25.12,PAID
IL902915,INV-52073,2025-10-31,P-1001,SH102539,BASE,188.22,GBP,37.64,PAID
IL902916,INV-52074,2025-10-19,P-1234,SH102540,BASE,146.25,GBP,29.25,PAID
IL902917,INV-52074,2025-10-19,P-1234,SH102540,FUEL,17.59,GBP,3.52,PAID
IL902918,INV-52075,2025-02-05,P-1063,SH102541,BASE,897.60,GBP,179.52,OPEN
IL902919,INV-52076,2025-10-15,P-1129,SH102544,BASE,316.03,GBP,63.21,OPEN
IL902920,INV-52077,2025-12-13,P-1100,SH102545,BASE,137.51,GBP,27.50,PAID
IL902921,INV-52078,2025-06-01,P-1069,SH102546,BASE,80.47,GBP,16.09,OPEN
IL902922,INV-52078,2025-06-01,P-1069,SH102546,FUEL,8.59,GBP,1.72,OPEN
IL902923,INV-52079,2025-04-19,P-1013,SH102548,BASE,262.51,GBP,52.50,VOID
IL902924,INV-52080,2025-09-19,P-1023,SH102549,BASE,532.27,GBP,106.45,PAID
IL902925,INV-52081,2026-01-22,P-1138,SH102550,BASE,226.34,GBP,45.27,PAID
IL902926,INV-52082,2025-03-17,P-1101,SH102553,BASE,594.70,GBP,118.94,PAID
IL902927,INV-52083,2025-09-29,P-1066,SH102554,BASE,40.41,EUR,8.08,PAID
IL902928,INV-52083,2025-09-29,P-1066,SH102554,FUEL,2.96,EUR,0.59,PAID
IL902929,INV-52084,2025-02-10,P-1093,SH102555,BASE,150.20,GBP,30.04,PAID
IL902930,INV-52085,2026-05-11,P-1156,SH102557,BASE,535.35,GBP,107.07,PAID
IL902931,INV-52086,2025-04-05,P-1046,SH102558,BASE,479.46,GBP,95.89,OPEN
IL902932,INV-52086,2025-04-05,P-1046,SH102558,ACCESSORIAL,25.45,GBP,5.09,OPEN
IL902933,INV-52087,2025-12-26,P-1044,SH102560,BASE,890.49,GBP,178.10,PAID
IL902934,INV-52088,2026-04-20,P-1003,SH102561,BASE,833.93,GBP,166.79,OPEN
IL902935,INV-52089,2026-05-11,P-1229,SH102562,BASE,211.78,GBP,42.36,PAID
IL902936,INV-52090,2025-08-08,P-1063,SH102563,BASE,102.03,GBP,20.41,PAID
IL902937,INV-52090,2025-08-08,P-1063,SH102563,FUEL,12.48,GBP,2.50,PAID
IL902938,INV-52091,2026-03-06,P-1168,SH102564,BASE,1115.65,GBP,223.13,OPEN
IL902939,INV-52092,2026-02-26,P-1038,SH102565,BASE,545.05,GBP,109.01,OPEN
IL902940,INV-52093,2025-11-14,P-1070,SH102566,BASE,50.74,GBP,10.15,PAID
IL902941,INV-52094,2025-11-30,P-1138,SH102568,BASE,581.47,GBP,116.29,PAID
IL902942,INV-52094,2025-11-30,P-1138,SH102568,FUEL,44.38,GBP,8.88,PAID
IL902943,INV-52095,2025-03-08,P-1141,SH102570,BASE,216.64,GBP,43.33,PAID
IL902944,INV-52095,2025-03-08,P-1141,SH102570,FUEL,20.91,GBP,4.18,PAID
IL902945,INV-52096,2025-03-07,P-1145,SH102571,BASE,280.71,GBP,56.14,OPEN
IL902946,INV-52097,2025-06-08,P-1039,SH102572,BASE,172.49,GBP,34.50,PAID
IL902947,INV-52097,2025-06-08,P-1039,SH102572,FUEL,12.10,GBP,2.42,PAID
IL902948,INV-52098,2026-02-14,P-1194,SH102573,BASE,795.19,GBP,159.04,OPEN
IL902949,INV-52098,2026-02-14,P-1194,SH102573,FUEL,95.33,GBP,19.07,OPEN
IL902950,INV-52099,2025-03-18,P-1072,SH102574,BASE,381.84,EUR,76.37,PAID
IL902951,INV-52100,2025-08-15,P-1209,SH102577,BASE,129.82,EUR,25.96,PAID
IL902952,INV-52101,2025-04-15,P-1011,SH102578,BASE,280.88,GBP,56.18,OPEN
IL902953,INV-52102,2026-05-17,P-1233,SH102579,BASE,521.75,GBP,104.35,PAID
IL902954,INV-52103,2025-05-20,P-1045,SH102580,BASE,391.62,EUR,78.32,PAID
IL902955,INV-52103,2025-05-20,P-1045,SH102580,ACCESSORIAL,54.80,EUR,10.96,PAID
IL902956,INV-52104,2025-10-23,P-1103,SH102581,BASE,69.85,GBP,13.97,PAID
IL902957,INV-52105,2026-02-19,P-1168,SH102582,BASE,155.05,GBP,31.01,OPEN
IL902958,INV-52105,2026-02-19,P-1168,SH102582,FUEL,21.06,GBP,4.21,OPEN
IL902959,INV-52106,2025-09-04,P-1163,SH102584,BASE,479.67,GBP,95.93,CREDITED
IL902960,INV-52107,2026-04-14,P-1048,SH102585,BASE,254.76,GBP,50.95,PAID
IL902961,INV-52107,2026-04-14,P-1048,SH102585,ACCESSORIAL,56.26,GBP,11.25,PAID
IL902962,INV-52108,2025-11-05,P-1014,SH102586,BASE,194.39,GBP,38.88,CREDITED
IL902963,INV-52109,2025-08-01,P-1117,SH102587,BASE,332.87,GBP,66.57,PAID
IL902964,INV-52109,2025-08-01,P-1117,SH102587,FUEL,21.80,GBP,4.36,PAID
IL902965,INV-52110,2025-02-12,P-1072,SH102588,BASE,479.97,GBP,95.99,PAID
IL902966,INV-52110,2025-02-12,P-1072,SH102588,FUEL,29.58,GBP,5.92,PAID
IL902967,INV-52111,2025-09-29,P-1143,SH102589,BASE,240.71,GBP,48.14,PAID
IL902968,INV-52111,2025-09-29,P-1143,SH102589,FUEL,33.57,GBP,6.71,PAID
IL902969,INV-52112,2026-03-13,P-1204,SH102590,BASE,336.63,GBP,67.33,OPEN
IL902970,INV-52112,2026-03-13,P-1204,SH102590,FUEL,32.23,GBP,6.45,OPEN
IL902971,INV-52113,2025-04-22,P-1173,SH102591,BASE,179.44,GBP,35.89,CREDITED
IL902972,INV-52114,2026-05-23,P-1231,SH102592,BASE,278.16,GBP,55.63,PAID
IL902973,INV-52115,2025-05-26,P-1057,SH102593,BASE,116.96,GBP,23.39,PAID
IL902974,INV-52116,2025-03-05,P-1046,SH102594,BASE,842.36,GBP,168.47,PAID
IL902975,INV-52116,2025-03-05,P-1046,SH102594,FUEL,67.54,GBP,13.51,PAID
IL902976,INV-52117,2025-08-04,P-1212,SH102595,BASE,54.98,EUR,11.00,PAID
IL902977,INV-52117,2025-08-04,P-1212,SH102595,FUEL,7.44,EUR,1.49,PAID
IL902978,INV-52118,2025-09-02,P-1100,SH102596,BASE,217.19,GBP,43.44,PAID
IL902979,INV-52119,2025-10-20,P-1198,SH102598,BASE,223.74,GBP,44.75,OPEN
IL902980,INV-52119,2025-10-20,P-1198,SH102598,FUEL,14.81,GBP,2.96,OPEN
IL902981,INV-52120,2025-08-31,P-1025,SH102599,BASE,71.80,GBP,14.36,PAID
IL902982,INV-52120,2025-08-31,P-1025,SH102599,FUEL,8.01,GBP,1.60,PAID
IL902983,INV-52120,2025-08-31,P-1025,SH102599,ACCESSORIAL,41.59,GBP,8.32,PAID
IL902984,INV-52121,2025-05-22,P-1187,SH102600,BASE,202.80,GBP,40.56,CREDITED
IL902985,INV-52121,2025-05-22,P-1187,SH102600,FUEL,15.65,GBP,3.13,CREDITED
IL902986,INV-52122,2025-07-08,P-1080,SH102601,BASE,254.90,EUR,50.98,VOID
IL902987,INV-52123,2025-04-27,P-1106,SH102602,BASE,517.44,GBP,103.49,VOID
IL902988,INV-52124,2025-10-08,P-1141,SH102604,BASE,554.52,GBP,110.90,PAID
IL902989,INV-52125,2026-05-10,P-1205,SH102605,BASE,277.10,GBP,55.42,PAID
IL902990,INV-52126,2025-02-24,P-1089,SH102606,BASE,391.73,GBP,78.35,PAID
IL902991,INV-52127,2026-03-08,P-1130,SH102607,BASE,58.98,GBP,11.80,OPEN
IL902992,INV-52128,2025-10-09,P-1203,SH102608,BASE,116.83,GBP,23.37,OPEN
IL902993,INV-52128,2025-10-09,P-1203,SH102608,FUEL,9.54,GBP,1.91,OPEN
IL902994,INV-52129,2025-06-14,P-1117,SH102609,BASE,323.20,GBP,64.64,PAID
IL902995,INV-52130,2025-03-12,P-1082,SH102610,BASE,520.64,GBP,104.13,PAID
IL902996,INV-52131,2025-06-30,P-1164,SH102611,BASE,137.83,GBP,27.57,PAID
IL902997,INV-52132,2026-05-25,P-1081,SH102612,BASE,941.27,GBP,188.25,PAID
IL902998,INV-52133,2026-01-01,P-1206,SH102613,BASE,168.43,GBP,33.69,PAID
IL902999,INV-52134,2025-08-27,P-1004,SH102614,BASE,700.10,GBP,140.02,PAID
IL903000,INV-52135,2025-11-16,P-1140,SH102616,BASE,84.17,GBP,16.83,PAID
IL903001,INV-52136,2026-02-25,P-1001,SH102618,BASE,108.87,GBP,21.77,OPEN
IL903002,INV-52137,2025-03-09,P-1152,SH102619,BASE,120.37,GBP,24.07,PAID
IL903003,INV-52138,2025-08-31,P-1207,SH102621,BASE,50.38,GBP,10.08,PAID
IL903004,INV-52138,2025-08-31,P-1207,SH102621,FUEL,6.59,GBP,1.32,PAID
IL903005,INV-52139,2026-05-12,P-1231,SH102622,BASE,796.06,EUR,159.21,PAID
IL903006,INV-52140,2025-10-05,P-1150,SH102623,BASE,536.37,GBP,107.27,PAID
IL903007,INV-52141,2025-06-11,P-1001,SH102625,BASE,464.12,GBP,92.82,PAID
IL903008,INV-52142,2026-02-02,P-1104,SH102626,BASE,298.07,GBP,59.61,PAID
IL903009,INV-52143,2025-07-03,P-1087,SH102628,BASE,244.75,EUR,48.95,OPEN
IL903010,INV-52144,2026-05-10,P-1112,SH102630,BASE,57.20,GBP,11.44,CREDITED
IL903011,INV-52145,2025-06-13,P-1008,SH102633,BASE,238.82,GBP,47.76,PAID
IL903012,INV-52146,2025-04-23,P-1183,SH102634,BASE,373.76,GBP,74.75,CREDITED
IL903013,INV-52146,2025-04-23,P-1183,SH102634,FUEL,35.96,GBP,7.19,CREDITED
IL903014,INV-52147,2025-08-18,P-1031,SH102636,BASE,262.49,GBP,52.50,VOID
IL903015,INV-52147,2025-08-18,P-1031,SH102636,FUEL,33.07,GBP,6.61,VOID
IL903016,INV-52148,2025-02-20,P-1087,SH102637,BASE,292.74,GBP,58.55,OPEN
IL903017,INV-52149,2025-07-28,P-1011,SH102638,BASE,144.85,GBP,28.97,OPEN
IL903018,INV-52150,2026-02-04,P-1219,SH102639,BASE,732.18,GBP,146.44,OPEN
IL903019,INV-52151,2025-10-07,P-1011,SH102640,BASE,19.62,GBP,3.92,PAID
IL903020,INV-52152,2025-03-10,P-1081,SH102641,BASE,285.81,GBP,57.16,PAID
IL903021,INV-52153,2025-01-23,P-1052,SH102642,BASE,395.67,GBP,79.13,OPEN
IL903022,INV-52153,2025-01-23,P-1052,SH102642,FUEL,49.35,GBP,9.87,OPEN
IL903023,INV-52154,2025-08-26,P-1222,SH102643,BASE,111.47,GBP,22.29,VOID
IL903024,INV-52154,2025-08-26,P-1222,SH102643,FUEL,11.41,GBP,2.28,VOID
IL903025,INV-52155,2026-01-04,P-1110,SH102644,BASE,294.17,GBP,58.83,OPEN
IL903026,INV-52156,2025-09-14,P-1206,SH102645,BASE,232.29,GBP,46.46,OPEN
IL903027,INV-52157,2025-10-21,P-1162,SH102646,BASE,494.99,GBP,99.00,PAID
IL903028,INV-52157,2025-10-21,P-1162,SH102646,FUEL,42.90,GBP,8.58,PAID
IL903029,INV-52158,2026-03-24,P-1176,SH102649,BASE,207.56,GBP,41.51,PAID
IL903030,INV-52159,2025-01-29,P-1140,SH102650,BASE,857.57,GBP,171.51,OPEN
IL903031,INV-52159,2025-01-29,P-1140,SH102650,FUEL,116.47,GBP,23.29,OPEN
IL903032,INV-52160,2025-04-08,P-1053,SH102651,BASE,214.28,EUR,42.86,PAID
IL903033,INV-52161,2025-11-27,P-1119,SH102652,BASE,294.06,GBP,58.81,PAID
IL903034,INV-52162,2025-05-23,P-1074,SH102653,BASE,550.64,GBP,110.13,PAID
IL903035,INV-52163,2025-05-28,P-1101,SH102655,BASE,80.57,GBP,16.11,PAID
IL903036,INV-52164,2025-04-26,P-1029,SH102656,BASE,48.42,EUR,9.68,PAID
IL903037,INV-52164,2025-04-26,P-1029,SH102656,ACCESSORIAL,11.84,EUR,2.37,PAID
IL903038,INV-52165,2025-09-23,P-1088,SH102657,BASE,316.64,EUR,63.33,OPEN
IL903039,INV-52165,2025-09-23,P-1088,SH102657,FUEL,20.30,EUR,4.06,OPEN
IL903040,INV-52166,2025-02-27,P-1121,SH102658,BASE,107.29,EUR,21.46,PAID
IL903041,INV-52166,2025-02-27,P-1121,SH102658,FUEL,6.87,EUR,1.37,PAID
IL903042,INV-52167,2025-03-09,P-1044,SH102659,BASE,154.24,GBP,30.85,PAID
IL903043,INV-52167,2025-03-09,P-1044,SH102659,FUEL,16.66,GBP,3.33,PAID
IL903044,INV-52167,2025-03-09,P-1044,SH102659,ACCESSORIAL,52.57,GBP,10.51,PAID
IL903045,INV-52168,2025-09-06,P-1137,SH102660,BASE,238.63,GBP,47.73,PAID
IL903046,INV-52168,2025-09-06,P-1137,SH102660,FUEL,28.54,GBP,5.71,PAID
IL903047,INV-52169,2025-05-18,P-1040,SH102661,BASE,391.91,GBP,78.38,PAID
IL903048,INV-52169,2025-05-18,P-1040,SH102661,ACCESSORIAL,58.71,GBP,11.74,PAID
IL903049,INV-52170,2025-10-28,P-1098,SH102662,BASE,261.72,GBP,52.34,PAID
IL903050,INV-52170,2025-10-28,P-1098,SH102662,FUEL,27.37,GBP,5.47,PAID
IL903051,INV-52171,2026-03-29,P-1086,SH102663,BASE,426.04,GBP,85.21,PAID
IL903052,INV-52172,2025-07-11,P-1022,SH102664,BASE,538.94,EUR,107.79,PAID
IL903053,INV-52172,2025-07-11,P-1022,SH102664,FUEL,42.11,EUR,8.42,PAID
IL903054,INV-52173,2025-02-23,P-1098,SH102665,BASE,1026.05,GBP,205.21,OPEN
IL903055,INV-52173,2025-02-23,P-1098,SH102665,FUEL,92.75,GBP,18.55,OPEN
IL903056,INV-52174,2026-03-12,P-1090,SH102666,BASE,445.40,GBP,89.08,PAID
IL903057,INV-52175,2026-03-27,P-1190,SH102667,BASE,360.11,GBP,72.02,PAID
IL903058,INV-52176,2025-12-27,P-1014,SH102669,BASE,436.59,GBP,87.32,PAID
IL903059,INV-52176,2025-12-27,P-1014,SH102669,FUEL,43.95,GBP,8.79,PAID
IL903060,INV-52177,2026-04-17,P-1123,SH102670,BASE,153.47,GBP,30.69,PAID
IL903061,INV-52178,2025-03-23,P-1088,SH102671,BASE,534.25,EUR,106.85,PAID
IL903062,INV-52179,2026-03-20,P-1078,SH102672,BASE,508.05,GBP,101.61,PAID
IL903063,INV-52180,2026-03-31,P-1093,SH102674,BASE,386.53,GBP,77.31,OPEN
IL903064,INV-52181,2025-10-04,P-1227,SH102676,BASE,447.21,GBP,89.44,PAID
IL903065,INV-52182,2025-04-20,P-1010,SH102677,BASE,113.14,EUR,22.63,PAID
IL903066,INV-52183,2025-09-15,P-1133,SH102679,BASE,270.25,GBP,54.05,PAID
IL903067,INV-52184,2025-02-15,P-1192,SH102680,BASE,621.89,GBP,124.38,OPEN
IL903068,INV-52184,2025-02-15,P-1192,SH102680,FUEL,78.09,GBP,15.62,OPEN
IL903069,INV-52185,2026-03-07,P-1051,SH102681,BASE,422.08,GBP,84.42,CREDITED
IL903070,INV-52186,2025-05-18,P-1116,SH102682,BASE,85.50,GBP,17.10,PAID
IL903071,INV-52187,2025-07-14,P-1049,SH102684,BASE,110.06,GBP,22.01,PAID
IL903072,INV-52188,2025-12-03,P-1085,SH102685,BASE,448.27,GBP,89.65,PAID
IL903073,INV-52188,2025-12-03,P-1085,SH102685,FUEL,60.30,GBP,12.06,PAID
IL903074,INV-52189,2026-03-31,P-1201,SH102686,BASE,633.14,GBP,126.63,PAID
IL903075,INV-52190,2025-08-30,P-1017,SH102687,BASE,287.14,GBP,57.43,PAID
IL903076,INV-52190,2025-08-30,P-1017,SH102687,FUEL,20.09,GBP,4.02,PAID
IL903077,INV-52191,2025-04-04,P-1026,SH102688,BASE,66.01,GBP,13.20,CREDITED
IL903078,INV-52192,2025-10-24,P-1191,SH102689,BASE,255.49,GBP,51.10,CREDITED
IL903079,INV-52193,2025-04-09,P-1150,SH102691,BASE,430.88,GBP,86.18,OPEN
IL903080,INV-52194,2026-04-10,P-1051,SH102692,BASE,115.99,GBP,23.20,PAID
IL903081,INV-52195,2025-12-24,P-1090,SH102693,BASE,541.43,GBP,108.29,PAID
IL903082,INV-52195,2025-12-24,P-1090,SH102693,ACCESSORIAL,21.56,GBP,4.31,PAID
IL903083,INV-52196,2025-07-31,P-1173,SH102694,BASE,375.37,GBP,75.07,OPEN
IL903084,INV-52196,2025-07-31,P-1173,SH102694,FUEL,24.79,GBP,4.96,OPEN
IL903085,INV-52197,2025-05-28,P-1192,SH102701,BASE,839.49,EUR,167.90,PAID
IL903086,INV-52198,2026-04-14,P-1219,SH102702,BASE,534.22,GBP,106.84,PAID
IL903087,INV-52199,2025-07-24,P-1086,SH102703,BASE,208.65,GBP,41.73,OPEN
IL903088,INV-52200,2025-03-06,P-1208,SH102704,BASE,840.22,GBP,168.04,OPEN
IL903089,INV-52201,2025-01-24,P-1168,SH102705,BASE,543.53,GBP,108.71,PAID
IL903090,INV-52202,2026-01-27,P-1112,SH102706,BASE,200.02,GBP,40.00,PAID
IL903091,INV-52203,2025-02-09,P-1142,SH102708,BASE,191.96,GBP,38.39,PAID
IL903092,INV-52203,2025-02-09,P-1142,SH102708,FUEL,21.89,GBP,4.38,PAID
IL903093,INV-52204,2025-10-17,P-1196,SH102709,BASE,156.06,GBP,31.21,PAID
IL903094,INV-52205,2025-04-13,P-1007,SH102710,BASE,496.95,GBP,99.39,PAID
IL903095,INV-52206,2025-07-21,P-1102,SH102712,BASE,311.99,GBP,62.40,PAID
IL903096,INV-52206,2025-07-21,P-1102,SH102712,FUEL,42.59,GBP,8.52,PAID
IL903097,INV-52207,2025-04-16,P-1094,SH102713,BASE,78.19,GBP,15.64,PAID
IL903098,INV-52208,2025-08-12,P-1197,SH102714,BASE,116.10,GBP,23.22,PAID
IL903099,INV-52208,2025-08-12,P-1197,SH102714,FUEL,8.94,GBP,1.79,PAID
IL903100,INV-52209,2026-01-11,P-1221,SH102715,BASE,349.26,GBP,69.85,PAID
IL903101,INV-52210,2025-04-04,P-1039,SH102716,BASE,91.10,EUR,18.22,PAID
IL903102,INV-52211,2026-01-17,P-1191,SH102719,BASE,184.88,GBP,36.98,PAID
IL903103,INV-52211,2026-01-17,P-1191,SH102719,FUEL,12.21,GBP,2.44,PAID
IL903104,INV-52212,2025-03-11,P-1139,SH102720,BASE,349.61,EUR,69.92,PAID
IL903105,INV-52212,2025-03-11,P-1139,SH102720,FUEL,27.11,EUR,5.42,PAID
IL903106,INV-52212,2025-03-11,P-1139,SH102720,ACCESSORIAL,10.17,EUR,2.03,PAID
IL903107,INV-52213,2025-05-20,P-1126,SH102723,BASE,325.74,EUR,65.15,OPEN
IL903108,INV-52213,2025-05-20,P-1126,SH102723,FUEL,40.33,EUR,8.07,OPEN
IL903109,INV-52214,2025-09-14,P-1223,SH102724,BASE,499.12,GBP,99.82,PAID
IL903110,INV-52215,2026-04-25,P-1012,SH102725,BASE,276.86,GBP,55.37,VOID
IL903111,INV-52215,2026-04-25,P-1012,SH102725,FUEL,22.48,GBP,4.50,VOID
IL903112,INV-52216,2026-02-22,P-1223,SH102727,BASE,581.21,EUR,116.24,PAID
IL903113,INV-52217,2026-01-13,P-1090,SH102730,BASE,61.26,GBP,12.25,PAID
IL903114,INV-52217,2026-01-13,P-1090,SH102730,FUEL,5.67,GBP,1.13,PAID
IL903115,INV-52218,2025-08-15,P-1104,SH102731,BASE,420.95,GBP,84.19,CREDITED
IL903116,INV-52218,2025-08-15,P-1104,SH102731,FUEL,36.47,GBP,7.29,CREDITED
IL903117,INV-52219,2025-10-08,P-1121,SH102732,BASE,510.81,GBP,102.16,PAID
IL903118,INV-52219,2025-10-08,P-1121,SH102732,FUEL,55.47,GBP,11.09,PAID
IL903119,INV-52220,2025-02-03,P-1230,SH102733,BASE,277.72,GBP,55.54,PAID
IL903120,INV-52220,2025-02-03,P-1230,SH102733,ACCESSORIAL,41.29,GBP,8.26,PAID
IL903121,INV-52221,2025-05-05,P-1088,SH102734,BASE,151.63,GBP,30.33,PAID
IL903122,INV-52221,2025-05-05,P-1088,SH102734,FUEL,10.03,GBP,2.01,PAID
IL903123,INV-52222,2026-03-24,P-1238,SH102735,BASE,260.55,GBP,52.11,PAID
IL903124,INV-52223,2025-11-02,P-1090,SH102736,BASE,157.12,GBP,31.42,OPEN
IL903125,INV-52223,2025-11-02,P-1090,SH102736,FUEL,12.54,GBP,2.51,OPEN
IL903126,INV-52224,2026-01-29,P-1010,SH102737,BASE,943.60,GBP,188.72,OPEN
IL903127,INV-52225,2025-04-12,P-1032,SH102738,BASE,298.02,GBP,59.60,PAID
IL903128,INV-52225,2025-04-12,P-1032,SH102738,ACCESSORIAL,58.02,GBP,11.60,PAID
IL903129,INV-52226,2026-05-02,P-1005,SH102739,BASE,43.13,GBP,8.63,OPEN
IL903130,INV-52227,2025-08-20,P-1052,SH102740,BASE,97.60,GBP,19.52,PAID
IL903131,INV-52228,2025-04-30,P-1196,SH102741,BASE,285.73,EUR,57.15,OPEN
IL903132,INV-52228,2025-04-30,P-1196,SH102741,FUEL,33.49,EUR,6.70,OPEN
IL903133,INV-52229,2025-12-05,P-1114,SH102742,BASE,375.83,GBP,75.17,PAID
IL903134,INV-52230,2025-11-02,P-1188,SH102743,BASE,777.90,GBP,155.58,PAID
IL903135,INV-52230,2025-11-02,P-1188,SH102743,FUEL,77.14,GBP,15.43,PAID
IL903136,INV-52231,2025-11-28,P-1071,SH102744,BASE,461.78,GBP,92.36,OPEN
IL903137,INV-52231,2025-11-28,P-1071,SH102744,FUEL,53.80,GBP,10.76,OPEN
IL903138,INV-52232,2026-05-02,P-1147,SH102745,BASE,139.53,GBP,27.91,PAID
IL903139,INV-52232,2026-05-02,P-1147,SH102745,FUEL,17.69,GBP,3.54,PAID
IL903140,INV-52233,2026-05-04,P-1207,SH102746,BASE,545.29,GBP,109.06,PAID
IL903141,INV-52233,2026-05-04,P-1207,SH102746,FUEL,46.01,GBP,9.20,PAID
IL903142,INV-52234,2025-05-02,P-1016,SH102747,BASE,233.16,GBP,46.63,PAID
IL903143,INV-52235,2026-04-01,P-1122,SH102748,BASE,249.15,GBP,49.83,PAID
IL903144,INV-52235,2026-04-01,P-1122,SH102748,FUEL,29.73,GBP,5.95,PAID
IL903145,INV-52236,2025-09-25,P-1199,SH102749,BASE,137.31,GBP,27.46,OPEN
IL903146,INV-52236,2025-09-25,P-1199,SH102749,ACCESSORIAL,39.11,GBP,7.82,OPEN
IL903147,INV-52237,2025-09-16,P-1049,SH102752,BASE,271.74,GBP,54.35,CREDITED
IL903148,INV-52238,2025-02-27,P-1035,SH102753,BASE,592.89,EUR,118.58,PAID
IL903149,INV-52238,2025-02-27,P-1035,SH102753,FUEL,43.79,EUR,8.76,PAID
IL903150,INV-52239,2025-06-08,P-1207,SH102754,BASE,573.06,GBP,114.61,PAID
IL903151,INV-52240,2025-08-28,P-1219,SH102755,BASE,258.58,EUR,51.72,PAID
IL903152,INV-52240,2025-08-28,P-1219,SH102755,FUEL,25.95,EUR,5.19,PAID
IL903153,INV-52240,2025-08-28,P-1219,SH102755,ACCESSORIAL,10.11,EUR,2.02,PAID
IL903154,INV-52241,2025-02-09,P-1057,SH102756,BASE,95.99,GBP,19.20,OPEN
IL903155,INV-52242,2025-10-18,P-1007,SH102758,BASE,559.44,GBP,111.89,PAID
IL903156,INV-52242,2025-10-18,P-1007,SH102758,FUEL,50.37,GBP,10.07,PAID
IL903157,INV-52243,2025-08-13,P-1119,SH102759,BASE,384.56,GBP,76.91,PAID
IL903158,INV-52244,2025-01-23,P-1219,SH102760,BASE,936.56,GBP,187.31,PAID
IL903159,INV-52245,2025-02-16,P-1053,SH102761,BASE,984.00,GBP,196.80,PAID
IL903160,INV-52246,2025-10-04,P-1107,SH102762,BASE,450.37,GBP,90.07,PAID
IL903161,INV-52247,2025-08-28,P-1235,SH102763,BASE,20.34,GBP,4.07,PAID
IL903162,INV-52247,2025-08-28,P-1235,SH102763,FUEL,1.95,GBP,0.39,PAID
IL903163,INV-52248,2025-10-02,P-1211,SH102765,BASE,38.78,EUR,7.76,PAID
IL903164,INV-52248,2025-10-02,P-1211,SH102765,FUEL,4.51,EUR,0.90,PAID
IL903165,INV-52249,2026-04-24,P-1201,SH102768,BASE,286.60,GBP,57.32,PAID
IL903166,INV-52249,2026-04-24,P-1201,SH102768,FUEL,38.33,GBP,7.67,PAID
IL903167,INV-52250,2026-04-19,P-1137,SH102770,BASE,56.73,GBP,11.35,OPEN
IL903168,INV-52250,2026-04-19,P-1137,SH102770,FUEL,4.33,GBP,0.87,OPEN
IL903169,INV-52251,2025-06-13,P-1183,SH102772,BASE,842.55,GBP,168.51,PAID
IL903170,INV-52251,2025-06-13,P-1183,SH102772,FUEL,83.05,GBP,16.61,PAID
IL903171,INV-52252,2026-04-20,P-1212,SH102773,BASE,70.99,GBP,14.20,PAID
IL903172,INV-52253,2025-03-10,P-1212,SH102774,BASE,528.15,GBP,105.63,PAID
IL903173,INV-52253,2025-03-10,P-1212,SH102774,FUEL,39.91,GBP,7.98,PAID
IL903174,INV-52254,2025-04-24,P-1041,SH102775,BASE,288.39,GBP,57.68,PAID
IL903175,INV-52255,2025-12-07,P-1205,SH102777,BASE,235.49,EUR,47.10,PAID
IL903176,INV-52256,2025-05-02,P-1210,SH102778,BASE,536.71,GBP,107.34,PAID
IL903177,INV-52256,2025-05-02,P-1210,SH102778,ACCESSORIAL,18.03,GBP,3.61,PAID
IL903178,INV-52257,2025-06-30,P-1185,SH102779,BASE,255.23,GBP,51.05,PAID
IL903179,INV-52257,2025-06-30,P-1185,SH102779,FUEL,28.35,GBP,5.67,PAID
IL903180,INV-52258,2025-10-09,P-1004,SH102780,BASE,441.92,GBP,88.38,PAID
IL903181,INV-52258,2025-10-09,P-1004,SH102780,FUEL,44.41,GBP,8.88,PAID
IL903182,INV-52259,2025-06-20,P-1098,SH102781,BASE,393.53,EUR,78.71,PAID
IL903183,INV-52259,2025-06-20,P-1098,SH102781,ACCESSORIAL,39.58,EUR,7.92,PAID
IL903184,INV-52260,2025-07-10,P-1177,SH102782,BASE,815.93,GBP,163.19,PAID
IL903185,INV-52260,2025-07-10,P-1177,SH102782,FUEL,94.49,GBP,18.90,PAID
IL903186,INV-52261,2025-07-29,P-1142,SH102783,BASE,130.57,GBP,26.11,CREDITED
IL903187,INV-52262,2025-10-03,P-1110,SH102784,BASE,139.47,GBP,27.89,PAID
IL903188,INV-52263,2025-04-04,P-1019,SH102785,BASE,398.44,GBP,79.69,PAID
IL903189,INV-52263,2025-04-04,P-1019,SH102785,FUEL,34.89,GBP,6.98,PAID
IL903190,INV-52264,2025-09-18,P-1095,SH102788,BASE,305.05,GBP,61.01,PAID
IL903191,INV-52265,2026-03-14,P-1208,SH102789,BASE,500.13,GBP,100.03,PAID
IL903192,INV-52266,2025-04-18,P-1195,SH102791,BASE,159.95,EUR,31.99,PAID
IL903193,INV-52266,2025-04-18,P-1195,SH102791,FUEL,10.84,EUR,2.17,PAID
IL903194,INV-52267,2025-03-17,P-1155,SH102792,BASE,242.36,GBP,48.47,PAID
IL903195,INV-52268,2025-12-22,P-1156,SH102793,BASE,108.55,GBP,21.71,CREDITED
IL903196,INV-52268,2025-12-22,P-1156,SH102793,FUEL,10.14,GBP,2.03,CREDITED
IL903197,INV-52269,2025-02-22,P-1078,SH102794,BASE,151.50,EUR,30.30,PAID
IL903198,INV-52269,2025-02-22,P-1078,SH102794,ACCESSORIAL,23.14,EUR,4.63,PAID
IL903199,INV-52270,2025-08-06,P-1103,SH102795,BASE,123.84,GBP,24.77,PAID
IL903200,INV-52270,2025-08-06,P-1103,SH102795,FUEL,15.52,GBP,3.10,PAID
IL903201,INV-52271,2025-07-24,P-1109,SH102796,BASE,178.29,GBP,35.66,PAID
IL903202,INV-52272,2026-03-16,P-1211,SH102798,BASE,449.99,GBP,90.00,PAID
IL903203,INV-52273,2026-03-14,P-1213,SH102799,BASE,1104.94,GBP,220.99,PAID
IL903204,INV-52274,2025-05-16,P-1123,SH102801,BASE,657.69,EUR,131.54,OPEN
IL903205,INV-52274,2025-05-16,P-1123,SH102801,FUEL,76.33,EUR,15.27,OPEN
IL903206,INV-52275,2025-02-26,P-1097,SH102802,BASE,441.82,EUR,88.36,PAID
IL903207,INV-52275,2025-02-26,P-1097,SH102802,FUEL,48.56,EUR,9.71,PAID
IL903208,INV-52276,2025-02-08,P-1018,SH102804,BASE,274.09,GBP,54.82,PAID
IL903209,INV-52276,2025-02-08,P-1018,SH102804,FUEL,23.96,GBP,4.79,PAID
IL903210,INV-52277,2025-10-20,P-1199,SH102805,BASE,241.87,GBP,48.37,PAID
IL903211,INV-52278,2025-10-11,P-1157,SH102806,BASE,580.00,GBP,116.00,PAID
IL903212,INV-52279,2026-04-28,P-1004,SH102807,BASE,191.29,GBP,38.26,PAID
IL903213,INV-52280,2026-04-07,P-1136,SH102808,BASE,640.21,GBP,128.04,OPEN
IL903214,INV-52281,2025-04-25,P-1001,SH102809,BASE,305.95,GBP,61.19,PAID
IL903215,INV-52282,2025-08-20,P-1147,SH102810,BASE,325.85,GBP,65.17,OPEN
IL903216,INV-52283,2025-12-06,P-1117,SH102811,BASE,249.60,GBP,49.92,PAID
IL903217,INV-52284,2026-04-18,P-1011,SH102812,BASE,272.70,GBP,54.54,PAID
IL903218,INV-52285,2025-07-04,P-1175,SH102813,BASE,50.33,GBP,10.07,OPEN
IL903219,INV-52286,2026-05-09,P-1219,SH102814,BASE,460.11,GBP,92.02,PAID
IL903220,INV-52287,2025-09-23,P-1075,SH102815,BASE,327.95,GBP,65.59,OPEN
IL903221,INV-52288,2025-08-18,P-1182,SH102816,BASE,882.49,EUR,176.50,OPEN
IL903222,INV-52289,2026-04-09,P-1053,SH102817,BASE,52.57,GBP,10.51,PAID
IL903223,INV-52289,2026-04-09,P-1053,SH102817,FUEL,6.39,GBP,1.28,PAID
IL903224,INV-52289,2026-04-09,P-1053,SH102817,ACCESSORIAL,51.85,GBP,10.37,PAID
IL903225,INV-52290,2025-03-27,P-1035,SH102818,BASE,312.65,GBP,62.53,PAID
IL903226,INV-52291,2025-05-31,P-1129,SH102819,BASE,262.99,GBP,52.60,OPEN
IL903227,INV-52292,2025-07-07,P-1002,SH102820,BASE,426.96,GBP,85.39,PAID
IL903228,INV-52292,2025-07-07,P-1002,SH102820,FUEL,48.87,GBP,9.77,PAID
IL903229,INV-52293,2025-03-23,P-1171,SH102822,BASE,28.11,GBP,5.62,PAID
IL903230,INV-52293,2025-03-23,P-1171,SH102822,ACCESSORIAL,12.92,GBP,2.58,PAID
IL903231,INV-52294,2025-08-18,P-1146,SH102823,BASE,330.50,EUR,66.10,PAID
IL903232,INV-52295,2026-03-15,P-1209,SH102825,BASE,446.40,GBP,89.28,PAID
IL903233,INV-52296,2025-09-20,P-1195,SH102826,BASE,104.00,EUR,20.80,OPEN
IL903234,INV-52297,2025-10-03,P-1208,SH102827,BASE,179.62,GBP,35.92,OPEN
IL903235,INV-52298,2026-03-25,P-1157,SH102828,BASE,67.06,GBP,13.41,CREDITED
IL903236,INV-52299,2025-06-15,P-1080,SH102829,BASE,175.23,GBP,35.05,OPEN
IL903237,INV-52300,2026-04-26,P-1049,SH102830,BASE,237.94,GBP,47.59,PAID
IL903238,INV-52301,2025-06-17,P-1202,SH102831,BASE,106.24,GBP,21.25,OPEN
IL903239,INV-52301,2025-06-17,P-1202,SH102831,FUEL,7.51,GBP,1.50,OPEN
IL903240,INV-52302,2025-04-30,P-1006,SH102832,BASE,57.09,EUR,11.42,PAID
IL903241,INV-52303,2025-04-17,P-1180,SH102833,BASE,302.08,GBP,60.42,PAID
IL903242,INV-52304,2025-04-28,P-1137,SH102834,BASE,433.83,GBP,86.77,PAID
IL903243,INV-52305,2025-12-12,P-1029,SH102836,BASE,494.38,GBP,98.88,PAID
IL903244,INV-52306,2025-12-10,P-1054,SH102837,BASE,398.18,GBP,79.64,VOID
IL903245,INV-52307,2025-12-10,P-1166,SH102838,BASE,197.64,GBP,39.53,PAID
IL903246,INV-52307,2025-12-10,P-1166,SH102838,FUEL,26.77,GBP,5.35,PAID
IL903247,INV-52308,2025-07-12,P-1117,SH102839,BASE,587.98,GBP,117.60,PAID
IL903248,INV-52308,2025-07-12,P-1117,SH102839,FUEL,37.84,GBP,7.57,PAID
IL903249,INV-52309,2025-05-04,P-1225,SH102840,BASE,799.45,GBP,159.89,PAID
IL903250,INV-52309,2025-05-04,P-1225,SH102840,ACCESSORIAL,44.14,GBP,8.83,PAID
IL903251,INV-52310,2026-04-17,P-1213,SH102841,BASE,177.01,GBP,35.40,OPEN
IL903252,INV-52310,2026-04-17,P-1213,SH102841,ACCESSORIAL,31.39,GBP,6.28,OPEN
IL903253,INV-52311,2025-06-14,P-1203,SH102842,BASE,154.95,GBP,30.99,OPEN
IL903254,INV-52311,2025-06-14,P-1203,SH102842,FUEL,19.92,GBP,3.98,OPEN
IL903255,INV-52312,2025-08-30,P-1196,SH102846,BASE,218.24,GBP,43.65,OPEN
IL903256,INV-52313,2026-04-22,P-1052,SH102847,BASE,956.27,GBP,191.25,PAID
IL903257,INV-52314,2025-11-20,P-1073,SH102848,BASE,206.84,GBP,41.37,PAID
IL903258,INV-52314,2025-11-20,P-1073,SH102848,FUEL,18.49,GBP,3.70,PAID
IL903259,INV-52315,2026-03-19,P-1166,SH102849,BASE,44.16,GBP,8.83,PAID
IL903260,INV-52316,2025-01-11,P-1043,SH102850,BASE,626.24,EUR,125.25,PAID
IL903261,INV-52317,2025-07-25,P-1133,SH102851,BASE,76.54,GBP,15.31,OPEN
IL903262,INV-52317,2025-07-25,P-1133,SH102851,FUEL,4.63,GBP,0.93,OPEN
IL903263,INV-52318,2025-04-11,P-1212,SH102852,BASE,292.04,GBP,58.41,OPEN
IL903264,INV-52319,2025-11-10,P-1017,SH102853,BASE,122.95,GBP,24.59,PAID
IL903265,INV-52320,2025-09-24,P-1200,SH102854,BASE,138.26,EUR,27.65,PAID
IL903266,INV-52320,2025-09-24,P-1200,SH102854,FUEL,17.46,EUR,3.49,PAID
IL903267,INV-52321,2025-05-11,P-1186,SH102855,BASE,318.71,EUR,63.74,PAID
IL903268,INV-52322,2025-03-14,P-1115,SH102856,BASE,620.94,GBP,124.19,OPEN
IL903269,INV-52322,2025-03-14,P-1115,SH102856,FUEL,39.62,GBP,7.92,OPEN
IL903270,INV-52322,2025-03-14,P-1115,SH102856,ACCESSORIAL,9.03,GBP,1.81,OPEN
IL903271,INV-52323,2026-03-10,P-1160,SH102857,BASE,286.77,GBP,57.35,PAID
IL903272,INV-52324,2026-04-13,P-1140,SH102858,BASE,291.60,GBP,58.32,PAID
IL903273,INV-52324,2026-04-13,P-1140,SH102858,FUEL,31.89,GBP,6.38,PAID
IL903274,INV-52325,2025-10-01,P-1197,SH102859,BASE,273.40,GBP,54.68,PAID
IL903275,INV-52325,2025-10-01,P-1197,SH102859,ACCESSORIAL,23.84,GBP,4.77,PAID
IL903276,INV-52326,2025-02-10,P-1234,SH102860,BASE,79.05,GBP,15.81,PAID
IL903277,INV-52326,2025-02-10,P-1234,SH102860,FUEL,9.69,GBP,1.94,PAID
IL903278,INV-52326,2025-02-10,P-1234,SH102860,ACCESSORIAL,49.23,GBP,9.85,PAID
IL903279,INV-52327,2026-04-14,P-1005,SH102861,BASE,472.25,GBP,94.45,OPEN
IL903280,INV-52328,2025-04-09,P-1197,SH102862,BASE,896.95,GBP,179.39,CREDITED
IL903281,INV-52329,2025-10-23,P-1079,SH102863,BASE,104.21,GBP,20.84,OPEN
IL903282,INV-52329,2025-10-23,P-1079,SH102863,FUEL,7.74,GBP,1.55,OPEN
IL903283,INV-52330,2025-07-27,P-1068,SH102865,BASE,825.70,GBP,165.14,VOID
IL903284,INV-52331,2026-03-17,P-1104,SH102867,BASE,238.37,GBP,47.67,OPEN
IL903285,INV-52332,2025-10-03,P-1125,SH102868,BASE,301.68,GBP,60.34,PAID
IL903286,INV-52333,2025-01-09,P-1132,SH102870,BASE,154.13,GBP,30.83,CREDITED
IL903287,INV-52334,2025-12-07,P-1032,SH102871,BASE,927.05,GBP,185.41,PAID
IL903288,INV-52334,2025-12-07,P-1032,SH102871,FUEL,78.93,GBP,15.79,PAID
IL903289,INV-52335,2025-10-10,P-1203,SH102872,BASE,148.89,GBP,29.78,PAID
IL903290,INV-52335,2025-10-10,P-1203,SH102872,FUEL,18.51,GBP,3.70,PAID
IL903291,INV-52336,2025-11-06,P-1044,SH102873,BASE,448.74,GBP,89.75,PAID
IL903292,INV-52337,2025-08-06,P-1219,SH102874,BASE,556.90,GBP,111.38,OPEN
IL903293,INV-52337,2025-08-06,P-1219,SH102874,FUEL,39.25,GBP,7.85,OPEN
IL903294,INV-52338,2025-01-25,P-1138,SH102875,BASE,337.66,GBP,67.53,OPEN
IL903295,INV-52339,2025-12-06,P-1060,SH102877,BASE,212.80,EUR,42.56,PAID
IL903296,INV-52339,2025-12-06,P-1060,SH102877,FUEL,17.02,EUR,3.40,PAID
IL903297,INV-52340,2026-01-05,P-1232,SH102878,BASE,107.92,GBP,21.58,PAID
IL903298,INV-52341,2026-02-21,P-1148,SH102879,BASE,155.30,EUR,31.06,PAID
IL903299,INV-52341,2026-02-21,P-1148,SH102879,FUEL,16.81,EUR,3.36,PAID
IL903300,INV-52342,2026-04-25,P-1239,SH102881,BASE,754.22,GBP,150.84,PAID
IL903301,INV-52343,2026-01-08,P-1002,SH102882,BASE,153.57,GBP,30.71,PAID
IL903302,INV-52344,2026-03-04,P-1070,SH102884,BASE,464.83,GBP,92.97,PAID
IL903303,INV-52344,2026-03-04,P-1070,SH102884,FUEL,61.17,GBP,12.23,PAID
IL903304,INV-52345,2026-02-21,P-1185,SH102885,BASE,685.58,GBP,137.12,OPEN
IL903305,INV-52346,2025-03-11,P-1227,SH102886,BASE,230.92,GBP,46.18,PAID
IL903306,INV-52346,2025-03-11,P-1227,SH102886,FUEL,14.47,GBP,2.89,PAID
IL903307,INV-52347,2025-02-04,P-1185,SH102887,BASE,246.93,GBP,49.39,CREDITED
IL903308,INV-52348,2026-05-14,P-1199,SH102888,BASE,185.90,GBP,37.18,OPEN
IL903309,INV-52349,2025-11-11,P-1044,SH102889,BASE,1071.82,GBP,214.36,OPEN
IL903310,INV-52350,2026-03-15,P-1197,SH102891,BASE,125.51,GBP,25.10,PAID
IL903311,INV-52350,2026-03-15,P-1197,SH102891,FUEL,12.90,GBP,2.58,PAID
IL903312,INV-52351,2025-08-30,P-1223,SH102892,BASE,363.86,GBP,72.77,PAID
IL903313,INV-52352,2025-10-26,P-1099,SH102893,BASE,334.85,GBP,66.97,PAID
IL903314,INV-52353,2025-08-30,P-1165,SH102896,BASE,485.94,GBP,97.19,PAID
IL903315,INV-52354,2025-10-04,P-1200,SH102897,BASE,713.45,GBP,142.69,PAID
IL903316,INV-52355,2025-08-31,P-1084,SH102898,BASE,428.70,GBP,85.74,PAID
IL903317,INV-52356,2026-01-31,P-1049,SH102899,BASE,171.50,GBP,34.30,OPEN
IL903318,INV-52357,2025-01-17,P-1176,SH102900,BASE,263.12,EUR,52.62,OPEN
IL903319,INV-52358,2025-02-21,P-1102,SH102901,BASE,279.15,GBP,55.83,CREDITED
IL903320,INV-52359,2025-03-12,P-1127,SH102902,BASE,560.63,EUR,112.13,PAID
IL903321,INV-52359,2025-03-12,P-1127,SH102902,FUEL,48.36,EUR,9.67,PAID
IL903322,INV-52360,2025-11-30,P-1184,SH102904,BASE,242.88,GBP,48.58,PAID
IL903323,INV-52361,2025-05-11,P-1034,SH102905,BASE,249.04,GBP,49.81,OPEN
IL903324,INV-52362,2026-02-04,P-1111,SH102906,BASE,152.27,GBP,30.45,OPEN
IL903325,INV-52362,2026-02-04,P-1111,SH102906,FUEL,11.40,GBP,2.28,OPEN
IL903326,INV-52363,2025-02-14,P-1207,SH102907,BASE,875.53,GBP,175.11,PAID
IL903327,INV-52364,2025-04-10,P-1164,SH102908,BASE,75.85,GBP,15.17,PAID
IL903328,INV-52364,2025-04-10,P-1164,SH102908,FUEL,10.48,GBP,2.10,PAID
IL903329,INV-52365,2025-07-05,P-1216,SH102909,BASE,92.13,GBP,18.43,PAID
IL903330,INV-52365,2025-07-05,P-1216,SH102909,FUEL,7.73,GBP,1.55,PAID
IL903331,INV-52366,2026-04-22,P-1026,SH102910,BASE,146.41,GBP,29.28,PAID
IL903332,INV-52367,2025-05-15,P-1090,SH102911,BASE,561.16,GBP,112.23,OPEN
IL903333,INV-52367,2025-05-15,P-1090,SH102911,FUEL,43.76,GBP,8.75,OPEN
IL903334,INV-52368,2025-03-05,P-1020,SH102912,BASE,64.09,GBP,12.82,PAID
IL903335,INV-52369,2025-01-12,P-1168,SH102913,BASE,104.52,GBP,20.90,PAID
IL903336,INV-52370,2025-06-03,P-1066,SH102914,BASE,238.50,EUR,47.70,PAID
IL903337,INV-52371,2026-02-05,P-1190,SH102916,BASE,50.71,EUR,10.14,VOID
IL903338,INV-52372,2026-02-02,P-1224,SH102917,BASE,615.85,GBP,123.17,PAID
IL903339,INV-52373,2025-11-04,P-1124,SH102918,BASE,29.77,GBP,5.95,PAID
IL903340,INV-52374,2026-04-30,P-1224,SH102919,BASE,604.16,GBP,120.83,PAID
IL903341,INV-52375,2026-01-02,P-1002,SH102921,BASE,777.52,GBP,155.50,CREDITED
IL903342,INV-52376,2025-08-29,P-1023,SH102922,BASE,418.17,GBP,83.63,PAID
IL903343,INV-52377,2025-04-25,P-1025,SH102923,BASE,563.66,EUR,112.73,PAID
IL903344,INV-52378,2025-01-30,P-1128,SH102924,BASE,174.59,GBP,34.92,PAID
IL903345,INV-52379,2026-03-22,P-1023,SH102925,BASE,395.63,GBP,79.13,PAID
IL903346,INV-52379,2026-03-22,P-1023,SH102925,ACCESSORIAL,39.77,GBP,7.95,PAID
IL903347,INV-52380,2025-06-19,P-1084,SH102926,BASE,135.52,EUR,27.10,PAID
IL903348,INV-52381,2025-06-01,P-1134,SH102927,BASE,411.09,GBP,82.22,PAID
IL903349,INV-52382,2025-06-09,P-1051,SH102929,BASE,242.81,GBP,48.56,PAID
IL903350,INV-52383,2026-02-27,P-1119,SH102930,BASE,468.37,GBP,93.67,PAID
IL903351,INV-52383,2026-02-27,P-1119,SH102930,FUEL,62.32,GBP,12.46,PAID
IL903352,INV-52384,2025-03-03,P-1219,SH102931,BASE,509.35,GBP,101.87,PAID
IL903353,INV-52385,2026-01-21,P-1038,SH102932,BASE,47.00,GBP,9.40,PAID
IL903354,INV-52386,2025-08-01,P-1071,SH102933,BASE,126.64,GBP,25.33,OPEN
IL903355,INV-52387,2025-05-04,P-1078,SH102934,BASE,313.36,GBP,62.67,CREDITED
IL903356,INV-52387,2025-05-04,P-1078,SH102934,FUEL,20.39,GBP,4.08,CREDITED
IL903357,INV-52388,2026-05-15,P-1151,SH102935,BASE,586.82,GBP,117.36,VOID
IL903358,INV-52389,2026-03-14,P-1178,SH102936,BASE,37.50,GBP,7.50,PAID
IL903359,INV-52390,2026-01-18,P-1071,SH102937,BASE,520.00,GBP,104.00,PAID
IL903360,INV-52391,2026-02-28,P-1022,SH102939,BASE,1001.91,EUR,200.38,PAID
IL903361,INV-52392,2025-03-04,P-1039,SH102942,BASE,969.05,GBP,193.81,PAID
IL903362,INV-52392,2025-03-04,P-1039,SH102942,FUEL,77.11,GBP,15.42,PAID
IL903363,INV-52393,2026-04-27,P-1017,SH102944,BASE,168.62,GBP,33.72,PAID
IL903364,INV-52393,2026-04-27,P-1017,SH102944,ACCESSORIAL,52.22,GBP,10.44,PAID
IL903365,INV-52394,2025-04-02,P-1073,SH102945,BASE,919.59,GBP,183.92,PAID
IL903366,INV-52394,2025-04-02,P-1073,SH102945,FUEL,99.62,GBP,19.92,PAID
IL903367,INV-52395,2025-08-04,P-1039,SH102948,BASE,136.91,GBP,27.38,PAID
IL903368,INV-52395,2025-08-04,P-1039,SH102948,FUEL,9.64,GBP,1.93,PAID
IL903369,INV-52396,2025-03-07,P-1133,SH102949,BASE,42.69,EUR,8.54,PAID
IL903370,INV-52396,2025-03-07,P-1133,SH102949,FUEL,2.79,EUR,0.56,PAID
IL903371,INV-52397,2026-04-23,P-1133,SH102950,BASE,185.80,GBP,37.16,OPEN
IL903372,INV-52397,2026-04-23,P-1133,SH102950,FUEL,17.60,GBP,3.52,OPEN
IL903373,INV-52398,2025-04-15,P-1196,SH102954,BASE,325.26,EUR,65.05,PAID
IL903374,INV-52399,2025-09-18,P-1128,SH102956,BASE,206.44,GBP,41.29,PAID
IL903375,INV-52399,2025-09-18,P-1128,SH102956,FUEL,13.36,GBP,2.67,PAID
IL903376,INV-52400,2026-05-22,P-1039,SH102957,BASE,61.43,EUR,12.29,OPEN
IL903377,INV-52401,2026-01-03,P-1162,SH102958,BASE,559.63,GBP,111.93,OPEN
IL903378,INV-52401,2026-01-03,P-1162,SH102958,FUEL,60.83,GBP,12.17,OPEN
IL903379,INV-52402,2026-05-16,P-1149,SH102959,BASE,202.46,EUR,40.49,PAID
IL903380,INV-52403,2025-11-25,P-1223,SH102960,BASE,396.59,GBP,79.32,PAID
IL903381,INV-52403,2025-11-25,P-1223,SH102960,FUEL,55.46,GBP,11.09,PAID
IL903382,INV-52404,2025-03-02,P-1203,SH102961,BASE,803.15,GBP,160.63,PAID
IL903383,INV-52405,2025-06-02,P-1113,SH102962,BASE,589.45,GBP,117.89,CREDITED
IL903384,INV-52406,2025-10-25,P-1201,SH102963,BASE,348.18,GBP,69.64,PAID
IL903385,INV-52407,2026-05-09,P-1068,SH102964,BASE,725.09,EUR,145.02,PAID
IL903386,INV-52408,2025-11-30,P-1118,SH102965,BASE,359.55,GBP,71.91,PAID
IL903387,INV-52408,2025-11-30,P-1118,SH102965,FUEL,35.39,GBP,7.08,PAID
IL903388,INV-52409,2025-05-13,P-1156,SH102966,BASE,198.10,GBP,39.62,OPEN
IL903389,INV-52410,2025-06-25,P-1227,SH102967,BASE,114.03,EUR,22.81,OPEN
IL903390,INV-52411,2026-02-24,P-1185,SH102968,BASE,526.07,GBP,105.21,CREDITED
IL903391,INV-52412,2026-02-26,P-1095,SH102969,BASE,50.55,GBP,10.11,PAID
IL903392,INV-52413,2025-10-03,P-1173,SH102970,BASE,439.18,GBP,87.84,OPEN
IL903393,INV-52413,2025-10-03,P-1173,SH102970,FUEL,42.00,GBP,8.40,OPEN
IL903394,INV-52414,2025-03-02,P-1131,SH102971,BASE,341.70,GBP,68.34,PAID
IL903395,INV-52414,2025-03-02,P-1131,SH102971,ACCESSORIAL,59.60,GBP,11.92,PAID
IL903396,INV-52415,2026-01-26,P-1049,SH102973,BASE,274.43,GBP,54.89,PAID
IL903397,INV-52416,2025-12-14,P-1208,SH102974,BASE,47.45,GBP,9.49,OPEN
IL903398,INV-52417,2025-05-18,P-1052,SH102976,BASE,208.14,EUR,41.63,OPEN
IL903399,INV-52418,2026-01-01,P-1148,SH102977,BASE,926.17,GBP,185.23,CREDITED
IL903400,INV-52419,2025-06-06,P-1051,SH102978,BASE,103.33,GBP,20.67,CREDITED
IL903401,INV-52419,2025-06-06,P-1051,SH102978,FUEL,7.25,GBP,1.45,CREDITED
IL903402,INV-52420,2026-02-23,P-1133,SH102979,BASE,240.27,GBP,48.05,PAID
IL903403,INV-52421,2026-01-18,P-1025,SH102981,BASE,508.35,GBP,101.67,PAID
IL903404,INV-52422,2026-03-30,P-1004,SH102982,BASE,601.91,GBP,120.38,PAID
IL903405,INV-52423,2025-11-03,P-1173,SH102984,BASE,205.34,GBP,41.07,OPEN
IL903406,INV-52424,2025-04-19,P-1237,SH102986,BASE,391.07,GBP,78.21,PAID
IL903407,INV-52424,2025-04-19,P-1237,SH102986,FUEL,38.91,GBP,7.78,PAID
IL903408,INV-52425,2026-04-23,P-1190,SH102987,BASE,738.21,GBP,147.64,PAID
IL903409,INV-52425,2026-04-23,P-1190,SH102987,ACCESSORIAL,19.46,GBP,3.89,PAID
IL903410,INV-52426,2025-08-05,P-1020,SH102989,BASE,201.79,GBP,40.36,PAID
IL903411,INV-52426,2025-08-05,P-1020,SH102989,FUEL,16.68,GBP,3.34,PAID
IL903412,INV-52427,2026-04-26,P-1124,SH102991,BASE,247.32,GBP,49.46,VOID
IL903413,INV-52427,2026-04-26,P-1124,SH102991,FUEL,27.49,GBP,5.50,VOID
IL903414,INV-52428,2025-10-28,P-1214,SH102992,BASE,574.65,GBP,114.93,OPEN
IL903415,INV-52428,2025-10-28,P-1214,SH102992,FUEL,47.51,GBP,9.50,OPEN
IL903416,INV-52429,2025-05-22,P-1150,SH102993,BASE,41.72,GBP,8.34,VOID
IL903417,INV-52429,2025-05-22,P-1150,SH102993,FUEL,4.26,GBP,0.85,VOID
IL903418,INV-52430,2026-04-07,P-1236,SH102994,BASE,248.31,GBP,49.66,VOID
IL903419,INV-52431,2026-04-04,P-1011,SH102995,BASE,971.20,GBP,194.24,PAID
IL903420,INV-52431,2026-04-04,P-1011,SH102995,FUEL,123.83,GBP,24.77,PAID
IL903421,INV-52432,2025-10-08,P-1216,SH102996,BASE,125.67,GBP,25.13,CREDITED
IL903422,INV-52432,2025-10-08,P-1216,SH102996,ACCESSORIAL,57.38,GBP,11.48,CREDITED
IL903423,INV-52433,2026-04-16,P-1041,SH102998,BASE,684.25,GBP,136.85,OPEN
IL903424,INV-52434,2026-05-19,P-1052,SH102999,BASE,113.35,GBP,22.67,PAID
IL903425,INV-52434,2026-05-19,P-1052,SH102999,FUEL,9.87,GBP,1.97,PAID
IL903426,INV-52435,2026-05-28,P-1009,SH103000,BASE,211.57,GBP,42.31,OPEN
IL903427,INV-52436,2025-08-14,P-1215,SH103001,BASE,312.02,GBP,62.40,PAID
IL903428,INV-52437,2025-08-26,P-1223,SH103002,BASE,77.70,EUR,15.54,PAID
IL903429,INV-52437,2025-08-26,P-1223,SH103002,FUEL,6.62,EUR,1.32,PAID
IL903430,INV-52438,2026-02-25,P-1169,SH103003,BASE,597.03,GBP,119.41,PAID
IL903431,INV-52438,2026-02-25,P-1169,SH103003,FUEL,57.49,GBP,11.50,PAID
IL903432,INV-52439,2026-05-21,P-1220,SH103004,BASE,389.54,GBP,77.91,PAID
IL903433,INV-52439,2026-05-21,P-1220,SH103004,FUEL,34.36,GBP,6.87,PAID
IL903434,INV-52439,2026-05-21,P-1220,SH103004,ACCESSORIAL,32.32,GBP,6.46,PAID
IL903435,INV-52440,2025-10-16,P-1224,SH103005,BASE,610.08,GBP,122.02,PAID
IL903436,INV-52440,2025-10-16,P-1224,SH103005,FUEL,59.46,GBP,11.89,PAID
IL903437,INV-52441,2025-04-29,P-1066,SH103006,BASE,850.35,GBP,170.07,PAID
IL903438,INV-52442,2025-10-13,P-1118,SH103007,BASE,356.22,GBP,71.24,PAID
IL903439,INV-52442,2025-10-13,P-1118,SH103007,FUEL,24.51,GBP,4.90,PAID
IL903440,INV-52443,2025-03-15,P-1218,SH103008,BASE,158.45,EUR,31.69,PAID
IL903441,INV-52443,2025-03-15,P-1218,SH103008,FUEL,9.92,EUR,1.98,PAID
IL903442,INV-52444,2026-01-03,P-1190,SH103009,BASE,70.66,GBP,14.13,PAID
IL903443,INV-52445,2025-09-18,P-1205,SH103010,BASE,550.53,GBP,110.11,PAID
IL903444,INV-52445,2025-09-18,P-1205,SH103010,FUEL,36.13,GBP,7.23,PAID
IL903445,INV-52446,2025-05-15,P-1092,SH103012,BASE,79.63,EUR,15.93,OPEN
IL903446,INV-52446,2025-05-15,P-1092,SH103012,FUEL,10.41,EUR,2.08,OPEN
IL903447,INV-52447,2025-05-12,P-1135,SH103013,BASE,77.73,GBP,15.55,OPEN
IL903448,INV-52448,2025-05-10,P-1034,SH103014,BASE,664.17,GBP,132.83,OPEN
IL903449,INV-52449,2025-10-24,P-1101,SH103016,BASE,153.07,GBP,30.61,PAID
IL903450,INV-52449,2025-10-24,P-1101,SH103016,FUEL,9.19,GBP,1.84,PAID
IL903451,INV-52450,2025-07-28,P-1028,SH103017,BASE,180.11,GBP,36.02,PAID
IL903452,INV-52451,2026-02-28,P-1182,SH103018,BASE,167.03,GBP,33.41,CREDITED
IL903453,INV-52451,2026-02-28,P-1182,SH103018,FUEL,12.23,GBP,2.45,CREDITED
IL903454,INV-52451,2026-02-28,P-1182,SH103018,ACCESSORIAL,28.78,GBP,5.76,CREDITED
IL903455,INV-52452,2025-05-26,P-1193,SH103019,BASE,282.75,GBP,56.55,PAID
IL903456,INV-52453,2026-04-23,P-1004,SH103020,BASE,360.22,GBP,72.04,PAID
IL903457,INV-52454,2025-09-16,P-1034,SH103021,BASE,198.37,GBP,39.67,PAID
IL903458,INV-52455,2026-01-18,P-1068,SH103022,BASE,123.07,GBP,24.61,PAID
IL903459,INV-52456,2025-04-06,P-1196,SH103023,BASE,226.11,GBP,45.22,CREDITED
IL903460,INV-52456,2025-04-06,P-1196,SH103023,FUEL,16.35,GBP,3.27,CREDITED
IL903461,INV-52457,2025-05-17,P-1172,SH103025,BASE,116.80,GBP,23.36,PAID
IL903462,INV-52457,2025-05-17,P-1172,SH103025,FUEL,9.61,GBP,1.92,PAID
IL903463,INV-52458,2026-02-06,P-1185,SH103026,BASE,388.34,EUR,77.67,PAID
IL903464,INV-52458,2026-02-06,P-1185,SH103026,FUEL,47.69,EUR,9.54,PAID
IL903465,INV-52459,2026-03-28,P-1184,SH103027,BASE,68.75,GBP,13.75,PAID
IL903466,INV-52460,2026-03-11,P-1030,SH103028,BASE,91.10,GBP,18.22,OPEN
IL903467,INV-52461,2025-03-21,P-1180,SH103029,BASE,689.38,GBP,137.88,OPEN
IL903468,INV-52462,2025-05-20,P-1120,SH103030,BASE,87.96,GBP,17.59,PAID
IL903469,INV-52463,2026-01-04,P-1164,SH103031,BASE,41.74,GBP,8.35,OPEN
IL903470,INV-52464,2026-05-20,P-1151,SH103032,BASE,191.95,GBP,38.39,OPEN
IL903471,INV-52465,2025-06-09,P-1184,SH103033,BASE,39.93,GBP,7.99,PAID
IL903472,INV-52466,2025-04-18,P-1022,SH103035,BASE,228.70,GBP,45.74,OPEN
IL903473,INV-52466,2025-04-18,P-1022,SH103035,FUEL,27.77,GBP,5.55,OPEN
IL903474,INV-52467,2025-12-21,P-1038,SH103037,BASE,515.57,GBP,103.11,OPEN
IL903475,INV-52468,2025-02-28,P-1204,SH103038,BASE,79.04,GBP,15.81,OPEN
IL903476,INV-52469,2026-04-30,P-1133,SH103040,BASE,271.24,GBP,54.25,PAID
IL903477,INV-52470,2025-03-22,P-1128,SH103041,BASE,202.51,GBP,40.50,OPEN
IL903478,INV-52471,2026-01-06,P-1124,SH103042,BASE,59.48,GBP,11.90,OPEN
IL903479,INV-52471,2026-01-06,P-1124,SH103042,FUEL,7.65,GBP,1.53,OPEN
IL903480,INV-52472,2026-05-26,P-1085,SH103044,BASE,295.78,GBP,59.16,OPEN
IL903481,INV-52473,2025-03-07,P-1189,SH103045,BASE,477.14,GBP,95.43,OPEN
IL903482,INV-52474,2026-02-16,P-1160,SH103046,BASE,322.02,GBP,64.40,OPEN
IL903483,INV-52475,2026-04-21,P-1117,SH103047,BASE,731.62,GBP,146.32,PAID
IL903484,INV-52476,2025-01-23,P-1047,SH103048,BASE,476.10,GBP,95.22,OPEN
IL903485,INV-52477,2025-03-24,P-1227,SH103049,BASE,802.68,GBP,160.54,PAID
IL903486,INV-52478,2025-07-08,P-1153,SH103050,BASE,255.63,GBP,51.13,PAID
IL903487,INV-52479,2025-05-16,P-1046,SH103051,BASE,308.28,GBP,61.66,CREDITED
IL903488,INV-52479,2025-05-16,P-1046,SH103051,FUEL,26.44,GBP,5.29,CREDITED
IL903489,INV-52480,2025-07-28,P-1198,SH103053,BASE,271.94,GBP,54.39,OPEN
IL903490,INV-52481,2025-03-19,P-1038,SH103054,BASE,102.18,GBP,20.44,PAID
IL903491,INV-52482,2026-02-05,P-1158,SH103055,BASE,418.23,GBP,83.65,PAID
IL903492,INV-52482,2026-02-05,P-1158,SH103055,FUEL,53.35,GBP,10.67,PAID
IL903493,INV-52483,2025-06-28,P-1168,SH103056,BASE,434.45,GBP,86.89,PAID
IL903494,INV-52484,2026-04-06,P-1159,SH103057,BASE,121.33,GBP,24.27,OPEN
IL903495,INV-52485,2025-08-18,P-1198,SH103058,BASE,167.40,GBP,33.48,PAID
IL903496,INV-52486,2025-05-04,P-1203,SH103059,BASE,730.90,GBP,146.18,OPEN
IL903497,INV-52486,2025-05-04,P-1203,SH103059,FUEL,79.02,GBP,15.80,OPEN
IL903498,INV-52487,2025-05-12,P-1130,SH103060,BASE,322.84,EUR,64.57,OPEN
IL903499,INV-52487,2025-05-12,P-1130,SH103060,ACCESSORIAL,51.18,EUR,10.24,OPEN
IL903500,INV-52488,2025-06-30,P-1227,SH103061,BASE,175.48,GBP,35.10,PAID
IL903501,INV-52488,2025-06-30,P-1227,SH103061,FUEL,18.58,GBP,3.72,PAID
IL903502,INV-52489,2025-12-12,P-1044,SH103062,BASE,33.32,GBP,6.66,PAID
IL903503,INV-52490,2025-02-16,P-1100,SH103063,BASE,409.60,GBP,81.92,PAID
IL903504,INV-52490,2025-02-16,P-1100,SH103063,FUEL,38.02,GBP,7.60,PAID
IL903505,INV-52491,2026-03-22,P-1143,SH103064,BASE,139.04,GBP,27.81,PAID
IL903506,INV-52492,2025-10-04,P-1116,SH103065,BASE,83.95,GBP,16.79,PAID
IL903507,INV-52493,2025-05-13,P-1209,SH103067,BASE,55.05,GBP,11.01,OPEN
IL903508,INV-52494,2026-02-04,P-1013,SH103068,BASE,419.81,GBP,83.96,VOID
IL903509,INV-52494,2026-02-04,P-1013,SH103068,FUEL,31.90,GBP,6.38,VOID
IL903510,INV-52494,2026-02-04,P-1013,SH103068,ACCESSORIAL,48.97,GBP,9.79,VOID
IL903511,INV-52495,2026-03-12,P-1153,SH103069,BASE,72.80,GBP,14.56,OPEN
IL903512,INV-52495,2026-03-12,P-1153,SH103069,FUEL,9.34,GBP,1.87,OPEN
IL903513,INV-52496,2026-01-01,P-1200,SH103070,BASE,824.05,GBP,164.81,PAID
IL903514,INV-52497,2025-03-30,P-1055,SH103071,BASE,58.25,GBP,11.65,PAID
IL903515,INV-52498,2026-01-10,P-1183,SH103072,BASE,175.31,GBP,35.06,VOID
IL903516,INV-52499,2025-04-30,P-1111,SH103074,BASE,1196.39,GBP,239.28,PAID
IL903517,INV-52500,2026-01-28,P-1098,SH103076,BASE,241.88,GBP,48.38,CREDITED
IL903518,INV-52501,2025-12-15,P-1052,SH103077,BASE,434.90,EUR,86.98,CREDITED
IL903519,INV-52501,2025-12-15,P-1052,SH103077,FUEL,59.15,EUR,11.83,CREDITED
IL903520,INV-52502,2025-05-18,P-1193,SH103079,BASE,785.73,GBP,157.15,OPEN
IL903521,INV-52502,2025-05-18,P-1193,SH103079,FUEL,78.49,GBP,15.70,OPEN
IL903522,INV-52503,2025-02-28,P-1212,SH103080,BASE,182.02,GBP,36.40,PAID
IL903523,INV-52504,2025-02-26,P-1182,SH103081,BASE,291.83,EUR,58.37,PAID
IL903524,INV-52505,2026-02-04,P-1029,SH103082,BASE,505.85,GBP,101.17,OPEN
IL903525,INV-52506,2026-05-11,P-1102,SH103083,BASE,412.58,GBP,82.52,PAID
IL903526,INV-52506,2026-05-11,P-1102,SH103083,FUEL,30.85,GBP,6.17,PAID
IL903527,INV-52506,2026-05-11,P-1102,SH103083,ACCESSORIAL,26.68,GBP,5.34,PAID
IL903528,INV-52507,2026-01-06,P-1152,SH103084,BASE,151.86,GBP,30.37,CREDITED
IL903529,INV-52508,2025-07-22,P-1016,SH103085,BASE,66.51,GBP,13.30,PAID
IL903530,INV-52509,2025-06-30,P-1200,SH103086,BASE,132.38,GBP,26.48,OPEN
IL903531,INV-52509,2025-06-30,P-1200,SH103086,FUEL,8.66,GBP,1.73,OPEN
IL903532,INV-52510,2026-03-25,P-1101,SH103087,BASE,580.81,GBP,116.16,PAID
IL903533,INV-52510,2026-03-25,P-1101,SH103087,FUEL,56.54,GBP,11.31,PAID
IL903534,INV-52511,2025-09-15,P-1149,SH103088,BASE,66.77,GBP,13.35,PAID
IL903535,INV-52511,2025-09-15,P-1149,SH103088,FUEL,7.77,GBP,1.55,PAID
IL903536,INV-52512,2025-10-10,P-1049,SH103089,BASE,564.82,GBP,112.96,OPEN
IL903537,INV-52513,2025-07-31,P-1038,SH103090,BASE,559.16,GBP,111.83,PAID
IL903538,INV-52513,2025-07-31,P-1038,SH103090,FUEL,70.73,GBP,14.15,PAID
IL903539,INV-52514,2026-01-18,P-1049,SH103091,BASE,156.09,GBP,31.22,PAID
IL903540,INV-52515,2025-08-30,P-1187,SH103093,BASE,256.73,EUR,51.35,PAID
IL903541,INV-52516,2025-10-31,P-1053,SH103094,BASE,250.74,EUR,50.15,PAID
IL903542,INV-52517,2026-05-22,P-1072,SH103096,BASE,316.73,GBP,63.35,PAID
IL903543,INV-52518,2025-10-24,P-1015,SH103097,BASE,644.14,GBP,128.83,PAID
IL903544,INV-52519,2026-03-03,P-1124,SH103098,BASE,50.08,EUR,10.02,OPEN
IL903545,INV-52520,2026-02-18,P-1023,SH103099,BASE,215.02,GBP,43.00,PAID
IL903546,INV-52521,2025-11-06,P-1060,SH103100,BASE,92.36,GBP,18.47,OPEN
IL903547,INV-52522,2025-05-08,P-1073,SH103101,BASE,208.15,GBP,41.63,PAID
IL903548,INV-52523,2026-02-21,P-1115,SH103102,BASE,193.41,GBP,38.68,PAID
IL903549,INV-52523,2026-02-21,P-1115,SH103102,ACCESSORIAL,56.48,GBP,11.30,PAID
IL903550,INV-52524,2026-05-17,P-1194,SH103103,BASE,272.70,GBP,54.54,PAID
IL903551,INV-52525,2025-09-11,P-1166,SH103105,BASE,875.82,GBP,175.16,PAID
IL903552,INV-52526,2025-01-04,P-1012,SH103106,BASE,83.61,GBP,16.72,PAID
IL903553,INV-52527,2025-08-31,P-1050,SH103107,BASE,586.65,GBP,117.33,PAID
IL903554,INV-52528,2026-01-14,P-1215,SH103108,BASE,419.52,GBP,83.90,PAID
IL903555,INV-52528,2026-01-14,P-1215,SH103108,FUEL,36.34,GBP,7.27,PAID
IL903556,INV-52529,2025-04-23,P-1035,SH103109,BASE,709.28,GBP,141.86,OPEN
IL903557,INV-52530,2025-02-14,P-1072,SH103111,BASE,150.41,GBP,30.08,CREDITED
IL903558,INV-52530,2025-02-14,P-1072,SH103111,FUEL,10.03,GBP,2.01,CREDITED
IL903559,INV-52531,2026-03-17,P-1015,SH103112,BASE,349.31,GBP,69.86,CREDITED
IL903560,INV-52532,2025-02-18,P-1185,SH103113,BASE,211.56,GBP,42.31,PAID
IL903561,INV-52533,2025-10-27,P-1146,SH103115,BASE,1122.04,GBP,224.41,PAID
IL903562,INV-52534,2025-05-15,P-1045,SH103116,BASE,165.74,GBP,33.15,PAID
IL903563,INV-52535,2026-05-12,P-1105,SH103117,BASE,212.64,GBP,42.53,PAID
IL903564,INV-52536,2025-08-19,P-1130,SH103118,BASE,123.68,GBP,24.74,OPEN
IL903565,INV-52537,2026-01-20,P-1011,SH103119,BASE,273.59,GBP,54.72,VOID
IL903566,INV-52538,2026-03-18,P-1134,SH103120,BASE,494.71,GBP,98.94,OPEN
IL903567,INV-52539,2025-10-07,P-1147,SH103121,BASE,533.71,EUR,106.74,PAID
IL903568,INV-52539,2025-10-07,P-1147,SH103121,FUEL,57.76,EUR,11.55,PAID
IL903569,INV-52540,2025-05-21,P-1126,SH103122,BASE,489.23,GBP,97.85,OPEN
IL903570,INV-52541,2026-01-14,P-1003,SH103123,BASE,691.23,GBP,138.25,OPEN
IL903571,INV-52542,2026-04-18,P-1106,SH103124,BASE,1026.43,GBP,205.29,PAID
IL903572,INV-52543,2025-05-25,P-1101,SH103125,BASE,112.07,GBP,22.41,CREDITED
IL903573,INV-52543,2025-05-25,P-1101,SH103125,FUEL,6.99,GBP,1.40,CREDITED
IL903574,INV-52544,2025-06-20,P-1228,SH103126,BASE,424.39,GBP,84.88,OPEN
IL903575,INV-52545,2025-12-08,P-1163,SH103127,BASE,127.56,GBP,25.51,PAID
IL903576,INV-52546,2025-07-30,P-1236,SH103128,BASE,121.77,GBP,24.35,OPEN
IL903577,INV-52547,2026-01-26,P-1036,SH103129,BASE,430.15,GBP,86.03,OPEN
IL903578,INV-52547,2026-01-26,P-1036,SH103129,FUEL,49.58,GBP,9.92,OPEN
IL903579,INV-52547,2026-01-26,P-1036,SH103129,ACCESSORIAL,23.21,GBP,4.64,OPEN
IL903580,INV-52548,2026-05-08,P-1230,SH103130,BASE,32.44,GBP,6.49,PAID
IL903581,INV-52549,2025-04-02,P-1138,SH103131,BASE,534.00,EUR,106.80,PAID
IL903582,INV-52549,2025-04-02,P-1138,SH103131,FUEL,72.03,EUR,14.41,PAID
IL903583,INV-52550,2025-03-06,P-1238,SH103132,BASE,146.05,GBP,29.21,PAID
IL903584,INV-52551,2025-07-22,P-1108,SH103133,BASE,491.41,GBP,98.28,PAID
IL903585,INV-52552,2026-03-09,P-1151,SH103134,BASE,77.99,EUR,15.60,PAID
IL903586,INV-52553,2025-12-15,P-1028,SH103135,BASE,618.38,GBP,123.68,OPEN
IL903587,INV-52554,2025-09-11,P-1021,SH103136,BASE,280.72,EUR,56.14,PAID
IL903588,INV-52554,2025-09-11,P-1021,SH103136,FUEL,30.02,EUR,6.00,PAID
IL903589,INV-52554,2025-09-11,P-1021,SH103136,ACCESSORIAL,22.25,EUR,4.45,PAID
IL903590,INV-52555,2025-05-01,P-1011,SH103137,BASE,89.85,GBP,17.97,OPEN
IL903591,INV-52556,2025-11-24,P-1113,SH103138,BASE,857.48,GBP,171.50,OPEN
IL903592,INV-52557,2025-02-04,P-1066,SH103139,BASE,311.09,GBP,62.22,PAID
IL903593,INV-52557,2025-02-04,P-1066,SH103139,FUEL,29.56,GBP,5.91,PAID
IL903594,INV-52558,2025-02-25,P-1141,SH103140,BASE,212.48,GBP,42.50,PAID
IL903595,INV-52558,2025-02-25,P-1141,SH103140,ACCESSORIAL,52.58,GBP,10.52,PAID
IL903596,INV-52559,2025-09-24,P-1136,SH103141,BASE,384.44,GBP,76.89,PAID
IL903597,INV-52559,2025-09-24,P-1136,SH103141,FUEL,48.34,GBP,9.67,PAID
IL903598,INV-52560,2025-12-05,P-1056,SH103142,BASE,229.56,GBP,45.91,OPEN
IL903599,INV-52561,2025-02-28,P-1106,SH103143,BASE,553.47,GBP,110.69,PAID
IL903600,INV-52561,2025-02-28,P-1106,SH103143,FUEL,73.91,GBP,14.78,PAID
IL903601,INV-52562,2025-05-09,P-1108,SH103145,BASE,113.73,GBP,22.75,VOID
IL903602,INV-52562,2025-05-09,P-1108,SH103145,ACCESSORIAL,15.61,GBP,3.12,VOID
IL903603,INV-52563,2025-09-16,P-1016,SH103146,BASE,80.71,GBP,16.14,PAID
IL903604,INV-52564,2026-01-28,P-1023,SH103147,BASE,230.55,GBP,46.11,PAID
IL903605,INV-52564,2026-01-28,P-1023,SH103147,FUEL,27.71,GBP,5.54,PAID
IL903606,INV-52564,2026-01-28,P-1023,SH103147,ACCESSORIAL,52.81,GBP,10.56,PAID
IL903607,INV-52565,2026-03-21,P-1154,SH103148,BASE,301.94,GBP,60.39,PAID
IL903608,INV-52565,2026-03-21,P-1154,SH103148,FUEL,36.57,GBP,7.31,PAID
IL903609,INV-52566,2026-04-26,P-1022,SH103149,BASE,331.98,GBP,66.40,PAID
IL903610,INV-52567,2026-01-22,P-1129,SH103150,BASE,85.70,GBP,17.14,VOID
IL903611,INV-52567,2026-01-22,P-1129,SH103150,ACCESSORIAL,47.78,GBP,9.56,VOID
IL903612,INV-52568,2025-12-10,P-1003,SH103151,BASE,570.91,GBP,114.18,OPEN
IL903613,INV-52569,2025-03-28,P-1177,SH103152,BASE,484.72,GBP,96.94,OPEN
IL903614,INV-52570,2025-12-06,P-1188,SH103153,BASE,254.23,GBP,50.85,PAID
IL903615,INV-52571,2025-10-21,P-1142,SH103154,BASE,477.88,GBP,95.58,OPEN
IL903616,INV-52571,2025-10-21,P-1142,SH103154,FUEL,39.83,GBP,7.97,OPEN
IL903617,INV-52572,2025-07-25,P-1124,SH103156,BASE,177.37,GBP,35.47,PAID
IL903618,INV-52573,2025-05-01,P-1123,SH103157,BASE,506.10,GBP,101.22,CREDITED
IL903619,INV-52574,2025-07-22,P-1038,SH103158,BASE,169.96,GBP,33.99,CREDITED
IL903620,INV-52575,2025-07-05,P-1237,SH103159,BASE,86.80,GBP,17.36,PAID
IL903621,INV-52575,2025-07-05,P-1237,SH103159,FUEL,10.18,GBP,2.04,PAID
IL903622,INV-52576,2025-11-30,P-1016,SH103160,BASE,518.10,GBP,103.62,OPEN
IL903623,INV-52577,2025-06-22,P-1214,SH103161,BASE,587.64,EUR,117.53,OPEN
IL903624,INV-52578,2025-05-19,P-1136,SH103162,BASE,291.76,GBP,58.35,PAID
IL903625,INV-52579,2025-10-23,P-1216,SH103163,BASE,743.73,GBP,148.75,PAID
IL903626,INV-52579,2025-10-23,P-1216,SH103163,FUEL,55.45,GBP,11.09,PAID
IL903627,INV-52580,2025-06-19,P-1165,SH103165,BASE,1002.08,GBP,200.42,PAID
IL903628,INV-52581,2026-03-05,P-1028,SH103166,BASE,230.04,GBP,46.01,OPEN
IL903629,INV-52581,2026-03-05,P-1028,SH103166,FUEL,24.19,GBP,4.84,OPEN
IL903630,INV-52582,2025-01-31,P-1088,SH103167,BASE,505.94,GBP,101.19,PAID
IL903631,INV-52582,2025-01-31,P-1088,SH103167,FUEL,34.22,GBP,6.84,PAID
IL903632,INV-52583,2025-07-16,P-1037,SH103168,BASE,230.13,GBP,46.03,CREDITED
IL903633,INV-52584,2025-03-19,P-1092,SH103169,BASE,441.66,GBP,88.33,PAID
IL903634,INV-52585,2025-08-20,P-1133,SH103170,BASE,427.62,GBP,85.52,PAID
IL903635,INV-52585,2025-08-20,P-1133,SH103170,FUEL,39.90,GBP,7.98,PAID
IL903636,INV-52586,2025-12-26,P-1043,SH103171,BASE,147.46,GBP,29.49,CREDITED
IL903637,INV-52587,2026-02-04,P-1057,SH103172,BASE,409.84,GBP,81.97,OPEN
IL903638,INV-52588,2025-01-24,P-1199,SH103173,BASE,459.16,GBP,91.83,PAID
IL903639,INV-52589,2026-05-01,P-1042,SH103174,BASE,53.37,GBP,10.67,PAID
IL903640,INV-52589,2026-05-01,P-1042,SH103174,FUEL,3.74,GBP,0.75,PAID
IL903641,INV-52590,2025-03-16,P-1055,SH103175,BASE,221.17,GBP,44.23,PAID
IL903642,INV-52590,2025-03-16,P-1055,SH103175,FUEL,28.36,GBP,5.67,PAID
IL903643,INV-52591,2025-11-03,P-1187,SH103176,BASE,313.33,GBP,62.67,OPEN
IL903644,INV-52592,2026-04-20,P-1215,SH103177,BASE,831.94,GBP,166.39,OPEN
IL903645,INV-52593,2026-01-17,P-1021,SH103178,BASE,972.68,GBP,194.54,OPEN
IL903646,INV-52594,2025-12-08,P-1017,SH103179,BASE,275.21,GBP,55.04,OPEN
IL903647,INV-52595,2025-03-23,P-1188,SH103180,BASE,303.42,EUR,60.68,PAID
IL903648,INV-52595,2025-03-23,P-1188,SH103180,FUEL,36.39,EUR,7.28,PAID
IL903649,INV-52596,2025-02-24,P-1119,SH103181,BASE,405.67,GBP,81.13,PAID
IL903650,INV-52597,2025-05-07,P-1131,SH103182,BASE,330.33,EUR,66.07,PAID
IL903651,INV-52598,2025-04-29,P-1228,SH103183,BASE,398.38,GBP,79.68,PAID
IL903652,INV-52599,2025-11-27,P-1220,SH103184,BASE,770.11,GBP,154.02,OPEN
IL903653,INV-52600,2025-11-19,P-1037,SH103185,BASE,23.02,GBP,4.60,PAID
IL903654,INV-52601,2026-01-25,P-1168,SH103186,BASE,258.15,GBP,51.63,PAID
IL903655,INV-52601,2026-01-25,P-1168,SH103186,FUEL,27.43,GBP,5.49,PAID
IL903656,INV-52602,2026-03-24,P-1047,SH103188,BASE,622.79,GBP,124.56,PAID
IL903657,INV-52603,2026-01-03,P-1149,SH103189,BASE,260.71,GBP,52.14,PAID
IL903658,INV-52604,2026-02-02,P-1230,SH103191,BASE,416.97,GBP,83.39,PAID
IL903659,INV-52604,2026-02-02,P-1230,SH103191,FUEL,55.08,GBP,11.02,PAID
IL903660,INV-52604,2026-02-02,P-1230,SH103191,ACCESSORIAL,49.39,GBP,9.88,PAID
IL903661,INV-52605,2025-06-30,P-1008,SH103192,BASE,82.62,GBP,16.52,PAID
IL903662,INV-52606,2026-01-30,P-1052,SH103193,BASE,243.45,GBP,48.69,OPEN
IL903663,INV-52606,2026-01-30,P-1052,SH103193,FUEL,32.23,GBP,6.45,OPEN
IL903664,INV-52607,2025-12-25,P-1153,SH103194,BASE,513.76,GBP,102.75,OPEN
IL903665,INV-52608,2025-05-21,P-1221,SH103196,BASE,87.76,GBP,17.55,OPEN
IL903666,INV-52609,2025-09-15,P-1023,SH103197,BASE,102.06,GBP,20.41,OPEN
IL903667,INV-52610,2025-10-05,P-1061,SH103198,BASE,140.31,EUR,28.06,PAID
IL903668,INV-52611,2025-03-20,P-1222,SH103199,BASE,103.41,GBP,20.68,PAID
IL903669,INV-52611,2025-03-20,P-1222,SH103199,ACCESSORIAL,55.06,GBP,11.01,PAID
IL903670,INV-52612,2026-02-20,P-1167,SH103200,BASE,79.32,GBP,15.86,OPEN
IL903671,INV-52613,2026-01-28,P-1166,SH103201,BASE,386.20,GBP,77.24,OPEN
IL903672,INV-52613,2026-01-28,P-1166,SH103201,FUEL,51.10,GBP,10.22,OPEN
IL903673,INV-52613,2026-01-28,P-1166,SH103201,ACCESSORIAL,21.57,GBP,4.31,OPEN
IL903674,INV-52614,2025-05-03,P-1200,SH103202,BASE,692.17,GBP,138.43,PAID
IL903675,INV-52614,2025-05-03,P-1200,SH103202,FUEL,56.23,GBP,11.25,PAID
IL903676,INV-52615,2026-01-07,P-1046,SH103203,BASE,292.90,GBP,58.58,OPEN
IL903677,INV-52616,2026-01-27,P-1066,SH103204,BASE,216.96,GBP,43.39,PAID
IL903678,INV-52617,2026-03-06,P-1059,SH103205,BASE,453.16,GBP,90.63,OPEN
IL903679,INV-52618,2025-11-23,P-1237,SH103206,BASE,265.16,EUR,53.03,OPEN
IL903680,INV-52618,2025-11-23,P-1237,SH103206,FUEL,32.37,EUR,6.47,OPEN
IL903681,INV-52619,2026-02-06,P-1092,SH103208,BASE,137.36,GBP,27.47,PAID
IL903682,INV-52619,2026-02-06,P-1092,SH103208,FUEL,15.90,GBP,3.18,PAID
IL903683,INV-52620,2025-05-23,P-1091,SH103211,BASE,802.43,GBP,160.49,OPEN
IL903684,INV-52621,2025-12-22,P-1207,SH103212,BASE,249.42,GBP,49.88,OPEN
IL903685,INV-52621,2025-12-22,P-1207,SH103212,FUEL,34.33,GBP,6.87,OPEN
IL903686,INV-52622,2026-02-03,P-1236,SH103213,BASE,155.29,GBP,31.06,PAID
IL903687,INV-52623,2026-05-13,P-1084,SH103214,BASE,142.90,GBP,28.58,PAID
IL903688,INV-52623,2026-05-13,P-1084,SH103214,FUEL,14.72,GBP,2.94,PAID
IL903689,INV-52624,2025-07-02,P-1130,SH103215,BASE,168.97,GBP,33.79,PAID
IL903690,INV-52624,2025-07-02,P-1130,SH103215,FUEL,15.16,GBP,3.03,PAID
IL903691,INV-52625,2025-10-05,P-1114,SH103216,BASE,166.82,GBP,33.36,PAID
IL903692,INV-52626,2025-06-16,P-1069,SH103218,BASE,308.83,GBP,61.77,PAID
IL903693,INV-52627,2025-04-14,P-1092,SH103219,BASE,80.53,GBP,16.11,PAID
IL903694,INV-52628,2025-12-06,P-1012,SH103220,BASE,403.80,EUR,80.76,PAID
IL903695,INV-52629,2025-08-18,P-1217,SH103221,BASE,210.55,GBP,42.11,PAID
IL903696,INV-52630,2026-01-24,P-1203,SH103222,BASE,482.41,GBP,96.48,PAID
IL903697,INV-52631,2025-04-16,P-1214,SH103223,BASE,174.81,EUR,34.96,PAID
IL903698,INV-52632,2026-05-13,P-1160,SH103224,BASE,168.93,EUR,33.79,PAID
IL903699,INV-52633,2025-02-10,P-1093,SH103225,BASE,198.24,GBP,39.65,CREDITED
IL903700,INV-52633,2025-02-10,P-1093,SH103225,FUEL,16.67,GBP,3.33,CREDITED
IL903701,INV-52634,2025-01-27,P-1232,SH103226,BASE,382.16,GBP,76.43,PAID
IL903702,INV-52634,2025-01-27,P-1232,SH103226,FUEL,38.27,GBP,7.65,PAID
IL903703,INV-52635,2025-05-21,P-1067,SH103227,BASE,522.29,GBP,104.46,PAID
IL903704,INV-52636,2025-07-10,P-1152,SH103228,BASE,620.15,GBP,124.03,PAID
IL903705,INV-52637,2025-05-24,P-1143,SH103229,BASE,43.87,GBP,8.77,VOID
IL903706,INV-52638,2026-03-29,P-1088,SH103231,BASE,608.41,GBP,121.68,PAID
IL903707,INV-52639,2026-01-06,P-1179,SH103232,BASE,302.17,EUR,60.43,OPEN
IL903708,INV-52640,2025-12-08,P-1043,SH103234,BASE,265.06,GBP,53.01,PAID
IL903709,INV-52640,2025-12-08,P-1043,SH103234,ACCESSORIAL,59.66,GBP,11.93,PAID
IL903710,INV-52641,2025-05-01,P-1084,SH103235,BASE,861.35,GBP,172.27,PAID
IL903711,INV-52642,2025-10-08,P-1143,SH103236,BASE,162.73,EUR,32.55,OPEN
IL903712,INV-52643,2025-08-17,P-1056,SH103237,BASE,87.23,GBP,17.45,OPEN
IL903713,INV-52643,2025-08-17,P-1056,SH103237,FUEL,9.13,GBP,1.83,OPEN
IL903714,INV-52644,2025-10-26,P-1052,SH103238,BASE,248.62,GBP,49.72,PAID
IL903715,INV-52644,2025-10-26,P-1052,SH103238,ACCESSORIAL,39.89,GBP,7.98,PAID
IL903716,INV-52645,2026-04-18,P-1159,SH103239,BASE,289.56,EUR,57.91,PAID
IL903717,INV-52646,2026-05-06,P-1029,SH103240,BASE,483.07,GBP,96.61,PAID
IL903718,INV-52647,2025-02-15,P-1129,SH103241,BASE,68.05,GBP,13.61,OPEN
IL903719,INV-52648,2025-09-30,P-1117,SH103243,BASE,270.24,GBP,54.05,OPEN
IL903720,INV-52649,2026-01-03,P-1230,SH103244,BASE,54.06,GBP,10.81,PAID
IL903721,INV-52650,2025-03-27,P-1029,SH103245,BASE,130.34,GBP,26.07,PAID
IL903722,INV-52651,2025-09-26,P-1165,SH103246,BASE,57.36,GBP,11.47,PAID
IL903723,INV-52651,2025-09-26,P-1165,SH103246,FUEL,6.44,GBP,1.29,PAID
IL903724,INV-52652,2025-03-05,P-1050,SH103247,BASE,491.46,GBP,98.29,PAID
IL903725,INV-52653,2026-05-02,P-1187,SH103248,BASE,181.77,EUR,36.35,PAID
IL903726,INV-52654,2025-10-08,P-1131,SH103249,BASE,154.96,GBP,30.99,OPEN
IL903727,INV-52654,2025-10-08,P-1131,SH103249,FUEL,18.49,GBP,3.70,OPEN
IL903728,INV-52655,2025-12-20,P-1131,SH103250,BASE,485.15,GBP,97.03,PAID
IL903729,INV-52656,2026-05-04,P-1220,SH103251,BASE,287.23,GBP,57.45,PAID
IL903730,INV-52657,2025-10-21,P-1028,SH103252,BASE,150.08,EUR,30.02,OPEN
IL903731,INV-52657,2025-10-21,P-1028,SH103252,FUEL,13.56,EUR,2.71,OPEN
IL903732,INV-52658,2026-05-01,P-1028,SH103253,BASE,97.34,EUR,19.47,PAID
IL903733,INV-52658,2026-05-01,P-1028,SH103253,ACCESSORIAL,37.00,EUR,7.40,PAID
IL903734,INV-52659,2026-02-14,P-1020,SH103254,BASE,377.72,GBP,75.54,PAID
IL903735,INV-52660,2025-10-10,P-1124,SH103255,BASE,628.57,GBP,125.71,OPEN
IL903736,INV-52660,2025-10-10,P-1124,SH103255,FUEL,57.02,GBP,11.40,OPEN
IL903737,INV-52661,2025-10-28,P-1023,SH103256,BASE,799.21,GBP,159.84,PAID
IL903738,INV-52662,2025-07-23,P-1222,SH103257,BASE,579.40,GBP,115.88,PAID
IL903739,INV-52663,2025-05-21,P-1127,SH103258,BASE,374.39,GBP,74.88,VOID
IL903740,INV-52664,2026-01-04,P-1082,SH103259,BASE,544.75,GBP,108.95,PAID
IL903741,INV-52665,2025-07-26,P-1059,SH103260,BASE,265.91,GBP,53.18,PAID
IL903742,INV-52666,2025-02-25,P-1043,SH103261,BASE,433.03,GBP,86.61,PAID
IL903743,INV-52667,2026-03-17,P-1203,SH103263,BASE,215.13,GBP,43.03,PAID
IL903744,INV-52668,2025-04-04,P-1109,SH103264,BASE,679.27,GBP,135.85,PAID
IL903745,INV-52668,2025-04-04,P-1109,SH103264,FUEL,71.81,GBP,14.36,PAID
IL903746,INV-52669,2026-02-14,P-1175,SH103265,BASE,156.35,GBP,31.27,PAID
IL903747,INV-52670,2025-08-29,P-1114,SH103266,BASE,355.25,GBP,71.05,PAID
IL903748,INV-52671,2025-04-04,P-1016,SH103267,BASE,524.08,GBP,104.82,PAID
IL903749,INV-52672,2025-11-04,P-1050,SH103268,BASE,190.70,EUR,38.14,PAID
IL903750,INV-52673,2025-06-13,P-1094,SH103271,BASE,398.33,GBP,79.67,PAID
IL903751,INV-52674,2025-04-13,P-1114,SH103272,BASE,79.75,GBP,15.95,PAID
IL903752,INV-52674,2025-04-13,P-1114,SH103272,FUEL,10.94,GBP,2.19,PAID
IL903753,INV-52675,2026-03-30,P-1004,SH103273,BASE,588.80,GBP,117.76,OPEN
IL903754,INV-52676,2025-10-30,P-1100,SH103274,BASE,96.33,GBP,19.27,PAID
IL903755,INV-52677,2025-10-03,P-1023,SH103275,BASE,597.95,GBP,119.59,PAID
IL903756,INV-52678,2025-07-25,P-1098,SH103278,BASE,116.04,EUR,23.21,PAID
IL903757,INV-52678,2025-07-25,P-1098,SH103278,FUEL,16.08,EUR,3.22,PAID
IL903758,INV-52679,2025-10-19,P-1067,SH103279,BASE,672.58,GBP,134.52,OPEN
IL903759,INV-52680,2025-10-23,P-1149,SH103281,BASE,251.11,GBP,50.22,OPEN
IL903760,INV-52681,2026-05-13,P-1120,SH103282,BASE,175.51,GBP,35.10,PAID
IL903761,INV-52682,2025-01-22,P-1146,SH103283,BASE,290.42,EUR,58.08,OPEN
IL903762,INV-52683,2025-03-17,P-1064,SH103284,BASE,355.87,GBP,71.17,PAID
IL903763,INV-52684,2025-05-14,P-1158,SH103285,BASE,329.76,GBP,65.95,PAID
IL903764,INV-52684,2025-05-14,P-1158,SH103285,ACCESSORIAL,14.35,GBP,2.87,PAID
IL903765,INV-52685,2026-01-02,P-1233,SH103286,BASE,645.00,EUR,129.00,OPEN
IL903766,INV-52686,2026-04-04,P-1089,SH103287,BASE,259.09,GBP,51.82,OPEN
IL903767,INV-52686,2026-04-04,P-1089,SH103287,FUEL,21.00,GBP,4.20,OPEN
IL903768,INV-52687,2026-05-26,P-1097,SH103293,BASE,188.09,EUR,37.62,PAID
IL903769,INV-52687,2026-05-26,P-1097,SH103293,FUEL,17.29,EUR,3.46,PAID
IL903770,INV-52688,2025-07-17,P-1157,SH103294,BASE,307.93,GBP,61.59,OPEN
IL903771,INV-52689,2025-07-17,P-1008,SH103296,BASE,382.86,GBP,76.57,PAID
IL903772,INV-52689,2025-07-17,P-1008,SH103296,FUEL,48.35,GBP,9.67,PAID
IL903773,INV-52690,2025-07-15,P-1058,SH103297,BASE,86.09,GBP,17.22,PAID
IL903774,INV-52691,2025-11-22,P-1240,SH103298,BASE,325.17,GBP,65.03,PAID
IL903775,INV-52691,2025-11-22,P-1240,SH103298,FUEL,38.24,GBP,7.65,PAID
IL903776,INV-52692,2025-08-15,P-1224,SH103299,BASE,79.33,GBP,15.87,PAID
IL903777,INV-52692,2025-08-15,P-1224,SH103299,FUEL,6.81,GBP,1.36,PAID
IL903778,INV-52693,2025-05-10,P-1209,SH103300,BASE,447.91,GBP,89.58,CREDITED
IL903779,INV-52694,2025-07-06,P-1080,SH103301,BASE,152.43,GBP,30.49,PAID
IL903780,INV-52694,2025-07-06,P-1080,SH103301,FUEL,12.52,GBP,2.50,PAID
IL903781,INV-52695,2025-03-18,P-1173,SH103302,BASE,737.78,GBP,147.56,PAID
IL903782,INV-52696,2025-10-10,P-1115,SH103303,BASE,231.04,GBP,46.21,PAID
IL903783,INV-52697,2026-01-12,P-1232,SH103305,BASE,284.47,GBP,56.89,PAID
IL903784,INV-52697,2026-01-12,P-1232,SH103305,FUEL,22.40,GBP,4.48,PAID
IL903785,INV-52698,2025-03-26,P-1214,SH103308,BASE,215.88,GBP,43.18,PAID
IL903786,INV-52698,2025-03-26,P-1214,SH103308,FUEL,16.67,GBP,3.33,PAID
IL903787,INV-52699,2026-04-08,P-1215,SH103309,BASE,442.60,GBP,88.52,PAID
IL903788,INV-52700,2025-09-25,P-1177,SH103310,BASE,742.28,GBP,148.46,PAID
IL903789,INV-52701,2026-01-03,P-1057,SH103311,BASE,42.54,GBP,8.51,PAID
IL903790,INV-52702,2026-01-26,P-1075,SH103312,BASE,78.25,GBP,15.65,PAID
IL903791,INV-52702,2026-01-26,P-1075,SH103312,FUEL,5.24,GBP,1.05,PAID
IL903792,INV-52703,2026-03-06,P-1148,SH103313,BASE,223.25,GBP,44.65,PAID
IL903793,INV-52704,2026-03-21,P-1213,SH103314,BASE,199.50,GBP,39.90,CREDITED
IL903794,INV-52704,2026-03-21,P-1213,SH103314,FUEL,16.96,GBP,3.39,CREDITED
IL903795,INV-52705,2026-05-19,P-1108,SH103315,BASE,361.49,GBP,72.30,OPEN
IL903796,INV-52706,2025-10-16,P-1219,SH103316,BASE,237.31,GBP,47.46,CREDITED
IL903797,INV-52707,2025-10-24,P-1161,SH103317,BASE,478.12,GBP,95.62,PAID
IL903798,INV-52707,2025-10-24,P-1161,SH103317,FUEL,34.44,GBP,6.89,PAID
IL903799,INV-52708,2026-04-22,P-1001,SH103318,BASE,786.74,GBP,157.35,OPEN
IL903800,INV-52709,2025-06-17,P-1119,SH103319,BASE,1000.19,GBP,200.04,PAID
IL903801,INV-52709,2025-06-17,P-1119,SH103319,FUEL,132.03,GBP,26.41,PAID
IL903802,INV-52710,2025-06-24,P-1095,SH103320,BASE,511.59,GBP,102.32,PAID
IL903803,INV-52711,2025-09-20,P-1105,SH103321,BASE,719.14,GBP,143.83,OPEN
IL903804,INV-52712,2025-05-09,P-1024,SH103322,BASE,600.73,GBP,120.15,PAID
IL903805,INV-52713,2026-02-22,P-1207,SH103323,BASE,178.65,GBP,35.73,OPEN
IL903806,INV-52714,2025-02-16,P-1036,SH103324,BASE,406.87,GBP,81.37,PAID
IL903807,INV-52715,2026-04-17,P-1108,SH103325,BASE,280.98,GBP,56.20,PAID
IL903808,INV-52715,2026-04-17,P-1108,SH103325,FUEL,39.03,GBP,7.81,PAID
IL903809,INV-52716,2025-01-30,P-1047,SH103326,BASE,98.04,GBP,19.61,PAID
IL903810,INV-52716,2025-01-30,P-1047,SH103326,FUEL,6.62,GBP,1.32,PAID
IL903811,INV-52717,2025-05-22,P-1181,SH103327,BASE,64.71,EUR,12.94,CREDITED
IL903812,INV-52717,2025-05-22,P-1181,SH103327,FUEL,7.86,EUR,1.57,CREDITED
IL903813,INV-52717,2025-05-22,P-1181,SH103327,ACCESSORIAL,29.91,EUR,5.98,CREDITED
IL903814,INV-52718,2025-10-21,P-1097,SH103328,BASE,692.90,GBP,138.58,PAID
IL903815,INV-52719,2025-11-04,P-1144,SH103329,BASE,144.71,EUR,28.94,PAID
IL903816,INV-52720,2025-11-20,P-1091,SH103330,BASE,131.83,GBP,26.37,PAID
IL903817,INV-52720,2025-11-20,P-1091,SH103330,FUEL,18.36,GBP,3.67,PAID
IL903818,INV-52721,2025-07-13,P-1164,SH103331,BASE,295.31,GBP,59.06,PAID
IL903819,INV-52721,2025-07-13,P-1164,SH103331,FUEL,38.96,GBP,7.79,PAID
IL903820,INV-52722,2026-01-07,P-1034,SH103332,BASE,289.08,GBP,57.82,PAID
IL903821,INV-52723,2026-03-14,P-1002,SH103334,BASE,121.32,GBP,24.26,PAID
IL903822,INV-52724,2026-03-21,P-1119,SH103335,BASE,100.19,GBP,20.04,OPEN
IL903823,INV-52725,2025-02-05,P-1024,SH103337,BASE,54.77,GBP,10.95,PAID
IL903824,INV-52725,2025-02-05,P-1024,SH103337,FUEL,6.17,GBP,1.23,PAID
IL903825,INV-52726,2025-02-11,P-1138,SH103339,BASE,541.35,GBP,108.27,PAID
IL903826,INV-52727,2025-05-03,P-1122,SH103340,BASE,89.30,EUR,17.86,PAID
IL903827,INV-52727,2025-05-03,P-1122,SH103340,FUEL,6.33,EUR,1.27,PAID
IL903828,INV-52728,2025-04-26,P-1071,SH103341,BASE,361.46,GBP,72.29,VOID
IL903829,INV-52728,2025-04-26,P-1071,SH103341,FUEL,22.98,GBP,4.60,VOID
IL903830,INV-52729,2025-07-07,P-1190,SH103342,BASE,888.66,EUR,177.73,CREDITED
IL903831,INV-52729,2025-07-07,P-1190,SH103342,FUEL,59.08,EUR,11.82,CREDITED
IL903832,INV-52730,2026-03-02,P-1231,SH103343,BASE,547.09,GBP,109.42,PAID
IL903833,INV-52731,2025-03-19,P-1203,SH103344,BASE,321.73,EUR,64.35,OPEN
IL903834,INV-52732,2025-10-13,P-1196,SH103346,BASE,306.12,GBP,61.22,PAID
IL903835,INV-52732,2025-10-13,P-1196,SH103346,FUEL,37.52,GBP,7.50,PAID
IL903836,INV-52732,2025-10-13,P-1196,SH103346,ACCESSORIAL,52.44,GBP,10.49,PAID
IL903837,INV-52733,2025-02-19,P-1083,SH103350,BASE,201.62,EUR,40.32,PAID
IL903838,INV-52734,2025-10-28,P-1098,SH103351,BASE,573.19,GBP,114.64,VOID
IL903839,INV-52735,2026-01-12,P-1055,SH103352,BASE,516.64,EUR,103.33,OPEN
IL903840,INV-52735,2026-01-12,P-1055,SH103352,FUEL,55.29,EUR,11.06,OPEN
IL903841,INV-52736,2025-08-23,P-1040,SH103354,BASE,110.04,EUR,22.01,OPEN
IL903842,INV-52737,2025-07-25,P-1195,SH103355,BASE,398.45,GBP,79.69,VOID
IL903843,INV-52737,2025-07-25,P-1195,SH103355,FUEL,53.69,GBP,10.74,VOID
IL903844,INV-52737,2025-07-25,P-1195,SH103355,ACCESSORIAL,26.32,GBP,5.26,VOID
IL903845,INV-52738,2025-10-10,P-1098,SH103358,BASE,246.56,GBP,49.31,OPEN
IL903846,INV-52739,2025-08-12,P-1183,SH103359,BASE,261.24,GBP,52.25,PAID
IL903847,INV-52740,2025-01-23,P-1192,SH103360,BASE,313.23,GBP,62.65,PAID
IL903848,INV-52741,2025-08-30,P-1094,SH103361,BASE,527.48,GBP,105.50,PAID
IL903849,INV-52742,2025-05-21,P-1160,SH103362,BASE,444.91,GBP,88.98,VOID
IL903850,INV-52743,2026-04-11,P-1116,SH103363,BASE,353.92,GBP,70.78,PAID
IL903851,INV-52744,2025-12-25,P-1045,SH103364,BASE,231.16,GBP,46.23,PAID
IL903852,INV-52744,2025-12-25,P-1045,SH103364,FUEL,28.69,GBP,5.74,PAID
IL903853,INV-52745,2025-06-03,P-1172,SH103368,BASE,107.04,GBP,21.41,CREDITED
IL903854,INV-52746,2025-11-01,P-1159,SH103369,BASE,196.68,GBP,39.34,PAID
IL903855,INV-52747,2026-05-07,P-1021,SH103370,BASE,464.86,EUR,92.97,PAID
IL903856,INV-52747,2026-05-07,P-1021,SH103370,FUEL,55.09,EUR,11.02,PAID
IL903857,INV-52748,2025-02-06,P-1144,SH103371,BASE,344.35,GBP,68.87,PAID
IL903858,INV-52749,2025-08-30,P-1205,SH103372,BASE,508.40,GBP,101.68,OPEN
IL903859,INV-52750,2026-05-13,P-1109,SH103373,BASE,612.84,GBP,122.57,PAID
IL903860,INV-52750,2026-05-13,P-1109,SH103373,FUEL,70.30,GBP,14.06,PAID
IL903861,INV-52751,2026-04-09,P-1140,SH103374,BASE,205.96,GBP,41.19,PAID
IL903862,INV-52752,2026-01-20,P-1184,SH103375,BASE,427.02,GBP,85.40,OPEN
IL903863,INV-52752,2026-01-20,P-1184,SH103375,FUEL,35.96,GBP,7.19,OPEN
IL903864,INV-52753,2025-06-27,P-1232,SH103376,BASE,474.50,GBP,94.90,PAID
IL903865,INV-52753,2025-06-27,P-1232,SH103376,FUEL,47.57,GBP,9.51,PAID
IL903866,INV-52754,2026-02-01,P-1024,SH103377,BASE,57.40,GBP,11.48,PAID
IL903867,INV-52754,2026-02-01,P-1024,SH103377,FUEL,6.03,GBP,1.21,PAID
IL903868,INV-52755,2025-07-21,P-1128,SH103378,BASE,85.19,GBP,17.04,VOID
IL903869,INV-52755,2025-07-21,P-1128,SH103378,FUEL,6.28,GBP,1.26,VOID
IL903870,INV-52756,2025-08-11,P-1091,SH103379,BASE,398.47,GBP,79.69,PAID
IL903871,INV-52757,2025-01-11,P-1008,SH103380,BASE,458.97,GBP,91.79,PAID
IL903872,INV-52758,2025-09-04,P-1073,SH103381,BASE,166.34,GBP,33.27,PAID
IL903873,INV-52759,2025-10-15,P-1232,SH103382,BASE,60.46,GBP,12.09,PAID
IL903874,INV-52759,2025-10-15,P-1232,SH103382,FUEL,4.46,GBP,0.89,PAID
IL903875,INV-52760,2025-09-08,P-1049,SH103383,BASE,88.38,GBP,17.68,CREDITED
IL903876,INV-52760,2025-09-08,P-1049,SH103383,FUEL,6.16,GBP,1.23,CREDITED
IL903877,INV-52761,2026-04-21,P-1006,SH103384,BASE,309.39,EUR,61.88,PAID
IL903878,INV-52761,2026-04-21,P-1006,SH103384,ACCESSORIAL,31.84,EUR,6.37,PAID
IL903879,INV-52762,2026-03-10,P-1230,SH103385,BASE,529.14,GBP,105.83,PAID
IL903880,INV-52763,2026-03-05,P-1160,SH103386,BASE,63.16,GBP,12.63,OPEN
IL903881,INV-52764,2026-05-21,P-1233,SH103387,BASE,436.90,GBP,87.38,PAID
IL903882,INV-52764,2026-05-21,P-1233,SH103387,FUEL,55.66,GBP,11.13,PAID
IL903883,INV-52765,2025-09-24,P-1221,SH103388,BASE,236.27,GBP,47.25,PAID
IL903884,INV-52766,2025-08-31,P-1226,SH103389,BASE,229.30,GBP,45.86,CREDITED
IL903885,INV-52767,2025-03-06,P-1027,SH103390,BASE,197.85,GBP,39.57,PAID
IL903886,INV-52768,2025-07-11,P-1118,SH103391,BASE,556.39,GBP,111.28,CREDITED
IL903887,INV-52769,2025-04-06,P-1093,SH103392,BASE,353.18,GBP,70.64,PAID
IL903888,INV-52769,2025-04-06,P-1093,SH103392,ACCESSORIAL,13.33,GBP,2.67,PAID
IL903889,INV-52770,2025-11-12,P-1191,SH103393,BASE,325.07,GBP,65.01,PAID
IL903890,INV-52771,2026-05-09,P-1213,SH103394,BASE,741.66,GBP,148.33,PAID
IL903891,INV-52771,2026-05-09,P-1213,SH103394,FUEL,100.14,GBP,20.03,PAID
IL903892,INV-52772,2025-11-24,P-1025,SH103395,BASE,314.24,GBP,62.85,PAID
IL903893,INV-52773,2025-07-31,P-1131,SH103396,BASE,82.25,GBP,16.45,PAID
IL903894,INV-52774,2026-04-03,P-1027,SH103397,BASE,547.13,GBP,109.43,PAID
IL903895,INV-52775,2025-10-21,P-1210,SH103398,BASE,146.08,GBP,29.22,PAID
IL903896,INV-52775,2025-10-21,P-1210,SH103398,FUEL,16.34,GBP,3.27,PAID
IL903897,INV-52776,2025-08-02,P-1014,SH103399,BASE,208.11,GBP,41.62,CREDITED
IL903898,INV-52776,2025-08-02,P-1014,SH103399,FUEL,17.14,GBP,3.43,CREDITED
IL903899,INV-52777,2025-12-09,P-1115,SH103400,BASE,616.76,GBP,123.35,OPEN
IL903900,INV-52778,2025-06-08,P-1157,SH103403,BASE,131.88,EUR,26.38,PAID
IL903901,INV-52778,2025-06-08,P-1157,SH103403,FUEL,10.97,EUR,2.19,PAID
IL903902,INV-52779,2026-02-15,P-1132,SH103404,BASE,381.22,GBP,76.24,PAID
IL903903,INV-52779,2026-02-15,P-1132,SH103404,FUEL,24.13,GBP,4.83,PAID
IL903904,INV-52780,2026-03-18,P-1012,SH103405,BASE,98.25,GBP,19.65,PAID
IL903905,INV-52781,2025-04-14,P-1086,SH103406,BASE,151.70,GBP,30.34,PAID
IL903906,INV-52781,2025-04-14,P-1086,SH103406,ACCESSORIAL,44.28,GBP,8.86,PAID
IL903907,INV-52782,2026-05-16,P-1005,SH103407,BASE,419.95,GBP,83.99,PAID
IL903908,INV-52783,2026-02-06,P-1083,SH103408,BASE,346.00,GBP,69.20,PAID
IL903909,INV-52784,2026-01-21,P-1196,SH103409,BASE,92.70,GBP,18.54,OPEN
IL903910,INV-52784,2026-01-21,P-1196,SH103409,ACCESSORIAL,44.50,GBP,8.90,OPEN
IL903911,INV-52785,2026-04-23,P-1147,SH103410,BASE,94.78,EUR,18.96,OPEN
IL903912,INV-52785,2026-04-23,P-1147,SH103410,FUEL,10.34,EUR,2.07,OPEN
IL903913,INV-52786,2025-02-18,P-1001,SH103411,BASE,541.58,GBP,108.32,PAID
IL903914,INV-52787,2025-12-20,P-1112,SH103412,BASE,753.36,GBP,150.67,PAID
IL903915,INV-52788,2025-06-17,P-1038,SH103413,BASE,785.86,GBP,157.17,PAID
IL903916,INV-52788,2025-06-17,P-1038,SH103413,FUEL,84.52,GBP,16.90,PAID
IL903917,INV-52789,2025-06-16,P-1236,SH103415,BASE,262.74,GBP,52.55,PAID
IL903918,INV-52790,2025-04-30,P-1063,SH103416,BASE,160.55,GBP,32.11,PAID
IL903919,INV-52791,2025-10-17,P-1188,SH103417,BASE,134.12,GBP,26.82,PAID
IL903920,INV-52792,2025-08-07,P-1227,SH103418,BASE,393.31,GBP,78.66,PAID
IL903921,INV-52793,2026-05-24,P-1169,SH103419,BASE,61.95,GBP,12.39,CREDITED
IL903922,INV-52794,2025-08-08,P-1190,SH103420,BASE,85.08,GBP,17.02,PAID
IL903923,INV-52794,2025-08-08,P-1190,SH103420,FUEL,9.99,GBP,2.00,PAID
IL903924,INV-52795,2025-12-19,P-1043,SH103421,BASE,471.64,EUR,94.33,OPEN
IL903925,INV-52795,2025-12-19,P-1043,SH103421,FUEL,43.51,EUR,8.70,OPEN
IL903926,INV-52796,2025-10-19,P-1227,SH103422,BASE,70.71,GBP,14.14,PAID
IL903927,INV-52796,2025-10-19,P-1227,SH103422,FUEL,8.97,GBP,1.79,PAID
IL903928,INV-52797,2025-04-30,P-1134,SH103423,BASE,481.54,GBP,96.31,PAID
IL903929,INV-52797,2025-04-30,P-1134,SH103423,FUEL,35.59,GBP,7.12,PAID
IL903930,INV-52798,2025-04-04,P-1087,SH103424,BASE,223.59,EUR,44.72,OPEN
IL903931,INV-52798,2025-04-04,P-1087,SH103424,ACCESSORIAL,37.71,EUR,7.54,OPEN
IL903932,INV-52799,2025-04-06,P-1092,SH103425,BASE,170.73,GBP,34.15,CREDITED
IL903933,INV-52800,2025-05-31,P-1200,SH103426,BASE,251.60,GBP,50.32,OPEN
IL903934,INV-52801,2026-05-01,P-1116,SH103428,BASE,474.31,GBP,94.86,PAID
IL903935,INV-52802,2025-03-27,P-1028,SH103430,BASE,249.75,GBP,49.95,VOID
IL903936,INV-52802,2025-03-27,P-1028,SH103430,FUEL,22.07,GBP,4.41,VOID
IL903937,INV-52803,2025-08-07,P-1204,SH103431,BASE,363.93,EUR,72.79,OPEN
IL903938,INV-52804,2026-04-20,P-1001,SH103432,BASE,559.37,GBP,111.87,CREDITED
IL903939,INV-52804,2026-04-20,P-1001,SH103432,FUEL,55.35,GBP,11.07,CREDITED
IL903940,INV-52805,2026-03-22,P-1098,SH103433,BASE,601.19,GBP,120.24,PAID
IL903941,INV-52805,2026-03-22,P-1098,SH103433,FUEL,83.60,GBP,16.72,PAID
IL903942,INV-52806,2025-12-09,P-1203,SH103435,BASE,52.82,GBP,10.56,PAID
IL903943,INV-52807,2025-07-10,P-1097,SH103436,BASE,250.97,GBP,50.19,PAID
IL903944,INV-52807,2025-07-10,P-1097,SH103436,FUEL,32.99,GBP,6.60,PAID
IL903945,INV-52808,2025-01-31,P-1046,SH103437,BASE,60.56,GBP,12.11,PAID
IL903946,INV-52808,2025-01-31,P-1046,SH103437,FUEL,5.72,GBP,1.14,PAID
IL903947,INV-52809,2025-09-27,P-1163,SH103438,BASE,274.23,GBP,54.85,OPEN
IL903948,INV-52809,2025-09-27,P-1163,SH103438,ACCESSORIAL,21.03,GBP,4.21,OPEN
IL903949,INV-52810,2025-08-17,P-1104,SH103439,BASE,467.84,GBP,93.57,PAID
IL903950,INV-52810,2025-08-17,P-1104,SH103439,FUEL,34.24,GBP,6.85,PAID
IL903951,INV-52811,2025-02-17,P-1227,SH103440,BASE,330.99,GBP,66.20,OPEN
IL903952,INV-52812,2025-12-08,P-1220,SH103441,BASE,372.54,EUR,74.51,PAID
IL903953,INV-52813,2026-04-20,P-1073,SH103442,BASE,206.01,GBP,41.20,PAID
IL903954,INV-52814,2026-05-18,P-1162,SH103443,BASE,833.68,GBP,166.74,OPEN
IL903955,INV-52814,2026-05-18,P-1162,SH103443,FUEL,113.47,GBP,22.69,OPEN
IL903956,INV-52815,2026-01-26,P-1188,SH103444,BASE,36.11,GBP,7.22,PAID
IL903957,INV-52816,2025-03-18,P-1196,SH103446,BASE,211.66,GBP,42.33,PAID
IL903958,INV-52817,2026-05-24,P-1054,SH103447,BASE,520.43,GBP,104.09,PAID
IL903959,INV-52818,2025-12-02,P-1181,SH103448,BASE,358.12,GBP,71.62,CREDITED
IL903960,INV-52818,2025-12-02,P-1181,SH103448,FUEL,49.46,GBP,9.89,CREDITED
IL903961,INV-52819,2025-11-10,P-1073,SH103450,BASE,195.98,GBP,39.20,OPEN
IL903962,INV-52820,2025-06-17,P-1063,SH103451,BASE,144.88,GBP,28.98,VOID
IL903963,INV-52821,2025-03-15,P-1120,SH103452,BASE,58.53,GBP,11.71,PAID
IL903964,INV-52822,2026-05-28,P-1017,SH103453,BASE,177.33,GBP,35.47,PAID
IL903965,INV-52823,2025-03-25,P-1222,SH103454,BASE,413.02,GBP,82.60,PAID
IL903966,INV-52824,2025-07-01,P-1213,SH103455,BASE,628.25,GBP,125.65,PAID
IL903967,INV-52824,2025-07-01,P-1213,SH103455,FUEL,57.52,GBP,11.50,PAID
IL903968,INV-52825,2025-06-18,P-1112,SH103456,BASE,465.14,GBP,93.03,PAID
IL903969,INV-52826,2026-02-10,P-1219,SH103457,BASE,601.47,GBP,120.29,PAID
IL903970,INV-52827,2025-01-23,P-1011,SH103458,BASE,563.26,GBP,112.65,PAID
IL903971,INV-52828,2025-09-13,P-1151,SH103459,BASE,244.56,GBP,48.91,PAID
IL903972,INV-52829,2025-05-15,P-1172,SH103460,BASE,336.72,GBP,67.34,PAID
IL903973,INV-52830,2025-02-07,P-1238,SH103461,BASE,278.51,GBP,55.70,PAID
IL903974,INV-52830,2025-02-07,P-1238,SH103461,FUEL,21.38,GBP,4.28,PAID
IL903975,INV-52831,2025-03-03,P-1072,SH103462,BASE,511.15,GBP,102.23,PAID
IL903976,INV-52832,2025-05-28,P-1179,SH103464,BASE,75.11,EUR,15.02,PAID
IL903977,INV-52832,2025-05-28,P-1179,SH103464,FUEL,6.94,EUR,1.39,PAID
IL903978,INV-52833,2025-06-04,P-1113,SH103466,BASE,49.26,EUR,9.85,PAID
IL903979,INV-52834,2025-08-07,P-1067,SH103467,BASE,302.51,GBP,60.50,PAID
IL903980,INV-52835,2026-03-25,P-1089,SH103468,BASE,618.99,EUR,123.80,OPEN
IL903981,INV-52835,2026-03-25,P-1089,SH103468,FUEL,66.78,EUR,13.36,OPEN
IL903982,INV-52836,2026-03-12,P-1200,SH103469,BASE,399.07,GBP,79.81,OPEN
IL903983,INV-52836,2026-03-12,P-1200,SH103469,FUEL,36.05,GBP,7.21,OPEN
IL903984,INV-52837,2025-12-06,P-1178,SH103472,BASE,434.94,GBP,86.99,OPEN
IL903985,INV-52837,2025-12-06,P-1178,SH103472,ACCESSORIAL,15.87,GBP,3.17,OPEN
IL903986,INV-52838,2025-05-28,P-1001,SH103473,BASE,278.86,GBP,55.77,PAID
IL903987,INV-52839,2025-12-18,P-1043,SH103474,BASE,813.48,GBP,162.70,PAID
IL903988,INV-52839,2025-12-18,P-1043,SH103474,FUEL,100.27,GBP,20.05,PAID
IL903989,INV-52840,2025-08-21,P-1057,SH103476,BASE,520.47,GBP,104.09,PAID
IL903990,INV-52840,2025-08-21,P-1057,SH103476,FUEL,69.90,GBP,13.98,PAID
IL903991,INV-52841,2025-05-21,P-1050,SH103478,BASE,657.07,GBP,131.41,OPEN
IL903992,INV-52841,2025-05-21,P-1050,SH103478,FUEL,84.59,GBP,16.92,OPEN
IL903993,INV-52842,2025-06-23,P-1088,SH103479,BASE,120.87,GBP,24.17,PAID
IL903994,INV-52843,2025-09-20,P-1118,SH103480,BASE,253.08,GBP,50.62,PAID
IL903995,INV-52844,2026-02-07,P-1181,SH103482,BASE,237.83,GBP,47.57,OPEN
IL903996,INV-52845,2026-02-18,P-1017,SH103483,BASE,36.45,GBP,7.29,PAID
IL903997,INV-52846,2025-06-05,P-1131,SH103484,BASE,725.59,GBP,145.12,OPEN
IL903998,INV-52847,2025-05-26,P-1120,SH103485,BASE,33.31,GBP,6.66,PAID
IL903999,INV-52848,2025-03-18,P-1019,SH103486,BASE,144.16,GBP,28.83,PAID
IL904000,INV-52848,2025-03-18,P-1019,SH103486,ACCESSORIAL,17.16,GBP,3.43,PAID
IL904001,INV-52849,2025-01-28,P-1128,SH103487,BASE,292.29,GBP,58.46,PAID
IL904002,INV-52849,2025-01-28,P-1128,SH103487,ACCESSORIAL,59.93,GBP,11.99,PAID
IL904003,INV-52850,2025-03-14,P-1061,SH103488,BASE,218.73,GBP,43.75,OPEN
IL904004,INV-52851,2026-04-21,P-1104,SH103489,BASE,233.88,EUR,46.78,PAID
IL904005,INV-52852,2025-06-22,P-1177,SH103490,BASE,313.60,GBP,62.72,PAID
IL904006,INV-52853,2026-03-19,P-1146,SH103491,BASE,305.88,EUR,61.18,PAID
IL904007,INV-52854,2025-12-30,P-1198,SH103493,BASE,700.99,GBP,140.20,PAID
IL904008,INV-52854,2025-12-30,P-1198,SH103493,FUEL,87.58,GBP,17.52,PAID
IL904009,INV-52855,2025-04-27,P-1026,SH103494,BASE,444.90,GBP,88.98,OPEN
IL904010,INV-52855,2025-04-27,P-1026,SH103494,FUEL,43.33,GBP,8.67,OPEN
IL904011,INV-52856,2026-05-01,P-1029,SH103495,BASE,425.45,GBP,85.09,PAID
IL904012,INV-52856,2026-05-01,P-1029,SH103495,FUEL,35.67,GBP,7.13,PAID
IL904013,INV-52857,2025-10-20,P-1092,SH103497,BASE,264.52,GBP,52.90,OPEN
IL904014,INV-52857,2025-10-20,P-1092,SH103497,FUEL,35.30,GBP,7.06,OPEN
IL904015,INV-52858,2026-05-14,P-1072,SH103498,BASE,271.41,GBP,54.28,PAID
IL904016,INV-52859,2025-04-12,P-1004,SH103499,BASE,541.33,GBP,108.27,CREDITED
IL904017,INV-52860,2025-01-18,P-1228,SH103500,BASE,309.98,GBP,62.00,PAID
IL904018,INV-52860,2025-01-18,P-1228,SH103500,FUEL,32.99,GBP,6.60,PAID
IL904019,INV-52861,2026-01-24,P-1045,SH103501,BASE,53.07,GBP,10.61,PAID
IL904020,INV-52862,2025-05-25,P-1189,SH103502,BASE,202.31,GBP,40.46,PAID
IL904021,INV-52863,2026-02-27,P-1165,SH103503,BASE,298.54,GBP,59.71,PAID
IL904022,INV-52863,2026-02-27,P-1165,SH103503,FUEL,31.61,GBP,6.32,PAID
IL904023,INV-52864,2025-06-07,P-1152,SH103505,BASE,86.79,GBP,17.36,PAID
IL904024,INV-52864,2025-06-07,P-1152,SH103505,FUEL,5.66,GBP,1.13,PAID
IL904025,INV-52865,2025-12-22,P-1158,SH103506,BASE,333.42,GBP,66.68,PAID
IL904026,INV-52866,2025-08-26,P-1021,SH103507,BASE,178.72,GBP,35.74,CREDITED
IL904027,INV-52867,2025-07-23,P-1047,SH103509,BASE,1069.33,EUR,213.87,VOID
IL904028,INV-52867,2025-07-23,P-1047,SH103509,FUEL,80.42,EUR,16.08,VOID
IL904029,INV-52868,2025-07-27,P-1057,SH103510,BASE,455.85,GBP,91.17,PAID
IL904030,INV-52868,2025-07-27,P-1057,SH103510,FUEL,32.24,GBP,6.45,PAID
IL904031,INV-52869,2026-05-10,P-1045,SH103511,BASE,140.47,GBP,28.09,PAID
IL904032,INV-52869,2026-05-10,P-1045,SH103511,FUEL,11.97,GBP,2.39,PAID
IL904033,INV-52870,2025-08-01,P-1212,SH103512,BASE,88.90,EUR,17.78,OPEN
IL904034,INV-52871,2025-10-28,P-1231,SH103514,BASE,183.06,GBP,36.61,OPEN
IL904035,INV-52872,2025-06-23,P-1090,SH103515,BASE,786.96,GBP,157.39,PAID
IL904036,INV-52872,2025-06-23,P-1090,SH103515,FUEL,80.58,GBP,16.12,PAID
IL904037,INV-52873,2025-03-12,P-1189,SH103516,BASE,565.00,GBP,113.00,PAID
IL904038,INV-52873,2025-03-12,P-1189,SH103516,ACCESSORIAL,54.03,GBP,10.81,PAID
IL904039,INV-52874,2026-02-20,P-1101,SH103517,BASE,278.97,GBP,55.79,PAID
IL904040,INV-52875,2025-01-23,P-1030,SH103518,BASE,96.35,GBP,19.27,PAID
IL904041,INV-52876,2025-05-19,P-1166,SH103519,BASE,565.56,GBP,113.11,OPEN
IL904042,INV-52877,2025-10-05,P-1080,SH103520,BASE,150.09,GBP,30.02,PAID
IL904043,INV-52878,2026-01-15,P-1235,SH103521,BASE,856.34,GBP,171.27,CREDITED
IL904044,INV-52878,2026-01-15,P-1235,SH103521,FUEL,94.53,GBP,18.91,CREDITED
IL904045,INV-52879,2026-02-16,P-1228,SH103522,BASE,401.99,GBP,80.40,OPEN
IL904046,INV-52880,2025-08-12,P-1052,SH103524,BASE,172.61,EUR,34.52,CREDITED
IL904047,INV-52880,2025-08-12,P-1052,SH103524,FUEL,15.19,EUR,3.04,CREDITED
IL904048,INV-52881,2025-05-29,P-1154,SH103525,BASE,78.46,GBP,15.69,PAID
IL904049,INV-52882,2025-05-28,P-1067,SH103528,BASE,168.12,GBP,33.62,CREDITED
IL904050,INV-52883,2026-05-14,P-1122,SH103529,BASE,371.42,EUR,74.28,OPEN
IL904051,INV-52883,2026-05-14,P-1122,SH103529,FUEL,47.20,EUR,9.44,OPEN
IL904052,INV-52884,2025-06-13,P-1102,SH103530,BASE,216.15,GBP,43.23,PAID
IL904053,INV-52884,2025-06-13,P-1102,SH103530,FUEL,21.59,GBP,4.32,PAID
IL904054,INV-52885,2025-09-23,P-1232,SH103532,BASE,237.28,GBP,47.46,CREDITED
IL904055,INV-52885,2025-09-23,P-1232,SH103532,FUEL,27.47,GBP,5.49,CREDITED
IL904056,INV-52886,2025-07-01,P-1069,SH103534,BASE,413.78,GBP,82.76,OPEN
IL904057,INV-52887,2026-04-12,P-1233,SH103535,BASE,64.87,EUR,12.97,PAID
IL904058,INV-52888,2026-05-26,P-1151,SH103537,BASE,269.94,EUR,53.99,VOID
IL904059,INV-52888,2026-05-26,P-1151,SH103537,FUEL,28.04,EUR,5.61,VOID
IL904060,INV-52889,2025-10-18,P-1037,SH103538,BASE,576.58,GBP,115.32,PAID
IL904061,INV-52890,2025-05-30,P-1008,SH103541,BASE,143.20,GBP,28.64,PAID
IL904062,INV-52890,2025-05-30,P-1008,SH103541,ACCESSORIAL,43.14,GBP,8.63,PAID
IL904063,INV-52891,2026-05-14,P-1012,SH103542,BASE,338.73,GBP,67.75,PAID
IL904064,INV-52892,2025-02-24,P-1178,SH103543,BASE,190.67,GBP,38.13,OPEN
IL904065,INV-52893,2025-01-11,P-1121,SH103544,BASE,534.09,GBP,106.82,PAID
IL904066,INV-52893,2025-01-11,P-1121,SH103544,ACCESSORIAL,58.23,GBP,11.65,PAID
IL904067,INV-52894,2026-03-02,P-1168,SH103546,BASE,231.95,GBP,46.39,OPEN
IL904068,INV-52895,2026-02-08,P-1161,SH103547,BASE,102.06,GBP,20.41,PAID
IL904069,INV-52895,2026-02-08,P-1161,SH103547,FUEL,11.07,GBP,2.21,PAID
IL904070,INV-52896,2025-05-29,P-1080,SH103548,BASE,531.17,EUR,106.23,OPEN
IL904071,INV-52896,2025-05-29,P-1080,SH103548,FUEL,45.28,EUR,9.06,OPEN
IL904072,INV-52897,2026-01-26,P-1036,SH103549,BASE,352.58,GBP,70.52,PAID
IL904073,INV-52898,2026-02-07,P-1187,SH103550,BASE,270.65,GBP,54.13,OPEN
IL904074,INV-52899,2025-03-28,P-1111,SH103551,BASE,315.07,GBP,63.01,PAID
IL904075,INV-52900,2025-06-21,P-1052,SH103552,BASE,208.31,GBP,41.66,OPEN
IL904076,INV-52900,2025-06-21,P-1052,SH103552,FUEL,15.90,GBP,3.18,OPEN
IL904077,INV-52901,2026-02-20,P-1008,SH103553,BASE,60.40,GBP,12.08,PAID
IL904078,INV-52901,2026-02-20,P-1008,SH103553,FUEL,7.50,GBP,1.50,PAID
IL904079,INV-52902,2025-04-05,P-1161,SH103554,BASE,614.68,GBP,122.94,PAID
IL904080,INV-52903,2025-09-10,P-1002,SH103555,BASE,257.88,GBP,51.58,PAID
IL904081,INV-52904,2026-03-10,P-1219,SH103556,BASE,111.98,GBP,22.40,PAID
IL904082,INV-52904,2026-03-10,P-1219,SH103556,FUEL,9.00,GBP,1.80,PAID
IL904083,INV-52905,2025-12-21,P-1095,SH103557,BASE,147.78,GBP,29.56,VOID
IL904084,INV-52905,2025-12-21,P-1095,SH103557,FUEL,12.56,GBP,2.51,VOID
IL904085,INV-52906,2025-09-28,P-1224,SH103558,BASE,602.98,GBP,120.60,OPEN
IL904086,INV-52907,2025-04-21,P-1146,SH103559,BASE,431.08,GBP,86.22,OPEN
IL904087,INV-52908,2025-12-17,P-1021,SH103560,BASE,88.83,GBP,17.77,PAID
IL904088,INV-52909,2026-04-19,P-1091,SH103561,BASE,562.30,GBP,112.46,PAID
IL904089,INV-52910,2025-03-26,P-1176,SH103563,BASE,39.56,GBP,7.91,OPEN
IL904090,INV-52910,2025-03-26,P-1176,SH103563,FUEL,4.13,GBP,0.83,OPEN
IL904091,INV-52911,2026-01-20,P-1022,SH103565,BASE,198.06,GBP,39.61,PAID
IL904092,INV-52912,2026-02-05,P-1082,SH103567,BASE,456.80,GBP,91.36,PAID
IL904093,INV-52913,2026-04-02,P-1174,SH103568,BASE,163.34,GBP,32.67,OPEN
IL904094,INV-52913,2026-04-02,P-1174,SH103568,ACCESSORIAL,14.26,GBP,2.85,OPEN
IL904095,INV-52914,2025-01-13,P-1093,SH103569,BASE,204.86,GBP,40.97,PAID
IL904096,INV-52914,2025-01-13,P-1093,SH103569,FUEL,28.62,GBP,5.72,PAID
IL904097,INV-52915,2026-01-24,P-1120,SH103570,BASE,230.72,GBP,46.14,OPEN
IL904098,INV-52916,2026-01-15,P-1082,SH103571,BASE,93.26,GBP,18.65,OPEN
IL904099,INV-52916,2026-01-15,P-1082,SH103571,ACCESSORIAL,30.75,GBP,6.15,OPEN
IL904100,INV-52917,2026-05-15,P-1170,SH103572,BASE,102.27,GBP,20.45,CREDITED
IL904101,INV-52917,2026-05-15,P-1170,SH103572,FUEL,6.50,GBP,1.30,CREDITED
IL904102,INV-52918,2025-12-19,P-1185,SH103573,BASE,465.74,GBP,93.15,PAID
IL904103,INV-52918,2025-12-19,P-1185,SH103573,ACCESSORIAL,51.16,GBP,10.23,PAID
IL904104,INV-52919,2026-02-02,P-1078,SH103575,BASE,97.26,GBP,19.45,OPEN
IL904105,INV-52919,2026-02-02,P-1078,SH103575,FUEL,9.81,GBP,1.96,OPEN
IL904106,INV-52920,2026-04-17,P-1052,SH103576,BASE,526.90,GBP,105.38,OPEN
IL904107,INV-52921,2026-01-20,P-1005,SH103577,BASE,413.49,GBP,82.70,VOID
IL904108,INV-52922,2025-06-24,P-1154,SH103578,BASE,242.72,GBP,48.54,OPEN
IL904109,INV-52923,2025-12-13,P-1159,SH103580,BASE,526.56,GBP,105.31,PAID
IL904110,INV-52924,2026-04-28,P-1124,SH103581,BASE,181.17,EUR,36.23,PAID
IL904111,INV-52924,2026-04-28,P-1124,SH103581,ACCESSORIAL,32.07,EUR,6.41,PAID
IL904112,INV-52925,2025-06-11,P-1181,SH103583,BASE,139.49,GBP,27.90,PAID
IL904113,INV-52925,2025-06-11,P-1181,SH103583,FUEL,10.73,GBP,2.15,PAID
IL904114,INV-52926,2026-01-01,P-1239,SH103584,BASE,225.95,GBP,45.19,VOID
IL904115,INV-52926,2026-01-01,P-1239,SH103584,FUEL,23.63,GBP,4.73,VOID
IL904116,INV-52927,2025-02-16,P-1229,SH103585,BASE,150.92,GBP,30.18,OPEN
IL904117,INV-52928,2025-01-12,P-1193,SH103586,BASE,102.33,GBP,20.47,PAID
IL904118,INV-52929,2025-12-15,P-1178,SH103588,BASE,431.35,GBP,86.27,PAID
IL904119,INV-52929,2025-12-15,P-1178,SH103588,FUEL,52.22,GBP,10.44,PAID
IL904120,INV-52930,2026-05-05,P-1126,SH103589,BASE,125.65,GBP,25.13,PAID
IL904121,INV-52930,2026-05-05,P-1126,SH103589,FUEL,9.91,GBP,1.98,PAID
IL904122,INV-52931,2025-08-02,P-1110,SH103590,BASE,467.93,GBP,93.59,PAID
IL904123,INV-52932,2026-03-08,P-1157,SH103591,BASE,576.82,GBP,115.36,OPEN
IL904124,INV-52933,2025-08-12,P-1143,SH103592,BASE,508.42,GBP,101.68,PAID
IL904125,INV-52933,2025-08-12,P-1143,SH103592,FUEL,50.14,GBP,10.03,PAID
IL904126,INV-52934,2026-03-21,P-1031,SH103593,BASE,433.19,GBP,86.64,PAID
IL904127,INV-52934,2026-03-21,P-1031,SH103593,FUEL,58.10,GBP,11.62,PAID
IL904128,INV-52935,2025-06-25,P-1141,SH103594,BASE,213.46,GBP,42.69,PAID
IL904129,INV-52936,2025-02-14,P-1211,SH103595,BASE,353.90,GBP,70.78,PAID
IL904130,INV-52937,2025-10-02,P-1107,SH103596,BASE,136.39,GBP,27.28,PAID
IL904131,INV-52938,2025-04-03,P-1212,SH103597,BASE,290.52,GBP,58.10,PAID
IL904132,INV-52939,2025-03-24,P-1204,SH103599,BASE,286.57,GBP,57.31,PAID
IL904133,INV-52940,2026-01-15,P-1065,SH103600,BASE,201.14,GBP,40.23,PAID
IL904134,INV-52941,2025-04-06,P-1179,SH103601,BASE,1169.85,GBP,233.97,PAID
IL904135,INV-52942,2025-05-11,P-1115,SH103602,BASE,109.70,EUR,21.94,PAID
IL904136,INV-52943,2025-05-18,P-1008,SH103603,BASE,917.81,GBP,183.56,PAID
IL904137,INV-52944,2025-03-26,P-1060,SH103604,BASE,244.35,GBP,48.87,PAID
IL904138,INV-52944,2025-03-26,P-1060,SH103604,FUEL,24.17,GBP,4.83,PAID
IL904139,INV-52945,2026-04-28,P-1153,SH103605,BASE,46.30,GBP,9.26,OPEN
IL904140,INV-52945,2026-04-28,P-1153,SH103605,FUEL,3.06,GBP,0.61,OPEN
IL904141,INV-52946,2025-09-23,P-1132,SH103606,BASE,306.79,GBP,61.36,PAID
IL904142,INV-52947,2025-01-28,P-1150,SH103607,BASE,160.20,GBP,32.04,PAID
IL904143,INV-52948,2026-04-19,P-1142,SH103608,BASE,650.02,GBP,130.00,VOID
IL904144,INV-52949,2025-03-19,P-1098,SH103609,BASE,220.15,GBP,44.03,OPEN
IL904145,INV-52949,2025-03-19,P-1098,SH103609,FUEL,27.15,GBP,5.43,OPEN
IL904146,INV-52950,2025-10-11,P-1176,SH103610,BASE,78.40,GBP,15.68,CREDITED
IL904147,INV-52951,2025-09-16,P-1160,SH103611,BASE,164.08,GBP,32.82,PAID
IL904148,INV-52952,2026-03-03,P-1001,SH103613,BASE,550.89,GBP,110.18,CREDITED
IL904149,INV-52953,2025-07-08,P-1129,SH103614,BASE,522.58,EUR,104.52,PAID
IL904150,INV-52954,2025-12-04,P-1148,SH103615,BASE,166.09,GBP,33.22,PAID
IL904151,INV-52954,2025-12-04,P-1148,SH103615,FUEL,16.78,GBP,3.36,PAID
IL904152,INV-52955,2025-05-11,P-1153,SH103618,BASE,421.39,GBP,84.28,PAID
IL904153,INV-52956,2025-09-30,P-1013,SH103619,BASE,52.26,GBP,10.45,PAID
IL904154,INV-52957,2026-02-14,P-1071,SH103621,BASE,300.51,GBP,60.10,OPEN
IL904155,INV-52957,2026-02-14,P-1071,SH103621,FUEL,20.21,GBP,4.04,OPEN
IL904156,INV-52958,2026-01-15,P-1177,SH103622,BASE,34.85,EUR,6.97,PAID
IL904157,INV-52959,2025-09-19,P-1165,SH103623,BASE,516.53,EUR,103.31,OPEN
IL904158,INV-52960,2026-02-14,P-1162,SH103624,BASE,166.72,GBP,33.34,CREDITED
IL904159,INV-52961,2025-02-10,P-1023,SH103625,BASE,556.79,GBP,111.36,PAID
IL904160,INV-52962,2025-08-18,P-1114,SH103626,BASE,472.93,GBP,94.59,OPEN
IL904161,INV-52963,2025-03-01,P-1163,SH103627,BASE,102.28,GBP,20.46,CREDITED
IL904162,INV-52964,2025-12-29,P-1171,SH103628,BASE,630.31,GBP,126.06,PAID
IL904163,INV-52965,2026-02-15,P-1072,SH103629,BASE,356.13,GBP,71.23,PAID
IL904164,INV-52966,2025-06-26,P-1077,SH103630,BASE,385.57,GBP,77.11,PAID
IL904165,INV-52966,2025-06-26,P-1077,SH103630,FUEL,44.92,GBP,8.98,PAID
IL904166,INV-52967,2025-04-28,P-1154,SH103631,BASE,632.58,GBP,126.52,CREDITED
IL904167,INV-52967,2025-04-28,P-1154,SH103631,FUEL,53.93,GBP,10.79,CREDITED
IL904168,INV-52968,2025-09-09,P-1069,SH103634,BASE,55.88,GBP,11.18,PAID
IL904169,INV-52968,2025-09-09,P-1069,SH103634,ACCESSORIAL,33.14,GBP,6.63,PAID
IL904170,INV-52969,2025-09-30,P-1124,SH103635,BASE,457.58,GBP,91.52,PAID
IL904171,INV-52970,2025-01-18,P-1052,SH103636,BASE,310.31,GBP,62.06,PAID
IL904172,INV-52971,2025-02-05,P-1213,SH103637,BASE,164.00,GBP,32.80,PAID
IL904173,INV-52972,2026-01-01,P-1118,SH103638,BASE,312.09,GBP,62.42,PAID
IL904174,INV-52973,2025-08-27,P-1134,SH103639,BASE,377.35,GBP,75.47,PAID
IL904175,INV-52974,2026-04-29,P-1208,SH103641,BASE,200.52,GBP,40.10,PAID
IL904176,INV-52975,2025-11-23,P-1168,SH103642,BASE,231.27,EUR,46.25,PAID
IL904177,INV-52975,2025-11-23,P-1168,SH103642,FUEL,19.24,EUR,3.85,PAID
IL904178,INV-52976,2025-10-08,P-1138,SH103643,BASE,93.71,GBP,18.74,OPEN
IL904179,INV-52977,2025-06-06,P-1125,SH103644,BASE,172.64,GBP,34.53,PAID
IL904180,INV-52978,2025-12-26,P-1177,SH103645,BASE,351.21,GBP,70.24,PAID
IL904181,INV-52978,2025-12-26,P-1177,SH103645,FUEL,38.71,GBP,7.74,PAID
IL904182,INV-52978,2025-12-26,P-1177,SH103645,ACCESSORIAL,35.47,GBP,7.09,PAID
IL904183,INV-52979,2025-09-03,P-1066,SH103648,BASE,142.96,GBP,28.59,PAID
IL904184,INV-52979,2025-09-03,P-1066,SH103648,ACCESSORIAL,33.94,GBP,6.79,PAID
IL904185,INV-52980,2025-08-26,P-1041,SH103649,BASE,554.04,GBP,110.81,OPEN
IL904186,INV-52980,2025-08-26,P-1041,SH103649,FUEL,75.82,GBP,15.16,OPEN
IL904187,INV-52981,2025-04-27,P-1240,SH103650,BASE,989.67,EUR,197.93,PAID
IL904188,INV-52981,2025-04-27,P-1240,SH103650,ACCESSORIAL,12.39,EUR,2.48,PAID
IL904189,INV-52982,2026-03-06,P-1162,SH103651,BASE,118.45,GBP,23.69,PAID
IL904190,INV-52983,2026-01-10,P-1029,SH103652,BASE,356.01,GBP,71.20,PAID
IL904191,INV-52984,2025-01-10,P-1025,SH103653,BASE,509.55,EUR,101.91,PAID
IL904192,INV-52984,2025-01-10,P-1025,SH103653,FUEL,61.70,EUR,12.34,PAID
IL904193,INV-52985,2025-07-22,P-1173,SH103654,BASE,220.01,GBP,44.00,PAID
IL904194,INV-52985,2025-07-22,P-1173,SH103654,FUEL,27.90,GBP,5.58,PAID
IL904195,INV-52986,2026-01-15,P-1003,SH103655,BASE,82.76,GBP,16.55,PAID
IL904196,INV-52987,2026-05-23,P-1198,SH103657,BASE,126.53,GBP,25.31,PAID
IL904197,INV-52988,2025-07-11,P-1103,SH103658,BASE,106.64,GBP,21.33,PAID
IL904198,INV-52988,2025-07-11,P-1103,SH103658,FUEL,7.85,GBP,1.57,PAID
IL904199,INV-52989,2026-02-26,P-1115,SH103659,BASE,452.35,EUR,90.47,PAID
IL904200,INV-52990,2025-07-13,P-1229,SH103660,BASE,544.64,GBP,108.93,PAID
IL904201,INV-52990,2025-07-13,P-1229,SH103660,FUEL,38.34,GBP,7.67,PAID
IL904202,INV-52991,2026-04-25,P-1120,SH103661,BASE,333.63,GBP,66.73,OPEN
IL904203,INV-52992,2025-11-20,P-1199,SH103662,BASE,495.72,GBP,99.14,VOID
IL904204,INV-52993,2025-09-13,P-1217,SH103663,BASE,89.73,GBP,17.95,PAID
IL904205,INV-52993,2025-09-13,P-1217,SH103663,FUEL,10.44,GBP,2.09,PAID
IL904206,INV-52994,2026-01-27,P-1117,SH103664,BASE,419.18,GBP,83.84,PAID
IL904207,INV-52995,2025-12-27,P-1019,SH103665,BASE,520.27,GBP,104.05,PAID
IL904208,INV-52996,2025-08-30,P-1162,SH103666,BASE,204.59,GBP,40.92,PAID
IL904209,INV-52996,2025-08-30,P-1162,SH103666,FUEL,16.47,GBP,3.29,PAID
IL904210,INV-52997,2025-10-16,P-1068,SH103668,BASE,264.22,GBP,52.84,CREDITED
IL904211,INV-52998,2025-09-27,P-1125,SH103669,BASE,284.84,GBP,56.97,PAID
IL904212,INV-52999,2026-01-31,P-1220,SH103670,BASE,201.84,GBP,40.37,PAID
IL904213,INV-53000,2026-02-17,P-1184,SH103671,BASE,37.66,GBP,7.53,OPEN
IL904214,INV-53001,2025-12-10,P-1131,SH103672,BASE,277.71,GBP,55.54,OPEN
IL904215,INV-53001,2025-12-10,P-1131,SH103672,FUEL,22.49,GBP,4.50,OPEN
IL904216,INV-53002,2026-03-11,P-1127,SH103673,BASE,193.16,GBP,38.63,OPEN
IL904217,INV-53003,2026-04-07,P-1031,SH103674,BASE,74.64,GBP,14.93,PAID
IL904218,INV-53004,2026-04-18,P-1038,SH103675,BASE,383.01,GBP,76.60,PAID
IL904219,INV-53005,2025-07-18,P-1221,SH103677,BASE,710.03,GBP,142.01,PAID
IL904220,INV-53006,2025-04-17,P-1108,SH103678,BASE,479.28,GBP,95.86,PAID
IL904221,INV-53007,2025-05-30,P-1099,SH103679,BASE,280.69,GBP,56.14,PAID
IL904222,INV-53007,2025-05-30,P-1099,SH103679,FUEL,33.62,GBP,6.72,PAID
IL904223,INV-53008,2025-10-19,P-1040,SH103680,BASE,208.17,GBP,41.63,PAID
IL904224,INV-53008,2025-10-19,P-1040,SH103680,FUEL,17.19,GBP,3.44,PAID
IL904225,INV-53009,2026-05-28,P-1086,SH103681,BASE,269.16,GBP,53.83,PAID
IL904226,INV-53009,2026-05-28,P-1086,SH103681,FUEL,23.76,GBP,4.75,PAID
IL904227,INV-53010,2026-02-12,P-1114,SH103683,BASE,794.41,GBP,158.88,PAID
IL904228,INV-53011,2026-02-27,P-1056,SH103684,BASE,133.36,GBP,26.67,VOID
IL904229,INV-53012,2025-11-22,P-1187,SH103685,BASE,39.25,GBP,7.85,PAID
IL904230,INV-53012,2025-11-22,P-1187,SH103685,FUEL,4.30,GBP,0.86,PAID
IL904231,INV-53013,2025-03-27,P-1113,SH103686,BASE,645.35,GBP,129.07,PAID
IL904232,INV-53014,2026-03-07,P-1185,SH103688,BASE,87.79,GBP,17.56,PAID
IL904233,INV-53014,2026-03-07,P-1185,SH103688,FUEL,8.46,GBP,1.69,PAID
IL904234,INV-53015,2025-11-22,P-1159,SH103690,BASE,191.76,GBP,38.35,PAID
IL904235,INV-53015,2025-11-22,P-1159,SH103690,ACCESSORIAL,51.88,GBP,10.38,PAID
IL904236,INV-53016,2025-04-27,P-1083,SH103691,BASE,465.68,GBP,93.14,PAID
IL904237,INV-53017,2026-02-05,P-1018,SH103692,BASE,590.03,EUR,118.01,PAID
IL904238,INV-53017,2026-02-05,P-1018,SH103692,FUEL,71.67,EUR,14.33,PAID
IL904239,INV-53018,2025-07-25,P-1148,SH103693,BASE,84.42,GBP,16.88,PAID
IL904240,INV-53019,2026-03-15,P-1107,SH103694,BASE,73.15,EUR,14.63,PAID
IL904241,INV-53020,2025-09-20,P-1162,SH103695,BASE,536.30,GBP,107.26,PAID
IL904242,INV-53021,2026-03-01,P-1226,SH103696,BASE,359.85,GBP,71.97,PAID
IL904243,INV-53022,2025-10-22,P-1183,SH103697,BASE,423.43,GBP,84.69,OPEN
IL904244,INV-53023,2026-02-12,P-1092,SH103698,BASE,211.24,GBP,42.25,OPEN
IL904245,INV-53024,2025-05-25,P-1043,SH103700,BASE,900.33,GBP,180.07,PAID
IL904246,INV-53025,2026-04-12,P-1142,SH103701,BASE,163.02,GBP,32.60,PAID
IL904247,INV-53026,2026-03-29,P-1213,SH103702,BASE,627.80,GBP,125.56,PAID
IL904248,INV-53027,2025-04-11,P-1007,SH103703,BASE,99.14,GBP,19.83,PAID
IL904249,INV-53027,2025-04-11,P-1007,SH103703,FUEL,10.41,GBP,2.08,PAID
IL904250,INV-53028,2025-04-06,P-1098,SH103704,BASE,54.71,GBP,10.94,PAID
IL904251,INV-53029,2026-02-10,P-1039,SH103705,BASE,218.79,GBP,43.76,PAID
IL904252,INV-53029,2026-02-10,P-1039,SH103705,FUEL,28.06,GBP,5.61,PAID
IL904253,INV-53030,2025-06-27,P-1146,SH103706,BASE,193.35,GBP,38.67,PAID
IL904254,INV-53031,2025-02-22,P-1158,SH103707,BASE,627.02,GBP,125.40,VOID
IL904255,INV-53032,2025-01-20,P-1063,SH103708,BASE,77.31,GBP,15.46,PAID
IL904256,INV-53033,2026-05-02,P-1091,SH103710,BASE,297.52,EUR,59.50,CREDITED
IL904257,INV-53034,2025-02-06,P-1082,SH103711,BASE,91.88,GBP,18.38,PAID
IL904258,INV-53035,2026-01-11,P-1156,SH103712,BASE,552.31,EUR,110.46,OPEN
IL904259,INV-53036,2025-05-16,P-1069,SH103713,BASE,244.35,GBP,48.87,PAID
IL904260,INV-53036,2025-05-16,P-1069,SH103713,FUEL,23.99,GBP,4.80,PAID
IL904261,INV-53037,2026-05-10,P-1192,SH103714,BASE,126.45,GBP,25.29,CREDITED
IL904262,INV-53037,2026-05-10,P-1192,SH103714,FUEL,11.13,GBP,2.23,CREDITED
IL904263,INV-53038,2026-02-23,P-1022,SH103716,BASE,36.47,EUR,7.29,CREDITED
IL904264,INV-53039,2025-10-27,P-1202,SH103717,BASE,534.14,GBP,106.83,CREDITED
IL904265,INV-53039,2025-10-27,P-1202,SH103717,FUEL,54.68,GBP,10.94,CREDITED
IL904266,INV-53040,2026-03-31,P-1134,SH103718,BASE,151.72,GBP,30.34,PAID
IL904267,INV-53041,2025-08-15,P-1078,SH103720,BASE,258.14,GBP,51.63,OPEN
IL904268,INV-53041,2025-08-15,P-1078,SH103720,FUEL,35.65,GBP,7.13,OPEN
IL904269,INV-53042,2026-02-11,P-1035,SH103721,BASE,137.64,GBP,27.53,PAID
IL904270,INV-53043,2025-02-07,P-1125,SH103722,BASE,43.80,GBP,8.76,OPEN
IL904271,INV-53043,2025-02-07,P-1125,SH103722,ACCESSORIAL,46.02,GBP,9.20,OPEN
IL904272,INV-53044,2025-01-16,P-1240,SH103723,BASE,794.01,GBP,158.80,VOID
IL904273,INV-53044,2025-01-16,P-1240,SH103723,FUEL,66.36,GBP,13.27,VOID
IL904274,INV-53045,2026-03-12,P-1174,SH103724,BASE,319.05,GBP,63.81,PAID
IL904275,INV-53046,2026-03-29,P-1009,SH103725,BASE,94.71,GBP,18.94,PAID
IL904276,INV-53047,2026-02-24,P-1017,SH103726,BASE,70.39,GBP,14.08,PAID
IL904277,INV-53048,2025-03-24,P-1067,SH103727,BASE,163.32,EUR,32.66,OPEN
IL904278,INV-53049,2025-08-01,P-1037,SH103729,BASE,197.39,GBP,39.48,PAID
IL904279,INV-53049,2025-08-01,P-1037,SH103729,ACCESSORIAL,36.22,GBP,7.24,PAID
IL904280,INV-53050,2025-06-18,P-1238,SH103730,BASE,520.73,GBP,104.15,OPEN
IL904281,INV-53051,2025-05-20,P-1200,SH103731,BASE,641.25,GBP,128.25,PAID
IL904282,INV-53052,2025-09-15,P-1008,SH103732,BASE,231.64,GBP,46.33,PAID
IL904283,INV-53052,2025-09-15,P-1008,SH103732,FUEL,30.96,GBP,6.19,PAID
IL904284,INV-53052,2025-09-15,P-1008,SH103732,ACCESSORIAL,33.49,GBP,6.70,PAID
IL904285,INV-53053,2025-10-24,P-1184,SH103734,BASE,627.94,GBP,125.59,OPEN
IL904286,INV-53053,2025-10-24,P-1184,SH103734,FUEL,40.65,GBP,8.13,OPEN
IL904287,INV-53054,2025-08-14,P-1040,SH103735,BASE,320.72,GBP,64.14,PAID
IL904288,INV-53054,2025-08-14,P-1040,SH103735,FUEL,21.13,GBP,4.23,PAID
IL904289,INV-53055,2025-06-14,P-1168,SH103737,BASE,416.06,GBP,83.21,PAID
IL904290,INV-53056,2025-09-21,P-1044,SH103738,BASE,746.27,GBP,149.25,PAID
IL904291,INV-53057,2025-08-19,P-1007,SH103740,BASE,226.89,GBP,45.38,PAID
IL904292,INV-53058,2026-03-22,P-1126,SH103741,BASE,216.68,GBP,43.34,OPEN
IL904293,INV-53059,2025-08-29,P-1159,SH103742,BASE,619.23,GBP,123.85,PAID
IL904294,INV-53060,2025-10-29,P-1133,SH103743,BASE,34.35,GBP,6.87,OPEN
IL904295,INV-53061,2025-01-05,P-1041,SH103744,BASE,509.52,GBP,101.90,CREDITED
IL904296,INV-53062,2026-02-24,P-1236,SH103745,BASE,66.73,GBP,13.35,PAID
IL904297,INV-53062,2026-02-24,P-1236,SH103745,FUEL,7.29,GBP,1.46,PAID
IL904298,INV-53063,2026-01-24,P-1143,SH103746,BASE,236.58,GBP,47.32,CREDITED
IL904299,INV-53064,2025-02-09,P-1113,SH103747,BASE,177.11,GBP,35.42,PAID
IL904300,INV-53065,2025-05-07,P-1028,SH103748,BASE,209.46,GBP,41.89,OPEN
IL904301,INV-53066,2025-05-29,P-1141,SH103749,BASE,355.56,GBP,71.11,OPEN
IL904302,INV-53067,2026-03-31,P-1075,SH103750,BASE,529.85,GBP,105.97,PAID
IL904303,INV-53068,2025-08-21,P-1133,SH103752,BASE,143.57,GBP,28.71,PAID
IL904304,INV-53069,2025-12-07,P-1047,SH103753,BASE,367.06,GBP,73.41,CREDITED
IL904305,INV-53069,2025-12-07,P-1047,SH103753,FUEL,22.08,GBP,4.42,CREDITED
IL904306,INV-53070,2025-09-02,P-1095,SH103754,BASE,283.72,GBP,56.74,PAID
IL904307,INV-53070,2025-09-02,P-1095,SH103754,FUEL,23.70,GBP,4.74,PAID
IL904308,INV-53071,2025-04-29,P-1099,SH103755,BASE,611.91,GBP,122.38,PAID
IL904309,INV-53072,2026-05-10,P-1076,SH103756,BASE,379.58,GBP,75.92,OPEN
IL904310,INV-53072,2026-05-10,P-1076,SH103756,FUEL,42.59,GBP,8.52,OPEN
IL904311,INV-53073,2025-05-05,P-1164,SH103757,BASE,466.13,EUR,93.23,VOID
IL904312,INV-53074,2026-05-11,P-1062,SH103760,BASE,326.12,GBP,65.22,PAID
IL904313,INV-53074,2026-05-11,P-1062,SH103760,FUEL,30.62,GBP,6.12,PAID
IL904314,INV-53075,2026-02-11,P-1140,SH103762,BASE,56.33,GBP,11.27,PAID
IL904315,INV-53076,2025-10-05,P-1049,SH103763,BASE,348.46,GBP,69.69,PAID
IL904316,INV-53077,2025-07-09,P-1043,SH103764,BASE,130.07,GBP,26.01,PAID
IL904317,INV-53078,2025-10-02,P-1156,SH103765,BASE,648.71,GBP,129.74,PAID
IL904318,INV-53079,2026-04-28,P-1040,SH103766,BASE,260.88,GBP,52.18,PAID
IL904319,INV-53079,2026-04-28,P-1040,SH103766,FUEL,18.13,GBP,3.63,PAID
IL904320,INV-53080,2025-08-09,P-1213,SH103767,BASE,202.00,GBP,40.40,PAID
IL904321,INV-53081,2026-03-19,P-1091,SH103768,BASE,131.27,GBP,26.25,PAID
IL904322,INV-53082,2025-12-12,P-1120,SH103769,BASE,153.78,GBP,30.76,PAID
IL904323,INV-53083,2025-04-22,P-1022,SH103770,BASE,597.39,GBP,119.48,CREDITED
IL904324,INV-53084,2025-10-12,P-1211,SH103771,BASE,269.88,GBP,53.98,PAID
IL904325,INV-53085,2026-04-30,P-1067,SH103772,BASE,877.36,GBP,175.47,PAID
IL904326,INV-53085,2026-04-30,P-1067,SH103772,FUEL,114.84,GBP,22.97,PAID
IL904327,INV-53086,2025-06-06,P-1051,SH103773,BASE,234.55,EUR,46.91,PAID
IL904328,INV-53086,2025-06-06,P-1051,SH103773,FUEL,26.94,EUR,5.39,PAID
IL904329,INV-53087,2025-02-12,P-1022,SH103774,BASE,150.85,GBP,30.17,CREDITED
IL904330,INV-53088,2026-01-04,P-1192,SH103775,BASE,415.80,GBP,83.16,OPEN
IL904331,INV-53089,2026-01-11,P-1239,SH103776,BASE,368.17,EUR,73.63,CREDITED
IL904332,INV-53090,2025-09-29,P-1133,SH103777,BASE,472.92,GBP,94.58,OPEN
IL904333,INV-53091,2025-12-17,P-1149,SH103778,BASE,627.82,EUR,125.56,PAID
IL904334,INV-53091,2025-12-17,P-1149,SH103778,FUEL,39.97,EUR,7.99,PAID
IL904335,INV-53092,2025-07-05,P-1222,SH103779,BASE,699.48,EUR,139.90,PAID
IL904336,INV-53093,2025-06-12,P-1071,SH103780,BASE,353.59,GBP,70.72,PAID
IL904337,INV-53094,2025-04-24,P-1070,SH103781,BASE,29.02,GBP,5.80,CREDITED
IL904338,INV-53095,2025-05-09,P-1156,SH103782,BASE,902.14,GBP,180.43,PAID
IL904339,INV-53096,2025-07-24,P-1173,SH103783,BASE,118.34,GBP,23.67,VOID
IL904340,INV-53097,2026-01-13,P-1228,SH103784,BASE,402.45,EUR,80.49,OPEN
IL904341,INV-53098,2025-12-05,P-1009,SH103785,BASE,145.26,GBP,29.05,OPEN
IL904342,INV-53098,2025-12-05,P-1009,SH103785,ACCESSORIAL,9.94,GBP,1.99,OPEN
IL904343,INV-53099,2025-02-08,P-1180,SH103786,BASE,59.28,GBP,11.86,PAID
IL904344,INV-53099,2025-02-08,P-1180,SH103786,FUEL,4.00,GBP,0.80,PAID
IL904345,INV-53100,2025-03-17,P-1208,SH103787,BASE,544.83,GBP,108.97,OPEN
IL904346,INV-53101,2025-12-08,P-1153,SH103789,BASE,648.83,GBP,129.77,OPEN
IL904347,INV-53101,2025-12-08,P-1153,SH103789,ACCESSORIAL,28.56,GBP,5.71,OPEN
IL904348,INV-53102,2026-05-08,P-1166,SH103790,BASE,365.65,GBP,73.13,PAID
IL904349,INV-53103,2025-02-25,P-1177,SH103791,BASE,632.76,GBP,126.55,OPEN
IL904350,INV-53103,2025-02-25,P-1177,SH103791,FUEL,51.86,GBP,10.37,OPEN
IL904351,INV-53104,2025-09-09,P-1034,SH103792,BASE,61.55,GBP,12.31,CREDITED
IL904352,INV-53105,2026-03-01,P-1084,SH103793,BASE,236.23,GBP,47.25,CREDITED
IL904353,INV-53106,2025-07-03,P-1154,SH103794,BASE,62.90,GBP,12.58,PAID
IL904354,INV-53106,2025-07-03,P-1154,SH103794,FUEL,6.70,GBP,1.34,PAID
IL904355,INV-53107,2026-04-04,P-1144,SH103796,BASE,398.93,GBP,79.79,OPEN
IL904356,INV-53107,2026-04-04,P-1144,SH103796,FUEL,46.08,GBP,9.22,OPEN
IL904357,INV-53108,2025-03-13,P-1037,SH103797,BASE,129.56,GBP,25.91,VOID
IL904358,INV-53108,2025-03-13,P-1037,SH103797,ACCESSORIAL,29.90,GBP,5.98,VOID
IL904359,INV-53109,2025-05-26,P-1070,SH103798,BASE,128.92,GBP,25.78,PAID
IL904360,INV-53109,2025-05-26,P-1070,SH103798,FUEL,9.99,GBP,2.00,PAID
IL904361,INV-53109,2025-05-26,P-1070,SH103798,ACCESSORIAL,15.59,GBP,3.12,PAID
IL904362,INV-53110,2025-07-11,P-1083,SH103799,BASE,1026.73,GBP,205.35,PAID
IL904363,INV-53110,2025-07-11,P-1083,SH103799,FUEL,126.09,GBP,25.22,PAID
IL904364,INV-53111,2025-10-11,P-1116,SH103801,BASE,145.73,GBP,29.15,PAID
IL904365,INV-53111,2025-10-11,P-1116,SH103801,ACCESSORIAL,9.48,GBP,1.90,PAID
IL904366,INV-53112,2025-09-14,P-1160,SH103802,BASE,74.28,GBP,14.86,PAID
IL904367,INV-53113,2025-09-25,P-1100,SH103803,BASE,325.28,GBP,65.06,PAID
IL904368,INV-53114,2025-05-04,P-1026,SH103804,BASE,653.98,GBP,130.80,CREDITED
IL904369,INV-53114,2025-05-04,P-1026,SH103804,FUEL,39.68,GBP,7.94,CREDITED
IL904370,INV-53115,2026-02-10,P-1005,SH103805,BASE,708.68,GBP,141.74,OPEN
IL904371,INV-53115,2026-02-10,P-1005,SH103805,FUEL,61.18,GBP,12.24,OPEN
IL904372,INV-53116,2026-01-28,P-1062,SH103807,BASE,295.36,GBP,59.07,VOID
IL904373,INV-53117,2025-06-14,P-1229,SH103808,BASE,840.82,GBP,168.16,PAID
IL904374,INV-53118,2026-04-04,P-1068,SH103809,BASE,262.50,GBP,52.50,PAID
IL904375,INV-53119,2025-11-13,P-1209,SH103810,BASE,468.84,EUR,93.77,PAID
IL904376,INV-53119,2025-11-13,P-1209,SH103810,FUEL,34.46,EUR,6.89,PAID
IL904377,INV-53120,2026-01-01,P-1163,SH103812,BASE,88.59,GBP,17.72,PAID
IL904378,INV-53121,2026-04-16,P-1213,SH103813,BASE,151.65,EUR,30.33,PAID
IL904379,INV-53122,2025-04-19,P-1028,SH103814,BASE,113.18,EUR,22.64,PAID
IL904380,INV-53123,2025-09-10,P-1109,SH103815,BASE,647.08,GBP,129.42,PAID
IL904381,INV-53124,2025-10-24,P-1204,SH103816,BASE,709.70,GBP,141.94,PAID
IL904382,INV-53124,2025-10-24,P-1204,SH103816,FUEL,71.25,GBP,14.25,PAID
IL904383,INV-53125,2025-06-20,P-1073,SH103818,BASE,396.62,GBP,79.32,OPEN
IL904384,INV-53126,2025-09-25,P-1153,SH103819,BASE,641.37,EUR,128.27,PAID
IL904385,INV-53126,2025-09-25,P-1153,SH103819,FUEL,74.30,EUR,14.86,PAID
IL904386,INV-53127,2025-04-19,P-1236,SH103821,BASE,559.21,GBP,111.84,PAID
IL904387,INV-53128,2025-06-17,P-1064,SH103822,BASE,108.98,GBP,21.80,PAID
IL904388,INV-53128,2025-06-17,P-1064,SH103822,FUEL,8.08,GBP,1.62,PAID
IL904389,INV-53129,2025-05-04,P-1029,SH103824,BASE,41.28,EUR,8.26,PAID
IL904390,INV-53130,2025-10-07,P-1187,SH103825,BASE,108.02,GBP,21.60,PAID
IL904391,INV-53131,2026-05-09,P-1038,SH103826,BASE,69.95,EUR,13.99,OPEN
IL904392,INV-53132,2025-10-17,P-1038,SH103827,BASE,118.97,EUR,23.79,PAID
IL904393,INV-53133,2026-03-18,P-1076,SH103828,BASE,695.02,GBP,139.00,PAID
IL904394,INV-53133,2026-03-18,P-1076,SH103828,FUEL,58.80,GBP,11.76,PAID
IL904395,INV-53134,2026-02-17,P-1120,SH103829,BASE,539.85,GBP,107.97,PAID
IL904396,INV-53135,2025-08-01,P-1132,SH103830,BASE,533.63,GBP,106.73,PAID
IL904397,INV-53136,2026-03-30,P-1140,SH103832,BASE,277.74,GBP,55.55,VOID
IL904398,INV-53137,2025-12-01,P-1169,SH103834,BASE,248.52,GBP,49.70,PAID
IL904399,INV-53138,2025-01-10,P-1041,SH103835,BASE,195.48,EUR,39.10,PAID
IL904400,INV-53139,2026-05-20,P-1230,SH103836,BASE,239.88,GBP,47.98,OPEN
IL904401,INV-53139,2026-05-20,P-1230,SH103836,FUEL,33.50,GBP,6.70,OPEN
IL904402,INV-53140,2025-05-20,P-1148,SH103837,BASE,527.70,GBP,105.54,PAID
IL904403,INV-53141,2025-03-13,P-1135,SH103838,BASE,631.76,GBP,126.35,PAID
IL904404,INV-53141,2025-03-13,P-1135,SH103838,FUEL,85.19,GBP,17.04,PAID
IL904405,INV-53142,2025-08-09,P-1163,SH103839,BASE,55.59,GBP,11.12,PAID
IL904406,INV-53143,2025-09-13,P-1157,SH103840,BASE,302.45,EUR,60.49,PAID
IL904407,INV-53144,2026-04-08,P-1015,SH103841,BASE,1013.44,GBP,202.69,PAID
IL904408,INV-53145,2025-12-05,P-1097,SH103842,BASE,421.86,GBP,84.37,PAID
IL904409,INV-53145,2025-12-05,P-1097,SH103842,FUEL,50.35,GBP,10.07,PAID
IL904410,INV-53146,2026-02-18,P-1006,SH103843,BASE,857.81,GBP,171.56,OPEN
IL904411,INV-53146,2026-02-18,P-1006,SH103843,FUEL,53.19,GBP,10.64,OPEN
IL904412,INV-53147,2026-04-12,P-1155,SH103844,BASE,447.56,GBP,89.51,PAID
IL904413,INV-53147,2026-04-12,P-1155,SH103844,FUEL,30.94,GBP,6.19,PAID
IL904414,INV-53148,2025-04-01,P-1088,SH103845,BASE,238.05,GBP,47.61,OPEN
IL904415,INV-53149,2025-03-03,P-1097,SH103846,BASE,104.32,GBP,20.86,PAID
IL904416,INV-53149,2025-03-03,P-1097,SH103846,FUEL,14.01,GBP,2.80,PAID
IL904417,INV-53150,2026-03-06,P-1174,SH103847,BASE,255.65,GBP,51.13,OPEN
IL904418,INV-53150,2026-03-06,P-1174,SH103847,FUEL,29.32,GBP,5.86,OPEN
IL904419,INV-53151,2025-09-06,P-1080,SH103848,BASE,272.49,GBP,54.50,PAID
IL904420,INV-53152,2025-02-26,P-1168,SH103849,BASE,83.61,GBP,16.72,OPEN
IL904421,INV-53152,2025-02-26,P-1168,SH103849,FUEL,5.50,GBP,1.10,OPEN
IL904422,INV-53153,2025-08-11,P-1222,SH103850,BASE,515.48,EUR,103.10,PAID
IL904423,INV-53154,2025-06-17,P-1010,SH103851,BASE,281.83,GBP,56.37,PAID
IL904424,INV-53154,2025-06-17,P-1010,SH103851,FUEL,28.52,GBP,5.70,PAID
IL904425,INV-53155,2025-04-19,P-1174,SH103852,BASE,91.58,GBP,18.32,PAID
IL904426,INV-53156,2026-02-17,P-1008,SH103853,BASE,552.54,GBP,110.51,PAID
IL904427,INV-53157,2025-01-11,P-1119,SH103854,BASE,402.94,GBP,80.59,OPEN
IL904428,INV-53158,2025-06-28,P-1084,SH103856,BASE,222.32,GBP,44.46,PAID
IL904429,INV-53158,2025-06-28,P-1084,SH103856,FUEL,28.16,GBP,5.63,PAID
IL904430,INV-53159,2025-12-01,P-1061,SH103857,BASE,535.74,EUR,107.15,PAID
IL904431,INV-53159,2025-12-01,P-1061,SH103857,FUEL,66.10,EUR,13.22,PAID
IL904432,INV-53160,2026-03-19,P-1194,SH103860,BASE,517.37,GBP,103.47,CREDITED
IL904433,INV-53160,2026-03-19,P-1194,SH103860,FUEL,64.79,GBP,12.96,CREDITED
IL904434,INV-53161,2025-06-27,P-1027,SH103861,BASE,521.90,EUR,104.38,PAID
IL904435,INV-53161,2025-06-27,P-1027,SH103861,FUEL,64.67,EUR,12.93,PAID
IL904436,INV-53162,2025-01-27,P-1054,SH103863,BASE,582.07,GBP,116.41,PAID
IL904437,INV-53163,2025-04-10,P-1004,SH103867,BASE,332.50,GBP,66.50,CREDITED
IL904438,INV-53164,2026-03-08,P-1163,SH103868,BASE,42.40,EUR,8.48,CREDITED
IL904439,INV-53164,2026-03-08,P-1163,SH103868,FUEL,3.77,EUR,0.75,CREDITED
IL904440,INV-53165,2025-12-31,P-1236,SH103870,BASE,189.07,GBP,37.81,PAID
IL904441,INV-53166,2025-02-01,P-1083,SH103872,BASE,432.10,GBP,86.42,OPEN
IL904442,INV-53167,2026-01-20,P-1202,SH103873,BASE,540.14,GBP,108.03,PAID
IL904443,INV-53168,2026-03-19,P-1018,SH103875,BASE,959.92,GBP,191.98,PAID
IL904444,INV-53169,2025-06-25,P-1135,SH103876,BASE,65.67,GBP,13.13,PAID
IL904445,INV-53169,2025-06-25,P-1135,SH103876,ACCESSORIAL,27.06,GBP,5.41,PAID
IL904446,INV-53170,2025-09-15,P-1199,SH103877,BASE,245.22,GBP,49.04,OPEN
IL904447,INV-53170,2025-09-15,P-1199,SH103877,ACCESSORIAL,29.87,GBP,5.97,OPEN
IL904448,INV-53171,2025-08-13,P-1203,SH103878,BASE,391.97,GBP,78.39,OPEN
IL904449,INV-53171,2025-08-13,P-1203,SH103878,FUEL,34.00,GBP,6.80,OPEN
IL904450,INV-53172,2025-08-22,P-1159,SH103879,BASE,397.51,GBP,79.50,PAID
IL904451,INV-53173,2025-09-20,P-1125,SH103881,BASE,364.60,GBP,72.92,PAID
IL904452,INV-53174,2026-06-03,P-1083,SH103882,BASE,199.31,GBP,39.86,CREDITED
IL904453,INV-53174,2026-06-03,P-1083,SH103882,ACCESSORIAL,23.50,GBP,4.70,CREDITED
IL904454,INV-53175,2025-11-30,P-1065,SH103883,BASE,53.45,GBP,10.69,OPEN
IL904455,INV-53175,2025-11-30,P-1065,SH103883,FUEL,4.06,GBP,0.81,OPEN
IL904456,INV-53176,2025-06-20,P-1035,SH103884,BASE,38.17,GBP,7.63,PAID
IL904457,INV-53176,2025-06-20,P-1035,SH103884,FUEL,5.29,GBP,1.06,PAID
IL904458,INV-53177,2025-09-13,P-1116,SH103885,BASE,573.81,GBP,114.76,OPEN
IL904459,INV-53177,2025-09-13,P-1116,SH103885,FUEL,77.83,GBP,15.57,OPEN
IL904460,INV-53178,2025-04-28,P-1237,SH103886,BASE,265.88,EUR,53.18,PAID
IL904461,INV-53179,2025-08-12,P-1213,SH103888,BASE,91.05,GBP,18.21,OPEN
IL904462,INV-53180,2025-01-18,P-1075,SH103889,BASE,973.90,GBP,194.78,PAID
IL904463,INV-53181,2025-10-25,P-1021,SH103890,BASE,102.33,GBP,20.47,PAID
IL904464,INV-53182,2025-08-27,P-1215,SH103891,BASE,429.12,GBP,85.82,PAID
IL904465,INV-53182,2025-08-27,P-1215,SH103891,FUEL,50.71,GBP,10.14,PAID
IL904466,INV-53182,2025-08-27,P-1215,SH103891,ACCESSORIAL,14.90,GBP,2.98,PAID
IL904467,INV-53183,2025-11-03,P-1208,SH103893,BASE,1024.67,GBP,204.93,PAID
IL904468,INV-53184,2025-06-16,P-1096,SH103894,BASE,345.02,GBP,69.00,PAID
IL904469,INV-53185,2025-12-16,P-1006,SH103895,BASE,856.60,GBP,171.32,OPEN
IL904470,INV-53186,2026-04-05,P-1024,SH103896,BASE,675.65,GBP,135.13,PAID
IL904471,INV-53186,2026-04-05,P-1024,SH103896,ACCESSORIAL,58.70,GBP,11.74,PAID
IL904472,INV-53187,2026-03-09,P-1236,SH103899,BASE,261.22,GBP,52.24,OPEN
IL904473,INV-53188,2026-05-14,P-1220,SH103900,BASE,196.36,GBP,39.27,PAID
IL904474,INV-53188,2026-05-14,P-1220,SH103900,FUEL,16.32,GBP,3.26,PAID
IL904475,INV-53189,2025-03-05,P-1112,SH103902,BASE,867.57,GBP,173.51,PAID
IL904476,INV-53189,2025-03-05,P-1112,SH103902,FUEL,69.68,GBP,13.94,PAID
IL904477,INV-53190,2025-07-14,P-1041,SH103903,BASE,83.07,GBP,16.61,PAID
IL904478,INV-53190,2025-07-14,P-1041,SH103903,FUEL,6.18,GBP,1.24,PAID
IL904479,INV-53191,2026-02-22,P-1229,SH103904,BASE,256.78,EUR,51.36,VOID
IL904480,INV-53192,2025-12-02,P-1189,SH103906,BASE,198.67,GBP,39.73,PAID
IL904481,INV-53193,2026-05-16,P-1082,SH103907,BASE,130.27,GBP,26.05,OPEN
IL904482,INV-53194,2026-01-14,P-1055,SH103908,BASE,199.05,GBP,39.81,PAID
IL904483,INV-53194,2026-01-14,P-1055,SH103908,FUEL,19.84,GBP,3.97,PAID
IL904484,INV-53195,2025-09-23,P-1218,SH103909,BASE,181.85,GBP,36.37,OPEN
IL904485,INV-53195,2025-09-23,P-1218,SH103909,FUEL,16.73,GBP,3.35,OPEN
IL904486,INV-53196,2025-02-23,P-1039,SH103910,BASE,739.87,GBP,147.97,OPEN
IL904487,INV-53197,2025-09-12,P-1112,SH103911,BASE,336.49,EUR,67.30,PAID
IL904488,INV-53197,2025-09-12,P-1112,SH103911,FUEL,22.80,EUR,4.56,PAID
IL904489,INV-53198,2026-03-06,P-1083,SH103912,BASE,185.92,GBP,37.18,OPEN
IL904490,INV-53198,2026-03-06,P-1083,SH103912,FUEL,20.53,GBP,4.11,OPEN
IL904491,INV-53199,2025-03-27,P-1050,SH103913,BASE,313.78,GBP,62.76,PAID
IL904492,INV-53200,2025-07-18,P-1035,SH103915,BASE,312.81,GBP,62.56,OPEN
IL904493,INV-53201,2025-02-18,P-1073,SH103916,BASE,391.39,GBP,78.28,OPEN
IL904494,INV-53202,2026-03-18,P-1155,SH103917,BASE,80.65,EUR,16.13,PAID
IL904495,INV-53203,2026-03-11,P-1199,SH103918,BASE,189.25,GBP,37.85,OPEN
IL904496,INV-53204,2025-06-24,P-1113,SH103920,BASE,184.42,GBP,36.88,PAID
IL904497,INV-53205,2026-01-25,P-1174,SH103921,BASE,308.40,GBP,61.68,PAID
IL904498,INV-53206,2025-06-13,P-1111,SH103922,BASE,696.63,GBP,139.33,PAID
IL904499,INV-53207,2026-01-06,P-1198,SH103923,BASE,288.21,GBP,57.64,PAID
IL904500,INV-53207,2026-01-06,P-1198,SH103923,FUEL,25.95,GBP,5.19,PAID
IL904501,INV-53208,2025-03-06,P-1036,SH103924,BASE,70.19,EUR,14.04,PAID
IL904502,INV-53209,2025-12-29,P-1213,SH103925,BASE,136.60,GBP,27.32,VOID
IL904503,INV-53210,2025-05-03,P-1187,SH103926,BASE,614.51,GBP,122.90,PAID
IL904504,INV-53210,2025-05-03,P-1187,SH103926,FUEL,74.89,GBP,14.98,PAID
IL904505,INV-53211,2025-05-11,P-1075,SH103928,BASE,326.04,EUR,65.21,VOID
IL904506,INV-53211,2025-05-11,P-1075,SH103928,FUEL,33.03,EUR,6.61,VOID
IL904507,INV-53212,2025-06-08,P-1239,SH103929,BASE,432.00,GBP,86.40,OPEN
IL904508,INV-53212,2025-06-08,P-1239,SH103929,FUEL,31.28,GBP,6.26,OPEN
IL904509,INV-53213,2025-08-11,P-1008,SH103931,BASE,394.27,GBP,78.85,PAID
IL904510,INV-53214,2025-03-02,P-1050,SH103932,BASE,217.20,GBP,43.44,CREDITED
IL904511,INV-53214,2025-03-02,P-1050,SH103932,FUEL,16.84,GBP,3.37,CREDITED
IL904512,INV-53215,2025-11-27,P-1085,SH103934,BASE,663.09,GBP,132.62,PAID
IL904513,INV-53216,2026-02-14,P-1089,SH103935,BASE,591.71,GBP,118.34,PAID
IL904514,INV-53216,2026-02-14,P-1089,SH103935,FUEL,38.75,GBP,7.75,PAID
IL904515,INV-53217,2026-05-21,P-1167,SH103936,BASE,712.10,GBP,142.42,PAID
IL904516,INV-53218,2025-04-07,P-1202,SH103937,BASE,390.88,GBP,78.18,PAID
IL904517,INV-53219,2025-07-20,P-1083,SH103938,BASE,668.16,EUR,133.63,PAID
IL904518,INV-53220,2025-08-06,P-1008,SH103939,BASE,255.33,EUR,51.07,VOID
IL904519,INV-53220,2025-08-06,P-1008,SH103939,FUEL,29.38,EUR,5.88,VOID
IL904520,INV-53221,2026-01-20,P-1175,SH103940,BASE,595.69,GBP,119.14,PAID
IL904521,INV-53221,2026-01-20,P-1175,SH103940,FUEL,61.90,GBP,12.38,PAID
IL904522,INV-53222,2025-09-08,P-1039,SH103942,BASE,589.33,GBP,117.87,PAID
IL904523,INV-53223,2025-10-08,P-1041,SH103943,BASE,87.40,GBP,17.48,PAID
IL904524,INV-53223,2025-10-08,P-1041,SH103943,FUEL,11.20,GBP,2.24,PAID
IL904525,INV-53224,2026-04-18,P-1068,SH103944,BASE,223.34,GBP,44.67,PAID
IL904526,INV-53225,2025-07-29,P-1145,SH103945,BASE,340.32,GBP,68.06,PAID
IL904527,INV-53226,2025-08-01,P-1192,SH103946,BASE,334.35,GBP,66.87,PAID
IL904528,INV-53227,2025-04-28,P-1056,SH103947,BASE,116.32,GBP,23.26,OPEN
IL904529,INV-53227,2025-04-28,P-1056,SH103947,FUEL,10.25,GBP,2.05,OPEN
IL904530,INV-53228,2025-02-04,P-1062,SH103948,BASE,120.88,GBP,24.18,PAID
IL904531,INV-53229,2025-11-22,P-1232,SH103951,BASE,655.01,GBP,131.00,PAID
IL904532,INV-53230,2025-08-10,P-1008,SH103952,BASE,505.41,GBP,101.08,OPEN
IL904533,INV-53231,2025-11-11,P-1170,SH103953,BASE,210.29,GBP,42.06,PAID
IL904534,INV-53231,2025-11-11,P-1170,SH103953,FUEL,27.70,GBP,5.54,PAID
IL904535,INV-53232,2026-02-07,P-1007,SH103954,BASE,283.03,GBP,56.61,PAID
IL904536,INV-53232,2026-02-07,P-1007,SH103954,FUEL,17.15,GBP,3.43,PAID
IL904537,INV-53233,2025-05-11,P-1086,SH103955,BASE,108.64,GBP,21.73,PAID
IL904538,INV-53234,2025-10-31,P-1210,SH103956,BASE,496.08,GBP,99.22,PAID
IL904539,INV-53235,2025-03-20,P-1213,SH103958,BASE,110.57,EUR,22.11,OPEN
IL904540,INV-53236,2025-01-14,P-1095,SH103959,BASE,1105.93,GBP,221.19,PAID
IL904541,INV-53237,2025-04-14,P-1199,SH103961,BASE,828.20,GBP,165.64,OPEN
IL904542,INV-53237,2025-04-14,P-1199,SH103961,FUEL,103.40,GBP,20.68,OPEN
IL904543,INV-53237,2025-04-14,P-1199,SH103961,ACCESSORIAL,30.14,GBP,6.03,OPEN
IL904544,INV-53238,2025-12-02,P-1031,SH103962,BASE,1047.02,GBP,209.40,OPEN
IL904545,INV-53238,2025-12-02,P-1031,SH103962,FUEL,119.09,GBP,23.82,OPEN
IL904546,INV-53239,2026-01-29,P-1017,SH103963,BASE,419.47,EUR,83.89,PAID
IL904547,INV-53240,2026-02-15,P-1130,SH103964,BASE,95.41,GBP,19.08,PAID
IL904548,INV-53241,2026-04-27,P-1154,SH103965,BASE,127.05,GBP,25.41,PAID
IL904549,INV-53242,2025-12-31,P-1132,SH103966,BASE,559.86,GBP,111.97,PAID
IL904550,INV-53242,2025-12-31,P-1132,SH103966,FUEL,59.47,GBP,11.89,PAID
IL904551,INV-53243,2025-06-13,P-1098,SH103967,BASE,80.46,GBP,16.09,OPEN
IL904552,INV-53244,2025-06-17,P-1051,SH103968,BASE,131.30,GBP,26.26,OPEN
IL904553,INV-53245,2025-08-19,P-1079,SH103969,BASE,120.93,GBP,24.19,OPEN
IL904554,INV-53246,2025-04-27,P-1207,SH103970,BASE,437.56,GBP,87.51,PAID
IL904555,INV-53246,2025-04-27,P-1207,SH103970,FUEL,36.20,GBP,7.24,PAID
IL904556,INV-53247,2025-12-31,P-1213,SH103971,BASE,503.01,GBP,100.60,CREDITED
IL904557,INV-53248,2025-08-07,P-1056,SH103972,BASE,797.37,GBP,159.47,PAID
IL904558,INV-53249,2025-09-29,P-1006,SH103973,BASE,86.41,GBP,17.28,CREDITED
IL904559,INV-53250,2025-12-01,P-1025,SH103974,BASE,453.87,EUR,90.77,OPEN
IL904560,INV-53250,2025-12-01,P-1025,SH103974,FUEL,33.34,EUR,6.67,OPEN
IL904561,INV-53251,2025-10-24,P-1179,SH103975,BASE,514.47,EUR,102.89,OPEN
IL904562,INV-53252,2025-10-08,P-1120,SH103977,BASE,744.42,GBP,148.88,PAID
IL904563,INV-53252,2025-10-08,P-1120,SH103977,FUEL,47.43,GBP,9.49,PAID
IL904564,INV-53253,2025-07-15,P-1012,SH103979,BASE,174.09,GBP,34.82,PAID
IL904565,INV-53254,2025-09-14,P-1075,SH103980,BASE,900.76,GBP,180.15,CREDITED
IL904566,INV-53255,2026-02-14,P-1060,SH103981,BASE,273.86,GBP,54.77,OPEN
IL904567,INV-53256,2025-01-31,P-1181,SH103982,BASE,263.88,GBP,52.78,PAID
IL904568,INV-53257,2025-11-02,P-1175,SH103983,BASE,512.70,GBP,102.54,PAID
IL904569,INV-53258,2025-06-13,P-1019,SH103984,BASE,657.86,EUR,131.57,PAID
IL904570,INV-53258,2025-06-13,P-1019,SH103984,FUEL,67.03,EUR,13.41,PAID
IL904571,INV-53259,2025-03-22,P-1208,SH103987,BASE,349.86,GBP,69.97,PAID
IL904572,INV-53260,2026-02-15,P-1056,SH103989,BASE,418.98,GBP,83.80,OPEN
IL904573,INV-53260,2026-02-15,P-1056,SH103989,FUEL,42.75,GBP,8.55,OPEN
IL904574,INV-53261,2025-06-17,P-1107,SH103991,BASE,497.43,GBP,99.49,VOID
IL904575,INV-53262,2025-08-25,P-1009,SH103992,BASE,539.91,GBP,107.98,PAID
IL904576,INV-53263,2026-04-22,P-1161,SH103993,BASE,508.72,GBP,101.74,PAID
IL904577,INV-53264,2026-01-16,P-1052,SH103994,BASE,435.19,GBP,87.04,CREDITED
IL904578,INV-53265,2025-12-08,P-1003,SH103995,BASE,433.28,GBP,86.66,CREDITED
IL904579,INV-53265,2025-12-08,P-1003,SH103995,ACCESSORIAL,35.60,GBP,7.12,CREDITED
IL904580,INV-53266,2025-04-21,P-1184,SH103996,BASE,205.35,GBP,41.07,OPEN
IL904581,INV-53267,2025-04-26,P-1047,SH103999,BASE,817.71,GBP,163.54,PAID
IL904582,INV-53268,2025-08-17,P-1120,SH104000,BASE,194.04,GBP,38.81,PAID
IL904583,INV-53268,2025-08-17,P-1120,SH104000,FUEL,14.80,GBP,2.96,PAID
IL904584,INV-53269,2025-03-24,P-1161,SH104001,BASE,445.33,EUR,89.07,OPEN
IL904585,INV-53270,2025-07-13,P-1188,SH104002,BASE,322.56,GBP,64.51,PAID
IL904586,INV-53270,2025-07-13,P-1188,SH104002,FUEL,38.83,GBP,7.77,PAID
IL904587,INV-53271,2026-03-16,P-1030,SH104003,BASE,190.06,GBP,38.01,PAID
IL904588,INV-53271,2026-03-16,P-1030,SH104003,FUEL,19.76,GBP,3.95,PAID
IL904589,INV-53272,2025-09-18,P-1197,SH104005,BASE,336.03,GBP,67.21,OPEN
IL904590,INV-53273,2026-01-01,P-1189,SH104006,BASE,552.90,GBP,110.58,PAID
IL904591,INV-53274,2025-09-02,P-1189,SH104007,BASE,125.08,GBP,25.02,PAID
IL904592,INV-53274,2025-09-02,P-1189,SH104007,FUEL,10.28,GBP,2.06,PAID
IL904593,INV-53275,2025-05-20,P-1008,SH104008,BASE,124.46,GBP,24.89,PAID
IL904594,INV-53276,2025-07-18,P-1029,SH104009,BASE,113.64,EUR,22.73,OPEN
IL904595,INV-53276,2025-07-18,P-1029,SH104009,FUEL,9.74,EUR,1.95,OPEN
IL904596,INV-53277,2026-01-28,P-1140,SH104010,BASE,230.43,GBP,46.09,OPEN
IL904597,INV-53278,2025-03-27,P-1126,SH104012,BASE,483.17,GBP,96.63,PAID
IL904598,INV-53278,2025-03-27,P-1126,SH104012,ACCESSORIAL,12.79,GBP,2.56,PAID
IL904599,INV-53279,2025-02-28,P-1199,SH104014,BASE,451.14,GBP,90.23,PAID
IL904600,INV-53280,2025-09-04,P-1114,SH104015,BASE,304.00,GBP,60.80,PAID
IL904601,INV-53281,2026-04-04,P-1232,SH104016,BASE,860.72,GBP,172.14,PAID
IL904602,INV-53281,2026-04-04,P-1232,SH104016,FUEL,52.75,GBP,10.55,PAID
IL904603,INV-53282,2025-04-30,P-1203,SH104017,BASE,346.03,GBP,69.21,VOID
IL904604,INV-53283,2025-10-21,P-1135,SH104018,BASE,624.00,EUR,124.80,OPEN
IL904605,INV-53284,2026-05-09,P-1108,SH104019,BASE,209.39,GBP,41.88,PAID
IL904606,INV-53284,2026-05-09,P-1108,SH104019,FUEL,22.16,GBP,4.43,PAID
IL904607,INV-53285,2025-04-27,P-1081,SH104021,BASE,128.93,EUR,25.79,PAID
IL904608,INV-53285,2025-04-27,P-1081,SH104021,FUEL,12.95,EUR,2.59,PAID
IL904609,INV-53286,2025-03-01,P-1180,SH104022,BASE,34.32,EUR,6.86,PAID
IL904610,INV-53287,2025-05-11,P-1049,SH104023,BASE,239.58,GBP,47.92,OPEN
IL904611,INV-53287,2025-05-11,P-1049,SH104023,FUEL,28.20,GBP,5.64,OPEN
IL904612,INV-53288,2025-07-11,P-1102,SH104025,BASE,189.00,EUR,37.80,PAID
IL904613,INV-53289,2025-07-02,P-1140,SH104026,BASE,107.01,GBP,21.40,PAID
IL904614,INV-53290,2026-02-01,P-1082,SH104027,BASE,524.27,GBP,104.85,PAID
IL904615,INV-53291,2025-08-07,P-1127,SH104028,BASE,75.74,EUR,15.15,PAID
IL904616,INV-53292,2025-09-02,P-1210,SH104029,BASE,539.89,GBP,107.98,PAID
IL904617,INV-53293,2026-03-05,P-1064,SH104031,BASE,992.84,GBP,198.57,PAID
IL904618,INV-53294,2025-11-17,P-1047,SH104032,BASE,340.79,GBP,68.16,PAID
IL904619,INV-53295,2025-02-18,P-1162,SH104033,BASE,484.12,GBP,96.82,PAID
IL904620,INV-53296,2025-06-16,P-1088,SH104034,BASE,137.89,GBP,27.58,OPEN
IL904621,INV-53296,2025-06-16,P-1088,SH104034,FUEL,14.52,GBP,2.90,OPEN
IL904622,INV-53297,2025-09-08,P-1136,SH104035,BASE,18.57,GBP,3.71,PAID
IL904623,INV-53297,2025-09-08,P-1136,SH104035,FUEL,1.83,GBP,0.37,PAID
IL904624,INV-53298,2025-11-29,P-1173,SH104037,BASE,665.28,GBP,133.06,PAID
IL904625,INV-53299,2026-01-12,P-1211,SH104039,BASE,490.15,GBP,98.03,PAID
IL904626,INV-53300,2025-08-02,P-1101,SH104040,BASE,264.22,GBP,52.84,PAID
IL904627,INV-53300,2025-08-02,P-1101,SH104040,FUEL,25.83,GBP,5.17,PAID
IL904628,INV-53301,2025-10-25,P-1036,SH104041,BASE,631.37,GBP,126.27,OPEN
IL904629,INV-53302,2026-02-14,P-1191,SH104043,BASE,192.76,GBP,38.55,PAID
IL904630,INV-53303,2025-05-24,P-1230,SH104044,BASE,74.96,GBP,14.99,OPEN
IL904631,INV-53303,2025-05-24,P-1230,SH104044,ACCESSORIAL,57.81,GBP,11.56,OPEN
IL904632,INV-53304,2025-08-09,P-1232,SH104045,BASE,309.26,GBP,61.85,PAID
IL904633,INV-53305,2025-03-21,P-1177,SH104046,BASE,844.64,GBP,168.93,PAID
IL904634,INV-53306,2025-11-23,P-1034,SH104047,BASE,604.85,GBP,120.97,PAID
IL904635,INV-53307,2025-05-10,P-1127,SH104048,BASE,493.97,EUR,98.79,PAID
IL904636,INV-53308,2026-03-17,P-1199,SH104049,BASE,891.69,GBP,178.34,PAID
IL904637,INV-53309,2026-01-25,P-1228,SH104051,BASE,109.62,GBP,21.92,PAID
IL904638,INV-53310,2026-03-26,P-1143,SH104052,BASE,264.14,GBP,52.83,OPEN
IL904639,INV-53310,2026-03-26,P-1143,SH104052,FUEL,26.47,GBP,5.29,OPEN
IL904640,INV-53311,2026-04-12,P-1053,SH104054,BASE,264.06,GBP,52.81,PAID
IL904641,INV-53312,2026-02-10,P-1218,SH104055,BASE,347.92,GBP,69.58,PAID
IL904642,INV-53312,2026-02-10,P-1218,SH104055,FUEL,22.58,GBP,4.52,PAID
IL904643,INV-53313,2026-04-18,P-1148,SH104056,BASE,411.08,GBP,82.22,PAID
IL904644,INV-53313,2026-04-18,P-1148,SH104056,ACCESSORIAL,9.34,GBP,1.87,PAID
IL904645,INV-53314,2025-08-17,P-1108,SH104057,BASE,71.16,GBP,14.23,OPEN
IL904646,INV-53314,2025-08-17,P-1108,SH104057,FUEL,9.71,GBP,1.94,OPEN
IL904647,INV-53315,2026-04-20,P-1138,SH104058,BASE,421.72,EUR,84.34,PAID
IL904648,INV-53316,2026-03-25,P-1196,SH104059,BASE,239.74,GBP,47.95,OPEN
IL904649,INV-53316,2026-03-25,P-1196,SH104059,ACCESSORIAL,30.52,GBP,6.10,OPEN
IL904650,INV-53317,2025-10-20,P-1196,SH104060,BASE,518.14,GBP,103.63,PAID
IL904651,INV-53317,2025-10-20,P-1196,SH104060,FUEL,38.35,GBP,7.67,PAID
IL904652,INV-53318,2025-06-22,P-1026,SH104061,BASE,535.92,GBP,107.18,OPEN
IL904653,INV-53318,2025-06-22,P-1026,SH104061,FUEL,46.69,GBP,9.34,OPEN
IL904654,INV-53319,2025-06-30,P-1045,SH104062,BASE,101.04,GBP,20.21,PAID
IL904655,INV-53320,2025-08-13,P-1078,SH104063,BASE,289.34,GBP,57.87,VOID
IL904656,INV-53320,2025-08-13,P-1078,SH104063,ACCESSORIAL,51.76,GBP,10.35,VOID
IL904657,INV-53321,2026-03-28,P-1146,SH104064,BASE,86.69,GBP,17.34,OPEN
IL904658,INV-53321,2026-03-28,P-1146,SH104064,FUEL,10.43,GBP,2.09,OPEN
IL904659,INV-53322,2025-11-25,P-1206,SH104067,BASE,809.74,GBP,161.95,OPEN
IL904660,INV-53322,2025-11-25,P-1206,SH104067,ACCESSORIAL,47.92,GBP,9.58,OPEN
IL904661,INV-53323,2026-04-16,P-1186,SH104069,BASE,84.78,GBP,16.96,PAID
IL904662,INV-53323,2026-04-16,P-1186,SH104069,FUEL,6.18,GBP,1.24,PAID
IL904663,INV-53323,2026-04-16,P-1186,SH104069,ACCESSORIAL,8.53,GBP,1.71,PAID
IL904664,INV-53324,2026-04-03,P-1022,SH104070,BASE,610.96,GBP,122.19,PAID
IL904665,INV-53324,2026-04-03,P-1022,SH104070,FUEL,80.89,GBP,16.18,PAID
IL904666,INV-53325,2025-06-12,P-1037,SH104071,BASE,435.66,GBP,87.13,OPEN
IL904667,INV-53326,2025-06-25,P-1034,SH104074,BASE,97.11,EUR,19.42,PAID
IL904668,INV-53327,2025-01-13,P-1003,SH104075,BASE,569.25,GBP,113.85,PAID
IL904669,INV-53327,2025-01-13,P-1003,SH104075,ACCESSORIAL,21.57,GBP,4.31,PAID
IL904670,INV-53328,2026-04-13,P-1070,SH104077,BASE,333.84,GBP,66.77,OPEN
IL904671,INV-53329,2025-10-20,P-1115,SH104078,BASE,242.34,GBP,48.47,PAID
IL904672,INV-53330,2025-07-14,P-1156,SH104079,BASE,77.51,GBP,15.50,PAID
IL904673,INV-53331,2025-01-26,P-1240,SH104081,BASE,185.33,GBP,37.07,OPEN
IL904674,INV-53332,2025-02-24,P-1204,SH104082,BASE,313.51,EUR,62.70,OPEN
IL904675,INV-53333,2025-07-27,P-1007,SH104084,BASE,57.29,EUR,11.46,PAID
IL904676,INV-53333,2025-07-27,P-1007,SH104084,FUEL,5.34,EUR,1.07,PAID
IL904677,INV-53334,2026-03-10,P-1108,SH104085,BASE,69.48,EUR,13.90,VOID
IL904678,INV-53334,2026-03-10,P-1108,SH104085,FUEL,7.30,EUR,1.46,VOID
IL904679,INV-53335,2026-01-08,P-1049,SH104086,BASE,304.36,EUR,60.87,OPEN
IL904680,INV-53336,2026-02-11,P-1172,SH104087,BASE,782.98,GBP,156.60,PAID
IL904681,INV-53336,2026-02-11,P-1172,SH104087,FUEL,74.22,GBP,14.84,PAID
IL904682,INV-53337,2025-02-17,P-1196,SH104090,BASE,353.86,GBP,70.77,PAID
IL904683,INV-53338,2025-02-16,P-1219,SH104091,BASE,352.75,GBP,70.55,OPEN
IL904684,INV-53339,2025-04-16,P-1148,SH104092,BASE,61.46,GBP,12.29,PAID
IL904685,INV-53339,2025-04-16,P-1148,SH104092,FUEL,6.32,GBP,1.26,PAID
IL904686,INV-53340,2025-01-17,P-1175,SH104093,BASE,1083.46,GBP,216.69,PAID
IL904687,INV-53340,2025-01-17,P-1175,SH104093,FUEL,145.61,GBP,29.12,PAID
IL904688,INV-53341,2026-03-31,P-1064,SH104094,BASE,304.27,GBP,60.85,PAID
IL904689,INV-53341,2026-03-31,P-1064,SH104094,ACCESSORIAL,22.27,GBP,4.45,PAID
IL904690,INV-53342,2025-10-18,P-1053,SH104096,BASE,378.24,EUR,75.65,OPEN
IL904691,INV-53342,2025-10-18,P-1053,SH104096,FUEL,45.49,EUR,9.10,OPEN
IL904692,INV-53343,2026-01-03,P-1069,SH104097,BASE,666.81,GBP,133.36,PAID
IL904693,INV-53343,2026-01-03,P-1069,SH104097,FUEL,69.15,GBP,13.83,PAID
IL904694,INV-53344,2025-12-12,P-1068,SH104098,BASE,214.94,GBP,42.99,PAID
IL904695,INV-53345,2025-07-13,P-1019,SH104099,BASE,588.08,GBP,117.62,OPEN
IL904696,INV-53346,2026-04-30,P-1169,SH104101,BASE,210.85,GBP,42.17,PAID
IL904697,INV-53346,2026-04-30,P-1169,SH104101,FUEL,24.95,GBP,4.99,PAID
IL904698,INV-53347,2026-03-14,P-1065,SH104102,BASE,410.16,GBP,82.03,PAID
IL904699,INV-53348,2026-01-31,P-1040,SH104104,BASE,183.43,GBP,36.69,PAID
IL904700,INV-53349,2025-05-24,P-1009,SH104105,BASE,358.10,GBP,71.62,CREDITED
IL904701,INV-53349,2025-05-24,P-1009,SH104105,FUEL,43.05,GBP,8.61,CREDITED
IL904702,INV-53350,2025-07-03,P-1145,SH104106,BASE,173.90,GBP,34.78,PAID
IL904703,INV-53351,2025-08-04,P-1155,SH104108,BASE,81.10,EUR,16.22,PAID
IL904704,INV-53352,2025-05-17,P-1106,SH104109,BASE,249.64,EUR,49.93,PAID
IL904705,INV-53353,2026-02-25,P-1053,SH104111,BASE,89.07,GBP,17.81,PAID
IL904706,INV-53354,2025-04-11,P-1014,SH104112,BASE,179.84,GBP,35.97,PAID
IL904707,INV-53355,2025-06-08,P-1183,SH104113,BASE,473.82,GBP,94.76,CREDITED
IL904708,INV-53356,2025-08-16,P-1213,SH104115,BASE,335.39,GBP,67.08,OPEN
IL904709,INV-53356,2025-08-16,P-1213,SH104115,FUEL,29.42,GBP,5.88,OPEN
IL904710,INV-53357,2026-02-27,P-1192,SH104116,BASE,540.75,GBP,108.15,OPEN
IL904711,INV-53357,2026-02-27,P-1192,SH104116,FUEL,73.26,GBP,14.65,OPEN
IL904712,INV-53358,2026-05-28,P-1195,SH104120,BASE,198.48,GBP,39.70,OPEN
IL904713,INV-53359,2025-02-16,P-1236,SH104121,BASE,131.22,GBP,26.24,PAID
IL904714,INV-53360,2026-03-28,P-1068,SH104122,BASE,423.52,GBP,84.70,PAID
IL904715,INV-53360,2026-03-28,P-1068,SH104122,FUEL,57.87,GBP,11.57,PAID
IL904716,INV-53361,2025-04-25,P-1238,SH104124,BASE,121.10,EUR,24.22,PAID
IL904717,INV-53362,2025-08-29,P-1045,SH104125,BASE,645.12,GBP,129.02,OPEN
IL904718,INV-53362,2025-08-29,P-1045,SH104125,ACCESSORIAL,25.91,GBP,5.18,OPEN
IL904719,INV-53363,2025-03-11,P-1017,SH104126,BASE,283.14,GBP,56.63,PAID
IL904720,INV-53363,2025-03-11,P-1017,SH104126,FUEL,34.89,GBP,6.98,PAID
IL904721,INV-53364,2025-07-26,P-1156,SH104127,BASE,398.02,GBP,79.60,PAID
IL904722,INV-53365,2026-05-19,P-1185,SH104128,BASE,52.76,GBP,10.55,OPEN
IL904723,INV-53366,2026-05-09,P-1040,SH104129,BASE,554.81,GBP,110.96,VOID
IL904724,INV-53366,2026-05-09,P-1040,SH104129,FUEL,37.50,GBP,7.50,VOID
IL904725,INV-53367,2025-02-10,P-1206,SH104130,BASE,122.48,GBP,24.50,PAID
IL904726,INV-53368,2026-03-06,P-1190,SH104131,BASE,277.98,GBP,55.60,PAID
IL904727,INV-53369,2026-01-16,P-1225,SH104132,BASE,539.15,GBP,107.83,PAID
IL904728,INV-53370,2025-06-22,P-1065,SH104133,BASE,481.22,EUR,96.24,VOID
IL904729,INV-53370,2025-06-22,P-1065,SH104133,FUEL,35.82,EUR,7.16,VOID
IL904730,INV-53371,2025-01-16,P-1089,SH104134,BASE,387.79,GBP,77.56,PAID
IL904731,INV-53371,2025-01-16,P-1089,SH104134,FUEL,51.68,GBP,10.34,PAID
IL904732,INV-53372,2026-04-02,P-1207,SH104136,BASE,135.21,GBP,27.04,PAID
IL904733,INV-53373,2025-11-01,P-1057,SH104137,BASE,602.60,GBP,120.52,PAID
IL904734,INV-53374,2025-01-22,P-1064,SH104138,BASE,222.18,EUR,44.44,OPEN
IL904735,INV-53374,2025-01-22,P-1064,SH104138,FUEL,27.35,EUR,5.47,OPEN
IL904736,INV-53375,2025-10-18,P-1091,SH104139,BASE,181.17,EUR,36.23,PAID
IL904737,INV-53376,2025-05-06,P-1144,SH104140,BASE,294.06,GBP,58.81,CREDITED
IL904738,INV-53376,2025-05-06,P-1144,SH104140,FUEL,41.11,GBP,8.22,CREDITED
IL904739,INV-53377,2025-10-06,P-1003,SH104141,BASE,140.28,GBP,28.06,OPEN
IL904740,INV-53378,2025-10-10,P-1066,SH104142,BASE,409.74,GBP,81.95,PAID
IL904741,INV-53379,2025-10-04,P-1143,SH104143,BASE,285.70,GBP,57.14,OPEN
IL904742,INV-53380,2025-07-26,P-1153,SH104144,BASE,248.85,GBP,49.77,PAID
IL904743,INV-53380,2025-07-26,P-1153,SH104144,FUEL,17.82,GBP,3.56,PAID
IL904744,INV-53381,2025-08-08,P-1171,SH104146,BASE,54.35,GBP,10.87,OPEN
IL904745,INV-53382,2025-08-15,P-1013,SH104147,BASE,114.43,GBP,22.89,PAID
IL904746,INV-53383,2025-02-08,P-1005,SH104148,BASE,417.38,GBP,83.48,OPEN
IL904747,INV-53383,2025-02-08,P-1005,SH104148,FUEL,32.60,GBP,6.52,OPEN
IL904748,INV-53384,2025-10-08,P-1178,SH104149,BASE,391.01,GBP,78.20,OPEN
IL904749,INV-53385,2025-10-02,P-1207,SH104150,BASE,172.02,GBP,34.40,VOID
IL904750,INV-53385,2025-10-02,P-1207,SH104150,FUEL,11.13,GBP,2.23,VOID
IL904751,INV-53386,2026-05-03,P-1062,SH104152,BASE,315.13,GBP,63.03,OPEN
IL904752,INV-53387,2025-09-19,P-1059,SH104154,BASE,234.84,GBP,46.97,VOID
IL904753,INV-53388,2025-10-22,P-1121,SH104155,BASE,119.18,EUR,23.84,OPEN
IL904754,INV-53388,2025-10-22,P-1121,SH104155,FUEL,12.19,EUR,2.44,OPEN
IL904755,INV-53389,2025-08-04,P-1127,SH104156,BASE,275.21,GBP,55.04,PAID
IL904756,INV-53390,2025-06-28,P-1096,SH104157,BASE,100.07,GBP,20.01,PAID
IL904757,INV-53391,2025-12-15,P-1203,SH104158,BASE,405.92,GBP,81.18,PAID
IL904758,INV-53391,2025-12-15,P-1203,SH104158,FUEL,48.83,GBP,9.77,PAID
IL904759,INV-53392,2025-12-14,P-1060,SH104159,BASE,544.32,GBP,108.86,PAID
IL904760,INV-53393,2025-05-26,P-1087,SH104160,BASE,961.45,GBP,192.29,OPEN
IL904761,INV-53394,2026-03-11,P-1193,SH104161,BASE,240.52,GBP,48.10,PAID
IL904762,INV-53394,2026-03-11,P-1193,SH104161,FUEL,27.99,GBP,5.60,PAID
IL904763,INV-53395,2025-02-14,P-1230,SH104162,BASE,588.68,GBP,117.74,PAID
IL904764,INV-53395,2025-02-14,P-1230,SH104162,FUEL,47.47,GBP,9.49,PAID
IL904765,INV-53396,2026-05-09,P-1001,SH104163,BASE,494.23,GBP,98.85,OPEN
IL904766,INV-53396,2026-05-09,P-1001,SH104163,ACCESSORIAL,44.45,GBP,8.89,OPEN
IL904767,INV-53397,2026-01-20,P-1066,SH104164,BASE,187.42,GBP,37.48,PAID
IL904768,INV-53398,2026-02-25,P-1055,SH104165,BASE,220.10,GBP,44.02,PAID
IL904769,INV-53399,2025-09-26,P-1155,SH104166,BASE,551.32,GBP,110.26,PAID
IL904770,INV-53400,2026-03-26,P-1194,SH104168,BASE,349.30,GBP,69.86,OPEN
IL904771,INV-53400,2026-03-26,P-1194,SH104168,FUEL,37.80,GBP,7.56,OPEN
IL904772,INV-53401,2026-01-13,P-1047,SH104169,BASE,331.48,GBP,66.30,PAID
IL904773,INV-53401,2026-01-13,P-1047,SH104169,FUEL,35.18,GBP,7.04,PAID
IL904774,INV-53402,2025-12-14,P-1181,SH104170,BASE,179.89,EUR,35.98,PAID
IL904775,INV-53403,2025-12-12,P-1038,SH104171,BASE,276.33,GBP,55.27,OPEN
IL904776,INV-53404,2025-03-17,P-1128,SH104172,BASE,473.80,GBP,94.76,OPEN
IL904777,INV-53405,2026-05-08,P-1019,SH104173,BASE,328.35,GBP,65.67,PAID
IL904778,INV-53406,2025-06-07,P-1239,SH104174,BASE,260.98,GBP,52.20,OPEN
IL904779,INV-53407,2025-12-04,P-1015,SH104175,BASE,453.98,GBP,90.80,PAID
IL904780,INV-53408,2025-03-29,P-1161,SH104176,BASE,277.96,GBP,55.59,PAID
IL904781,INV-53409,2025-02-25,P-1210,SH104177,BASE,324.02,GBP,64.80,CREDITED
IL904782,INV-53410,2025-06-18,P-1206,SH104178,BASE,363.44,GBP,72.69,PAID
IL904783,INV-53411,2025-11-24,P-1122,SH104179,BASE,98.81,GBP,19.76,PAID
IL904784,INV-53411,2025-11-24,P-1122,SH104179,FUEL,9.28,GBP,1.86,PAID
IL904785,INV-53412,2025-05-12,P-1154,SH104180,BASE,59.76,GBP,11.95,OPEN
IL904786,INV-53412,2025-05-12,P-1154,SH104180,FUEL,5.09,GBP,1.02,OPEN
IL904787,INV-53413,2025-07-16,P-1094,SH104181,BASE,295.13,GBP,59.03,OPEN
IL904788,INV-53413,2025-07-16,P-1094,SH104181,FUEL,22.79,GBP,4.56,OPEN
IL904789,INV-53414,2025-10-13,P-1197,SH104184,BASE,164.21,GBP,32.84,PAID
IL904790,INV-53414,2025-10-13,P-1197,SH104184,FUEL,11.49,GBP,2.30,PAID
IL904791,INV-53415,2025-12-05,P-1092,SH104185,BASE,278.00,GBP,55.60,OPEN
IL904792,INV-53416,2025-05-11,P-1201,SH104186,BASE,536.56,GBP,107.31,OPEN
IL904793,INV-53416,2025-05-11,P-1201,SH104186,FUEL,57.10,GBP,11.42,OPEN
IL904794,INV-53417,2025-02-25,P-1017,SH104187,BASE,187.53,GBP,37.51,OPEN
IL904795,INV-53417,2025-02-25,P-1017,SH104187,FUEL,15.14,GBP,3.03,OPEN
IL904796,INV-53418,2025-09-12,P-1033,SH104189,BASE,278.37,GBP,55.67,PAID
IL904797,INV-53419,2026-03-07,P-1036,SH104190,BASE,379.26,GBP,75.85,PAID
IL904798,INV-53420,2026-03-22,P-1035,SH104192,BASE,298.43,GBP,59.69,PAID
IL904799,INV-53421,2026-05-21,P-1178,SH104193,BASE,569.64,GBP,113.93,PAID
IL904800,INV-53421,2026-05-21,P-1178,SH104193,FUEL,46.86,GBP,9.37,PAID
IL904801,INV-53422,2025-04-22,P-1047,SH104194,BASE,97.68,GBP,19.54,CREDITED
IL904802,INV-53423,2025-10-10,P-1122,SH104196,BASE,146.33,GBP,29.27,PAID
IL904803,INV-53423,2025-10-10,P-1122,SH104196,FUEL,16.88,GBP,3.38,PAID
IL904804,INV-53424,2025-12-01,P-1136,SH104197,BASE,131.73,GBP,26.35,PAID
IL904805,INV-53424,2025-12-01,P-1136,SH104197,ACCESSORIAL,47.64,GBP,9.53,PAID
IL904806,INV-53425,2025-07-23,P-1215,SH104198,BASE,99.41,GBP,19.88,OPEN
IL904807,INV-53425,2025-07-23,P-1215,SH104198,FUEL,9.15,GBP,1.83,OPEN
IL904808,INV-53426,2026-06-01,P-1173,SH104199,BASE,420.88,GBP,84.18,PAID
IL904809,INV-53427,2026-05-05,P-1044,SH104200,BASE,281.95,GBP,56.39,OPEN
